$MeshFormat
4.1 0 8
$EndMeshFormat
$Entities
18 27 10 9
1 6.123233995736766e-16 -1.499759782661858e-31 10 0 
2 6.123233995736766e-16 -1.499759782661858e-31 -10 0 
3 6.123233995736757e-17 9 4 0 
4 6.123233995736757e-17 9 2 0 
5 6.123233995736757e-17 9 -2 0 
6 6.123233995736757e-17 9 -4 0 
7 4.898587196589413e-16 -1.199807826129486e-31 25 0 
8 4.898587196589413e-16 -1.199807826129486e-31 9 0 
9 6.123233995736757e-17 8 18 0 
10 6.123233995736757e-17 8 16 0 
11 3.673940397442059e-16 -8.998558695971146e-32 36 0 
12 3.673940397442059e-16 -8.998558695971146e-32 24 0 
13 2.5 4 33 0 
14 2.5 4 30 0 
15 -2.5 4 33 0 
16 -2.5 4 30 0 
17 0 9 30 0 
18 -2.449293598294703e-16 5 31 0 
1 -1.000000006164824e-07 -1.000000006157888e-07 9.999999900000001 1.000000006164824e-07 1.000000006157888e-07 10.0000001 0 2 1 -1 
2 -1.000000020567882e-07 -1.000000024492936e-07 -10.0000001 10.0000001 1e-07 10.0000001 0 2 2 -1 
3 -1.000000006164824e-07 -1.000000006157888e-07 -10.0000001 1.000000006164824e-07 1.000000006157888e-07 -9.999999900000001 0 2 2 -2 
4 -1.000000000616482e-07 8.999999900000001 3.9999999 1.000000000616482e-07 9.000000099999999 4.0000001 0 2 3 -3 
5 -1.000000002249202e-07 8.999999900000001 1.9999999 1.0000001 9.000000099999999 4.0000001 0 2 4 -3 
6 -1.000000000616482e-07 8.999999900000001 1.9999999 1.000000000616482e-07 9.000000099999999 2.0000001 0 2 4 -4 
7 -1.000000000616482e-07 8.999999900000001 -2.0000001 1.000000000616482e-07 9.000000099999999 -1.9999999 0 2 5 -5 
8 -1.000000002249202e-07 8.999999900000001 -4.0000001 1.0000001 9.000000099999999 -1.9999999 0 2 6 -5 
9 -1.000000000616482e-07 8.999999900000001 -4.0000001 1.000000000616482e-07 9.000000099999999 -3.9999999 0 2 6 -6 
10 -1.000000004931859e-07 -1.00000000492631e-07 24.9999999 1.000000004931859e-07 1.00000000492631e-07 25.0000001 0 2 7 -7 
11 -1.000000011686097e-07 -1.000000019594349e-07 8.999999900000001 8.000000099999999 1e-07 25.0000001 0 2 8 -7 
12 -1.000000004931859e-07 -1.00000000492631e-07 8.999999900000001 1.000000004931859e-07 1.00000000492631e-07 9.000000099999999 0 2 8 -8 
13 -1.000000000616482e-07 7.9999999 17.9999999 1.000000000616482e-07 8.000000099999999 18.0000001 0 2 9 -9 
14 -1.000000002249202e-07 7.9999999 15.9999999 1.0000001 8.000000099999999 18.0000001 0 2 10 -9 
15 -1.000000000616482e-07 7.9999999 15.9999999 1.000000000616482e-07 8.000000099999999 16.0000001 0 2 10 -10 
16 -1.000000003698894e-07 -1.000000003694733e-07 35.9999999 1.000000003698894e-07 1.000000003694733e-07 36.0000001 0 2 11 -11 
17 -1.000000011686097e-07 -1.000000014695762e-07 23.9999999 6.0000001 1e-07 36.0000001 0 2 12 -11 
18 -1.000000003698894e-07 -1.000000003694733e-07 23.9999999 1.000000003698894e-07 1.000000003694733e-07 24.0000001 0 2 12 -12 
19 2.4999999 3.9999999 32.9999999 2.5000001 4.0000001 33.0000001 0 2 13 -13 
20 2.4999999 3.9999999 29.9999999 4.0000001 4.0000001 33.0000001 0 2 14 -13 
21 2.4999999 3.9999999 29.9999999 2.5000001 4.0000001 30.0000001 0 2 14 -14 
22 -2.5000001 3.9999999 32.9999999 -2.4999999 4.0000001 33.0000001 0 2 15 -15 
23 -2.5000001 3.9999999 29.9999999 -0.9999999000000001 4.0000001 33.0000001 0 2 16 -15 
24 -2.5000001 3.9999999 29.9999999 -2.4999999 4.0000001 30.0000001 0 2 16 -16 
25 -1e-07 8.999999900000001 29.9999999 1e-07 9.000000099999999 30.0000001 0 2 17 -17 
26 -1.000000002449294e-07 4.9999999 29.9999999 1e-07 9.000000099999999 31.0000001 0 2 18 -17 
27 -1.0000001 4.9999999 28.9999999 1.0000001 5.0000001 31.0000001 0 2 18 -18 
1 -10.0000001 -10.0000001 -10.0000001 10.0000001 10.0000001 10.0000001 0 4 -1 -2 3 2 
2 -1.0000001 7.9999999 1.9999999 1.0000001 10.0000001 4.0000001 0 4 -4 -5 6 5 
3 -1.0000001 7.9999999 -4.0000001 1.0000001 10.0000001 -1.9999999 0 4 -7 -8 9 8 
4 -8.000000099999999 -8.000000099999999 8.999999900000001 8.000000099999999 8.000000099999999 25.0000001 0 4 -10 -11 12 11 
5 -1.0000001 6.9999999 15.9999999 1.0000001 9.000000099999999 18.0000001 0 4 -13 -14 15 14 
6 -6.0000001 -6.0000001 23.9999999 6.0000001 6.0000001 36.0000001 0 4 -16 -17 18 17 
7 0.9999999000000002 2.4999999 29.9999999 4.0000001 5.5000001 33.0000001 0 4 -19 -20 21 20 
8 -4.0000001 2.4999999 29.9999999 -0.9999999000000002 5.5000001 33.0000001 0 4 -22 -23 24 23 
9 -1.0000001 4.9999999 28.9999999 1.0000001 9.000000099999999 31.0000001 0 4 -25 -26 27 26 
10 -1.0000001 4.9999999 28.9999999 1.0000001 5.0000001 31.0000001 0 1 27 
1 -10.0000001 -10.0000001 -10.0000001 10.0000001 10.0000001 10.0000001 0 1 1 
2 -1.0000001 7.9999999 1.9999999 1.0000001 10.0000001 4.0000001 0 1 2 
3 -1.0000001 7.9999999 -4.0000001 1.0000001 10.0000001 -1.9999999 0 1 3 
4 -8.000000099999999 -8.000000099999999 8.999999900000001 8.000000099999999 8.000000099999999 25.0000001 0 1 4 
5 -1.0000001 6.9999999 15.9999999 1.0000001 9.000000099999999 18.0000001 0 1 5 
6 -6.0000001 -6.0000001 23.9999999 6.0000001 6.0000001 36.0000001 0 1 6 
7 0.9999999000000002 2.4999999 29.9999999 4.0000001 5.5000001 33.0000001 0 1 7 
8 -4.0000001 2.4999999 29.9999999 -0.9999999000000002 5.5000001 33.0000001 0 1 8 
9 -1.0000001 4.9999999 28.9999999 1.0000001 9.000000099999999 31.0000001 0 2 9 -10 
$EndEntities
$Nodes
64 1079 1 1079
0 1 0 1
1
6.123233995736766e-16 -1.499759782661858e-31 10
0 2 0 1
2
6.123233995736766e-16 -1.499759782661858e-31 -10
0 3 0 1
3
6.123233995736757e-17 9 4
0 4 0 1
4
6.123233995736757e-17 9 2
0 5 0 1
5
6.123233995736757e-17 9 -2
0 6 0 1
6
6.123233995736757e-17 9 -4
0 7 0 1
7
4.898587196589413e-16 -1.199807826129486e-31 25
0 8 0 1
8
4.898587196589413e-16 -1.199807826129486e-31 9
0 9 0 1
9
6.123233995736757e-17 8 18
0 10 0 1
10
6.123233995736757e-17 8 16
0 11 0 1
11
3.673940397442059e-16 -8.998558695971146e-32 36
0 12 0 1
12
3.673940397442059e-16 -8.998558695971146e-32 24
0 13 0 1
13
2.5 4 33
0 14 0 1
14
2.5 4 30
0 15 0 1
15
-2.5 4 33
0 16 0 1
16
-2.5 4 30
0 17 0 1
17
0 9 30
0 18 0 1
18
-2.449293598294703e-16 5 31
1 1 0 0
1 2 0 11
19
20
21
22
23
24
25
26
27
28
29
2.588190451025203 -6.339238302863518e-16 -9.659258262890685
5.000000000000001 -1.224646799147353e-15 -8.660254037844386
7.07106781186548 -1.731912112470988e-15 -7.07106781186547
8.660254037844393 -2.121150477449815e-15 -4.999999999999989
9.659258262890688 -2.365835942757341e-15 -2.58819045102519
10 -2.449293598294707e-15 3.30778431897103e-14
9.659258262890674 -2.365835942757338e-15 2.588190451025245
8.660254037844364 -2.121150477449808e-15 5.000000000000039
7.071067811865452 -1.731912112470981e-15 7.071067811865498
4.999999999999982 -1.224646799147349e-15 8.660254037844396
2.588190451025199 -6.339238302863508e-16 9.659258262890685
1 3 0 0
1 4 0 0
1 5 0 5
30
31
32
33
34
0.4999999999999993 9 2.133974596215561
0.8660254037844379 9 2.499999999999999
1 9 2.999999999999998
0.8660254037844404 9 3.499999999999997
0.5000000000000012 9 3.866025403784438
1 6 0 0
1 7 0 0
1 8 0 5
35
36
37
38
39
0.4999999999999993 9 -3.866025403784439
0.8660254037844379 9 -3.500000000000001
1 9 -3.000000000000002
0.8660254037844404 9 -2.500000000000003
0.5000000000000012 9 -2.133974596215562
1 9 0 0
1 10 0 0
1 11 0 9
40
41
42
43
44
45
46
47
48
2.472135954999578 -6.054986768694636e-16 9.391547869638771
4.702282018339778 -1.151726924489593e-15 10.52786404500042
6.47213595499957 -1.585216116187344e-15 12.2977179816602
7.608452130361224 -1.863533309582547e-15 14.52786404500041
8 -1.959434878635765e-15 16.99999999999998
7.608452130361236 -1.86353330958255e-15 19.47213595499956
6.472135954999597 -1.585216116187351e-15 21.70228201833976
4.70228201833981 -1.151726924489601e-15 23.47213595499956
2.472135954999595 -6.054986768694678e-16 24.60845213036122
1 12 0 0
1 13 0 0
1 14 0 5
49
50
51
52
53
0.4999999999999993 8 16.13397459621556
0.8660254037844379 8 16.5
1 8 17
0.8660254037844404 8 17.5
0.5000000000000012 8 17.86602540378444
1 15 0 0
1 16 0 0
1 17 0 7
54
55
56
57
58
59
60
2.29610059419054 -5.623824486391561e-16 24.45672280493228
4.242640687119288 -1.039147267482593e-15 25.75735931288072
5.543277195067725 -1.357711334745242e-15 27.70389940580947
6 -1.469576158976824e-15 30.00000000000002
5.543277195067714 -1.357711334745239e-15 32.29610059419056
4.242640687119275 -1.039147267482589e-15 34.2426406871193
2.296100594190533 -5.623824486391543e-16 35.54327719506772
1 18 0 0
1 19 0 0
1 20 0 5
61
62
63
64
65
3.250000000000001 4 30.20096189432334
3.799038105676659 4 30.75
4 4 31.5
3.799038105676655 4 32.25000000000001
3.249999999999997 4 32.79903810567666
1 21 0 0
1 22 0 0
1 23 0 5
66
67
68
69
70
-1.749999999999999 4 30.20096189432334
-1.200961894323341 4 30.75
-1 4 31.5
-1.200961894323345 4 32.25000000000001
-1.750000000000003 4 32.79903810567666
1 24 0 0
1 25 0 0
1 26 0 1
71
-1.22464679914735e-16 7 30.5
1 27 0 13
72
73
74
75
76
77
78
79
80
81
82
83
84
0.4338837391175577 5 30.90096886790242
0.7818314824680291 5 30.62348980185874
0.9749279121818232 5 30.22252093395632
0.9749279121818242 5 29.77747906604369
0.7818314824680316 5 29.37651019814127
0.433883739117561 5 29.09903113209758
4.119267568565299e-15 5 29
-0.4338837391175532 5 29.09903113209758
-0.7818314824680258 5 29.37651019814126
-0.974927912181822 5 29.77747906604368
-0.9749279121818253 5 30.22252093395631
-0.7818314824680349 5 30.62348980185873
-0.4338837391175623 5 30.90096886790242
2 1 0 217
85
86
87
88
89
90
91
92
93
94
95
96
97
98
99
100
101
102
103
104
105
106
107
108
109
110
111
112
113
114
115
116
117
118
119
120
121
122
123
124
125
126
127
128
129
130
131
132
133
134
135
136
137
138
139
140
141
142
143
144
145
146
147
148
149
150
151
152
153
154
155
156
157
158
159
160
161
162
163
164
165
166
167
168
169
170
171
172
173
174
175
176
177
178
179
180
181
182
183
184
185
186
187
188
189
190
191
192
193
194
195
196
197
198
199
200
201
202
203
204
205
206
207
208
209
210
211
212
213
214
215
216
217
218
219
220
221
222
223
224
225
226
227
228
229
230
231
232
233
234
235
236
237
238
239
240
241
242
243
244
245
246
247
248
249
250
251
252
253
254
255
256
257
258
259
260
261
262
263
264
265
266
267
268
269
270
271
272
273
274
275
276
277
278
279
280
281
282
283
284
285
286
287
288
289
290
291
292
293
294
295
296
297
298
299
300
301
6.820484755050748 4.693991700087549 5.607800783340075
5.668021935239579 4.721689560929337 -6.751235074551464
8.595203828848817 4.713866682675453 -1.975330868109171
4.62367318604552 8.222274242768966 -3.319013791074342
1.238543422572561 7.496701396685918 -6.501190533996805
6.535990339911362 7.418428595943946 1.49924895980171
2.027431475765105 9.765000157582609 0.7309538518186547
3.379408838838782 8.172644860744084 4.667705204930109
1.132210889287299 4.742854168958886 8.730603234265578
-1.551701425674396 8.864424091472506 4.360528432665228
-4.265937980747585 5.124224765750231 7.452791000322443
-2.937504132212036 9.541687688771658 -0.572071257083055
-2.186945326363594 3.520171803397605 9.10086043262179
-6.280381775951385 7.299165916053308 2.697958798466608
-6.995131331413434 6.764481461415268 -2.304328148169718
-3.025183189192024 7.815825761280936 -5.45537664521225
-6.323913645232165 4.003984774785295 -6.631457014181272
8.938173108148984 3.79119376626862 2.394976266138826
-1.682730583855591 4.206704835228514 -8.914709878140851
-4.406609837831369 -0.1946371369612776 -8.974625681444509
6.467110030114689 -4.538360021088806 -6.130234593991718
1.865334794768461 -4.110928409745188 -8.923048454052909
8.88810807892548 -4.108487005881307 -2.030238729766543
6.482814320440242 -4.699075465278364 5.990977237338982
-8.277375973201062 -0.6708560535508982 -5.570906492994464
2.709001383732635 -8.010963254589178 -5.337207063301614
-8.524508292577456 3.027764646798639 4.262088644476377
-5.449402957684649 -4.807338349586625 -6.869752935686372
-8.334630706932529 -4.890240604143222 -2.572834587113265
-4.517008600549845 -8.33046805712458 -3.193733747792031
-6.479530161861683 -7.464166136335542 1.517205579579266
-1.872392094193606 -9.770389875242435 1.016675725765783
-3.235272616553777 -7.666702505181722 5.545690560572019
-7.117662935396088 -4.788996286759619 5.138520108308552
-9.999688532052698 -0.01837544013252781 0.07675679210150724
1.822211032605937 -8.782905770521808 4.420420022891937
1.017944631839434 -5.860723161152209 8.038389935481069
6.352962159105362 -7.52488885161928 1.736640312716247
-5.544719699674534 0.1611074864293942 8.320464399891243
8.915827698525971 -3.84717413335712 2.388988831666014
2.693987140257951 -9.621207246600568 -0.4180961684655013
6.080403008730861 -7.474138384556409 -2.676930081253002
-1.686643789425986 -7.051133451932825 -6.887434193560374
-2.842078283136804 -4.33676408341063 8.550734957730926
-8.974672760282347 -3.971137217510583 1.919718220351186
-9.014041301311529 3.016626647520332 -3.105965725458058
-8.97617874351211 4.394992780549638 0.3350427188254299
0.4436838387532147 9.474664537789078 -3.167629483950309
-0.5351082238639957 -9.509635845369269 -3.046388891330356
-8.62871972987822 -0.8783809121537056 4.977312808772857
-3.073073156995958 -3.445955000666196 -8.870265808031602
2.320508075688774 4.428909828689596 -8.660254037844378
3.220614632641895 2.490929586867312 9.133614354749271
0.5849738434570984 2.45046718630206 9.67744884622636
0.5359327207560975 -3.085583646802923 9.496944228403436
3.219448553775675 -3.135339033434064 8.933353242484955
-0.5359085622056367 4.198427786797564 9.060132787768664
-1.118913367531169 1.801036010981208 9.772630258180699
-2.737304811342324 -0.4444723569724318 9.60778885559469
-1.475504295013924 -2.251491125174787 9.630870925760277
-0.9326791414924188 -5.213973023234521 8.48201597098282
3.553758791787012 -2.127973130993051 -9.10178712141567
0.9588402198577765 -2.11314532451475 -9.727036664383688
1.201183368604914 2.292572425413221 -9.659258262890681
3.789373819630121 2.29257242541322 -8.965754721680533
-2.262054130338325 -0.09991348355840818 -9.740283795004258
-3.152074546518999 2.076799061123233 -9.260201494184924
-0.8651666062881384 2.162853983203584 -9.724893284283599
0.325523827171425 4.407647449734036 -8.970322078765996
-1.581863089100124 -1.773803858149092 -9.713461228633077
-3.79899791940648 -1.849089321809373 -9.063580059133134
-0.6235344578532597 -3.901488391641875 -9.186380849374434
5.519143984088512 2.442785053605294 -7.973195774893663
7.492731060317183 2.469128183796136 -6.145110842754729
7.829336701300567 -2.348879058981999 -5.760577573815301
5.954631759181478 -2.35667597548156 -7.68039315133902
4.070993119421496 4.663189235411302 -7.853768597072809
4.326916182692535 -4.491448412402272 -7.816948733788815
8.987380911981859 2.45518350036245 -3.633050828503797
9.642407331379655 2.444341190262174 -1.024293415649816
9.718052294293718 -2.113842816164795 -1.044570798903106
9.0710236876845 -2.123741389817717 -3.634040694136737
7.428941930217524 4.91447030092785 -4.545195645817025
7.906829638575847 -4.452502456661782 -4.202055085307585
9.730923159739003 1.948013412516918 1.230600749190941
9.042527033203497 1.9480134125169 3.799730069154681
9.036378030330098 -1.977944819497744 3.79889541630058
9.725180640616905 -1.977944819497503 1.228249078319692
8.995243826296756 4.363397465904516 0.2152929632109109
9.128406677783365 -4.079014391951556 0.1839378026729417
8.002628780080192 2.426516820361202 5.483607273386411
6.184288792907849 2.455821471488316 7.464818351848312
5.980998228093587 -2.447584820863889 7.631316317662246
7.849253878057665 -2.435717481189529 5.697060111112087
8.037850103114883 4.327947815592181 4.081890912967536
7.895385930086857 -4.381940871991713 4.296681883658021
4.203780492274639 4.98829960896887 7.579254355405433
3.928262713053673 -5.530328792789064 7.347395150723858
5.090324795022632 8.004077936436868 3.165964287325794
5.265979510470937 6.642759934143433 5.305016517659395
6.891593276339973 6.249693401803276 3.667052562612412
7.935256016722287 5.748370410684903 1.996985120283824
2.356075339864595 6.744781386654554 6.996915966275442
5.315493791060171 6.685347595263255 -5.201120387734607
6.871122065663322 6.724156920228522 -2.751980245368322
3.577923747781335 6.329697744404876 -6.865376036280766
3.015644900196794 8.08616465207931 -5.051715258739369
1.81443458924849 6.079777580015941 -7.729432818705017
5.782277233635496 8.104086626983952 -0.9428944456939656
7.799457385734455 6.253658433126351 -0.2453990421740408
0.8580746036859996 8.656795923493561 -4.931895407801586
2.596302728849647 9.067174509984897 -3.32348590273045
3.437011937850813 9.295069012878351 -1.337400831800129
4.430550839815309 8.890377740761748 1.153864325811272
1.263987687609623 9.841183511675844 -1.246371619979685
-0.2294332507259252 6.04508813041366 -7.962679817686581
-2.436995494427595 6.223319777657093 -7.438504144326444
-0.9157739852988291 7.848708106940169 -6.128551138719621
-1.32431358650761 8.870051126119476 -4.423616907533695
2.773145050218591 9.20014067380407 2.768948918391982
0.2462560348231178 9.643301165724599 2.635545596730928
0.9436840985555558 8.796600013984465 4.661468493522391
-0.4708381674055562 9.988571197972959 0.08220001909519145
-2.323518447226724 9.526616616604562 1.960825812159506
-1.27623990125922 9.731826928986839 -1.913832892046863
-0.2221076294854609 7.204644815597399 6.931360709269852
-3.028206718039022 7.281393274215278 6.149087416766478
-1.631172502782772 5.136027283596214 8.423805553805281
-3.265917490197189 4.37508081329605 8.378093507735091
-4.058426073262455 8.375643291231928 3.657564389850859
-5.493148927206944 6.470838811109811 5.287112628284002
-4.77218047810405 8.718657792930571 1.100590647867601
-5.079906768806412 2.736717145560715 8.167308399064456
-3.982892221809835 1.896375308602162 8.974426457349281
-7.652638762955894 5.337984190482259 3.597644332874824
-6.673932719500471 4.253630225780062 6.112712324157854
-7.349759742085914 1.665865677943823 6.573121273539837
-5.144150762680501 8.445028791957107 -1.48969850433874
-6.862949690583266 7.27038598335796 0.2034924998989643
-3.086671387498545 8.985368045725812 -3.120195639450719
-5.186896475010541 7.547322390176242 -4.016718772364779
-4.345947069803444 -2.16377961998709 8.742471150801435
-8.155692831078937 5.698545933103582 -1.005608618397968
-7.839716069193018 6.009144966356766 1.558534159954773
-8.948217774802176 3.795305282156745 2.350543866841782
-4.839448631285517 6.118384153450997 -6.256605493072779
-6.894445006165944 5.574168297833733 -4.62550276665995
-7.874846910240088 3.604537916536138 -4.99940921995144
-8.19921974139824 5.009469042491334 -2.770923229645013
-9.153720684252839 3.771154210092896 -1.409891328571229
-4.144544027861573 4.250165689163509 -8.047288140471561
-5.554527682731432 1.971863436190927 -8.078302842230137
-6.565714191427855 -0.4480122422233611 -7.529321495812279
-7.558183672636221 1.725354385671853 -6.316408141858643
-8.872833616745202 1.203697294034045 -4.452407936599181
-5.101847640510726 -2.589213038110796 -8.201653887862632
-7.105503630455122 -2.835722088613905 -6.439759187557893
-4.323859764846138 -4.187290473382308 -7.985664357175705
4.750008692258706 -6.496149834392886 -5.936114449080646
2.37417415573002 -6.291510021340899 -7.40136465319948
7.674938770682941 -5.938863268015641 -2.413548829023847
6.442621215791189 -6.167913660920036 -4.522109346452522
4.501363058312096 -7.930465064552733 -4.104321439309039
0.526294035863101 -7.753736763320916 -6.293058143139996
0.09232551784163771 -5.767179716655211 -8.168911439999579
-2.438000566677761 -5.376770905492899 -8.071337427386121
7.838082717453516 -5.837736400556118 2.117851041026878
7.948069355587261 -6.066691952137834 -0.1531087085724159
6.37446273254411 -7.689852172021033 -0.4820772177459645
1.461351475110604 -7.534618263415888 6.410458602221203
4.382404136890035 -7.114185427450077 5.493896584831761
4.24612989718289 -8.470158696136034 3.197935671416915
6.638122525702479 -6.321719065043593 3.996398052800259
-7.13514086147475 -5.01983624922154 -4.88784297189617
-8.599007412378134 -2.878635453334552 -4.215510579831498
-9.577326309829933 -2.564121251130647 -1.303879965541144
-9.570431793103641 -0.3609027586492382 -2.876905367291461
-9.757850195844687 1.538703157539507 -1.554590669093235
4.508172429835143 -8.783375772476479 -1.590185958417293
2.796777088193353 -9.127032244078123 -2.979147585218795
1.103636274385324 -9.779840932968321 -1.771072640999849
1.112286873618044 -8.964530896258744 -4.28952255161334
-1.142933253284424 -8.519336909176378 -5.110244828428647
-9.742007307966567 2.246908533631049 0.2114134646184635
-9.616922575431831 1.562338344481831 2.252531703553001
-9.640703382881943 -0.4640955833448456 2.615617245089288
-8.750967905894555 1.096539266819403 4.713614573374304
-7.28779694740973 -0.3688126025043935 6.837542900601016
-5.158994245202017 -6.800629017853622 -5.209244027639687
-6.65249802712929 -6.843542382575986 -2.984995419917275
-3.656835191760605 -6.076820758195739 -7.04980892315973
-3.196277707997496 -7.924987882322715 -5.194071223847089
-5.692227323837654 -8.175904279385977 -0.8678348391681916
-7.668373940109195 -6.395111510754631 -0.5464337834246789
-7.913161069783308 -5.855326073864161 1.759840462198889
-8.896327447102211 -4.554413115654163 -0.3356771155339883
-9.734557695000545 -2.04676935062105 1.024266424356462
-3.307397173181313 -9.369693531181943 -1.126928156787077
-4.323273086164865 -8.921262659363849 1.311633479704894
-2.582413683923029 -9.119054456099985 -3.189668539483386
-1.232372927326715 -9.869233062205611 -1.03898784009238
-2.643921806278836 -9.026103198531212 3.396930751685688
-5.028751956937373 -7.832313946737976 3.656024069304297
-5.335713698517425 -6.419439427134386 5.506446837008967
-6.981440773895945 -6.291351982566053 3.417363743010888
-8.195860105010803 -4.461554249175743 3.594775489617427
-0.02595532119423032 -9.59638422268244 2.812247530348858
-0.7327272239353113 -8.529759738429336 5.167814781895142
0.4231051823594197 -9.986288592878575 0.3082566210219407
2.3317629486244 -9.502246622718221 2.066443967898139
-3.118737289418031 -6.159864630168445 7.233916329181119
-5.178721199174977 -4.745079982565358 7.117939498216687
-1.148959382848544 -7.009546062768372 7.038903063012922
-6.64696532589165 -2.429354512055126 7.06513188915476
-8.052358555077001 -2.898173773787367 5.173017540798536
-9.018890160865512 -2.484593317396924 3.533612360374269
4.655870053199131 -8.823968468419999 0.6785679892635365
2 2 0 47
302
303
304
305
306
307
308
309
310
311
312
313
314
315
316
317
318
319
320
321
322
323
324
325
326
327
328
329
330
331
332
333
334
335
336
337
338
339
340
341
342
343
344
345
346
347
348
0.6258501510054512 8.230185592317991 2.874710869539085
0.2886751345944543 8.18350341907137 3.499999999998731
0.1703728084984489 8.345806345523767 2.263112105834692
-0.8834016391290512 9.462187656168204 2.922642941693428
0.5773502691896046 9.81649658092774 2.999999999999998
-0.121281956353799 8.010491807261598 2.921487430518564
-0.9441395399815221 8.732384922391869 3.192308864278987
-0.7612926695220759 8.683760821395655 2.433937942229299
-0.03827461033516659 9.847710976312118 2.470924244702475
-0.1731832107476081 9.950605710369521 3.257597280513614
0.2912185154773513 9.787619615656986 3.542998266365105
0.16666666666653 8.528595479208247 3.866025403784072
0.6666666666666711 8.528595479208299 3.577350269189074
0.6629181721675883 9.451181766682113 3.597473439094652
0.1657758512933188 9.448351685561038 3.878350233780667
-0.6114019250316578 8.826698950008693 3.772110375619635
-0.4540221026428121 8.249065775863473 3.479543242400799
-0.5869591143802345 9.467470630707052 3.661022093028911
0.5952005551373766 8.624298438865582 2.289658788943427
0.09141119588340819 8.649001358714154 2.068096599918932
-0.02188675008698848 9.484750546695791 2.125621433446152
0.5274564457691879 9.540175403205483 2.344255970985377
-0.341817541599116 8.438653213117496 2.246308714982173
-0.4301621224553056 8.821311669325061 2.115109594986277
-0.5490030473947783 9.364921932020586 2.248050774665197
0.8673233161542608 8.552457319412195 3.217843554661269
0.832775398689929 8.570284198158253 2.650959221602497
0.8333333333333258 9.471404520791042 2.711324865405183
0.8333333333333275 9.471404520791044 3.288675134594811
0.4314878168320481 8.228303928494181 2.532770466314469
0.2949641969490158 9.910598795577018 2.710507416309316
0.4893135798578931 8.151249811429961 3.200487750171871
0.4563553643333761 9.842819871319907 3.285297118724402
0.08989601833647751 8.030111979737139 3.22635355980818
0.2739896716400561 8.044655951945384 2.889331984380345
0.02674528658086422 8.104491467621777 2.555760021966156
-0.6450077447127519 8.238935718660462 3.068892444648906
-0.5183201261475022 8.233158168852311 2.621452971438821
-0.9281091048996535 9.082359445254209 2.636915421451444
-0.9263898543979352 8.682850683604878 2.796977467312915
-0.9924408011541584 9.105662060015943 3.062424236300329
-0.806925413835706 9.493252731699277 3.324920173546173
-0.5958060134956786 9.796671259963878 3.10163708885026
-0.538166019379991 9.764848755995418 2.645904368797131
-0.1154911126076741 9.982179774209008 2.851727635604667
0.220742382664414 9.965131526790881 3.140690925400118
0.0615610040709702 9.906566866725065 3.417548510875172
2 3 0 55
349
350
351
352
353
354
355
356
357
358
359
360
361
362
363
364
365
366
367
368
369
370
371
372
373
374
375
376
377
378
379
380
381
382
383
384
385
386
387
388
389
390
391
392
393
394
395
396
397
398
399
400
401
402
403
0.5890168448360199 9.808095130836531 -2.993564472227587
0.1214342941510607 9.56548579146647 -2.184230711626397
-0.845595214293336 8.471024120421301 -2.928213842642546
-0.3166643087523722 9.948143056363193 -2.972641998745453
0.6270195097547272 8.224663037461095 -3.075492575183832
-0.8587474091421773 9.367954694765197 -2.643401864991068
-0.8892017392068804 9.270755736456442 -3.36879750292998
0.08478667767004706 9.57993800134968 -3.810236467878493
-0.6540168643511405 8.901662546741715 -2.249938878203265
0.009327240008087328 8.146378874105558 -2.479189116837468
-0.1430592977153722 8.038948037030117 -3.23645964097266
-0.452351841055723 8.531386392440803 -3.758801092977502
0.4439084485871954 8.418122641680961 -3.68144260884433
0.5676462411148536 9.325072389891874 -2.243623317203549
0.06372297185342719 9.296740187152611 -2.047170191384211
0.0053481126745618 8.510545246105879 -2.127987705601999
0.5495734106367174 8.464070307120071 -2.359103416602373
-0.30988746186328 9.27181402648344 -2.088908952965296
-0.3495806139938353 8.947437338144596 -2.064569317961845
-0.3761848125918744 8.444519740706674 -2.258429593153397
0.04455997774757817 9.304788737396725 -3.951377019871326
0.5529200320973258 9.33724785851501 -3.761933934165247
0.7052125265789749 8.686742043289943 -3.636038320318783
0.2420680036914986 8.682696080757504 -3.91690855837546
-0.2411865031710518 8.750142992494968 -3.937763587738802
-0.2275443207278608 9.068916306790795 -3.971325962158334
-0.004736380201726559 8.410719727713218 -3.807914802065292
0.8381474683333465 9.465486750453673 -3.284307767179305
0.8363634228664808 9.464495934924892 -2.708899070201906
0.8605000154602391 8.553143068770703 -2.755339814425674
0.8397011593762347 8.563943897167908 -3.323661919485588
0.3872982151055383 9.797833102153644 -3.462019949443697
0.5674418063761241 8.280866523403168 -3.401069618912171
0.4056419959236189 9.784265203205939 -2.530550681986384
0.3526156771666868 8.097353511048542 -2.753237968479982
0.1532177756231023 9.988009556938534 -2.980988723577095
-0.1119711594573164 9.868118446979777 -2.516437365522102
-0.1338367501262244 9.88198849427233 -3.451867259587238
-0.650887711871405 9.72879301847143 -2.787383155036794
-0.4414663047781121 9.558897588837739 -2.298044882533848
-0.798868999649988 9.14238097751584 -2.415589203864386
-0.9392383856511992 9.343202978694089 -3.006555176186306
-0.9752186820322247 8.854841163317833 -3.166965368709832
-0.9657882840589714 8.908755216445448 -2.757250376213452
-0.8232929457522543 8.655602506104202 -2.54880260232037
-0.7606772641123934 8.887812170689385 -3.639362174997126
-0.7310967216414428 8.438086168010651 -3.386976005747358
-0.4858993866766147 8.19666535412347 -2.655681495179652
-0.550550714030336 8.170250190864474 -3.091701502279105
-0.07261424023008442 8.014663276158615 -2.845602095981407
-0.3234305525482056 8.223397925692597 -3.540631016368651
-0.6897526768774657 9.697207377728962 -3.19530262973313
-0.4841233968204586 9.511975423749242 -3.709581356947746
0.2645508560996092 8.050824498920015 -3.170524815456646
0.1652696612909764 8.152401110036772 -3.50424404883932
2 4 0 147
404
405
406
407
408
409
410
411
412
413
414
415
416
417
418
419
420
421
422
423
424
425
426
427
428
429
430
431
432
433
434
435
436
437
438
439
440
441
442
443
444
445
446
447
448
449
450
451
452
453
454
455
456
457
458
459
460
461
462
463
464
465
466
467
468
469
470
471
472
473
474
475
476
477
478
479
480
481
482
483
484
485
486
487
488
489
490
491
492
493
494
495
496
497
498
499
500
501
502
503
504
505
506
507
508
509
510
511
512
513
514
515
516
517
518
519
520
521
522
523
524
525
526
527
528
529
530
531
532
533
534
535
536
537
538
539
540
541
542
543
544
545
546
547
548
549
550
5.209045413780856 4.551181408892795 12.98097105502869
0.6232876108777022 2.392272713159626 24.60845213036122
5.505527681884951 4.205848896952572 21.00000000000017
0.7833197463642579 6.637901788991623 21.39598339563034
-3.562423709829285 4.407015861700647 22.64688839152723
-2.18790330732725 2.172910523539732 24.38183845491601
3.80417381416865 7.037596220097136 16.97761620076799
-1.215384237563341 7.907091527342346 17.0272898023711
1.350286256351397 6.870155888755435 13.12989856849881
-3.546451163641372 6.015567201773599 13.09671479586073
-5.410180504713749 5.857123764747771 17.65118976561533
-7.166956154388622 2.682896525479089 14.66830411188695
-5.922030628661316 0.5142696089914021 22.35397796058828
6.570227540714757 -4.535445749356578 16.48829508710913
2.102924448593075 -4.205848897272863 10.5278640452461
-3.802380508900423 1.98348213890212 10.24665260258363
-6.082281809713486 -1.952770882384115 12.18413726647642
-7.876492839945405 -1.363423592270047 17.31927519529432
-5.512424142517882 -5.594678108886217 15.47922489140066
-5.883409229015922 -4.34051217629394 20.24737584695309
2.529163552774282 -4.20628870536583 23.31747315391447
-2.683863670292844 -7.312905641309778 18.82161655695754
-0.9047742780401424 -7.471068441713234 14.28623511611018
2.421635465105355 -7.613596509808338 17.41088910910156
-2.687830508566457 -3.017370898324198 23.90442177297749
-3.58422133775662 -2.891361920006263 10.45833479536687
6.953413343365289 3.940416283481322 16.64905500547124
5.498484020790768 -4.594710515396417 20.55743007700983
5.539524423090687 -3.751441170451278 12.61361671640235
-7.425311257118001 2.283732763428535 18.91031866455828
0.06471617901481187 5.899002866400929 11.59652176849325
3.318960647825147 -6.537870802070771 13.79988350311765
-3.536872882315683 -5.766847014880824 12.72987052640086
1.091397517820383 -6.917414419280157 20.86758700096462
-2.77090318320858 6.99953974010656 19.70712743991737
2.7950329932613 1.255542904833323 24.38995281315811
0.3155284846746986 1.211046346724184 24.9015067247611
1.336822423229514 -2.223288823588356 24.5676874020838
3.785429469208297 -2.201857023565591 23.69494954285873
-0.7948292029018146 2.319126007338684 24.61511005175236
-1.115716864022921 1.10807132427061 24.84393739264051
-2.579929818831781 -0.4468349963294627 24.55938493635281
-1.392433004897249 -1.563151699280294 24.72124906293729
-0.08424413837371682 -3.835398342267247 24.020158294603
3.577708764077028 -2.211145618178247 10.19479353328222
1.105572809070738 -2.211145618187063 9.391547869703352
0.03535363767110439 3.222551348586459 9.677847794123164
2.706431598864384 3.349119739184891 10.25769883694962
-0.7954818814289929 -3.811324154616565 10.01136517159792
-1.879826405908029 -1.516440524754719 9.373292924299994
-2.19781838370966 1.878175557482981 9.540640045720991
5.239531998315892 2.405940151341774 11.45394226258098
6.80376895891614 2.415852758276742 13.55436748854208
6.876347101931904 -1.961990996533082 13.41301772191779
5.323614708572229 -1.949971180139632 11.35582257265965
2.807669957042111 5.563518168014554 11.98360139078889
3.949565130415892 -4.112272899925058 11.38839177444248
7.554436728869926 -2.416497074874409 18.04452266448578
7.471060886027909 -2.389826988463736 15.42774804739373
7.590500833640987 2.053976747596152 15.52844415164432
7.647042724699124 2.069276888132835 18.11392581748763
6.292090569272287 4.393018124468324 14.73925056094941
6.26245967876451 -4.285496131786133 14.4669935498908
6.894427190999985 2.211145617999883 20.4026032334082
5.36656314599959 2.211145617999884 22.50552768188471
5.431253296088526 -2.446388490392862 22.34010027881508
6.925133615187496 -2.427644712332762 20.18575980928929
6.503203489709368 4.252112602678571 18.90470018259409
6.254577695609608 -4.731679221922739 18.57843897265857
3.337234498777518 3.592779030296128 23.32098131144473
4.150525884837204 -4.550371044998864 22.10561046615704
3.417908490923769 5.951381587409365 12.88916568702703
2.689087040006197 7.255688363060887 14.96928651222938
4.735292309867265 6.088418377437169 14.87675521868125
5.59754803969839 5.712243040127666 16.80574399936745
0.7144379732497398 6.447177526430947 12.3177483701682
3.334626409484878 5.749838555915806 21.4519235494413
0.7458457364007568 4.788199860258358 23.36528524386101
-1.464167123921974 5.818999765091968 22.29107327175552
-1.548479835727947 3.582195890561916 23.98355803297898
-2.932367625754762 3.355420144691086 23.6439728897721
4.922618473240776 5.945109052048497 19.10321319084862
2.434827804647088 7.258317064767104 19.32130285594709
-1.025562520271082 7.036710331434957 20.66509607356912
-3.27044698811549 5.890195791679503 21.31390426801608
1.365462641133093 7.882607758830327 17.00258768192836
-0.22727016763059 7.650809396567346 19.32668516312413
-2.035009120179276 7.609870382736693 18.39592644460016
-4.947549576590871 2.567180248629904 22.73858334070527
-4.230533331615415 1.401762974699492 23.64361710913962
-6.661825414201494 4.225234678895815 18.32946382386106
-5.891528169690375 3.587521369949592 21.05210886402374
-4.779805357143784 5.467820534583621 20.35505578931339
-4.194202151143377 6.591235071729352 18.72171093524704
-6.910552265880531 1.448658601849901 20.76107107561393
-4.535201750231092 -1.318496218168155 23.45705140194633
0.07067868367090306 7.742185069075505 14.98665083011941
-1.155250060438086 6.778285332630798 12.91096035146393
-2.503527908613345 7.319817203598152 14.96220115892107
-4.706707162457971 6.239095418784673 15.29102485618809
-3.466406018236988 7.201251603559589 17.35497134949295
-1.795361424711427 6.143764412533615 12.20095465764871
-5.659799338827188 4.595322271511455 13.70611404794244
-6.578382771255302 4.466797480708031 16.1210231054278
-3.863511446606624 4.205351281230621 11.39747379270819
-5.855005952610964 2.490731727518759 12.15075668207692
-1.998346915673855 4.214380481479685 10.50033795017465
-7.57052164346093 2.576705419822075 16.78138795698965
-5.19667518575108 0.01614586513186335 10.91770550492348
-7.03253827574443 0.3875420265738969 13.20616070743257
-7.427142177056404 -1.764470626411838 14.60746943795494
-7.899568812853484 0.6928774934862542 15.9432439496209
-7.902422440748123 0.4752819863890992 18.15144544003375
-7.187036543058391 -2.979265012386944 18.86292396911691
-6.254786901859631 -2.027229157220953 21.5571902260536
-7.387071400988937 -0.4545965457235182 20.03718917706941
-4.514858119076468 -3.875728500860373 22.34740916259715
4.200618661557654 -6.474958162868942 19.10468991760555
4.759175701957732 -6.430194352877812 16.94664063237431
2.958285098391552 -7.292635476446378 15.56263536835283
5.16969117454894 -5.788708411398199 15.05960104937192
4.556523298225826 -5.292495200950155 13.09774552589855
2.809365772652647 -5.566890086669187 11.98829383159865
1.254406677546876 -7.279018369371401 13.92715840537142
0.6430751430975743 -6.267273897095644 12.06971276099317
-2.275966234234809 -6.783305270121779 13.42134839458196
-0.7789087785364505 -5.417084888809683 11.16489139585657
-3.657789005920052 -4.447336388798292 11.44646251178215
-3.878434132167525 -0.4766944264814626 10.01927574629971
-4.931508809393072 -2.471305623596701 11.20579001263694
-6.095697704231501 -3.96792878391513 13.66863231323761
-7.076233485524823 -3.677455937466763 16.36499016832204
-5.023340965647699 -4.031359725882297 12.25508858845817
-4.629752296183484 -5.812721903762922 14.03728878466049
-5.991144164047172 -5.223238648297627 17.90772772819469
-4.287606837515134 -6.752159710233632 17.1573748848805
-4.471937299237165 -6.082840410784822 19.64590803479912
-3.386385146375859 -6.894854599402283 14.76541375339725
-1.883870256757567 -7.760908024901006 16.53166306495074
-2.953432400342582 -5.679730159756169 21.79769761124675
-0.8664152284883838 -5.391801184785411 22.84617863527878
1.867391969094844 -5.737319016731124 22.25319119526555
3.468010196229496 -6.058404300563557 20.90751105049765
0.7913383378963073 -7.8695887219287 15.79860207147335
-0.1389766109641081 -7.910799225535647 18.18319107284899
1.807368574618067 -7.475845697524298 19.20117013024676
-0.826828183124713 -7.388558722402202 19.95390506976867
2 5 0 47
551
552
553
554
555
556
557
558
559
560
561
562
563
564
565
566
567
568
569
570
571
572
573
574
575
576
577
578
579
580
581
582
583
584
585
586
587
588
589
590
591
592
593
594
595
596
597
0.6258501510054518 7.230185592317992 16.87471086953908
0.2886751345944539 7.183503419071371 17.49999999999873
0.1703728084984518 7.345806345523768 16.26311210583469
-0.8834016391290513 8.462187656168204 16.92264294169342
0.5773502691896045 8.81649658092774 17
-0.121281956353799 7.010491807261598 16.92148743051856
-0.9441395399815231 7.732384922391869 17.19230886427898
-0.7612926695220736 7.683760821395657 16.4339379422293
-0.0382746103351778 8.847710976312111 16.47092424470247
-0.1731832107476061 8.950605710369524 17.2575972805136
0.2912185154773438 8.787619615656993 17.5429982663651
0.1666666666665296 7.528595479208248 17.86602540378407
0.6666666666666711 7.528595479208298 17.57735026918908
0.662918172167586 8.451181766682119 17.59747343909465
0.1657758512933145 8.448351685561041 17.87835023378067
-0.6114019250316589 7.826698950008693 17.77211037561963
-0.4540221026428152 7.249065775863474 17.4795432424008
-0.5869591143802418 8.467470630707059 17.6610220930289
0.5952005551373784 7.624298438865581 16.28965878894343
0.09141119588340957 7.649001358714153 16.06809659991893
-0.02188675008699482 8.484750546695786 16.12562143344615
0.5274564457691824 8.540175403205479 16.34425597098537
-0.3418175415991133 7.438653213117497 16.24630871498217
-0.430162122455303 7.821311669325063 16.11510959498628
-0.549003047394781 8.364921932020579 16.2480507746652
0.8673233161542611 7.552457319412194 17.21784355466127
0.8327753986899297 7.570284198158253 16.6509592216025
0.8333333333333262 8.471404520791044 16.71132486540519
0.8333333333333276 8.471404520791044 17.28867513459481
0.4314878168320505 7.228303928494181 16.53277046631447
0.2949641969490105 8.910598795577016 16.71050741630931
0.4893135798578946 7.151249811429963 17.20048775017187
0.4563553643333719 8.842819871319911 17.2852971187244
0.08989601833647748 7.030111979737139 17.22635355980818
0.2739896716400568 7.044655951945384 16.88933198438034
0.02674528658086584 7.104491467621777 16.55576002196616
-0.6450077447127527 7.238935718660462 17.0688924446489
-0.5183201261475017 7.233158168852313 16.62145297143882
-0.9281091048996514 8.082359445254211 16.63691542145144
-0.9263898543979345 7.682850683604879 16.79697746731291
-0.9924408011541589 8.105662060015943 17.06242423630032
-0.8069254138357079 8.493252731699284 17.32492017354616
-0.5958060134956787 8.79667125996388 17.10163708885025
-0.5381660193799951 8.764848755995409 16.64590436879712
-0.1154911126076789 8.982179774209007 16.85172763560465
0.2207423826644151 8.965131526790881 17.14069092540011
0.06156100407096751 8.90656686672507 17.41754851087516
2 6 0 89
598
599
600
601
602
603
604
605
606
607
608
609
610
611
612
613
614
615
616
617
618
619
620
621
622
623
624
625
626
627
628
629
630
631
632
633
634
635
636
637
638
639
640
641
642
643
644
645
646
647
648
649
650
651
652
653
654
655
656
657
658
659
660
661
662
663
664
665
666
667
668
669
670
671
672
673
674
675
676
677
678
679
680
681
682
683
684
685
686
0.5572500938028773 2.227453764188787 35.54327719506772
3.997413735814383 3.840391319394471 27.70389940580947
3.656097545211297 4.108485956145579 32.3986024864605
-0.4138247238505093 5.711354888313747 31.79141687992067
-3.772828548207243 2.224921335831896 34.10066943256737
-3.396690792806712 -3.069209610594169 33.87845897545643
2.772670911147716 -4.220101900592033 33.24083877523934
-5.029413153738443 -2.245989213843897 32.3791880506382
3.907638372080916 -4.304102562704875 28.51505438390555
0.1509841038833473 -5.990985251039451 29.707939180645
0.03232817401654126 -4.230122188041273 25.74500045083367
-4.018816897930337 -4.371780302731612 29.14171815494124
-4.443970693056641 4.030564153470436 29.92465357332415
-0.4537280579059452 5.65623535450757 28.050350681818
-3.547293712566575 3.157622109258293 26.33310350133674
-5.783687664621246 0.0798021548946684 28.40545034126177
-3.062970195663286 -0.9355348471564892 24.92624516455177
-2.398891226631048 -5.267388835814899 31.58111850761578
0.7755389060940012 4.668110594939561 26.31119492537929
2.147499374606992 5.602358346739192 30.04274799158195
-5.7029042905513 1.157188922797212 31.46212053188751
2.588714912608741 1.201327913422684 35.27781833200695
0.2840836342760845 1.135546081642361 35.88471168241939
1.579804173884292 -2.404517092153798 35.26521759528683
3.794890040096496 -2.282838395190483 34.04814259198222
-1.72501342733457 -0.5113824486970553 35.72388125896057
-1.871854298516494 -1.691385396282008 35.44383843683566
-0.3667747510838574 -4.284375375957969 34.1844478632016
2.463833021199612 -2.437986116192699 25.10247505969617
0.01748533590130476 -2.287945719533012 24.45337952916382
0.4315479995882714 2.597566380323941 24.60867222069905
2.872339193427476 2.67196435919368 25.46014603526731
-1.640286591067073 -2.795829368287501 24.95096068121997
-1.594248239603225 -0.4869374129981458 24.23621092454411
-1.401147284178881 2.286358674836078 24.63256576211315
4.414979420253924 2.057662215635208 26.49657554311763
5.47651725163385 2.103741014372998 28.74221125104345
5.451872624726549 -2.368416978333619 29.18287950674439
4.506395144247839 -2.379794206803673 26.83314314545744
2.502138726359591 4.460436492964586 26.8625156436595
2.146384278337119 -4.649208468772603 26.87303739331594
5.38222004712125 2.29003232133349 31.33695898651158
4.266717823735767 2.219310191329401 33.58744774000639
5.130108452405572 -2.467843676060984 31.8951872881282
4.161398848234449 4.321996469933517 30.05573275334311
3.653301578975948 -4.6616838090804 30.96025602690611
2.298475682074421 3.456397292126922 34.33247357728702
1.743491547869045 5.280496262047569 32.2531303666257
0.07961151647316284 4.406616458621562 34.07128891053563
-2.340113495937514 4.435950601298097 33.29335863351901
-1.738437701527637 2.407086888089187 35.21380543088218
-3.997809005746398 -0.4707851541709276 34.44925662242416
3.209038816817889 4.931257720264036 28.82323869519244
3.008772914556793 5.034416710820199 31.2656752863368
0.1640763909926859 5.263904036433637 27.12521422830562
1.934759006339806 5.184907934053385 27.68193242057587
0.8803480016850697 5.851722938596732 29.00887637207564
0.8973623814504851 5.856058775056187 30.94937683742808
-2.644814267097734 5.303962859561152 30.93431016100231
-4.448013994505173 3.386292664801792 32.17903499122793
-0.4565368376600334 5.982026466177119 29.9167325164553
-2.661350169541336 5.263689504750254 28.8996418434599
-4.831899747558449 -0.01156499422473984 33.55705089652273
-4.2973066779145 -2.710747404447368 33.19139527875086
-4.945303938089869 1.76509442231636 32.90317251299686
-5.623465532998442 -0.5705040817887299 32.01274948561438
-5.303152289183573 2.711321923899925 30.72478218983819
-3.016439291082018 -4.338967686658869 32.84155827273467
0.2105977775067759 -5.345513803905882 32.71682365058185
-3.950043371186901 -3.995281781762376 32.10591567971277
1.591374979101206 -5.55799795768842 31.6050496497685
2.172712376161219 -5.511294740778887 29.04871076388994
-1.167467257190239 -5.847120186858689 30.66948168295951
-5.868275744462903 -1.175590904915795 30.42582368561134
-5.357311914839446 -2.345672529190052 28.65946673561509
-4.798951746920963 -3.509897118103564 30.80665007968296
-3.318726749309322 -4.984609433823002 30.37379346658483
-5.965116428878353 0.6423833830532331 29.9312280645711
0.09830478084794762 -5.481268021615526 27.56155027829618
-2.086825736513763 -5.591060164842546 29.37935148551324
-2.220525542725063 -4.791370431380287 27.15183643317308
-3.988229932638058 -2.988905605743955 26.6592717434125
-4.777096024405613 -0.4620860563071868 26.39919036185269
-2.145133726145064 4.725518626889813 26.98870874808291
-4.212827444937226 3.789461445629978 28.02716780458458
-5.002910621508613 1.735781434207716 27.17901646125751
-5.504421857414919 2.21215740284892 29.10127888606441
-1.499334975461669 4.233200831696354 26.02105474404552
-3.546982386220706 1.192343375202868 25.30987918839505
2 7 0 51
687
688
689
690
691
692
693
694
695
696
697
698
699
700
701
702
703
704
705
706
707
708
709
710
711
712
713
714
715
716
717
718
719
720
721
722
723
724
725
726
727
728
729
730
731
732
733
734
735
736
737
2.757845422812732 2.928043611642738 32.51706697881436
3.337806448153016 2.755781226860313 31.5
1.905531924066735 2.623493786881462 31.54287600660351
2.279404795161288 2.852548149580393 30.5594193247941
1.773178366296003 4.885347932088806 30.53155312384936
2.933012701892427 5.224744871391362 32.25000000000025
1.115007193364728 3.652135769705919 31.04088628549077
1.377648810406559 3.923740001167426 32.49222589151677
2.841269966744959 5.367008764765698 30.98539155967702
1.944412295785379 5.172174251403003 32.25321300259179
1.219558003328448 4.78131885875477 31.49697773033764
3.693768696924048 4.905223298635337 31.57407481253449
2.640748142471276 3.414859225245658 32.87397242843907
3.402517836859724 3.378592076334145 32.52436016447114
3.50000000000005 4.707106781186368 32.36602540378453
2.750000000000105 4.707106781186376 32.79903810567673
1.88430489453667 3.958165582698885 32.86717570876518
1.975088074886309 3.302824229280372 32.72000549818225
2.435075468945447 5.269580641035283 32.29620964649757
2.179460073458576 4.676272432935852 32.79996528874576
1.552954528244276 4.618544950688833 32.48514314614899
3.200179493913572 3.255016417380341 30.40238980601941
2.377713049393501 3.363910072940203 30.14706411592994
2.708225242853065 4.834077884850415 30.27079036359039
3.491464484389092 4.826272005180634 30.73562263923515
1.838165029317908 3.81690262190088 30.16641467400265
2.099367124045092 4.488014489120068 30.13936222413422
2.287706659413493 5.240197795379872 30.68339669001557
3.740462802474219 3.277716713902383 31.9353836128081
3.740462802474221 3.277716713902383 31.0646163871919
3.866242118720888 4.496129181031104 31.12954310809155
3.846415412329764 4.488929426705289 31.94509948679201
2.850283101750959 2.642666002180413 30.96619650901214
3.329060422840963 5.227211874112283 31.26207179377682
3.096169879100969 2.739714773827578 32.05340999624534
3.370254273294994 5.139436376206788 31.94084265264213
2.312235924362733 2.634276948278034 32.09122347542645
2.638662395747728 2.506622683978806 31.52443219185493
1.459826822063554 3.119809243857549 32.12713953208435
2.063374720906027 2.647928424808858 31.01910414722494
1.382923435653467 3.026879577388477 31.26510301729457
1.574590489202783 3.138147698630293 30.69326097903362
1.052476893448744 3.75514742985706 31.80777276503063
1.284033569565542 4.309478960747628 30.67802164693281
1.040664390558221 4.237318044172483 31.24697880538315
1.418498927607808 4.897989628437865 30.97657850862564
1.913287206935576 5.342087775454374 31.17662946728177
2.374391712452779 5.488175613439768 31.63984241725107
2.927754809564064 5.431822160016 31.63004278135262
1.161349526109019 4.392804250632577 32.05110772942904
1.510713303880189 5.05257814942102 31.90421661549443
2 8 0 51
738
739
740
741
742
743
744
745
746
747
748
749
750
751
752
753
754
755
756
757
758
759
760
761
762
763
764
765
766
767
768
769
770
771
772
773
774
775
776
777
778
779
780
781
782
783
784
785
786
787
788
-2.24215457718727 2.928043611642738 32.51706697881436
-1.662193551846991 2.755781226860308 31.5
-3.094468075933271 2.623493786881465 31.54287600660351
-2.72059520483872 2.852548149580392 30.5594193247941
-3.226821633703997 4.885347932088811 30.53155312384937
-2.066987298107574 5.224744871391361 32.25000000000026
-3.884992806635273 3.652135769705926 31.04088628549077
-3.622351189593438 3.923740001167436 32.49222589151677
-2.158730033255037 5.367008764765698 30.98539155967702
-3.055587704214619 5.172174251403009 32.25321300259178
-3.78044199667155 4.781318858754773 31.49697773033764
-1.306231303075951 4.905223298635336 31.57407481253449
-2.359251857528725 3.414859225245659 32.87397242843907
-1.597482163140276 3.378592076334145 32.52436016447114
-1.49999999999995 4.707106781186368 32.36602540378453
-2.249999999999895 4.707106781186376 32.79903810567673
-3.115695105463328 3.958165582698891 32.86717570876518
-3.024911925113692 3.302824229280377 32.72000549818226
-2.564924531054551 5.269580641035284 32.29620964649757
-2.820539926541424 4.676272432935858 32.79996528874575
-3.44704547175572 4.618544950688841 32.48514314614899
-1.799820506086431 3.255016417380337 30.40238980601941
-2.622286950606503 3.363910072940201 30.14706411592994
-2.291774757146932 4.834077884850417 30.27079036359039
-1.508535515610906 4.826272005180635 30.73562263923515
-3.161834970682098 3.816902621900883 30.16641467400265
-2.900632875954908 4.48801448912007 30.13936222413422
-2.712293340586505 5.240197795379876 30.68339669001558
-1.259537197525784 3.277716713902379 31.9353836128081
-1.259537197525782 3.277716713902379 31.0646163871919
-1.133757881279112 4.496129181031104 31.12954310809155
-1.153584587670236 4.488929426705289 31.94509948679201
-2.149716898249049 2.642666002180412 30.96619650901214
-1.670939577159035 5.227211874112282 31.26207179377682
-1.903830120899036 2.739714773827576 32.05340999624534
-1.629745726705006 5.139436376206786 31.94084265264213
-2.68776407563727 2.634276948278035 32.09122347542645
-2.36133760425228 2.506622683978805 31.52443219185493
-3.540173177936447 3.119809243857556 32.12713953208436
-2.936625279093981 2.64792842480886 31.01910414722494
-3.617076564346537 3.026879577388481 31.26510301729457
-3.425409510797222 3.138147698630297 30.69326097903362
-3.947523106551255 3.755147429857069 31.80777276503064
-3.715966430434459 4.309478960747635 30.67802164693281
-3.959335609441779 4.237318044172487 31.24697880538315
-3.58150107239219 4.89798962843787 30.97657850862564
-3.086712793064421 5.342087775454377 31.17662946728177
-2.625608287547217 5.488175613439769 31.63984241725107
-2.072245190435934 5.431822160015999 31.63004278135263
-3.838650473890976 4.392804250632584 32.05110772942905
-3.48928669611981 5.052578149421025 31.90421661549442
2 9 0 10
789
790
791
792
793
794
795
796
797
798
3.711846260161151e-15 5.746389607125919 29.18659740178148
0.3909157412340135 7 30.31174490092937
-0.3909157412340182 7 30.31174490092936
0.8522469520431762 5.4918813971917 29.79298275206225
1.855923130080574e-15 7.37319480356296 29.59329870089074
-0.8522469520431745 5.491881397191699 29.79298275206224
0.6135224831802344 5.419178558142598 29.34809295138305
0.2221350170217986 5.378486364131207 29.12229498256151
-0.2221350170217909 5.378486364131208 29.12229498256151
-0.6135224831802288 5.419178558142598 29.34809295138304
2 10 0 8
799
800
801
802
803
804
805
806
6.661338147750939e-16 5 30
3.33066907387547e-16 5 30.5
0.3909157412340149 5 30.31174490092937
-0.3909157412340171 5 30.31174490092936
0.4874639560909124 5 29.88873953302184
0.2169418695587808 5 29.54951556604879
-0.2169418695587763 5 29.54951556604879
-0.4874639560909106 5 29.88873953302184
3 1 0 125
807
808
809
810
811
812
813
814
815
816
817
818
819
820
821
822
823
824
825
826
827
828
829
830
831
832
833
834
835
836
837
838
839
840
841
842
843
844
845
846
847
848
849
850
851
852
853
854
855
856
857
858
859
860
861
862
863
864
865
866
867
868
869
870
871
872
873
874
875
876
877
878
879
880
881
882
883
884
885
886
887
888
889
890
891
892
893
894
895
896
897
898
899
900
901
902
903
904
905
906
907
908
909
910
911
912
913
914
915
916
917
918
919
920
921
922
923
924
925
926
927
928
929
930
931
3.552713678800501e-15 -1.332267629550188e-15 1.332267629550188e-15
-4.355706330263707 2.555009182724532 -0.9755337711931866
0.06864583787842887 5.136798068911652 -0.4104345083357703
-1.21310423996182 -4.403223718391397 -2.454645189416902
-4.427715075320002 -1.572988444212128 2.092053472813578
4.999999999999996 0.554040443916529 1.339745962155633
3.692166536493648 -2.981827069164558 -2.121503227546137
-2.203304918915683 -0.09731856848063945 -4.487312840722254
-0.8413652919277937 2.103352417614256 -4.457354939070425
-3.019218457059649 3.380857008976523 -4.945121824667019
-2.177853165131852 1.277504591362266 -0.4877668855965926
-4.381158084047538 1.180186022881627 -4.975079726318848
2.082518539187089e-15 -6.66133814775094e-16 -4.999999999999999
1.160254037844389 2.214454914344797 -4.330127018922188
-0.6065521199809095 -2.201611859195698 -6.227322594708451
-2.809857038896594 -2.298930427676337 -5.714635435430706
-0.6065521199809081 -2.201611859195699 -1.22732259470845
-0.8070423729885811 4.671751452070083 -4.662572193238311
1.194576956783602 4.782853948800624 -4.535344273090074
0.03432291893921621 2.568399034455825 -0.2052172541678845
-2.143530246192639 3.845903625818092 -0.6929841397644785
-2.784405285112763 -0.9241072678334321 -1.715089480305044
1.846083268246824 -1.490913534582279 -6.060751613773069
1.239531148265914 -3.692525393777977 -2.288074208481519
1.846083268246826 -1.490913534582279 -1.060751613773068
2.834010967619791 2.360844780464668 -3.375617537275732
4.680094235866614 0.8699312458823898 -4.4363691510488
3.006337306091211 0.7235413797625192 -5.390878632695258
4.346083268246825 -1.490913534582279 -5.390878632695261
2.868333886559004 4.929243814920495 -3.580834791443617
-4.310822155505646 3.839616974237382 3.238628614564628
-2.132968990373791 2.562112382875115 3.726395500161222
-2.098646071434578 5.130511417330942 3.521178245993336
-4.346826528033794 1.775618160769052 4.77242223656801
-2.213857537659999 -0.7864942221060647 1.046026736406789
-4.391710702791855 0.4910103692562022 0.5582598508101955
5.334010967619788 2.637865002422933 -2.705744556197915
2.5 0.2770202219582638 0.6698729810778173
2.534322918939213 2.845419256414091 0.4646557269099315
4.346083268246822 -1.213893312624014 -0.3908786326952517
-2.143088698478889 -3.924589359528796 -5.662455498724253
0.3045533963220585 -6.593064744456602 0.9828874167375177
0.9111055163029701 -4.391452885260905 2.21021001144597
-1.302752021357032 -5.177947107366968 3.256236747852757
-2.820409657640911 -2.988106081301762 -0.1812958583016622
0.3261152774033208 -4.257076064068293 -5.688846821734906
2.778750665631055 -3.546377739454873 -5.522275840799523
0.6004283635828641 4.939826118935269 4.160084362964904
0.5661054446436514 2.371427084479443 4.36530161713279
3.066105444643648 2.648447306437708 5.035174598210606
2.757188784549792 -5.882366419843183 1.1494583976729
0.6535946302254948 6.316749732798785 -3.455812521166288
2.082518539187089e-15 -6.66133814775094e-16 5.000000000000001
2.499999999999999 0.2770202219582645 5.669872981077817
-5.339809987747936 3.279496978754914 -3.803495392687229
-6.316541151732384 0.9420765645868172 -3.273220132093825
-4.745240106581441 -2.537039885971148 -4.012775841205682
-3.690444759727865 5.185417472002735 -3.215455208202719
-1.478268675656798 6.476311915096295 -2.93290557677401
1.724027338358606 6.654721464827868 2.128635348297169
4.189704419419389 4.363342652330306 3.003725583542871
4.331924833363622 4.925332375793553 -1.192882688222471
6.797601914424407 2.633953563295991 -0.3177924529767686
-5.318044053107545 4.92708754938892 0.8612125136367108
-3.105867969036478 6.21798199248248 1.143762145065419
6.830127018922195 0.2770202219582634 -1.830127018922178
6.17621028716902 -1.49091353458228 -3.560751613773063
-4.773867473447174 -4.646732161267309 -2.513739888265083
-6.345168518598118 -1.167615710709345 -1.774184179153226
-6.381172891126266 -3.231614524177675 -0.2403905571498435
0.5089723159197189 -2.930361580576105 4.019194967740535
-1.704885221740284 -3.716855802682169 5.065221704147323
-3.331253598823234 -4.60528103398901 -4.662199062551637
-1.093472663181795 1.760085901698802 4.550430216310896
-1.059149744242583 4.328484936154629 4.34521296214301
2.346159511961975 6.679536155840309 -1.864724149705056
-3.831493845936889 -4.619845474696925 3.818872016692798
0.7404414501480658 -7.012215482495982 -1.436370678941202
3.1930768383758 -6.301517157882563 -1.269799698005819
5.022564347799506 -5.253357960391918 -0.1924314574149448
5.087490428466945 -3.840451267221461 1.934737004896423
-1.542748167077713 -7.086806796816916 -0.7189847318255592
-3.846317200911751 -5.933694927363469 -0.468719804918818
-5.453622618590842 -4.518577290273835 1.804629526196422
-3.150053584756804 -5.671689159727281 1.554364599289681
-6.440107311420581 2.791386914761586 1.643277436641595
-6.476111683948729 0.7273881012932557 3.177071058644978
-3.307330200841798 0.9735916795927386 5.596456952717684
3.302318088894896 6.2776133324278 0.5444072257329697
5.767995169955679 3.986234519930238 1.419497460978671
4.999999999999989 0.2770202219582639 5.000000000000015
-2.21385753766 -0.786494222106064 6.046026736406789
-0.7415277938979836 7.000611080192079 1.975046962164729
5.910242377525372 2.624016072002039 3.473773372747854
5.741407160220119 -2.072517510680917 3.665361599747308
3.008972315919715 -2.65334135861784 4.689067948818352
-7.177697431158203 1.268316871296002 -0.4493884895458397
-7.21370180368635 -0.7956819421723279 1.084405132457542
-4.986217387497268 -0.7059404788913669 5.206258936352411
-3.634896679228403 -2.954876263811379 5.321394215272251
-3.646605231237872 6.048348435748095 -0.7738025141381208
-1.434429147166804 7.339242878841655 -0.4912528827094126
-5.67541883083857 4.659745322069901 -1.639930959681452
-1.449874014693903 -5.727178585162111 -4.671039691488637
0.7479485718854078 -6.207093486490288 -3.895926126359258
3.200583960113142 -5.496395161876868 -3.729355145423876
-2.865056420255832 -6.366845887757989 -2.824189468604467
5.079638283304169 -3.760093545126682 -4.125868910768927
-0.8741062319129077 -6.956429781880333 -2.750517040373629
6.96908655407449 2.172617105092574 1.86736111414723
4.886284772612255 -5.227982726860484 -2.399216654399569
7.499999999999998 0.2770202219582633 0.6698729810778332
6.846083268246824 -1.49091353458228 -1.060751613773052
0.2561648383158218 7.305731303350365 -1.78903199614304
-6.684873815787618 2.785817915122432 -2.040749748325622
1.048038656821767 7.450899113247131 0.1602596717414422
-6.701193917801175 -2.772062830861356 2.005885846582382
6.290137307709564 -3.545157037522932 -2.07587097865634
-6.665942536887908 3.475000981637085 -0.3202455261838784
6.30399711750981 -3.414500601260839 0.1337428020599385
-5.772689005358044 -3.180992365485873 3.615286790561065
-6.528217402599111 -1.225684678182917 3.534683140793217
6.957913849262984 -1.646566844720296 1.864367396910823
6.83012701892218 0.2770202219582634 3.169872981077836
3.411105516302967 -4.114432663302639 2.880082992523785
3 2 0 11
932
933
934
935
936
937
938
939
940
941
942
0.3723717237153207 8.505245903630799 3.21074371525928
0.5181991061414446 8.672903172761885 2.881556052917344
0.06604909908164117 9.096758660917942 2.367018175268583
0.4138753967246369 9.423855488156059 2.985462122351236
0.08496827956177615 8.899055711459292 3.232242848441834
0.2307956619879001 9.066712980590378 2.903055186099898
-0.07977828334448278 8.929101391786858 2.69620583761052
0.1264719525710923 9.817665295984552 3.00696125553379
0.2899468250359027 8.985561517364179 3.521499133181917
-0.2350370770223623 9.235690218526321 2.988468104297202
-0.467237940134842 9.317183265882587 2.845767611371457
3 3 0 18
943
944
945
946
947
948
949
950
951
952
953
954
955
956
957
958
959
960
6.661338147750939e-16 9 -3.000000000000001
0.04239333883502387 9.289969000674841 -3.405118233939247
3.636830773662307e-16 9 -3.5
-0.2261759205278612 8.765693196220401 -3.379400546488752
0.3135097548773639 8.612331518730548 -3.037746287591917
-0.07152964885768576 8.519474018515059 -3.11822982048633
0.221954224293598 8.70906132084048 -3.340721304422166
0.4330127018922193 9 -3.250000000000001
-0.1583321543761858 9.474071528181597 -2.986320999372727
0.06071714707553068 9.282742895733236 -2.592115355813199
0.2945084224180103 9.404047565418265 -2.996782236113794
-0.4293737045710883 9.183977347382598 -2.821700932495535
-0.4446008696034399 9.135377868228222 -3.184398751464991
3.636830773662307e-16 9 -2.5
0.004663620004043997 8.573189437052779 -2.739594558418735
0.4330127018922205 9 -2.750000000000002
-0.4227976071466676 8.735512060210651 -2.964106921321274
-0.3270084321755699 8.950831273370857 -2.624969439101633
3 4 0 42
961
962
963
964
965
966
967
968
969
970
971
972
973
974
975
976
977
978
979
980
981
982
983
984
985
986
987
988
989
990
991
992
993
994
995
996
997
998
999
1000
1001
1002
-2.664535259100376e-15 1.06581410364015e-14 17
-1.901190254450213 0.9917410694510651 13.62332630129182
0.0323580895074046 2.94950143320047 14.29826088424663
-1.792110668878311 -1.445680960003126 13.72916739768343
-0.6076921187816717 3.953545763671178 17.01364490118555
-1.385451591604291 3.499769870053285 18.35356371995869
0.3916598731821276 3.318950894495817 19.19799169781517
-2.705090252356876 2.928561882373891 17.32559488280767
-1.773225581820687 3.007783600886805 15.04835739793037
0.6751431281756972 3.435077944377723 15.06494928424941
1.659480323912572 -3.26893540103538 15.39994175155883
2.769762211545342 -1.875720585225634 14.80680835820118
3.285113770357377 -2.267722874678284 16.74414754355457
-1.781211854914644 2.203507930850329 19.82344419576362
1.902086907084324 3.518798110048573 16.988808100384
1.210817732552676 -3.806798254904164 17.20544455455078
3.804226065180611 4.397303863409478e-15 15.7639320225002
2.604522706890427 2.275590704446403 14.99048552751434
3.476706671682643 1.970208141740666 16.82452750273562
3.804226065180617 4.397303863409477e-15 18.23606797749978
-1.087338269720717e-15 5.329070518200751e-15 21
1.26458177638714 -2.103144352682909 20.15873657695724
2.351141009169904 4.753207055955951e-15 20.23606797749978
1.051462224296536 -2.102924448636426 13.76393202262305
-3.041140904856744 -0.9763854411920524 14.59206863323821
-2.756212071258942 -2.797339054443103 16.23961244570033
-3.938246419972704 -0.681711796135018 17.15963759764716
-0.4523871390200725 -3.735534220856612 15.64311755805509
-2.941704614507962 -2.170256088146965 18.62368792347655
-3.583478077194312 1.34144826273955 15.83415205594348
2.749242010395383 -2.297355257698203 18.77871503850492
-2.961015314330659 0.2571348044957064 19.67698898029414
2.752763840942474 2.102924448476291 19.00000000000009
-3.712655628559002 1.141866381714273 17.95515933227914
0.5456987589101899 -3.458707209640073 18.93379350048231
-1.093951653663626 1.086455261769871 20.690919227458
-1.34391525428323 -1.508685449162094 20.45221088648875
-1.768436441157843 -2.883423507440407 14.86493526320043
-1.341931835146423 -3.656452820654884 17.91080827847877
0.3116438054388498 1.196136356579818 20.80422606518061
2.351141009169888 4.753207055955955e-15 13.76393202250021
-1.087338269720717e-15 5.329070518200751e-15 13
3 5 0 14
1003
1004
1005
1006
1007
1008
1009
1010
1011
1012
1013
1014
1015
1016
0.312925075502726 7.615092796158995 17.43735543476954
0.5786219596308908 8.393809807828497 17.02149913318255
0.4585343332413978 8.008902603987492 17.20885456795209
-0.08659160537380302 8.475302855184761 16.6287986402568
-0.4672379401348399 8.317183265882591 16.84576761137145
0.2307956619878978 8.066712980590381 16.9030551860999
0.1456092577386719 8.393809807828497 16.77149913318255
0.08518640424922592 7.672903172761885 17.13155605291735
6.123233995736757e-17 8 17
-0.3868833657415356 7.539095633957819 16.72771048505684
-0.1591446944880356 7.48128525735493 17.03350986690903
0.3464210965184159 8.475302855184761 16.8787986402568
-0.2350370770223649 8.235690218526326 16.9884681042972
-0.3806463347610368 7.841880410697828 17.21696897111465
3 6 0 27
1017
1018
1019
1020
1021
1022
1023
1024
1025
1026
1027
1028
1029
1030
1031
1032
1033
1034
1035
1036
1037
1038
1039
1040
1041
1042
1043
-3.108624468950438e-15 1.332267629550188e-15 30
0.2786250469014371 1.113726882094394 32.77163859753387
-1.698345396403358 -1.534604805297084 31.93922948772821
-1.370615214603116e-15 6.661338147750939e-16 33
1.99870686790719 1.920195659697236 28.85194970290474
-0.2268640289529742 2.828117677253785 29.025175340909
1.073749687303494 2.801179173369596 30.02137399579098
-2.221985346528322 2.015282076735219 29.96232678666208
-2.891843832310625 0.03990107744733486 29.20272517063088
-2.851452145275651 0.5785944613986066 30.73106026594375
-2.514706576869223 -1.122994606921948 31.1895940253191
1.828048772605647 2.05424297807279 31.19930124323025
-1.886414274103623 1.112460667915949 32.05033471628369
-1.773646856283289 1.578811054629147 28.16655175066837
-0.2069123619252562 2.855677444156874 30.89570843996034
-2.00940844896517 -2.185890151365806 29.57085907747062
2.121320343559636 1.465601810337992e-16 32.12132034355965
2.999999999999998 -6.865426471331795e-17 30.00000000000001
0.01616408700826908 -2.115061094020636 27.87250022541684
1.953819186040456 -2.152051281352437 29.25752719195278
0.07549205194167209 -2.995492625519725 29.8539695903225
-1.531485097831645 -0.4677674235782439 27.46312258227589
0.3877694530469991 2.334055297469781 28.15559746268964
2.121320343559643 1.465601810337975e-16 27.87867965644036
1.386335455573857 -2.110050950296016 31.62041938761967
-1.199445613315525 -2.633694417907449 30.79055925380789
-1.370615214603116e-15 6.661338147750939e-16 27
3 7 0 17
1044
1045
1046
1047
1048
1049
1050
1051
1052
1053
1054
1055
1056
1057
1058
1059
1060
2.5 3.999999999999996 31.5
2.5 3.999999999999998 30.75
2.389702397580644 3.426274074790195 31.02970966239705
2.136589183148002 4.442673966044401 31.01577656192468
2.716506350946213 4.612372435695679 31.87500000000012
2.5 3.999999999999998 32.25
3.149519052838328 3.999999999999998 31.875
3.096884348462024 4.452611649317667 31.53703740626725
1.807503596682364 3.826067884852958 31.27044314274539
2.202765962033367 3.311746893440729 31.52143800330176
1.938824405203279 3.961870000583711 31.99611294575838
2.222206147892689 4.5860871257015 31.87660650129589
2.628922711406366 3.464021805821367 32.00853348940718
2.918903224076508 3.377890613430155 31.5
3.149519052838329 3.999999999999998 31.125
1.859779001664224 4.390659429377383 31.49848886516882
2.670634983372479 4.683504382382847 31.24269577983851
3 8 0 17
1061
1062
1063
1064
1065
1066
1067
1068
1069
1070
1071
1072
1073
1074
1075
1076
1077
-2.499999999999994 4.000000000000004 31.50000000000001
-2.499999999999997 4.000000000000002 32.25
-1.850480947161669 4.000000000000002 31.87500000000001
-2.283493649053784 4.612372435695683 31.87500000000013
-2.499999999999997 4.000000000000002 30.75
-2.610297602419357 3.426274074790198 31.02970966239705
-2.863410816851995 4.442673966044408 31.01577656192469
-1.903115651537973 4.452611649317671 31.53703740626725
-3.192496403317634 3.826067884852965 31.27044314274539
-2.797234037966633 3.311746893440735 31.52143800330176
-3.061175594796716 3.96187000058372 31.99611294575839
-2.777793852107306 4.586087125701507 31.87660650129589
-2.371077288593632 3.464021805821371 32.00853348940718
-2.081096775923493 3.377890613430156 31.50000000000001
-1.850480947161668 4.000000000000002 31.125
-2.329365016627515 4.683504382382852 31.24269577983851
-3.140220998335773 4.390659429377388 31.49848886516882
3 9 0 2
1078
1079
1.733458450165841e-15 5.37319480356296 30.09329870089074
2.188990037468123e-15 5.37319480356296 29.59329870089074
$EndNodes
$Elements
47 5166 1 5166
0 1 15 1
1 1 
0 2 15 1
2 2 
0 3 15 1
3 3 
0 4 15 1
4 4 
0 5 15 1
5 5 
0 6 15 1
6 6 
0 7 15 1
7 7 
0 8 15 1
8 8 
0 9 15 1
9 9 
0 10 15 1
10 10 
0 11 15 1
11 11 
0 12 15 1
12 12 
0 13 15 1
13 13 
0 14 15 1
14 14 
0 15 15 1
15 15 
0 16 15 1
16 16 
0 17 15 1
17 17 
0 18 15 1
18 18 
1 2 1 12
19 2 19 
20 19 20 
21 20 21 
22 21 22 
23 22 23 
24 23 24 
25 24 25 
26 25 26 
27 26 27 
28 27 28 
29 28 29 
30 29 1 
1 5 1 6
31 4 30 
32 30 31 
33 31 32 
34 32 33 
35 33 34 
36 34 3 
1 8 1 6
37 6 35 
38 35 36 
39 36 37 
40 37 38 
41 38 39 
42 39 5 
1 11 1 10
43 8 40 
44 40 41 
45 41 42 
46 42 43 
47 43 44 
48 44 45 
49 45 46 
50 46 47 
51 47 48 
52 48 7 
1 14 1 6
53 10 49 
54 49 50 
55 50 51 
56 51 52 
57 52 53 
58 53 9 
1 17 1 8
59 12 54 
60 54 55 
61 55 56 
62 56 57 
63 57 58 
64 58 59 
65 59 60 
66 60 11 
1 20 1 6
67 14 61 
68 61 62 
69 62 63 
70 63 64 
71 64 65 
72 65 13 
1 23 1 6
73 16 66 
74 66 67 
75 67 68 
76 68 69 
77 69 70 
78 70 15 
1 26 1 2
79 18 71 
80 71 17 
1 27 1 14
81 18 72 
82 72 73 
83 73 74 
84 74 75 
85 75 76 
86 76 77 
87 77 78 
88 78 79 
89 79 80 
90 80 81 
91 81 82 
92 82 83 
93 83 84 
94 84 18 
2 1 2 456
95 28 137 29 
96 137 138 29 
97 137 93 138 
98 29 138 1 
99 1 139 29 
100 139 140 29 
101 139 121 140 
102 29 140 28 
103 93 141 138 
104 141 142 138 
105 141 97 142 
106 138 142 1 
107 97 143 142 
108 143 144 142 
109 143 128 144 
110 142 144 1 
111 1 144 139 
112 144 145 139 
113 144 128 145 
114 139 145 121 
115 20 146 19 
116 146 147 19 
117 146 106 147 
118 19 147 2 
119 2 148 19 
120 148 149 19 
121 148 136 149 
122 19 149 20 
123 2 150 152 
124 150 151 152 
125 150 104 151 
126 152 151 103 
127 103 153 152 
128 153 148 152 
129 153 136 148 
130 152 148 2 
131 2 154 150 
132 154 155 150 
133 154 135 155 
134 150 155 104 
135 106 156 147 
136 156 154 147 
137 156 135 154 
138 147 154 2 
139 20 157 21 
140 157 158 21 
141 157 86 158 
142 21 158 22 
143 22 159 21 
144 159 160 21 
145 159 105 160 
146 21 160 20 
147 20 149 157 
148 149 161 157 
149 149 136 161 
150 157 161 86 
151 105 162 160 
152 162 146 160 
153 162 106 146 
154 160 146 20 
155 22 163 23 
156 163 164 23 
157 163 87 164 
158 23 164 24 
159 24 165 23 
160 165 166 23 
161 165 107 166 
162 23 166 22 
163 86 167 158 
164 167 163 158 
165 167 87 163 
166 158 163 22 
167 22 166 159 
168 166 168 159 
169 166 107 168 
170 159 168 105 
171 24 169 25 
172 169 170 25 
173 169 102 170 
174 25 170 26 
175 26 171 25 
176 171 172 25 
177 171 124 172 
178 25 172 24 
179 87 173 164 
180 173 169 164 
181 173 102 169 
182 164 169 24 
183 24 172 165 
184 172 174 165 
185 172 124 174 
186 165 174 107 
187 26 175 27 
188 175 176 27 
189 175 85 176 
190 27 176 28 
191 28 177 27 
192 177 178 27 
193 177 108 178 
194 27 178 26 
195 26 170 175 
196 170 179 175 
197 170 102 179 
198 175 179 85 
199 108 180 178 
200 180 171 178 
201 180 124 171 
202 178 171 26 
203 85 181 176 
204 181 137 176 
205 181 93 137 
206 176 137 28 
207 28 140 177 
208 140 182 177 
209 140 121 182 
210 177 182 108 
211 90 183 185 
212 183 184 185 
213 183 92 184 
214 185 184 85 
215 85 179 185 
216 179 186 185 
217 179 102 186 
218 185 186 90 
219 92 187 184 
220 187 181 184 
221 187 93 181 
222 184 181 85 
223 86 188 167 
224 188 189 167 
225 188 88 189 
226 167 189 87 
227 86 190 188 
228 190 191 188 
229 190 89 191 
230 188 191 88 
231 86 161 190 
232 161 192 190 
233 161 136 192 
234 190 192 89 
235 88 193 189 
236 193 194 189 
237 193 90 194 
238 189 194 87 
239 90 186 194 
240 186 173 194 
241 186 102 173 
242 194 173 87 
243 89 195 191 
244 195 196 191 
245 195 132 196 
246 191 196 88 
247 88 197 193 
248 197 198 193 
249 197 91 198 
250 193 198 90 
251 88 196 197 
252 196 199 197 
253 196 132 199 
254 197 199 91 
255 89 200 202 
256 200 201 202 
257 200 103 201 
258 202 201 100 
259 100 203 202 
260 203 195 202 
261 203 132 195 
262 202 195 89 
263 89 192 200 
264 192 153 200 
265 192 136 153 
266 200 153 103 
267 91 204 198 
268 204 183 198 
269 204 92 183 
270 198 183 90 
271 91 205 204 
272 205 206 204 
273 205 94 206 
274 204 206 92 
275 91 207 205 
276 207 208 205 
277 207 96 208 
278 205 208 94 
279 91 199 207 
280 199 209 207 
281 199 132 209 
282 207 209 96 
283 92 206 187 
284 206 210 187 
285 206 94 210 
286 187 210 93 
287 94 211 210 
288 211 212 210 
289 211 95 212 
290 210 212 93 
291 95 213 212 
292 213 141 212 
293 213 97 141 
294 212 141 93 
295 94 214 211 
296 214 215 211 
297 214 98 215 
298 211 215 95 
299 96 216 208 
300 216 214 208 
301 216 98 214 
302 208 214 94 
303 95 217 213 
304 217 218 213 
305 217 123 218 
306 213 218 97 
307 98 219 215 
308 219 220 215 
309 219 111 220 
310 215 220 95 
311 111 221 220 
312 221 217 220 
313 221 123 217 
314 220 217 95 
315 96 222 216 
316 222 223 216 
317 222 99 223 
318 216 223 98 
319 96 224 222 
320 224 225 222 
321 224 100 225 
322 222 225 99 
323 96 209 224 
324 209 203 224 
325 209 132 203 
326 224 203 100 
327 123 226 218 
328 226 143 218 
329 226 128 143 
330 218 143 97 
331 99 227 223 
332 227 228 223 
333 227 131 228 
334 223 228 98 
335 98 228 219 
336 228 229 219 
337 228 131 229 
338 219 229 111 
339 100 230 225 
340 230 231 225 
341 230 101 231 
342 225 231 99 
343 101 232 231 
344 232 233 231 
345 232 130 233 
346 231 233 99 
347 130 234 233 
348 234 227 233 
349 234 131 227 
350 233 227 99 
351 100 201 230 
352 201 235 230 
353 201 103 235 
354 230 235 101 
355 103 151 235 
356 151 236 235 
357 151 104 236 
358 235 236 101 
359 104 237 236 
360 237 238 236 
361 237 109 238 
362 236 238 101 
363 109 239 238 
364 239 232 238 
365 239 130 232 
366 238 232 101 
367 104 240 237 
368 240 241 237 
369 240 112 241 
370 237 241 109 
371 104 155 240 
372 155 242 240 
373 155 135 242 
374 240 242 112 
375 105 243 162 
376 243 244 162 
377 243 110 244 
378 162 244 106 
379 107 245 168 
380 245 246 168 
381 245 126 246 
382 168 246 105 
383 105 246 243 
384 246 247 243 
385 246 126 247 
386 243 247 110 
387 110 248 244 
388 248 249 244 
389 248 127 249 
390 244 249 106 
391 127 250 249 
392 250 156 249 
393 250 135 156 
394 249 156 106 
395 107 174 252 
396 174 251 252 
397 174 124 251 
398 252 251 122 
399 122 253 252 
400 253 245 252 
401 253 126 245 
402 252 245 107 
403 108 182 255 
404 182 254 255 
405 182 121 254 
406 255 254 120 
407 120 256 255 
408 256 257 255 
409 256 122 257 
410 255 257 108 
411 122 251 257 
412 251 180 257 
413 251 124 180 
414 257 180 108 
415 112 258 241 
416 258 259 241 
417 258 113 259 
418 241 259 109 
419 113 260 259 
420 260 261 259 
421 260 119 261 
422 259 261 109 
423 119 262 261 
424 262 239 261 
425 262 130 239 
426 261 239 109 
427 110 247 264 
428 247 263 264 
429 247 126 263 
430 264 263 125 
431 125 265 264 
432 265 266 264 
433 265 133 266 
434 264 266 110 
435 110 266 248 
436 266 267 248 
437 266 133 267 
438 248 267 127 
439 111 229 269 
440 229 268 269 
441 229 131 268 
442 269 268 119 
443 119 270 269 
444 270 271 269 
445 270 134 271 
446 269 271 111 
447 111 271 221 
448 271 272 221 
449 271 134 272 
450 221 272 123 
451 112 273 258 
452 273 274 258 
453 273 114 274 
454 258 274 113 
455 112 275 273 
456 275 276 273 
457 275 127 276 
458 273 276 114 
459 112 242 275 
460 242 250 275 
461 242 135 250 
462 275 250 127 
463 114 277 274 
464 277 278 274 
465 277 115 278 
466 274 278 113 
467 115 279 278 
468 279 280 278 
469 279 129 280 
470 278 280 113 
471 113 280 260 
472 280 281 260 
473 280 129 281 
474 260 281 119 
475 114 282 277 
476 282 283 277 
477 282 116 283 
478 277 283 115 
479 114 284 282 
480 284 285 282 
481 284 133 285 
482 282 285 116 
483 127 267 276 
484 267 284 276 
485 267 133 284 
486 276 284 114 
487 116 286 283 
488 286 287 283 
489 286 117 287 
490 283 287 115 
491 117 288 287 
492 288 289 287 
493 288 118 289 
494 287 289 115 
495 118 290 289 
496 290 279 289 
497 290 129 279 
498 289 279 115 
499 116 291 286 
500 291 292 286 
501 291 120 292 
502 286 292 117 
503 116 293 291 
504 293 294 291 
505 293 125 294 
506 291 294 120 
507 116 285 293 
508 285 265 293 
509 285 133 265 
510 293 265 125 
511 117 295 288 
512 295 296 288 
513 295 128 296 
514 288 296 118 
515 120 254 292 
516 254 297 292 
517 254 121 297 
518 292 297 117 
519 121 145 297 
520 145 295 297 
521 145 128 295 
522 297 295 117 
523 118 296 298 
524 296 226 298 
525 296 128 226 
526 298 226 123 
527 123 272 298 
528 272 299 298 
529 272 134 299 
530 298 299 118 
531 118 299 290 
532 299 300 290 
533 299 134 300 
534 290 300 129 
535 129 300 281 
536 300 270 281 
537 300 134 270 
538 281 270 119 
539 119 268 262 
540 268 234 262 
541 268 131 234 
542 262 234 130 
543 120 294 256 
544 294 301 256 
545 294 125 301 
546 256 301 122 
547 125 263 301 
548 263 253 301 
549 263 126 253 
550 301 253 122 
2 2 2 104
551 3 313 34 
552 313 314 34 
553 313 303 314 
554 34 314 33 
555 33 315 34 
556 315 316 34 
557 315 312 316 
558 34 316 3 
559 3 317 313 
560 317 318 313 
561 317 308 318 
562 313 318 303 
563 3 316 317 
564 316 319 317 
565 316 312 319 
566 317 319 308 
567 31 320 30 
568 320 321 30 
569 320 304 321 
570 30 321 4 
571 4 322 30 
572 322 323 30 
573 322 310 323 
574 30 323 31 
575 304 324 321 
576 324 325 321 
577 324 309 325 
578 321 325 4 
579 309 326 325 
580 326 322 325 
581 326 310 322 
582 325 322 4 
583 33 327 32 
584 327 328 32 
585 327 302 328 
586 32 328 31 
587 31 329 32 
588 329 330 32 
589 329 306 330 
590 32 330 33 
591 302 331 328 
592 331 320 328 
593 331 304 320 
594 328 320 31 
595 31 323 329 
596 323 332 329 
597 323 310 332 
598 329 332 306 
599 33 314 327 
600 314 333 327 
601 314 303 333 
602 327 333 302 
603 306 334 330 
604 334 315 330 
605 334 312 315 
606 330 315 33 
607 303 335 333 
608 335 336 333 
609 335 307 336 
610 333 336 302 
611 302 336 331 
612 336 337 331 
613 336 307 337 
614 331 337 304 
615 303 318 335 
616 318 338 335 
617 318 308 338 
618 335 338 307 
619 307 339 337 
620 339 324 337 
621 339 309 324 
622 337 324 304 
623 305 340 342 
624 340 341 342 
625 340 309 341 
626 342 341 308 
627 308 343 342 
628 343 344 342 
629 343 311 344 
630 342 344 305 
631 305 345 340 
632 345 326 340 
633 345 310 326 
634 340 326 309 
635 305 344 345 
636 344 346 345 
637 344 311 346 
638 345 346 310 
639 310 346 332 
640 346 347 332 
641 346 311 347 
642 332 347 306 
643 311 348 347 
644 348 334 347 
645 348 312 334 
646 347 334 306 
647 308 341 338 
648 341 339 338 
649 341 309 339 
650 338 339 307 
651 308 319 343 
652 319 348 343 
653 319 312 348 
654 343 348 311 
2 3 2 120
655 38 362 39 
656 362 363 39 
657 362 350 363 
658 39 363 5 
659 5 364 39 
660 364 365 39 
661 364 358 365 
662 39 365 38 
663 350 366 363 
664 366 367 363 
665 366 357 367 
666 363 367 5 
667 357 368 367 
668 368 364 367 
669 368 358 364 
670 367 364 5 
671 6 369 35 
672 369 370 35 
673 369 356 370 
674 35 370 36 
675 36 371 35 
676 371 372 35 
677 371 361 372 
678 35 372 6 
679 6 373 369 
680 373 374 369 
681 373 360 374 
682 369 374 356 
683 6 372 373 
684 372 375 373 
685 372 361 375 
686 373 375 360 
687 36 376 37 
688 376 377 37 
689 376 349 377 
690 37 377 38 
691 38 378 37 
692 378 379 37 
693 378 353 379 
694 37 379 36 
695 36 370 376 
696 370 380 376 
697 370 356 380 
698 376 380 349 
699 353 381 379 
700 381 371 379 
701 381 361 371 
702 379 371 36 
703 349 382 377 
704 382 362 377 
705 382 350 362 
706 377 362 38 
707 38 365 378 
708 365 383 378 
709 365 358 383 
710 378 383 353 
711 349 384 382 
712 384 385 382 
713 384 352 385 
714 382 385 350 
715 349 380 384 
716 380 386 384 
717 380 356 386 
718 384 386 352 
719 352 387 385 
720 387 388 385 
721 387 354 388 
722 385 388 350 
723 354 389 388 
724 389 366 388 
725 389 357 366 
726 388 366 350 
727 354 390 392 
728 390 391 392 
729 390 355 391 
730 392 391 351 
731 351 393 392 
732 393 389 392 
733 393 357 389 
734 392 389 354 
735 355 394 391 
736 394 395 391 
737 394 360 395 
738 391 395 351 
739 351 396 393 
740 396 368 393 
741 396 358 368 
742 393 368 357 
743 351 397 396 
744 397 398 396 
745 397 359 398 
746 396 398 358 
747 351 395 397 
748 395 399 397 
749 395 360 399 
750 397 399 359 
751 352 400 387 
752 400 390 387 
753 400 355 390 
754 387 390 354 
755 352 386 400 
756 386 401 400 
757 386 356 401 
758 400 401 355 
759 358 398 383 
760 398 402 383 
761 398 359 402 
762 383 402 353 
763 359 403 402 
764 403 381 402 
765 403 361 381 
766 402 381 353 
767 356 374 401 
768 374 394 401 
769 374 360 394 
770 401 394 355 
771 360 375 399 
772 375 403 399 
773 375 361 403 
774 399 403 359 
2 4 2 312
775 47 439 48 
776 439 440 48 
777 439 405 440 
778 48 440 7 
779 7 441 48 
780 441 442 48 
781 441 424 442 
782 48 442 47 
783 405 443 440 
784 443 444 440 
785 443 409 444 
786 440 444 7 
787 409 445 444 
788 445 446 444 
789 445 428 446 
790 444 446 7 
791 7 446 441 
792 446 447 441 
793 446 428 447 
794 441 447 424 
795 41 448 40 
796 448 449 40 
797 448 418 449 
798 40 449 8 
799 8 450 40 
800 450 451 40 
801 450 434 451 
802 40 451 41 
803 418 452 449 
804 452 453 449 
805 452 429 453 
806 449 453 8 
807 429 454 453 
808 454 450 453 
809 454 434 450 
810 453 450 8 
811 41 455 42 
812 455 456 42 
813 455 404 456 
814 42 456 43 
815 43 457 42 
816 457 458 42 
817 457 432 458 
818 42 458 41 
819 41 451 455 
820 451 459 455 
821 451 434 459 
822 455 459 404 
823 41 458 448 
824 458 460 448 
825 458 432 460 
826 448 460 418 
827 45 461 44 
828 461 462 44 
829 461 417 462 
830 44 462 43 
831 43 463 44 
832 463 464 44 
833 463 430 464 
834 44 464 45 
835 404 465 456 
836 465 463 456 
837 465 430 463 
838 456 463 43 
839 417 466 462 
840 466 457 462 
841 466 432 457 
842 462 457 43 
843 45 467 46 
844 467 468 46 
845 467 406 468 
846 46 468 47 
847 47 469 46 
848 469 470 46 
849 469 431 470 
850 46 470 45 
851 45 464 467 
852 464 471 467 
853 464 430 471 
854 467 471 406 
855 45 470 461 
856 470 472 461 
857 470 431 472 
858 461 472 417 
859 47 468 439 
860 468 473 439 
861 468 406 473 
862 439 473 405 
863 424 474 442 
864 474 469 442 
865 474 431 469 
866 442 469 47 
867 404 475 477 
868 475 476 477 
869 475 412 476 
870 477 476 410 
871 410 478 477 
872 478 465 477 
873 478 430 465 
874 477 465 404 
875 404 459 475 
876 459 479 475 
877 459 434 479 
878 475 479 412 
879 406 480 473 
880 480 481 473 
881 480 407 481 
882 473 481 405 
883 407 482 481 
884 482 483 481 
885 482 408 483 
886 481 483 405 
887 408 484 483 
888 484 443 483 
889 484 409 443 
890 483 443 405 
891 406 485 480 
892 485 486 480 
893 485 410 486 
894 480 486 407 
895 406 471 485 
896 471 478 485 
897 471 430 478 
898 485 478 410 
899 407 487 482 
900 487 488 482 
901 487 438 488 
902 482 488 408 
903 410 489 486 
904 489 490 486 
905 489 411 490 
906 486 490 407 
907 411 491 490 
908 491 487 490 
909 491 438 487 
910 490 487 407 
911 408 492 484 
912 492 493 484 
913 492 416 493 
914 484 493 409 
915 414 494 496 
916 494 495 496 
917 494 433 495 
918 496 495 408 
919 408 488 496 
920 488 497 496 
921 488 438 497 
922 496 497 414 
923 408 495 492 
924 495 498 492 
925 495 433 498 
926 492 498 416 
927 416 499 493 
928 499 445 493 
929 499 428 445 
930 493 445 409 
931 410 476 489 
932 476 500 489 
933 476 412 500 
934 489 500 411 
935 412 501 500 
936 501 502 500 
937 501 413 502 
938 500 502 411 
939 413 503 502 
940 503 504 502 
941 503 414 504 
942 502 504 411 
943 414 497 504 
944 497 491 504 
945 497 438 491 
946 504 491 411 
947 412 479 501 
948 479 505 501 
949 479 434 505 
950 501 505 413 
951 413 506 503 
952 506 507 503 
953 506 415 507 
954 503 507 414 
955 413 508 506 
956 508 509 506 
957 508 419 509 
958 506 509 415 
959 413 505 508 
960 505 510 508 
961 505 434 510 
962 508 510 419 
963 415 511 507 
964 511 494 507 
965 511 433 494 
966 507 494 414 
967 419 512 509 
968 512 513 509 
969 512 420 513 
970 509 513 415 
971 420 514 513 
972 514 515 513 
973 514 421 515 
974 513 515 415 
975 421 516 515 
976 516 511 515 
977 516 433 511 
978 515 511 415 
979 421 517 519 
980 517 518 519 
981 517 423 518 
982 519 518 416 
983 416 498 519 
984 498 516 519 
985 498 433 516 
986 519 516 421 
987 423 520 518 
988 520 499 518 
989 520 428 499 
990 518 499 416 
991 417 472 522 
992 472 521 522 
993 472 431 521 
994 522 521 427 
995 427 523 522 
996 523 524 522 
997 523 435 524 
998 522 524 417 
999 417 524 466 
1000 524 525 466 
1001 524 435 525 
1002 466 525 432 
1003 418 526 528 
1004 526 527 528 
1005 526 435 527 
1006 528 527 426 
1007 426 529 528 
1008 529 530 528 
1009 529 436 530 
1010 528 530 418 
1011 418 530 452 
1012 530 531 452 
1013 530 436 531 
1014 452 531 429 
1015 432 525 460 
1016 525 526 460 
1017 525 435 526 
1018 460 526 418 
1019 419 532 512 
1020 532 533 512 
1021 532 429 533 
1022 512 533 420 
1023 419 510 532 
1024 510 454 532 
1025 510 434 454 
1026 532 454 429 
1027 420 534 514 
1028 534 535 514 
1029 534 422 535 
1030 514 535 421 
1031 420 536 534 
1032 536 537 534 
1033 536 436 537 
1034 534 537 422 
1035 429 531 533 
1036 531 536 533 
1037 531 436 536 
1038 533 536 420 
1039 422 538 535 
1040 538 517 535 
1041 538 423 517 
1042 535 517 421 
1043 422 539 538 
1044 539 540 538 
1045 539 425 540 
1046 538 540 423 
1047 422 541 539 
1048 541 542 539 
1049 541 426 542 
1050 539 542 425 
1051 422 537 541 
1052 537 529 541 
1053 537 436 529 
1054 541 529 426 
1055 425 543 540 
1056 543 520 540 
1057 543 428 520 
1058 540 520 423 
1059 428 544 447 
1060 544 545 447 
1061 544 437 545 
1062 447 545 424 
1063 424 545 474 
1064 545 546 474 
1065 545 437 546 
1066 474 546 431 
1067 426 547 542 
1068 547 548 542 
1069 547 427 548 
1070 542 548 425 
1071 427 549 548 
1072 549 550 548 
1073 549 437 550 
1074 548 550 425 
1075 425 550 543 
1076 550 544 543 
1077 550 437 544 
1078 543 544 428 
1079 426 527 547 
1080 527 523 547 
1081 527 435 523 
1082 547 523 427 
1083 431 546 521 
1084 546 549 521 
1085 546 437 549 
1086 521 549 427 
2 5 2 104
1087 9 562 53 
1088 562 563 53 
1089 562 552 563 
1090 53 563 52 
1091 52 564 53 
1092 564 565 53 
1093 564 561 565 
1094 53 565 9 
1095 9 566 562 
1096 566 567 562 
1097 566 557 567 
1098 562 567 552 
1099 9 565 566 
1100 565 568 566 
1101 565 561 568 
1102 566 568 557 
1103 50 569 49 
1104 569 570 49 
1105 569 553 570 
1106 49 570 10 
1107 10 571 49 
1108 571 572 49 
1109 571 559 572 
1110 49 572 50 
1111 553 573 570 
1112 573 574 570 
1113 573 558 574 
1114 570 574 10 
1115 558 575 574 
1116 575 571 574 
1117 575 559 571 
1118 574 571 10 
1119 52 576 51 
1120 576 577 51 
1121 576 551 577 
1122 51 577 50 
1123 50 578 51 
1124 578 579 51 
1125 578 555 579 
1126 51 579 52 
1127 551 580 577 
1128 580 569 577 
1129 580 553 569 
1130 577 569 50 
1131 50 572 578 
1132 572 581 578 
1133 572 559 581 
1134 578 581 555 
1135 52 563 576 
1136 563 582 576 
1137 563 552 582 
1138 576 582 551 
1139 555 583 579 
1140 583 564 579 
1141 583 561 564 
1142 579 564 52 
1143 552 584 582 
1144 584 585 582 
1145 584 556 585 
1146 582 585 551 
1147 551 585 580 
1148 585 586 580 
1149 585 556 586 
1150 580 586 553 
1151 552 567 584 
1152 567 587 584 
1153 567 557 587 
1154 584 587 556 
1155 556 588 586 
1156 588 573 586 
1157 588 558 573 
1158 586 573 553 
1159 554 589 591 
1160 589 590 591 
1161 589 558 590 
1162 591 590 557 
1163 557 592 591 
1164 592 593 591 
1165 592 560 593 
1166 591 593 554 
1167 554 594 589 
1168 594 575 589 
1169 594 559 575 
1170 589 575 558 
1171 554 593 594 
1172 593 595 594 
1173 593 560 595 
1174 594 595 559 
1175 559 595 581 
1176 595 596 581 
1177 595 560 596 
1178 581 596 555 
1179 560 597 596 
1180 597 583 596 
1181 597 561 583 
1182 596 583 555 
1183 557 590 587 
1184 590 588 587 
1185 590 558 588 
1186 587 588 556 
1187 557 568 592 
1188 568 597 592 
1189 568 561 597 
1190 592 597 560 
2 6 2 192
1191 59 619 60 
1192 619 620 60 
1193 619 598 620 
1194 60 620 11 
1195 11 621 60 
1196 621 622 60 
1197 621 604 622 
1198 60 622 59 
1199 598 623 620 
1200 623 624 620 
1201 623 603 624 
1202 620 624 11 
1203 603 625 624 
1204 625 621 624 
1205 625 604 621 
1206 624 621 11 
1207 55 626 54 
1208 626 627 54 
1209 626 608 627 
1210 54 627 12 
1211 12 628 54 
1212 628 629 54 
1213 628 616 629 
1214 54 629 55 
1215 608 630 627 
1216 630 631 627 
1217 630 614 631 
1218 627 631 12 
1219 614 632 631 
1220 632 628 631 
1221 632 616 628 
1222 631 628 12 
1223 55 633 56 
1224 633 634 56 
1225 633 599 634 
1226 56 634 57 
1227 57 635 56 
1228 635 636 56 
1229 635 606 636 
1230 56 636 55 
1231 55 629 633 
1232 629 637 633 
1233 629 616 637 
1234 633 637 599 
1235 606 638 636 
1236 638 626 636 
1237 638 608 626 
1238 636 626 55 
1239 57 639 58 
1240 639 640 58 
1241 639 600 640 
1242 58 640 59 
1243 59 622 58 
1244 622 641 58 
1245 622 604 641 
1246 58 641 57 
1247 599 642 634 
1248 642 639 634 
1249 642 600 639 
1250 634 639 57 
1251 604 643 641 
1252 643 635 641 
1253 643 606 635 
1254 641 635 57 
1255 59 640 619 
1256 640 644 619 
1257 640 600 644 
1258 619 644 598 
1259 600 645 644 
1260 645 646 644 
1261 645 601 646 
1262 644 646 598 
1263 601 647 646 
1264 647 648 646 
1265 647 602 648 
1266 646 648 598 
1267 602 649 648 
1268 649 623 648 
1269 649 603 623 
1270 648 623 598 
1271 599 650 642 
1272 650 651 642 
1273 650 617 651 
1274 642 651 600 
1275 599 637 653 
1276 637 652 653 
1277 637 616 652 
1278 653 652 611 
1279 611 654 653 
1280 654 650 653 
1281 654 617 650 
1282 653 650 599 
1283 600 651 645 
1284 651 655 645 
1285 651 617 655 
1286 645 655 601 
1287 601 656 647 
1288 656 657 647 
1289 656 610 657 
1290 647 657 602 
1291 601 658 656 
1292 658 659 656 
1293 658 611 659 
1294 656 659 610 
1295 601 655 658 
1296 655 654 658 
1297 655 617 654 
1298 658 654 611 
1299 602 660 649 
1300 660 661 649 
1301 660 605 661 
1302 649 661 603 
1303 602 662 660 
1304 662 663 660 
1305 662 618 663 
1306 660 663 605 
1307 610 664 657 
1308 664 662 657 
1309 664 618 662 
1310 657 662 602 
1311 603 665 625 
1312 665 666 625 
1313 665 615 666 
1314 625 666 604 
1315 605 667 661 
1316 667 665 661 
1317 667 615 665 
1318 661 665 603 
1319 604 668 643 
1320 668 669 643 
1321 668 607 669 
1322 643 669 606 
1323 604 666 668 
1324 666 670 668 
1325 666 615 670 
1326 668 670 607 
1327 605 671 673 
1328 671 672 673 
1329 671 613 672 
1330 673 672 609 
1331 609 674 673 
1332 674 667 673 
1333 674 615 667 
1334 673 667 605 
1335 605 663 671 
1336 663 675 671 
1337 663 618 675 
1338 671 675 613 
1339 607 676 669 
1340 676 638 669 
1341 676 608 638 
1342 669 638 606 
1343 607 677 676 
1344 677 678 676 
1345 677 609 678 
1346 676 678 608 
1347 607 670 677 
1348 670 674 677 
1349 670 615 674 
1350 677 674 609 
1351 609 679 678 
1352 679 630 678 
1353 679 614 630 
1354 678 630 608 
1355 613 680 672 
1356 680 679 672 
1357 680 614 679 
1358 672 679 609 
1359 611 681 659 
1360 681 682 659 
1361 681 612 682 
1362 659 682 610 
1363 612 683 682 
1364 683 684 682 
1365 683 613 684 
1366 682 684 610 
1367 613 675 684 
1368 675 664 684 
1369 675 618 664 
1370 684 664 610 
1371 611 652 681 
1372 652 685 681 
1373 652 616 685 
1374 681 685 612 
1375 612 686 683 
1376 686 680 683 
1377 686 614 680 
1378 683 680 613 
1379 612 685 686 
1380 685 632 686 
1381 685 616 632 
1382 686 632 614 
2 7 2 112
1383 13 699 65 
1384 699 700 65 
1385 699 687 700 
1386 65 700 64 
1387 64 701 65 
1388 701 702 65 
1389 701 692 702 
1390 65 702 13 
1391 13 703 699 
1392 703 704 699 
1393 703 694 704 
1394 699 704 687 
1395 692 705 702 
1396 705 706 702 
1397 705 696 706 
1398 702 706 13 
1399 13 706 703 
1400 706 707 703 
1401 706 696 707 
1402 703 707 694 
1403 62 708 61 
1404 708 709 61 
1405 708 690 709 
1406 61 709 14 
1407 14 710 61 
1408 710 711 61 
1409 710 695 711 
1410 61 711 62 
1411 690 712 709 
1412 712 713 709 
1413 712 691 713 
1414 709 713 14 
1415 691 714 713 
1416 714 710 713 
1417 714 695 710 
1418 713 710 14 
1419 64 715 63 
1420 715 716 63 
1421 715 688 716 
1422 63 716 62 
1423 62 717 63 
1424 717 718 63 
1425 717 698 718 
1426 63 718 64 
1427 688 719 716 
1428 719 708 716 
1429 719 690 708 
1430 716 708 62 
1431 695 720 711 
1432 720 717 711 
1433 720 698 717 
1434 711 717 62 
1435 687 721 700 
1436 721 715 700 
1437 721 688 715 
1438 700 715 64 
1439 64 718 701 
1440 718 722 701 
1441 718 698 722 
1442 701 722 692 
1443 687 723 721 
1444 723 724 721 
1445 723 689 724 
1446 721 724 688 
1447 687 704 723 
1448 704 725 723 
1449 704 694 725 
1450 723 725 689 
1451 689 726 724 
1452 726 719 724 
1453 726 690 719 
1454 724 719 688 
1455 689 727 726 
1456 727 728 726 
1457 727 693 728 
1458 726 728 690 
1459 689 725 727 
1460 725 729 727 
1461 725 694 729 
1462 727 729 693 
1463 690 728 712 
1464 728 730 712 
1465 728 693 730 
1466 712 730 691 
1467 693 731 730 
1468 731 732 730 
1469 731 697 732 
1470 730 732 691 
1471 691 732 714 
1472 732 733 714 
1473 732 697 733 
1474 714 733 695 
1475 695 734 735 
1476 734 705 735 
1477 734 696 705 
1478 735 705 692 
1479 692 722 735 
1480 722 720 735 
1481 722 698 720 
1482 735 720 695 
1483 694 736 729 
1484 736 731 729 
1485 736 697 731 
1486 729 731 693 
1487 696 737 707 
1488 737 736 707 
1489 737 697 736 
1490 707 736 694 
1491 695 733 734 
1492 733 737 734 
1493 733 697 737 
1494 734 737 696 
2 8 2 112
1495 15 750 70 
1496 750 751 70 
1497 750 738 751 
1498 70 751 69 
1499 69 752 70 
1500 752 753 70 
1501 752 743 753 
1502 70 753 15 
1503 15 754 750 
1504 754 755 750 
1505 754 745 755 
1506 750 755 738 
1507 743 756 753 
1508 756 757 753 
1509 756 747 757 
1510 753 757 15 
1511 15 757 754 
1512 757 758 754 
1513 757 747 758 
1514 754 758 745 
1515 67 759 66 
1516 759 760 66 
1517 759 741 760 
1518 66 760 16 
1519 16 761 66 
1520 761 762 66 
1521 761 746 762 
1522 66 762 67 
1523 741 763 760 
1524 763 764 760 
1525 763 742 764 
1526 760 764 16 
1527 742 765 764 
1528 765 761 764 
1529 765 746 761 
1530 764 761 16 
1531 69 766 68 
1532 766 767 68 
1533 766 739 767 
1534 68 767 67 
1535 67 768 68 
1536 768 769 68 
1537 768 749 769 
1538 68 769 69 
1539 739 770 767 
1540 770 759 767 
1541 770 741 759 
1542 767 759 67 
1543 746 771 762 
1544 771 768 762 
1545 771 749 768 
1546 762 768 67 
1547 738 772 751 
1548 772 766 751 
1549 772 739 766 
1550 751 766 69 
1551 69 769 752 
1552 769 773 752 
1553 769 749 773 
1554 752 773 743 
1555 738 774 772 
1556 774 775 772 
1557 774 740 775 
1558 772 775 739 
1559 738 755 774 
1560 755 776 774 
1561 755 745 776 
1562 774 776 740 
1563 740 777 775 
1564 777 770 775 
1565 777 741 770 
1566 775 770 739 
1567 740 778 777 
1568 778 779 777 
1569 778 744 779 
1570 777 779 741 
1571 740 776 778 
1572 776 780 778 
1573 776 745 780 
1574 778 780 744 
1575 741 779 763 
1576 779 781 763 
1577 779 744 781 
1578 763 781 742 
1579 744 782 781 
1580 782 783 781 
1581 782 748 783 
1582 781 783 742 
1583 742 783 765 
1584 783 784 765 
1585 783 748 784 
1586 765 784 746 
1587 746 785 786 
1588 785 756 786 
1589 785 747 756 
1590 786 756 743 
1591 743 773 786 
1592 773 771 786 
1593 773 749 771 
1594 786 771 746 
1595 745 787 780 
1596 787 782 780 
1597 787 748 782 
1598 780 782 744 
1599 747 788 758 
1600 788 787 758 
1601 788 748 787 
1602 758 787 745 
1603 746 784 785 
1604 784 788 785 
1605 784 748 788 
1606 785 788 747 
2 9 2 36
1607 17 71 790 
1608 71 72 790 
1609 71 18 72 
1610 790 72 73 
1611 83 84 791 
1612 84 71 791 
1613 84 18 71 
1614 791 71 17 
1615 73 792 790 
1616 792 793 790 
1617 792 789 793 
1618 790 793 17 
1619 17 793 791 
1620 793 794 791 
1621 793 789 794 
1622 791 794 83 
1623 75 795 74 
1624 795 792 74 
1625 795 789 792 
1626 74 792 73 
1627 77 796 76 
1628 796 795 76 
1629 796 789 795 
1630 76 795 75 
1631 79 797 78 
1632 797 796 78 
1633 797 789 796 
1634 78 796 77 
1635 81 798 80 
1636 798 797 80 
1637 798 789 797 
1638 80 797 79 
1639 83 794 82 
1640 794 798 82 
1641 794 789 798 
1642 82 798 81 
2 10 2 28
1643 73 72 801 
1644 72 800 801 
1645 72 18 800 
1646 801 800 799 
1647 18 84 800 
1648 84 802 800 
1649 84 83 802 
1650 800 802 799 
1651 75 74 803 
1652 74 801 803 
1653 74 73 801 
1654 803 801 799 
1655 77 76 804 
1656 76 803 804 
1657 76 75 803 
1658 804 803 799 
1659 79 78 805 
1660 78 804 805 
1661 78 77 804 
1662 805 804 799 
1663 81 80 806 
1664 80 805 806 
1665 80 79 805 
1666 806 805 799 
1667 83 82 802 
1668 82 806 802 
1669 82 81 806 
1670 802 806 799 
3 1 4 1336
1671 103 151 815 816 
1672 151 104 814 818 
1673 815 814 807 817 
1674 816 818 817 808 
1675 151 815 816 818 
1676 151 818 814 815 
1677 815 816 818 817 
1678 815 817 818 814 
1679 103 151 152 815 
1680 151 104 150 814 
1681 152 150 2 819 
1682 815 814 819 807 
1683 151 152 815 814 
1684 151 814 150 152 
1685 152 815 814 819 
1686 152 819 814 150 
1687 103 152 153 815 
1688 152 2 148 819 
1689 153 148 136 820 
1690 815 819 820 807 
1691 152 153 815 819 
1692 152 819 148 153 
1693 153 815 819 820 
1694 153 820 819 148 
1695 2 819 150 821 
1696 819 807 814 823 
1697 150 814 104 822 
1698 821 823 822 810 
1699 819 150 821 823 
1700 819 823 814 150 
1701 150 821 823 822 
1702 150 822 823 814 
1703 103 815 153 824 
1704 815 807 820 826 
1705 153 820 136 825 
1706 824 826 825 809 
1707 815 153 824 826 
1708 815 826 820 153 
1709 153 824 826 825 
1710 153 825 826 820 
1711 103 816 815 824 
1712 816 808 817 827 
1713 815 817 807 826 
1714 824 827 826 809 
1715 816 815 824 827 
1716 816 827 817 815 
1717 815 824 827 826 
1718 815 826 827 817 
1719 807 817 814 823 
1720 817 808 818 828 
1721 814 818 104 822 
1722 823 828 822 810 
1723 817 814 823 828 
1724 817 828 818 814 
1725 814 823 828 822 
1726 814 822 828 818 
1727 2 819 821 829 
1728 819 807 823 831 
1729 821 823 810 830 
1730 829 831 830 813 
1731 819 821 829 831 
1732 819 831 823 821 
1733 821 829 831 830 
1734 821 830 831 823 
1735 86 832 161 833 
1736 832 807 820 831 
1737 161 820 136 834 
1738 833 831 834 813 
1739 832 161 833 831 
1740 832 831 820 161 
1741 161 833 831 834 
1742 161 834 831 820 
1743 20 157 149 835 
1744 157 86 161 833 
1745 149 161 136 834 
1746 835 833 834 813 
1747 157 149 835 833 
1748 157 833 161 149 
1749 149 835 833 834 
1750 149 834 833 161 
1751 136 820 161 825 
1752 820 807 832 826 
1753 161 832 86 836 
1754 825 826 836 809 
1755 820 161 825 826 
1756 820 826 832 161 
1757 161 825 826 836 
1758 161 836 826 832 
1759 807 817 838 826 
1760 817 808 837 827 
1761 838 837 95 839 
1762 826 827 839 809 
1763 817 838 826 827 
1764 817 827 837 838 
1765 838 826 827 839 
1766 838 839 827 837 
1767 95 837 838 840 
1768 837 808 817 842 
1769 838 817 807 841 
1770 840 842 841 811 
1771 837 838 840 842 
1772 837 842 817 838 
1773 838 840 842 841 
1774 838 841 842 817 
1775 86 836 832 843 
1776 836 809 826 845 
1777 832 826 807 844 
1778 843 845 844 812 
1779 836 832 843 845 
1780 836 845 826 832 
1781 832 843 845 844 
1782 832 844 845 826 
1783 86 843 832 833 
1784 843 812 844 846 
1785 832 844 807 831 
1786 833 846 831 813 
1787 843 832 833 846 
1788 843 846 844 832 
1789 832 833 846 831 
1790 832 831 846 844 
1791 135 154 155 847 
1792 154 2 150 821 
1793 155 150 104 822 
1794 847 821 822 810 
1795 154 155 847 821 
1796 154 821 150 155 
1797 155 847 821 822 
1798 155 822 821 150 
1799 807 823 849 841 
1800 823 810 848 851 
1801 849 848 120 850 
1802 841 851 850 811 
1803 823 849 841 851 
1804 823 851 848 849 
1805 849 841 851 850 
1806 849 850 851 848 
1807 2 821 147 829 
1808 821 810 852 830 
1809 147 852 106 853 
1810 829 830 853 813 
1811 821 147 829 830 
1812 821 830 852 147 
1813 147 829 830 853 
1814 147 853 830 852 
1815 807 826 855 844 
1816 826 809 854 845 
1817 855 854 93 856 
1818 844 845 856 812 
1819 826 855 844 845 
1820 826 845 854 855 
1821 855 844 845 856 
1822 855 856 845 854 
1823 120 848 849 857 
1824 848 810 823 830 
1825 849 823 807 831 
1826 857 830 831 813 
1827 848 849 857 830 
1828 848 830 823 849 
1829 849 857 830 831 
1830 849 831 830 823 
1831 89 200 192 858 
1832 200 103 153 824 
1833 192 153 136 825 
1834 858 824 825 809 
1835 200 192 858 824 
1836 200 824 153 192 
1837 192 858 824 825 
1838 192 825 824 153 
1839 93 138 855 856 
1840 138 1 859 860 
1841 855 859 807 844 
1842 856 860 844 812 
1843 138 855 856 860 
1844 138 860 859 855 
1845 855 856 860 844 
1846 855 844 860 859 
1847 103 235 151 816 
1848 235 101 236 861 
1849 151 236 104 818 
1850 816 861 818 808 
1851 235 151 816 861 
1852 235 861 236 151 
1853 151 816 861 818 
1854 151 818 861 236 
1855 104 818 237 822 
1856 818 808 862 828 
1857 237 862 109 863 
1858 822 828 863 810 
1859 818 237 822 828 
1860 818 828 862 237 
1861 237 822 828 863 
1862 237 863 828 862 
1863 100 864 201 865 
1864 864 808 816 827 
1865 201 816 103 824 
1866 865 827 824 809 
1867 864 201 865 827 
1868 864 827 816 201 
1869 201 865 827 824 
1870 201 824 827 816 
1871 2 147 19 829 
1872 147 106 146 853 
1873 19 146 20 835 
1874 829 853 835 813 
1875 147 19 829 853 
1876 147 853 146 19 
1877 19 829 853 835 
1878 19 835 853 146 
1879 93 854 187 856 
1880 854 809 866 845 
1881 187 866 92 867 
1882 856 845 867 812 
1883 854 187 856 845 
1884 854 845 866 187 
1885 187 856 845 867 
1886 187 867 845 866 
1887 87 868 167 869 
1888 868 809 836 845 
1889 167 836 86 843 
1890 869 845 843 812 
1891 868 167 869 845 
1892 868 845 836 167 
1893 167 869 845 843 
1894 167 843 845 836 
1895 95 837 215 839 
1896 837 808 870 827 
1897 215 870 98 871 
1898 839 827 871 809 
1899 837 215 839 827 
1900 837 827 870 215 
1901 215 839 827 871 
1902 215 871 827 870 
1903 22 872 158 873 
1904 872 812 843 846 
1905 158 843 86 833 
1906 873 846 833 813 
1907 872 158 873 846 
1908 872 846 843 158 
1909 158 873 846 833 
1910 158 833 846 843 
1911 113 874 875 876 
1912 874 810 828 851 
1913 875 828 808 842 
1914 876 851 842 811 
1915 874 875 876 851 
1916 874 851 828 875 
1917 875 876 851 842 
1918 875 842 851 828 
1919 121 877 254 878 
1920 877 807 849 841 
1921 254 849 120 850 
1922 878 841 850 811 
1923 877 254 878 841 
1924 877 841 849 254 
1925 254 878 841 850 
1926 254 850 841 849 
1927 135 156 154 847 
1928 156 106 147 852 
1929 154 147 2 821 
1930 847 852 821 810 
1931 156 154 847 852 
1932 156 852 147 154 
1933 154 847 852 821 
1934 154 821 852 147 
1935 112 240 241 879 
1936 240 104 237 822 
1937 241 237 109 863 
1938 879 822 863 810 
1939 240 241 879 822 
1940 240 822 237 241 
1941 241 879 822 863 
1942 241 863 822 237 
1943 95 213 838 839 
1944 213 97 880 881 
1945 838 880 807 826 
1946 839 881 826 809 
1947 213 838 839 881 
1948 213 881 880 838 
1949 838 839 881 826 
1950 838 826 881 880 
1951 87 189 167 868 
1952 189 88 188 882 
1953 167 188 86 836 
1954 868 882 836 809 
1955 189 167 868 882 
1956 189 882 188 167 
1957 167 868 882 836 
1958 167 836 882 188 
1959 121 254 297 878 
1960 254 120 292 850 
1961 297 292 117 883 
1962 878 850 883 811 
1963 254 297 878 850 
1964 254 850 292 297 
1965 297 878 850 883 
1966 297 883 850 292 
1967 125 884 294 885 
1968 884 810 848 830 
1969 294 848 120 857 
1970 885 830 857 813 
1971 884 294 885 830 
1972 884 830 848 294 
1973 294 885 830 857 
1974 294 857 830 848 
1975 104 240 155 822 
1976 240 112 242 879 
1977 155 242 135 847 
1978 822 879 847 810 
1979 240 155 822 879 
1980 240 879 242 155 
1981 155 822 879 847 
1982 155 847 879 242 
1983 100 201 202 865 
1984 201 103 200 824 
1985 202 200 89 858 
1986 865 824 858 809 
1987 201 202 865 824 
1988 201 824 200 202 
1989 202 865 824 858 
1990 202 858 824 200 
1991 122 256 257 886 
1992 256 120 255 857 
1993 257 255 108 887 
1994 886 857 887 813 
1995 256 257 886 857 
1996 256 857 255 257 
1997 257 886 857 887 
1998 257 887 857 255 
1999 136 161 192 825 
2000 161 86 190 836 
2001 192 190 89 858 
2002 825 836 858 809 
2003 161 192 825 836 
2004 161 836 190 192 
2005 192 825 836 858 
2006 192 858 836 190 
2007 115 283 889 890 
2008 283 116 888 891 
2009 889 888 810 851 
2010 890 891 851 811 
2011 283 889 890 891 
2012 283 891 888 889 
2013 889 890 891 851 
2014 889 851 891 888 
2015 109 862 259 863 
2016 862 808 875 828 
2017 259 875 113 874 
2018 863 828 874 810 
2019 862 259 863 828 
2020 862 828 875 259 
2021 259 863 828 874 
2022 259 874 828 875 
2023 103 201 235 816 
2024 201 100 230 864 
2025 235 230 101 861 
2026 816 864 861 808 
2027 201 235 816 864 
2028 201 864 230 235 
2029 235 816 864 861 
2030 235 861 864 230 
2031 115 287 283 890 
2032 287 117 286 883 
2033 283 286 116 891 
2034 890 883 891 811 
2035 287 283 890 883 
2036 287 883 286 283 
2037 283 890 883 891 
2038 283 891 883 286 
2039 111 892 220 893 
2040 892 808 837 842 
2041 220 837 95 840 
2042 893 842 840 811 
2043 892 220 893 842 
2044 892 842 837 220 
2045 220 893 842 840 
2046 220 840 842 837 
2047 97 213 880 894 
2048 213 95 838 840 
2049 880 838 807 841 
2050 894 840 841 811 
2051 213 880 894 840 
2052 213 840 838 880 
2053 880 894 840 841 
2054 880 841 840 838 
2055 22 158 21 873 
2056 158 86 157 833 
2057 21 157 20 835 
2058 873 833 835 813 
2059 158 21 873 833 
2060 158 833 157 21 
2061 21 873 833 835 
2062 21 835 833 157 
2063 90 895 194 896 
2064 895 809 868 845 
2065 194 868 87 869 
2066 896 845 869 812 
2067 895 194 896 845 
2068 895 845 868 194 
2069 194 896 845 869 
2070 194 869 845 868 
2071 93 137 138 856 
2072 137 28 29 897 
2073 138 29 1 860 
2074 856 897 860 812 
2075 137 138 856 897 
2076 137 897 29 138 
2077 138 856 897 860 
2078 138 860 897 29 
2079 93 855 141 854 
2080 855 807 880 826 
2081 141 880 97 881 
2082 854 826 881 809 
2083 855 141 854 826 
2084 855 826 880 141 
2085 141 854 826 881 
2086 141 881 826 880 
2087 97 880 142 894 
2088 880 807 859 841 
2089 142 859 1 898 
2090 894 841 898 811 
2091 880 142 894 841 
2092 880 841 859 142 
2093 142 894 841 898 
2094 142 898 841 859 
2095 87 167 163 869 
2096 167 86 158 843 
2097 163 158 22 872 
2098 869 843 872 812 
2099 167 163 869 843 
2100 167 843 158 163 
2101 163 869 843 872 
2102 163 872 843 158 
2103 92 866 183 867 
2104 866 809 895 845 
2105 183 895 90 896 
2106 867 845 896 812 
2107 866 183 867 845 
2108 866 845 895 183 
2109 183 867 845 896 
2110 183 896 845 895 
2111 87 194 189 868 
2112 194 90 193 895 
2113 189 193 88 882 
2114 868 895 882 809 
2115 194 189 868 895 
2116 194 895 193 189 
2117 189 868 895 882 
2118 189 882 895 193 
2119 93 212 210 854 
2120 212 95 211 839 
2121 210 211 94 899 
2122 854 839 899 809 
2123 212 210 854 839 
2124 212 839 211 210 
2125 210 854 839 899 
2126 210 899 839 211 
2127 85 181 184 900 
2128 181 93 187 856 
2129 184 187 92 867 
2130 900 856 867 812 
2131 181 184 900 856 
2132 181 856 187 184 
2133 184 900 856 867 
2134 184 867 856 187 
2135 122 301 256 886 
2136 301 125 294 885 
2137 256 294 120 857 
2138 886 885 857 813 
2139 301 256 886 885 
2140 301 885 294 256 
2141 256 886 885 857 
2142 256 857 885 294 
2143 120 294 291 848 
2144 294 125 293 884 
2145 291 293 116 888 
2146 848 884 888 810 
2147 294 291 848 884 
2148 294 884 293 291 
2149 291 848 884 888 
2150 291 888 884 293 
2151 95 212 213 839 
2152 212 93 141 854 
2153 213 141 97 881 
2154 839 854 881 809 
2155 212 213 839 854 
2156 212 854 141 213 
2157 213 839 854 881 
2158 213 881 854 141 
2159 98 215 219 870 
2160 215 95 220 837 
2161 219 220 111 892 
2162 870 837 892 808 
2163 215 219 870 837 
2164 215 837 220 219 
2165 219 870 837 892 
2166 219 892 837 220 
2167 101 238 236 861 
2168 238 109 237 862 
2169 236 237 104 818 
2170 861 862 818 808 
2171 238 236 861 862 
2172 238 862 237 236 
2173 236 861 862 818 
2174 236 818 862 237 
2175 108 182 177 901 
2176 182 121 140 902 
2177 177 140 28 897 
2178 901 902 897 812 
2179 182 177 901 902 
2180 182 902 140 177 
2181 177 901 902 897 
2182 177 897 902 140 
2183 94 211 214 899 
2184 211 95 215 839 
2185 214 215 98 871 
2186 899 839 871 809 
2187 211 214 899 839 
2188 211 839 215 214 
2189 214 899 839 871 
2190 214 871 839 215 
2191 97 141 142 880 
2192 141 93 138 855 
2193 142 138 1 859 
2194 880 855 859 807 
2195 141 142 880 855 
2196 141 855 138 142 
2197 142 880 855 859 
2198 142 859 855 138 
2199 112 241 258 879 
2200 241 109 259 863 
2201 258 259 113 874 
2202 879 863 874 810 
2203 241 258 879 863 
2204 241 863 259 258 
2205 258 879 863 874 
2206 258 874 863 259 
2207 89 190 191 858 
2208 190 86 188 836 
2209 191 188 88 882 
2210 858 836 882 809 
2211 190 191 858 836 
2212 190 836 188 191 
2213 191 858 836 882 
2214 191 882 836 188 
2215 113 875 260 876 
2216 875 808 903 842 
2217 260 903 119 904 
2218 876 842 904 811 
2219 875 260 876 842 
2220 875 842 903 260 
2221 260 876 842 904 
2222 260 904 842 903 
2223 93 210 187 854 
2224 210 94 206 899 
2225 187 206 92 866 
2226 854 899 866 809 
2227 210 187 854 899 
2228 210 899 206 187 
2229 187 854 899 866 
2230 187 866 899 206 
2231 97 143 218 894 
2232 143 128 226 906 
2233 218 226 123 905 
2234 894 906 905 811 
2235 143 218 894 906 
2236 143 906 226 218 
2237 218 894 906 905 
2238 218 905 906 226 
2239 808 828 817 842 
2240 828 810 823 851 
2241 817 823 807 841 
2242 842 851 841 811 
2243 828 817 842 851 
2244 828 851 823 817 
2245 817 842 851 841 
2246 817 841 851 823 
2247 109 261 259 862 
2248 261 119 260 903 
2249 259 260 113 875 
2250 862 903 875 808 
2251 261 259 862 903 
2252 261 903 260 259 
2253 259 862 903 875 
2254 259 875 903 260 
2255 115 889 278 890 
2256 889 810 874 851 
2257 278 874 113 876 
2258 890 851 876 811 
2259 889 278 890 851 
2260 889 851 874 278 
2261 278 890 851 876 
2262 278 876 851 874 
2263 92 183 184 867 
2264 183 90 185 896 
2265 184 185 85 900 
2266 867 896 900 812 
2267 183 184 867 896 
2268 183 896 185 184 
2269 184 867 896 900 
2270 184 900 896 185 
2271 111 220 221 893 
2272 220 95 217 840 
2273 221 217 123 905 
2274 893 840 905 811 
2275 220 221 893 840 
2276 220 840 217 221 
2277 221 893 840 905 
2278 221 905 840 217 
2279 96 907 224 908 
2280 907 808 864 827 
2281 224 864 100 865 
2282 908 827 865 809 
2283 907 224 908 827 
2284 907 827 864 224 
2285 224 908 827 865 
2286 224 865 827 864 
2287 96 222 224 907 
2288 222 99 225 909 
2289 224 225 100 864 
2290 907 909 864 808 
2291 222 224 907 909 
2292 222 909 225 224 
2293 224 907 909 864 
2294 224 864 909 225 
2295 93 181 137 856 
2296 181 85 176 900 
2297 137 176 28 897 
2298 856 900 897 812 
2299 181 137 856 900 
2300 181 900 176 137 
2301 137 856 900 897 
2302 137 897 900 176 
2303 97 218 213 894 
2304 218 123 217 905 
2305 213 217 95 840 
2306 894 905 840 811 
2307 218 213 894 905 
2308 218 905 217 213 
2309 213 894 905 840 
2310 213 840 905 217 
2311 127 249 250 910 
2312 249 106 156 852 
2313 250 156 135 847 
2314 910 852 847 810 
2315 249 250 910 852 
2316 249 852 156 250 
2317 250 910 852 847 
2318 250 847 852 156 
2319 128 145 295 906 
2320 145 121 297 878 
2321 295 297 117 883 
2322 906 878 883 811 
2323 145 295 906 878 
2324 145 878 297 295 
2325 295 906 878 883 
2326 295 883 878 297 
2327 106 852 244 853 
2328 852 810 911 830 
2329 244 911 110 912 
2330 853 830 912 813 
2331 852 244 853 830 
2332 852 830 911 244 
2333 244 853 830 912 
2334 244 912 830 911 
2335 115 277 278 889 
2336 277 114 274 913 
2337 278 274 113 874 
2338 889 913 874 810 
2339 277 278 889 913 
2340 277 913 274 278 
2341 278 889 913 874 
2342 278 874 913 274 
2343 105 160 162 914 
2344 160 20 146 835 
2345 162 146 106 853 
2346 914 835 853 813 
2347 160 162 914 835 
2348 160 835 146 162 
2349 162 914 835 853 
2350 162 853 835 146 
2351 115 283 277 889 
2352 283 116 282 888 
2353 277 282 114 913 
2354 889 888 913 810 
2355 283 277 889 888 
2356 283 888 282 277 
2357 277 889 888 913 
2358 277 913 888 282 
2359 96 216 907 908 
2360 216 98 870 871 
2361 907 870 808 827 
2362 908 871 827 809 
2363 216 907 908 871 
2364 216 871 870 907 
2365 907 908 871 827 
2366 907 827 871 870 
2367 125 264 884 885 
2368 264 110 911 912 
2369 884 911 810 830 
2370 885 912 830 813 
2371 264 884 885 912 
2372 264 912 911 884 
2373 884 885 912 830 
2374 884 830 912 911 
2375 116 293 285 888 
2376 293 125 265 884 
2377 285 265 133 915 
2378 888 884 915 810 
2379 293 285 888 884 
2380 293 884 265 285 
2381 285 888 884 915 
2382 285 915 884 265 
2383 102 186 173 916 
2384 186 90 194 896 
2385 173 194 87 869 
2386 916 896 869 812 
2387 186 173 916 896 
2388 186 896 194 173 
2389 173 916 896 869 
2390 173 869 896 194 
2391 125 263 264 885 
2392 263 126 247 917 
2393 264 247 110 912 
2394 885 917 912 813 
2395 263 264 885 917 
2396 263 917 247 264 
2397 264 885 917 912 
2398 264 912 917 247 
2399 125 264 265 884 
2400 264 110 266 911 
2401 265 266 133 915 
2402 884 911 915 810 
2403 264 265 884 911 
2404 264 911 266 265 
2405 265 884 911 915 
2406 265 915 911 266 
2407 22 23 872 873 
2408 23 24 918 919 
2409 872 918 812 846 
2410 873 919 846 813 
2411 23 872 873 919 
2412 23 919 918 872 
2413 872 873 919 846 
2414 872 846 919 918 
2415 122 253 301 886 
2416 253 126 263 917 
2417 301 263 125 885 
2418 886 917 885 813 
2419 253 301 886 917 
2420 253 917 263 301 
2421 301 886 917 885 
2422 301 885 917 263 
2423 100 202 203 865 
2424 202 89 195 858 
2425 203 195 132 920 
2426 865 858 920 809 
2427 202 203 865 858 
2428 202 858 195 203 
2429 203 865 858 920 
2430 203 920 858 195 
2431 130 262 239 921 
2432 262 119 261 903 
2433 239 261 109 862 
2434 921 903 862 808 
2435 262 239 921 903 
2436 262 903 261 239 
2437 239 921 903 862 
2438 239 862 903 261 
2439 101 230 231 861 
2440 230 100 225 864 
2441 231 225 99 909 
2442 861 864 909 808 
2443 230 231 861 864 
2444 230 864 225 231 
2445 231 861 864 909 
2446 231 909 864 225 
2447 106 249 244 852 
2448 249 127 248 910 
2449 244 248 110 911 
2450 852 910 911 810 
2451 249 244 852 910 
2452 249 910 248 244 
2453 244 852 910 911 
2454 244 911 910 248 
2455 91 197 198 922 
2456 197 88 193 882 
2457 198 193 90 895 
2458 922 882 895 809 
2459 197 198 922 882 
2460 197 882 193 198 
2461 198 922 882 895 
2462 198 895 882 193 
2463 129 279 280 923 
2464 279 115 278 890 
2465 280 278 113 876 
2466 923 890 876 811 
2467 279 280 923 890 
2468 279 890 278 280 
2469 280 923 890 876 
2470 280 876 890 278 
2471 96 216 222 907 
2472 216 98 223 870 
2473 222 223 99 909 
2474 907 870 909 808 
2475 216 222 907 870 
2476 216 870 223 222 
2477 222 907 870 909 
2478 222 909 870 223 
2479 91 198 204 922 
2480 198 90 183 895 
2481 204 183 92 866 
2482 922 895 866 809 
2483 198 204 922 895 
2484 198 895 183 204 
2485 204 922 895 866 
2486 204 866 895 183 
2487 87 163 164 869 
2488 163 22 23 872 
2489 164 23 24 918 
2490 869 872 918 812 
2491 163 164 869 872 
2492 163 872 23 164 
2493 164 869 872 918 
2494 164 918 872 23 
2495 130 239 232 921 
2496 239 109 238 862 
2497 232 238 101 861 
2498 921 862 861 808 
2499 239 232 921 862 
2500 239 862 238 232 
2501 232 921 862 861 
2502 232 861 862 238 
2503 132 195 196 920 
2504 195 89 191 858 
2505 196 191 88 882 
2506 920 858 882 809 
2507 195 196 920 858 
2508 195 858 191 196 
2509 196 920 858 882 
2510 196 882 858 191 
2511 97 142 143 894 
2512 142 1 144 898 
2513 143 144 128 906 
2514 894 898 906 811 
2515 142 143 894 898 
2516 142 898 144 143 
2517 143 894 898 906 
2518 143 906 898 144 
2519 20 160 21 835 
2520 160 105 159 914 
2521 21 159 22 873 
2522 835 914 873 813 
2523 160 21 835 914 
2524 160 914 159 21 
2525 21 835 914 873 
2526 21 873 914 159 
2527 129 280 281 923 
2528 280 113 260 876 
2529 281 260 119 904 
2530 923 876 904 811 
2531 280 281 923 876 
2532 280 876 260 281 
2533 281 923 876 904 
2534 281 904 876 260 
2535 112 258 273 879 
2536 258 113 274 874 
2537 273 274 114 913 
2538 879 874 913 810 
2539 258 273 879 874 
2540 258 874 274 273 
2541 273 879 874 913 
2542 273 913 874 274 
2543 106 244 162 853 
2544 244 110 243 912 
2545 162 243 105 914 
2546 853 912 914 813 
2547 244 162 853 912 
2548 244 912 243 162 
2549 162 853 912 914 
2550 162 914 912 243 
2551 22 166 23 873 
2552 166 107 165 924 
2553 23 165 24 919 
2554 873 924 919 813 
2555 166 23 873 924 
2556 166 924 165 23 
2557 23 873 924 919 
2558 23 919 924 165 
2559 85 185 179 900 
2560 185 90 186 896 
2561 179 186 102 916 
2562 900 896 916 812 
2563 185 179 900 896 
2564 185 896 186 179 
2565 179 900 896 916 
2566 179 916 896 186 
2567 111 269 229 892 
2568 269 119 268 903 
2569 229 268 131 925 
2570 892 903 925 808 
2571 269 229 892 903 
2572 269 903 268 229 
2573 229 892 903 925 
2574 229 925 903 268 
2575 98 219 228 870 
2576 219 111 229 892 
2577 228 229 131 925 
2578 870 892 925 808 
2579 219 228 870 892 
2580 219 892 229 228 
2581 228 870 892 925 
2582 228 925 892 229 
2583 124 174 251 926 
2584 174 107 252 924 
2585 251 252 122 886 
2586 926 924 886 813 
2587 174 251 926 924 
2588 174 924 252 251 
2589 251 926 924 886 
2590 251 886 924 252 
2591 111 269 892 893 
2592 269 119 903 904 
2593 892 903 808 842 
2594 893 904 842 811 
2595 269 892 893 904 
2596 269 904 903 892 
2597 892 893 904 842 
2598 892 842 904 903 
2599 118 288 289 927 
2600 288 117 287 883 
2601 289 287 115 890 
2602 927 883 890 811 
2603 288 289 927 883 
2604 288 883 287 289 
2605 289 927 883 890 
2606 289 890 883 287 
2607 111 221 271 893 
2608 221 123 272 905 
2609 271 272 134 928 
2610 893 905 928 811 
2611 221 271 893 905 
2612 221 905 272 271 
2613 271 893 905 928 
2614 271 928 905 272 
2615 96 224 209 908 
2616 224 100 203 865 
2617 209 203 132 920 
2618 908 865 920 809 
2619 224 209 908 865 
2620 224 865 203 209 
2621 209 908 865 920 
2622 209 920 865 203 
2623 96 208 216 908 
2624 208 94 214 899 
2625 216 214 98 871 
2626 908 899 871 809 
2627 208 216 908 899 
2628 208 899 214 216 
2629 216 908 899 871 
2630 216 871 899 214 
2631 108 178 180 901 
2632 178 26 171 930 
2633 180 171 124 929 
2634 901 930 929 812 
2635 178 180 901 930 
2636 178 930 171 180 
2637 180 901 930 929 
2638 180 929 930 171 
2639 127 250 275 910 
2640 250 135 242 847 
2641 275 242 112 879 
2642 910 847 879 810 
2643 250 275 910 847 
2644 250 847 242 275 
2645 275 910 847 879 
2646 275 879 847 242 
2647 28 27 177 897 
2648 27 26 178 930 
2649 177 178 108 901 
2650 897 930 901 812 
2651 27 177 897 930 
2652 27 930 178 177 
2653 177 897 930 901 
2654 177 901 930 178 
2655 114 282 284 913 
2656 282 116 285 888 
2657 284 285 133 915 
2658 913 888 915 810 
2659 282 284 913 888 
2660 282 888 285 284 
2661 284 913 888 915 
2662 284 915 888 285 
2663 122 252 253 886 
2664 252 107 245 924 
2665 253 245 126 917 
2666 886 924 917 813 
2667 252 253 886 924 
2668 252 924 245 253 
2669 253 886 924 917 
2670 253 917 924 245 
2671 101 231 232 861 
2672 231 99 233 909 
2673 232 233 130 921 
2674 861 909 921 808 
2675 231 232 861 909 
2676 231 909 233 232 
2677 232 861 909 921 
2678 232 921 909 233 
2679 87 164 173 869 
2680 164 24 169 918 
2681 173 169 102 916 
2682 869 918 916 812 
2683 164 173 869 918 
2684 164 918 169 173 
2685 173 869 918 916 
2686 173 916 918 169 
2687 132 196 199 920 
2688 196 88 197 882 
2689 199 197 91 922 
2690 920 882 922 809 
2691 196 199 920 882 
2692 196 882 197 199 
2693 199 920 882 922 
2694 199 922 882 197 
2695 131 227 228 925 
2696 227 99 223 909 
2697 228 223 98 870 
2698 925 909 870 808 
2699 227 228 925 909 
2700 227 909 223 228 
2701 228 925 909 870 
2702 228 870 909 223 
2703 131 268 234 925 
2704 268 119 262 903 
2705 234 262 130 921 
2706 925 903 921 808 
2707 268 234 925 903 
2708 268 903 262 234 
2709 234 925 903 921 
2710 234 921 903 262 
2711 85 175 176 900 
2712 175 26 27 930 
2713 176 27 28 897 
2714 900 930 897 812 
2715 175 176 900 930 
2716 175 930 27 176 
2717 176 900 930 897 
2718 176 897 930 27 
2719 111 271 269 893 
2720 271 134 270 928 
2721 269 270 119 904 
2722 893 928 904 811 
2723 271 269 893 928 
2724 271 928 270 269 
2725 269 893 928 904 
2726 269 904 928 270 
2727 112 273 275 879 
2728 273 114 276 913 
2729 275 276 127 910 
2730 879 913 910 810 
2731 273 275 879 913 
2732 273 913 276 275 
2733 275 879 913 910 
2734 275 910 913 276 
2735 91 204 205 922 
2736 204 92 206 866 
2737 205 206 94 899 
2738 922 866 899 809 
2739 204 205 922 866 
2740 204 866 206 205 
2741 205 922 866 899 
2742 205 899 866 206 
2743 133 266 267 915 
2744 266 110 248 911 
2745 267 248 127 910 
2746 915 911 910 810 
2747 266 267 915 911 
2748 266 911 248 267 
2749 267 915 911 910 
2750 267 910 911 248 
2751 26 25 171 930 
2752 25 24 172 918 
2753 171 172 124 929 
2754 930 918 929 812 
2755 25 171 930 918 
2756 25 918 172 171 
2757 171 930 918 929 
2758 171 929 918 172 
2759 110 247 243 912 
2760 247 126 246 917 
2761 243 246 105 914 
2762 912 917 914 813 
2763 247 243 912 917 
2764 247 917 246 243 
2765 243 912 917 914 
2766 243 914 917 246 
2767 118 299 298 927 
2768 299 134 272 928 
2769 298 272 123 905 
2770 927 928 905 811 
2771 299 298 927 928 
2772 299 928 272 298 
2773 298 927 928 905 
2774 298 905 928 272 
2775 117 288 295 883 
2776 288 118 296 927 
2777 295 296 128 906 
2778 883 927 906 811 
2779 288 295 883 927 
2780 288 927 296 295 
2781 295 883 927 906 
2782 295 906 927 296 
2783 119 270 281 904 
2784 270 134 300 928 
2785 281 300 129 923 
2786 904 928 923 811 
2787 270 281 904 928 
2788 270 928 300 281 
2789 281 904 928 923 
2790 281 923 928 300 
2791 132 199 209 920 
2792 199 91 207 922 
2793 209 207 96 908 
2794 920 922 908 809 
2795 199 209 920 922 
2796 199 922 207 209 
2797 209 920 922 908 
2798 209 908 922 207 
2799 22 159 166 873 
2800 159 105 168 914 
2801 166 168 107 924 
2802 873 914 924 813 
2803 159 166 873 914 
2804 159 914 168 166 
2805 166 873 914 924 
2806 166 924 914 168 
2807 91 205 207 922 
2808 205 94 208 899 
2809 207 208 96 908 
2810 922 899 908 809 
2811 205 207 922 899 
2812 205 899 208 207 
2813 207 922 899 908 
2814 207 908 899 208 
2815 102 169 170 916 
2816 169 24 25 918 
2817 170 25 26 930 
2818 916 918 930 812 
2819 169 170 916 918 
2820 169 918 25 170 
2821 170 916 918 930 
2822 170 930 918 25 
2823 118 289 290 927 
2824 289 115 279 890 
2825 290 279 129 923 
2826 927 890 923 811 
2827 289 290 927 890 
2828 289 890 279 290 
2829 290 927 890 923 
2830 290 923 890 279 
2831 127 276 267 910 
2832 276 114 284 913 
2833 267 284 133 915 
2834 910 913 915 810 
2835 276 267 910 913 
2836 276 913 284 267 
2837 267 910 913 915 
2838 267 915 913 284 
2839 26 175 170 930 
2840 175 85 179 900 
2841 170 179 102 916 
2842 930 900 916 812 
2843 175 170 930 900 
2844 175 900 179 170 
2845 170 930 900 916 
2846 170 916 900 179 
2847 130 233 234 921 
2848 233 99 227 909 
2849 234 227 131 925 
2850 921 909 925 808 
2851 233 234 921 909 
2852 233 909 227 234 
2853 234 921 909 925 
2854 234 925 909 227 
2855 123 226 298 905 
2856 226 128 296 906 
2857 298 296 118 927 
2858 905 906 927 811 
2859 226 298 905 906 
2860 226 906 296 298 
2861 298 905 906 927 
2862 298 927 906 296 
2863 105 246 168 914 
2864 246 126 245 917 
2865 168 245 107 924 
2866 914 917 924 813 
2867 246 168 914 917 
2868 246 917 245 168 
2869 168 914 917 924 
2870 168 924 917 245 
2871 129 300 290 923 
2872 300 134 299 928 
2873 290 299 118 927 
2874 923 928 927 811 
2875 300 290 923 928 
2876 300 928 299 290 
2877 290 923 928 927 
2878 290 927 928 299 
2879 136 834 148 149 
2880 834 813 829 835 
2881 148 829 2 19 
2882 149 835 19 20 
2883 834 148 149 835 
2884 834 835 829 148 
2885 148 149 835 19 
2886 148 19 835 829 
2887 2 829 148 819 
2888 829 813 834 831 
2889 148 834 136 820 
2890 819 831 820 807 
2891 829 148 819 831 
2892 829 831 834 148 
2893 148 819 831 820 
2894 148 820 831 834 
2895 813 846 857 887 
2896 846 812 931 901 
2897 857 931 120 255 
2898 887 901 255 108 
2899 846 857 887 901 
2900 846 901 931 857 
2901 857 887 901 255 
2902 857 255 901 931 
2903 813 857 846 831 
2904 857 120 931 849 
2905 846 931 812 844 
2906 831 849 844 807 
2907 857 846 831 849 
2908 857 849 931 846 
2909 846 831 849 844 
2910 846 844 849 931 
2911 121 254 902 182 
2912 254 120 931 255 
2913 902 931 812 901 
2914 182 255 901 108 
2915 254 902 182 255 
2916 254 255 931 902 
2917 902 182 255 901 
2918 902 901 255 931 
2919 121 902 254 877 
2920 902 812 931 844 
2921 254 931 120 849 
2922 877 844 849 807 
2923 902 254 877 844 
2924 902 844 931 254 
2925 254 877 844 849 
2926 254 849 844 931 
2927 812 860 902 897 
2928 860 1 139 29 
2929 902 139 121 140 
2930 897 29 140 28 
2931 860 902 897 29 
2932 860 29 139 902 
2933 902 897 29 140 
2934 902 140 29 139 
2935 812 902 860 844 
2936 902 121 139 877 
2937 860 139 1 859 
2938 844 877 859 807 
2939 902 860 844 877 
2940 902 877 139 860 
2941 860 844 877 859 
2942 860 859 877 139 
2943 811 891 850 883 
2944 891 116 291 286 
2945 850 291 120 292 
2946 883 286 292 117 
2947 891 850 883 286 
2948 891 286 291 850 
2949 850 883 286 292 
2950 850 292 286 291 
2951 811 850 891 851 
2952 850 120 291 848 
2953 891 291 116 888 
2954 851 848 888 810 
2955 850 891 851 848 
2956 850 848 291 891 
2957 891 851 848 888 
2958 891 888 848 291 
2959 811 878 898 906 
2960 878 121 139 145 
2961 898 139 1 144 
2962 906 145 144 128 
2963 878 898 906 145 
2964 878 145 139 898 
2965 898 906 145 144 
2966 898 144 145 139 
2967 811 898 878 841 
2968 898 1 139 859 
2969 878 139 121 877 
2970 841 859 877 807 
2971 898 878 841 859 
2972 898 859 139 878 
2973 878 841 859 877 
2974 878 877 859 139 
2975 108 887 180 257 
2976 887 813 926 886 
2977 180 926 124 251 
2978 257 886 251 122 
2979 887 180 257 886 
2980 887 886 926 180 
2981 180 257 886 251 
2982 180 251 886 926 
2983 124 926 180 929 
2984 926 813 887 846 
2985 180 887 108 901 
2986 929 846 901 812 
2987 926 180 929 846 
2988 926 846 887 180 
2989 180 929 846 901 
2990 180 901 846 887 
2991 813 919 926 924 
2992 919 24 172 165 
2993 926 172 124 174 
2994 924 165 174 107 
2995 919 926 924 165 
2996 919 165 172 926 
2997 926 924 165 174 
2998 926 174 165 172 
2999 813 926 919 846 
3000 926 124 172 929 
3001 919 172 24 918 
3002 846 929 918 812 
3003 926 919 846 929 
3004 926 929 172 919 
3005 919 846 929 918 
3006 919 918 929 172 
3 2 4 184
3007 302 336 327 331 
3008 336 307 932 337 
3009 327 932 33 933 
3010 331 337 933 304 
3011 336 327 331 337 
3012 336 337 932 327 
3013 327 331 337 933 
3014 327 933 337 932 
3015 33 32 327 933 
3016 32 31 328 320 
3017 327 328 302 331 
3018 933 320 331 304 
3019 32 327 933 320 
3020 32 320 328 327 
3021 327 933 320 331 
3022 327 331 320 328 
3023 33 314 932 327 
3024 314 303 335 333 
3025 932 335 307 336 
3026 327 333 336 302 
3027 314 932 327 333 
3028 314 333 335 932 
3029 932 327 333 336 
3030 932 336 333 335 
3031 31 323 30 320 
3032 323 310 322 934 
3033 30 322 4 321 
3034 320 934 321 304 
3035 323 30 320 934 
3036 323 934 322 30 
3037 30 320 934 321 
3038 30 321 934 322 
3039 310 323 935 934 
3040 323 31 32 320 
3041 935 32 33 933 
3042 934 320 933 304 
3043 323 935 934 320 
3044 323 320 32 935 
3045 935 934 320 933 
3046 935 933 320 32 
3047 4 322 325 321 
3048 322 310 326 934 
3049 325 326 309 324 
3050 321 934 324 304 
3051 322 325 321 934 
3052 322 934 326 325 
3053 325 321 934 324 
3054 325 324 934 326 
3055 33 932 315 933 
3056 932 307 936 337 
3057 315 936 312 937 
3058 933 337 937 304 
3059 932 315 933 337 
3060 932 337 936 315 
3061 315 933 337 937 
3062 315 937 337 936 
3063 307 339 938 337 
3064 339 309 326 324 
3065 938 326 310 934 
3066 337 324 934 304 
3067 339 938 337 324 
3068 339 324 326 938 
3069 938 337 324 934 
3070 938 934 324 326 
3071 310 935 939 934 
3072 935 33 315 933 
3073 939 315 312 937 
3074 934 933 937 304 
3075 935 939 934 933 
3076 935 933 315 939 
3077 939 934 933 937 
3078 939 937 933 315 
3079 310 939 938 934 
3080 939 312 936 937 
3081 938 936 307 337 
3082 934 937 337 304 
3083 939 938 934 937 
3084 939 937 936 938 
3085 938 934 937 337 
3086 938 337 937 936 
3087 312 940 936 315 
3088 940 303 335 314 
3089 936 335 307 932 
3090 315 314 932 33 
3091 940 936 315 314 
3092 940 314 335 936 
3093 936 315 314 932 
3094 936 932 314 335 
3095 312 316 940 315 
3096 316 3 313 34 
3097 940 313 303 314 
3098 315 34 314 33 
3099 316 940 315 34 
3100 316 34 313 940 
3101 940 315 34 314 
3102 940 314 34 313 
3103 312 348 334 939 
3104 348 311 347 346 
3105 334 347 306 332 
3106 939 346 332 310 
3107 348 334 939 346 
3108 348 346 347 334 
3109 334 939 346 332 
3110 334 332 346 347 
3111 307 339 936 938 
3112 339 309 941 326 
3113 936 941 312 939 
3114 938 326 939 310 
3115 339 936 938 326 
3116 339 326 941 936 
3117 936 938 326 939 
3118 936 939 326 941 
3119 307 339 338 936 
3120 339 309 341 941 
3121 338 341 308 319 
3122 936 941 319 312 
3123 339 338 936 941 
3124 339 941 341 338 
3125 338 936 941 319 
3126 338 319 941 341 
3127 33 330 935 315 
3128 330 306 332 334 
3129 935 332 310 939 
3130 315 334 939 312 
3131 330 935 315 334 
3132 330 334 332 935 
3133 935 315 334 939 
3134 935 939 334 332 
3135 310 332 935 323 
3136 332 306 330 329 
3137 935 330 33 32 
3138 323 329 32 31 
3139 332 935 323 329 
3140 332 329 330 935 
3141 935 323 329 32 
3142 935 32 329 330 
3143 303 318 940 335 
3144 318 308 319 338 
3145 940 319 312 936 
3146 335 338 936 307 
3147 318 940 335 338 
3148 318 338 319 940 
3149 940 335 338 936 
3150 940 936 338 319 
3151 312 319 940 316 
3152 319 308 318 317 
3153 940 318 303 313 
3154 316 317 313 3 
3155 319 940 316 317 
3156 319 317 318 940 
3157 940 316 317 313 
3158 940 313 317 318 
3159 308 343 341 342 
3160 343 311 942 344 
3161 341 942 309 340 
3162 342 344 340 305 
3163 343 341 342 344 
3164 343 344 942 341 
3165 341 342 344 340 
3166 341 340 344 942 
3167 308 341 343 319 
3168 341 309 942 941 
3169 343 942 311 348 
3170 319 941 348 312 
3171 341 343 319 941 
3172 341 941 942 343 
3173 343 319 941 348 
3174 343 348 941 942 
3175 310 326 346 345 
3176 326 309 942 340 
3177 346 942 311 344 
3178 345 340 344 305 
3179 326 346 345 340 
3180 326 340 942 346 
3181 346 345 340 344 
3182 346 344 340 942 
3183 310 346 326 939 
3184 346 311 942 348 
3185 326 942 309 941 
3186 939 348 941 312 
3187 346 326 939 348 
3188 346 348 942 326 
3189 326 939 348 941 
3190 326 941 348 942 
3 3 4 240
3191 356 374 369 944 
3192 374 360 373 946 
3193 369 373 6 945 
3194 944 946 945 943 
3195 374 369 944 946 
3196 374 946 373 369 
3197 369 944 946 945 
3198 369 945 946 373 
3199 353 381 402 947 
3200 381 361 403 949 
3201 402 403 359 948 
3202 947 949 948 943 
3203 381 402 947 949 
3204 381 949 403 402 
3205 402 947 949 948 
3206 402 948 949 403 
3207 36 35 371 950 
3208 35 6 372 945 
3209 371 372 361 949 
3210 950 945 949 943 
3211 35 371 950 945 
3212 35 945 372 371 
3213 371 950 945 949 
3214 371 949 945 372 
3215 352 384 385 951 
3216 384 349 382 953 
3217 385 382 350 952 
3218 951 953 952 943 
3219 384 385 951 953 
3220 384 953 382 385 
3221 385 951 953 952 
3222 385 952 953 382 
3223 349 380 376 953 
3224 380 356 370 944 
3225 376 370 36 950 
3226 953 944 950 943 
3227 380 376 953 944 
3228 380 944 370 376 
3229 376 953 944 950 
3230 376 950 944 370 
3231 354 387 388 954 
3232 387 352 385 951 
3233 388 385 350 952 
3234 954 951 952 943 
3235 387 388 954 951 
3236 387 951 385 388 
3237 388 954 951 952 
3238 388 952 951 385 
3239 355 401 400 955 
3240 401 356 386 944 
3241 400 386 352 951 
3242 955 944 951 943 
3243 401 400 955 944 
3244 401 944 386 400 
3245 400 955 944 951 
3246 400 951 944 386 
3247 5 39 364 956 
3248 39 38 365 958 
3249 364 365 358 957 
3250 956 958 957 943 
3251 39 364 956 958 
3252 39 958 365 364 
3253 364 956 958 957 
3254 364 957 958 365 
3255 349 384 380 953 
3256 384 352 386 951 
3257 380 386 356 944 
3258 953 951 944 943 
3259 384 380 953 951 
3260 384 951 386 380 
3261 380 953 951 944 
3262 380 944 951 386 
3263 349 376 377 953 
3264 376 36 37 950 
3265 377 37 38 958 
3266 953 950 958 943 
3267 376 377 953 950 
3268 376 950 37 377 
3269 377 953 950 958 
3270 377 958 950 37 
3271 359 403 399 948 
3272 403 361 375 949 
3273 399 375 360 946 
3274 948 949 946 943 
3275 403 399 948 949 
3276 403 949 375 399 
3277 399 948 949 946 
3278 399 946 949 375 
3279 360 374 394 946 
3280 374 356 401 944 
3281 394 401 355 955 
3282 946 944 955 943 
3283 374 394 946 944 
3284 374 944 401 394 
3285 394 946 944 955 
3286 394 955 944 401 
3287 353 379 381 947 
3288 379 36 371 950 
3289 381 371 361 949 
3290 947 950 949 943 
3291 379 381 947 950 
3292 379 950 371 381 
3293 381 947 950 949 
3294 381 949 950 371 
3295 38 378 365 958 
3296 378 353 383 947 
3297 365 383 358 957 
3298 958 947 957 943 
3299 378 365 958 947 
3300 378 947 383 365 
3301 365 958 947 957 
3302 365 957 947 383 
3303 359 397 398 948 
3304 397 351 396 959 
3305 398 396 358 957 
3306 948 959 957 943 
3307 397 398 948 959 
3308 397 959 396 398 
3309 398 948 959 957 
3310 398 957 959 396 
3311 36 379 37 950 
3312 379 353 378 947 
3313 37 378 38 958 
3314 950 947 958 943 
3315 379 37 950 947 
3316 379 947 378 37 
3317 37 950 947 958 
3318 37 958 947 378 
3319 350 366 388 952 
3320 366 357 389 960 
3321 388 389 354 954 
3322 952 960 954 943 
3323 366 388 952 960 
3324 366 960 389 388 
3325 388 952 960 954 
3326 388 954 960 389 
3327 350 363 366 952 
3328 363 5 367 956 
3329 366 367 357 960 
3330 952 956 960 943 
3331 363 366 952 956 
3332 363 956 367 366 
3333 366 952 956 960 
3334 366 960 956 367 
3335 357 368 393 960 
3336 368 358 396 957 
3337 393 396 351 959 
3338 960 957 959 943 
3339 368 393 960 957 
3340 368 957 396 393 
3341 393 960 957 959 
3342 393 959 957 396 
3343 359 399 397 948 
3344 399 360 395 946 
3345 397 395 351 959 
3346 948 946 959 943 
3347 399 397 948 946 
3348 399 946 395 397 
3349 397 948 946 959 
3350 397 959 946 395 
3351 349 377 382 953 
3352 377 38 362 958 
3353 382 362 350 952 
3354 953 958 952 943 
3355 377 382 953 958 
3356 377 958 362 382 
3357 382 953 958 952 
3358 382 952 958 362 
3359 36 370 35 950 
3360 370 356 369 944 
3361 35 369 6 945 
3362 950 944 945 943 
3363 370 35 950 944 
3364 370 944 369 35 
3365 35 950 944 945 
3366 35 945 944 369 
3367 5 364 367 956 
3368 364 358 368 957 
3369 367 368 357 960 
3370 956 957 960 943 
3371 364 367 956 957 
3372 364 957 368 367 
3373 367 956 957 960 
3374 367 960 957 368 
3375 358 383 398 957 
3376 383 353 402 947 
3377 398 402 359 948 
3378 957 947 948 943 
3379 383 398 957 947 
3380 383 947 402 398 
3381 398 957 947 948 
3382 398 948 947 402 
3383 6 373 372 945 
3384 373 360 375 946 
3385 372 375 361 949 
3386 945 946 949 943 
3387 373 372 945 946 
3388 373 946 375 372 
3389 372 945 946 949 
3390 372 949 946 375 
3391 355 400 390 955 
3392 400 352 387 951 
3393 390 387 354 954 
3394 955 951 954 943 
3395 400 390 955 951 
3396 400 951 387 390 
3397 390 955 951 954 
3398 390 954 951 387 
3399 357 393 389 960 
3400 393 351 392 959 
3401 389 392 354 954 
3402 960 959 954 943 
3403 393 389 960 959 
3404 393 959 392 389 
3405 389 960 959 954 
3406 389 954 959 392 
3407 351 395 391 959 
3408 395 360 394 946 
3409 391 394 355 955 
3410 959 946 955 943 
3411 395 391 959 946 
3412 395 946 394 391 
3413 391 959 946 955 
3414 391 955 946 394 
3415 354 392 390 954 
3416 392 351 391 959 
3417 390 391 355 955 
3418 954 959 955 943 
3419 392 390 954 959 
3420 392 959 391 390 
3421 390 954 959 955 
3422 390 955 959 391 
3423 350 362 363 952 
3424 362 38 39 958 
3425 363 39 5 956 
3426 952 958 956 943 
3427 362 363 952 958 
3428 362 958 39 363 
3429 363 952 958 956 
3430 363 956 958 39 
3 4 4 624
3431 419 532 510 962 
3432 532 429 454 964 
3433 510 454 434 963 
3434 962 964 963 961 
3435 532 510 962 964 
3436 532 964 454 510 
3437 510 962 964 963 
3438 510 963 964 454 
3439 411 490 491 965 
3440 490 407 487 967 
3441 491 487 438 966 
3442 965 967 966 961 
3443 490 491 965 967 
3444 490 967 487 491 
3445 491 965 967 966 
3446 491 966 967 487 
3447 414 504 497 968 
3448 504 411 491 965 
3449 497 491 438 966 
3450 968 965 966 961 
3451 504 497 968 965 
3452 504 965 491 497 
3453 497 968 965 966 
3454 497 966 965 491 
3455 413 501 502 969 
3456 501 412 500 970 
3457 502 500 411 965 
3458 969 970 965 961 
3459 501 502 969 970 
3460 501 970 500 502 
3461 502 969 970 965 
3462 502 965 970 500 
3463 435 524 525 971 
3464 524 417 466 973 
3465 525 466 432 972 
3466 971 973 972 961 
3467 524 525 971 973 
3468 524 973 466 525 
3469 525 971 973 972 
3470 525 972 973 466 
3471 408 496 488 974 
3472 496 414 497 968 
3473 488 497 438 966 
3474 974 968 966 961 
3475 496 488 974 968 
3476 496 968 497 488 
3477 488 974 968 966 
3478 488 966 968 497 
3479 408 488 482 974 
3480 488 438 487 966 
3481 482 487 407 967 
3482 974 966 967 961 
3483 488 482 974 966 
3484 488 966 487 482 
3485 482 974 966 967 
3486 482 967 966 487 
3487 412 476 500 970 
3488 476 410 489 975 
3489 500 489 411 965 
3490 970 975 965 961 
3491 476 500 970 975 
3492 476 975 489 500 
3493 500 970 975 965 
3494 500 965 975 489 
3495 435 523 524 971 
3496 523 427 522 976 
3497 524 522 417 973 
3498 971 976 973 961 
3499 523 524 971 976 
3500 523 976 522 524 
3501 524 971 976 973 
3502 524 973 976 522 
3503 407 490 486 967 
3504 490 411 489 965 
3505 486 489 410 975 
3506 967 965 975 961 
3507 490 486 967 965 
3508 490 965 489 486 
3509 486 967 965 975 
3510 486 975 965 489 
3511 43 457 462 977 
3512 457 432 466 972 
3513 462 466 417 973 
3514 977 972 973 961 
3515 457 462 977 972 
3516 457 972 466 462 
3517 462 977 972 973 
3518 462 973 972 466 
3519 414 503 504 968 
3520 503 413 502 969 
3521 504 502 411 965 
3522 968 969 965 961 
3523 503 504 968 969 
3524 503 969 502 504 
3525 504 968 969 965 
3526 504 965 969 502 
3527 404 456 465 978 
3528 456 43 463 977 
3529 465 463 430 979 
3530 978 977 979 961 
3531 456 465 978 977 
3532 456 977 463 465 
3533 465 978 977 979 
3534 465 979 977 463 
3535 430 463 464 979 
3536 463 43 44 977 
3537 464 44 45 980 
3538 979 977 980 961 
3539 463 464 979 977 
3540 463 977 44 464 
3541 464 979 977 980 
3542 464 980 977 44 
3543 404 477 475 978 
3544 477 410 476 975 
3545 475 476 412 970 
3546 978 975 970 961 
3547 477 475 978 975 
3548 477 975 476 475 
3549 475 978 975 970 
3550 475 970 975 476 
3551 404 465 477 978 
3552 465 430 478 979 
3553 477 478 410 975 
3554 978 979 975 961 
3555 465 477 978 979 
3556 465 979 478 477 
3557 477 978 979 975 
3558 477 975 979 478 
3559 7 48 441 981 
3560 48 47 442 983 
3561 441 442 424 982 
3562 981 983 982 961 
3563 48 441 981 983 
3564 48 983 442 441 
3565 441 981 983 982 
3566 441 982 983 442 
3567 418 526 460 984 
3568 526 435 525 971 
3569 460 525 432 972 
3570 984 971 972 961 
3571 526 460 984 971 
3572 526 971 525 460 
3573 460 984 971 972 
3574 460 972 971 525 
3575 420 514 534 985 
3576 514 421 535 987 
3577 534 535 422 986 
3578 985 987 986 961 
3579 514 534 985 987 
3580 514 987 535 534 
3581 534 985 987 986 
3582 534 986 987 535 
3583 427 523 547 976 
3584 523 435 527 971 
3585 547 527 426 988 
3586 976 971 988 961 
3587 523 547 976 971 
3588 523 971 527 547 
3589 547 976 971 988 
3590 547 988 971 527 
3591 423 538 517 989 
3592 538 422 535 986 
3593 517 535 421 987 
3594 989 986 987 961 
3595 538 517 989 986 
3596 538 986 535 517 
3597 517 989 986 987 
3598 517 987 986 535 
3599 419 508 509 962 
3600 508 413 506 969 
3601 509 506 415 990 
3602 962 969 990 961 
3603 508 509 962 969 
3604 508 969 506 509 
3605 509 962 969 990 
3606 509 990 969 506 
3607 43 462 44 977 
3608 462 417 461 973 
3609 44 461 45 980 
3610 977 973 980 961 
3611 462 44 977 973 
3612 462 973 461 44 
3613 44 977 973 980 
3614 44 980 973 461 
3615 413 503 506 969 
3616 503 414 507 968 
3617 506 507 415 990 
3618 969 968 990 961 
3619 503 506 969 968 
3620 503 968 507 506 
3621 506 969 968 990 
3622 506 990 968 507 
3623 431 472 521 991 
3624 472 417 522 973 
3625 521 522 427 976 
3626 991 973 976 961 
3627 472 521 991 973 
3628 472 973 522 521 
3629 521 991 973 976 
3630 521 976 973 522 
3631 45 470 46 980 
3632 470 431 469 991 
3633 46 469 47 983 
3634 980 991 983 961 
3635 470 46 980 991 
3636 470 991 469 46 
3637 46 980 991 983 
3638 46 983 991 469 
3639 431 474 469 991 
3640 474 424 442 982 
3641 469 442 47 983 
3642 991 982 983 961 
3643 474 469 991 982 
3644 474 982 442 469 
3645 469 991 982 983 
3646 469 983 982 442 
3647 420 512 513 985 
3648 512 419 509 962 
3649 513 509 415 990 
3650 985 962 990 961 
3651 512 513 985 962 
3652 512 962 509 513 
3653 513 985 962 990 
3654 513 990 962 509 
3655 45 461 470 980 
3656 461 417 472 973 
3657 470 472 431 991 
3658 980 973 991 961 
3659 461 470 980 973 
3660 461 973 472 470 
3661 470 980 973 991 
3662 470 991 973 472 
3663 423 517 518 989 
3664 517 421 519 987 
3665 518 519 416 992 
3666 989 987 992 961 
3667 517 518 989 987 
3668 517 987 519 518 
3669 518 989 987 992 
3670 518 992 987 519 
3671 420 513 514 985 
3672 513 415 515 990 
3673 514 515 421 987 
3674 985 990 987 961 
3675 513 514 985 990 
3676 513 990 515 514 
3677 514 985 990 987 
3678 514 987 990 515 
3679 418 528 526 984 
3680 528 426 527 988 
3681 526 527 435 971 
3682 984 988 971 961 
3683 528 526 984 988 
3684 528 988 527 526 
3685 526 984 988 971 
3686 526 971 988 527 
3687 430 471 478 979 
3688 471 406 485 993 
3689 478 485 410 975 
3690 979 993 975 961 
3691 471 478 979 993 
3692 471 993 485 478 
3693 478 979 993 975 
3694 478 975 993 485 
3695 407 486 480 967 
3696 486 410 485 975 
3697 480 485 406 993 
3698 967 975 993 961 
3699 486 480 967 975 
3700 486 975 485 480 
3701 480 967 975 993 
3702 480 993 975 485 
3703 408 495 496 974 
3704 495 433 494 994 
3705 496 494 414 968 
3706 974 994 968 961 
3707 495 496 974 994 
3708 495 994 494 496 
3709 496 974 994 968 
3710 496 968 994 494 
3711 406 471 467 993 
3712 471 430 464 979 
3713 467 464 45 980 
3714 993 979 980 961 
3715 471 467 993 979 
3716 471 979 464 467 
3717 467 993 979 980 
3718 467 980 979 464 
3719 431 521 546 991 
3720 521 427 549 976 
3721 546 549 437 995 
3722 991 976 995 961 
3723 521 546 991 976 
3724 521 976 549 546 
3725 546 991 976 995 
3726 546 995 976 549 
3727 408 484 492 974 
3728 484 409 493 996 
3729 492 493 416 992 
3730 974 996 992 961 
3731 484 492 974 996 
3732 484 996 493 492 
3733 492 974 996 992 
3734 492 992 996 493 
3735 428 446 447 997 
3736 446 7 441 981 
3737 447 441 424 982 
3738 997 981 982 961 
3739 446 447 997 981 
3740 446 981 441 447 
3741 447 997 981 982 
3742 447 982 981 441 
3743 408 492 495 974 
3744 492 416 498 992 
3745 495 498 433 994 
3746 974 992 994 961 
3747 492 495 974 992 
3748 492 992 498 495 
3749 495 974 992 994 
3750 495 994 992 498 
3751 433 498 516 994 
3752 498 416 519 992 
3753 516 519 421 987 
3754 994 992 987 961 
3755 498 516 994 992 
3756 498 992 519 516 
3757 516 994 992 987 
3758 516 987 992 519 
3759 414 494 507 968 
3760 494 433 511 994 
3761 507 511 415 990 
3762 968 994 990 961 
3763 494 507 968 994 
3764 494 994 511 507 
3765 507 968 994 990 
3766 507 990 994 511 
3767 436 536 537 998 
3768 536 420 534 985 
3769 537 534 422 986 
3770 998 985 986 961 
3771 536 537 998 985 
3772 536 985 534 537 
3773 537 998 985 986 
3774 537 986 985 534 
3775 425 539 540 999 
3776 539 422 538 986 
3777 540 538 423 989 
3778 999 986 989 961 
3779 539 540 999 986 
3780 539 986 538 540 
3781 540 999 986 989 
3782 540 989 986 538 
3783 428 445 446 997 
3784 445 409 444 996 
3785 446 444 7 981 
3786 997 996 981 961 
3787 445 446 997 996 
3788 445 996 444 446 
3789 446 997 996 981 
3790 446 981 996 444 
3791 408 482 483 974 
3792 482 407 481 967 
3793 483 481 405 1000 
3794 974 967 1000 961 
3795 482 483 974 967 
3796 482 967 481 483 
3797 483 974 967 1000 
3798 483 1000 967 481 
3799 406 467 468 993 
3800 467 45 46 980 
3801 468 46 47 983 
3802 993 980 983 961 
3803 467 468 993 980 
3804 467 980 46 468 
3805 468 993 980 983 
3806 468 983 980 46 
3807 7 440 48 981 
3808 440 405 439 1000 
3809 48 439 47 983 
3810 981 1000 983 961 
3811 440 48 981 1000 
3812 440 1000 439 48 
3813 48 981 1000 983 
3814 48 983 1000 439 
3815 433 516 511 994 
3816 516 421 515 987 
3817 511 515 415 990 
3818 994 987 990 961 
3819 516 511 994 987 
3820 516 987 515 511 
3821 511 994 987 990 
3822 511 990 987 515 
3823 431 546 474 991 
3824 546 437 545 995 
3825 474 545 424 982 
3826 991 995 982 961 
3827 546 474 991 995 
3828 546 995 545 474 
3829 474 991 995 982 
3830 474 982 995 545 
3831 409 484 443 996 
3832 484 408 483 974 
3833 443 483 405 1000 
3834 996 974 1000 961 
3835 484 443 996 974 
3836 484 974 483 443 
3837 443 996 974 1000 
3838 443 1000 974 483 
3839 407 480 481 967 
3840 480 406 473 993 
3841 481 473 405 1000 
3842 967 993 1000 961 
3843 480 481 967 993 
3844 480 993 473 481 
3845 481 967 993 1000 
3846 481 1000 993 473 
3847 416 499 518 992 
3848 499 428 520 997 
3849 518 520 423 989 
3850 992 997 989 961 
3851 499 518 992 997 
3852 499 997 520 518 
3853 518 992 997 989 
3854 518 989 997 520 
3855 422 541 537 986 
3856 541 426 529 988 
3857 537 529 436 998 
3858 986 988 998 961 
3859 541 537 986 988 
3860 541 988 529 537 
3861 537 986 988 998 
3862 537 998 988 529 
3863 428 499 445 997 
3864 499 416 493 992 
3865 445 493 409 996 
3866 997 992 996 961 
3867 499 445 997 992 
3868 499 992 493 445 
3869 445 997 992 996 
3870 445 996 992 493 
3871 426 541 542 988 
3872 541 422 539 986 
3873 542 539 425 999 
3874 988 986 999 961 
3875 541 542 988 986 
3876 541 986 539 542 
3877 542 988 986 999 
3878 542 999 986 539 
3879 405 473 439 1000 
3880 473 406 468 993 
3881 439 468 47 983 
3882 1000 993 983 961 
3883 473 439 1000 993 
3884 473 993 468 439 
3885 439 1000 993 983 
3886 439 983 993 468 
3887 7 444 440 981 
3888 444 409 443 996 
3889 440 443 405 1000 
3890 981 996 1000 961 
3891 444 440 981 996 
3892 444 996 443 440 
3893 440 981 996 1000 
3894 440 1000 996 443 
3895 426 542 547 988 
3896 542 425 548 999 
3897 547 548 427 976 
3898 988 999 976 961 
3899 542 547 988 999 
3900 542 999 548 547 
3901 547 988 999 976 
3902 547 976 999 548 
3903 432 457 458 972 
3904 457 43 42 977 
3905 458 42 41 1001 
3906 972 977 1001 961 
3907 457 458 972 977 
3908 457 977 42 458 
3909 458 972 977 1001 
3910 458 1001 977 42 
3911 437 544 545 995 
3912 544 428 447 997 
3913 545 447 424 982 
3914 995 997 982 961 
3915 544 545 995 997 
3916 544 997 447 545 
3917 545 995 997 982 
3918 545 982 997 447 
3919 426 528 529 988 
3920 528 418 530 984 
3921 529 530 436 998 
3922 988 984 998 961 
3923 528 529 988 984 
3924 528 984 530 529 
3925 529 988 984 998 
3926 529 998 984 530 
3927 428 543 520 997 
3928 543 425 540 999 
3929 520 540 423 989 
3930 997 999 989 961 
3931 543 520 997 999 
3932 543 999 540 520 
3933 520 997 999 989 
3934 520 989 999 540 
3935 41 42 455 1001 
3936 42 43 456 977 
3937 455 456 404 978 
3938 1001 977 978 961 
3939 42 455 1001 977 
3940 42 977 456 455 
3941 455 1001 977 978 
3942 455 978 977 456 
3943 437 549 550 995 
3944 549 427 548 976 
3945 550 548 425 999 
3946 995 976 999 961 
3947 549 550 995 976 
3948 549 976 548 550 
3949 550 995 976 999 
3950 550 999 976 548 
3951 428 544 543 997 
3952 544 437 550 995 
3953 543 550 425 999 
3954 997 995 999 961 
3955 544 543 997 995 
3956 544 995 550 543 
3957 543 997 995 999 
3958 543 999 995 550 
3959 41 448 458 1001 
3960 448 418 460 984 
3961 458 460 432 972 
3962 1001 984 972 961 
3963 448 458 1001 984 
3964 448 984 460 458 
3965 458 1001 984 972 
3966 458 972 984 460 
3967 8 450 453 1002 
3968 450 434 454 963 
3969 453 454 429 964 
3970 1002 963 964 961 
3971 450 453 1002 963 
3972 450 963 454 453 
3973 453 1002 963 964 
3974 453 964 963 454 
3975 413 505 501 969 
3976 505 434 479 963 
3977 501 479 412 970 
3978 969 963 970 961 
3979 505 501 969 963 
3980 505 963 479 501 
3981 501 969 963 970 
3982 501 970 963 479 
3983 434 459 479 963 
3984 459 404 475 978 
3985 479 475 412 970 
3986 963 978 970 961 
3987 459 479 963 978 
3988 459 978 475 479 
3989 479 963 978 970 
3990 479 970 978 475 
3991 8 449 40 1002 
3992 449 418 448 984 
3993 40 448 41 1001 
3994 1002 984 1001 961 
3995 449 40 1002 984 
3996 449 984 448 40 
3997 40 1002 984 1001 
3998 40 1001 984 448 
3999 419 510 508 962 
4000 510 434 505 963 
4001 508 505 413 969 
4002 962 963 969 961 
4003 510 508 962 963 
4004 510 963 505 508 
4005 508 962 963 969 
4006 508 969 963 505 
4007 419 512 532 962 
4008 512 420 533 985 
4009 532 533 429 964 
4010 962 985 964 961 
4011 512 532 962 985 
4012 512 985 533 532 
4013 532 962 985 964 
4014 532 964 985 533 
4015 434 451 459 963 
4016 451 41 455 1001 
4017 459 455 404 978 
4018 963 1001 978 961 
4019 451 459 963 1001 
4020 451 1001 455 459 
4021 459 963 1001 978 
4022 459 978 1001 455 
4023 436 530 531 998 
4024 530 418 452 984 
4025 531 452 429 964 
4026 998 984 964 961 
4027 530 531 998 984 
4028 530 984 452 531 
4029 531 998 984 964 
4030 531 964 984 452 
4031 8 40 450 1002 
4032 40 41 451 1001 
4033 450 451 434 963 
4034 1002 1001 963 961 
4035 40 450 1002 1001 
4036 40 1001 451 450 
4037 450 1002 1001 963 
4038 450 963 1001 451 
4039 436 531 536 998 
4040 531 429 533 964 
4041 536 533 420 985 
4042 998 964 985 961 
4043 531 536 998 964 
4044 531 964 533 536 
4045 536 998 964 985 
4046 536 985 964 533 
4047 8 453 449 1002 
4048 453 429 452 964 
4049 449 452 418 984 
4050 1002 964 984 961 
4051 453 449 1002 964 
4052 453 964 452 449 
4053 449 1002 964 984 
4054 449 984 964 452 
3 5 4 208
4055 552 562 563 582 
4056 562 9 53 1003 
4057 563 53 52 576 
4058 582 1003 576 551 
4059 562 563 582 1003 
4060 562 1003 53 563 
4061 563 582 1003 576 
4062 563 576 1003 53 
4063 561 583 564 1004 
4064 583 555 579 578 
4065 564 579 52 51 
4066 1004 578 51 50 
4067 583 564 1004 578 
4068 583 578 579 564 
4069 564 1004 578 51 
4070 564 51 578 579 
4071 50 51 1004 577 
4072 51 52 564 576 
4073 1004 564 561 1005 
4074 577 576 1005 551 
4075 51 1004 577 576 
4076 51 576 564 1004 
4077 1004 577 576 1005 
4078 1004 1005 576 564 
4079 9 565 53 1003 
4080 565 561 564 1005 
4081 53 564 52 576 
4082 1003 1005 576 551 
4083 565 53 1003 1005 
4084 565 1005 564 53 
4085 53 1003 1005 576 
4086 53 576 1005 564 
4087 10 1006 571 574 
4088 1006 560 595 1007 
4089 571 595 559 575 
4090 574 1007 575 558 
4091 1006 571 574 1007 
4092 1006 1007 595 571 
4093 571 574 1007 575 
4094 571 575 1007 595 
4095 558 1007 575 589 
4096 1007 560 595 593 
4097 575 595 559 594 
4098 589 593 594 554 
4099 1007 575 589 593 
4100 1007 593 595 575 
4101 575 589 593 594 
4102 575 594 593 595 
4103 553 569 1008 580 
4104 569 50 1004 577 
4105 1008 1004 561 1005 
4106 580 577 1005 551 
4107 569 1008 580 577 
4108 569 577 1004 1008 
4109 1008 580 577 1005 
4110 1008 1005 577 1004 
4111 553 1008 569 570 
4112 1008 561 1004 1009 
4113 569 1004 50 49 
4114 570 1009 49 10 
4115 1008 569 570 1009 
4116 1008 1009 1004 569 
4117 569 570 1009 49 
4118 569 49 1009 1004 
4119 9 1010 565 1003 
4120 1010 553 1008 580 
4121 565 1008 561 1005 
4122 1003 580 1005 551 
4123 1010 565 1003 580 
4124 1010 580 1008 565 
4125 565 1003 580 1005 
4126 565 1005 580 1008 
4127 9 565 1010 1011 
4128 565 561 1008 1009 
4129 1010 1008 553 570 
4130 1011 1009 570 10 
4131 565 1010 1011 1009 
4132 565 1009 1008 1010 
4133 1010 1011 1009 570 
4134 1010 570 1009 1008 
4135 557 590 1012 587 
4136 590 558 573 588 
4137 1012 573 553 586 
4138 587 588 586 556 
4139 590 1012 587 588 
4140 590 588 573 1012 
4141 1012 587 588 586 
4142 1012 586 588 573 
4143 552 567 582 584 
4144 567 557 1013 587 
4145 582 1013 551 585 
4146 584 587 585 556 
4147 567 582 584 587 
4148 567 587 1013 582 
4149 582 584 587 585 
4150 582 585 587 1013 
4151 552 582 567 562 
4152 582 551 1013 1003 
4153 567 1013 557 566 
4154 562 1003 566 9 
4155 582 567 562 1003 
4156 582 1003 1013 567 
4157 567 562 1003 566 
4158 567 566 1003 1013 
4159 553 580 1012 586 
4160 580 551 1013 585 
4161 1012 1013 557 587 
4162 586 585 587 556 
4163 580 1012 586 585 
4164 580 585 1013 1012 
4165 1012 586 585 587 
4166 1012 587 585 1013 
4167 553 1012 580 1010 
4168 1012 557 1013 566 
4169 580 1013 551 1003 
4170 1010 566 1003 9 
4171 1012 580 1010 566 
4172 1012 566 1013 580 
4173 580 1010 566 1003 
4174 580 1003 566 1013 
4175 560 1006 1014 597 
4176 1006 10 49 1009 
4177 1014 49 50 1004 
4178 597 1009 1004 561 
4179 1006 1014 597 1009 
4180 1006 1009 49 1014 
4181 1014 597 1009 1004 
4182 1014 1004 1009 49 
4183 50 49 1014 572 
4184 49 10 1006 571 
4185 1014 1006 560 595 
4186 572 571 595 559 
4187 49 1014 572 571 
4188 49 571 1006 1014 
4189 1014 572 571 595 
4190 1014 595 571 1006 
4191 50 578 1014 1004 
4192 578 555 596 583 
4193 1014 596 560 597 
4194 1004 583 597 561 
4195 578 1014 1004 583 
4196 578 583 596 1014 
4197 1014 1004 583 597 
4198 1014 597 583 596 
4199 560 596 1014 595 
4200 596 555 578 581 
4201 1014 578 50 572 
4202 595 581 572 559 
4203 596 1014 595 581 
4204 596 581 578 1014 
4205 1014 595 581 572 
4206 1014 572 581 578 
4207 560 1007 592 593 
4208 1007 558 590 589 
4209 592 590 557 591 
4210 593 589 591 554 
4211 1007 592 593 589 
4212 1007 589 590 592 
4213 592 593 589 591 
4214 592 591 589 590 
4215 560 1007 597 592 
4216 1007 558 1015 590 
4217 597 1015 561 568 
4218 592 590 568 557 
4219 1007 597 592 590 
4220 1007 590 1015 597 
4221 597 592 590 568 
4222 597 568 590 1015 
4223 561 1015 597 1009 
4224 1015 558 1007 574 
4225 597 1007 560 1006 
4226 1009 574 1006 10 
4227 1015 597 1009 574 
4228 1015 574 1007 597 
4229 597 1009 574 1006 
4230 597 1006 574 1007 
4231 558 1016 1015 590 
4232 1016 9 565 566 
4233 1015 565 561 568 
4234 590 566 568 557 
4235 1016 1015 590 566 
4236 1016 566 565 1015 
4237 1015 590 566 568 
4238 1015 568 566 565 
4239 561 565 1015 1009 
4240 565 9 1016 1011 
4241 1015 1016 558 574 
4242 1009 1011 574 10 
4243 565 1015 1009 1011 
4244 565 1011 1016 1015 
4245 1015 1009 1011 574 
4246 1015 574 1011 1016 
4247 558 573 1016 590 
4248 573 553 1010 1012 
4249 1016 1010 9 566 
4250 590 1012 566 557 
4251 573 1016 590 1012 
4252 573 1012 1010 1016 
4253 1016 590 1012 566 
4254 1016 566 1012 1010 
4255 9 1010 1016 1011 
4256 1010 553 573 570 
4257 1016 573 558 574 
4258 1011 570 574 10 
4259 1010 1016 1011 570 
4260 1010 570 573 1016 
4261 1016 1011 570 574 
4262 1016 574 570 573 
3 6 4 384
4263 598 620 623 1018 
4264 620 11 624 1020 
4265 623 624 603 1019 
4266 1018 1020 1019 1017 
4267 620 623 1018 1020 
4268 620 1020 624 623 
4269 623 1018 1020 1019 
4270 623 1019 1020 624 
4271 599 650 653 1021 
4272 650 617 654 1023 
4273 653 654 611 1022 
4274 1021 1023 1022 1017 
4275 650 653 1021 1023 
4276 650 1023 654 653 
4277 653 1021 1023 1022 
4278 653 1022 1023 654 
4279 610 664 684 1024 
4280 664 618 675 1026 
4281 684 675 613 1025 
4282 1024 1026 1025 1017 
4283 664 684 1024 1026 
4284 664 1026 675 684 
4285 684 1024 1026 1025 
4286 684 1025 1026 675 
4287 618 663 675 1026 
4288 663 605 671 1027 
4289 675 671 613 1025 
4290 1026 1027 1025 1017 
4291 663 675 1026 1027 
4292 663 1027 671 675 
4293 675 1026 1027 1025 
4294 675 1025 1027 671 
4295 617 650 651 1023 
4296 650 599 642 1021 
4297 651 642 600 1028 
4298 1023 1021 1028 1017 
4299 650 651 1023 1021 
4300 650 1021 642 651 
4301 651 1023 1021 1028 
4302 651 1028 1021 642 
4303 602 660 662 1029 
4304 660 605 663 1027 
4305 662 663 618 1026 
4306 1029 1027 1026 1017 
4307 660 662 1029 1027 
4308 660 1027 663 662 
4309 662 1029 1027 1026 
4310 662 1026 1027 663 
4311 610 657 664 1024 
4312 657 602 662 1029 
4313 664 662 618 1026 
4314 1024 1029 1026 1017 
4315 657 664 1024 1029 
4316 657 1029 662 664 
4317 664 1024 1029 1026 
4318 664 1026 1029 662 
4319 611 659 681 1022 
4320 659 610 682 1024 
4321 681 682 612 1030 
4322 1022 1024 1030 1017 
4323 659 681 1022 1024 
4324 659 1024 682 681 
4325 681 1022 1024 1030 
4326 681 1030 1024 682 
4327 612 682 683 1030 
4328 682 610 684 1024 
4329 683 684 613 1025 
4330 1030 1024 1025 1017 
4331 682 683 1030 1024 
4332 682 1024 684 683 
4333 683 1030 1024 1025 
4334 683 1025 1024 684 
4335 601 658 655 1031 
4336 658 611 654 1022 
4337 655 654 617 1023 
4338 1031 1022 1023 1017 
4339 658 655 1031 1022 
4340 658 1022 654 655 
4341 655 1031 1022 1023 
4342 655 1023 1022 654 
4343 600 645 651 1028 
4344 645 601 655 1031 
4345 651 655 617 1023 
4346 1028 1031 1023 1017 
4347 645 651 1028 1031 
4348 645 1031 655 651 
4349 651 1028 1031 1023 
4350 651 1023 1031 655 
4351 610 656 657 1024 
4352 656 601 647 1031 
4353 657 647 602 1029 
4354 1024 1031 1029 1017 
4355 656 657 1024 1031 
4356 656 1031 647 657 
4357 657 1024 1031 1029 
4358 657 1029 1031 647 
4359 611 658 659 1022 
4360 658 601 656 1031 
4361 659 656 610 1024 
4362 1022 1031 1024 1017 
4363 658 659 1022 1031 
4364 658 1031 656 659 
4365 659 1022 1031 1024 
4366 659 1024 1031 656 
4367 613 671 672 1025 
4368 671 605 673 1027 
4369 672 673 609 1032 
4370 1025 1027 1032 1017 
4371 671 672 1025 1027 
4372 671 1027 673 672 
4373 672 1025 1027 1032 
4374 672 1032 1027 673 
4375 59 640 58 1033 
4376 640 600 639 1028 
4377 58 639 57 1034 
4378 1033 1028 1034 1017 
4379 640 58 1033 1028 
4380 640 1028 639 58 
4381 58 1033 1028 1034 
4382 58 1034 1028 639 
4383 57 639 634 1034 
4384 639 600 642 1028 
4385 634 642 599 1021 
4386 1034 1028 1021 1017 
4387 639 634 1034 1028 
4388 639 1028 642 634 
4389 634 1034 1028 1021 
4390 634 1021 1028 642 
4391 608 676 638 1035 
4392 676 607 669 1037 
4393 638 669 606 1036 
4394 1035 1037 1036 1017 
4395 676 638 1035 1037 
4396 676 1037 669 638 
4397 638 1035 1037 1036 
4398 638 1036 1037 669 
4399 614 632 686 1038 
4400 632 616 685 1039 
4401 686 685 612 1030 
4402 1038 1039 1030 1017 
4403 632 686 1038 1039 
4404 632 1039 685 686 
4405 686 1038 1039 1030 
4406 686 1030 1039 685 
4407 608 638 626 1035 
4408 638 606 636 1036 
4409 626 636 55 1040 
4410 1035 1036 1040 1017 
4411 638 626 1035 1036 
4412 638 1036 636 626 
4413 626 1035 1036 1040 
4414 626 1040 1036 636 
4415 59 622 60 1033 
4416 622 604 621 1041 
4417 60 621 11 1020 
4418 1033 1041 1020 1017 
4419 622 60 1033 1041 
4420 622 1041 621 60 
4421 60 1033 1041 1020 
4422 60 1020 1041 621 
4423 609 677 678 1032 
4424 677 607 676 1037 
4425 678 676 608 1035 
4426 1032 1037 1035 1017 
4427 677 678 1032 1037 
4428 677 1037 676 678 
4429 678 1032 1037 1035 
4430 678 1035 1037 676 
4431 59 58 622 1033 
4432 58 57 641 1034 
4433 622 641 604 1041 
4434 1033 1034 1041 1017 
4435 58 622 1033 1034 
4436 58 1034 641 622 
4437 622 1033 1034 1041 
4438 622 1041 1034 641 
4439 607 668 669 1037 
4440 668 604 643 1041 
4441 669 643 606 1036 
4442 1037 1041 1036 1017 
4443 668 669 1037 1041 
4444 668 1041 643 669 
4445 669 1037 1041 1036 
4446 669 1036 1041 643 
4447 607 670 668 1037 
4448 670 615 666 1042 
4449 668 666 604 1041 
4450 1037 1042 1041 1017 
4451 670 668 1037 1042 
4452 670 1042 666 668 
4453 668 1037 1042 1041 
4454 668 1041 1042 666 
4455 12 627 54 1043 
4456 627 608 626 1035 
4457 54 626 55 1040 
4458 1043 1035 1040 1017 
4459 627 54 1043 1035 
4460 627 1035 626 54 
4461 54 1043 1035 1040 
4462 54 1040 1035 626 
4463 57 635 641 1034 
4464 635 606 643 1036 
4465 641 643 604 1041 
4466 1034 1036 1041 1017 
4467 635 641 1034 1036 
4468 635 1036 643 641 
4469 641 1034 1036 1041 
4470 641 1041 1036 643 
4471 614 631 632 1038 
4472 631 12 628 1043 
4473 632 628 616 1039 
4474 1038 1043 1039 1017 
4475 631 632 1038 1043 
4476 631 1043 628 632 
4477 632 1038 1043 1039 
4478 632 1039 1043 628 
4479 609 674 677 1032 
4480 674 615 670 1042 
4481 677 670 607 1037 
4482 1032 1042 1037 1017 
4483 674 677 1032 1042 
4484 674 1042 670 677 
4485 677 1032 1042 1037 
4486 677 1037 1042 670 
4487 614 686 680 1038 
4488 686 612 683 1030 
4489 680 683 613 1025 
4490 1038 1030 1025 1017 
4491 686 680 1038 1030 
4492 686 1030 683 680 
4493 680 1038 1030 1025 
4494 680 1025 1030 683 
4495 59 619 640 1033 
4496 619 598 644 1018 
4497 640 644 600 1028 
4498 1033 1018 1028 1017 
4499 619 640 1033 1018 
4500 619 1018 644 640 
4501 640 1033 1018 1028 
4502 640 1028 1018 644 
4503 613 672 680 1025 
4504 672 609 679 1032 
4505 680 679 614 1038 
4506 1025 1032 1038 1017 
4507 672 680 1025 1032 
4508 672 1032 679 680 
4509 680 1025 1032 1038 
4510 680 1038 1032 679 
4511 605 667 673 1027 
4512 667 615 674 1042 
4513 673 674 609 1032 
4514 1027 1042 1032 1017 
4515 667 673 1027 1042 
4516 667 1042 674 673 
4517 673 1027 1042 1032 
4518 673 1032 1042 674 
4519 55 636 56 1040 
4520 636 606 635 1036 
4521 56 635 57 1034 
4522 1040 1036 1034 1017 
4523 636 56 1040 1036 
4524 636 1036 635 56 
4525 56 1040 1036 1034 
4526 56 1034 1036 635 
4527 598 648 646 1018 
4528 648 602 647 1029 
4529 646 647 601 1031 
4530 1018 1029 1031 1017 
4531 648 646 1018 1029 
4532 648 1029 647 646 
4533 646 1018 1029 1031 
4534 646 1031 1029 647 
4535 598 623 648 1018 
4536 623 603 649 1019 
4537 648 649 602 1029 
4538 1018 1019 1029 1017 
4539 623 648 1018 1019 
4540 623 1019 649 648 
4541 648 1018 1019 1029 
4542 648 1029 1019 649 
4543 616 637 652 1039 
4544 637 599 653 1021 
4545 652 653 611 1022 
4546 1039 1021 1022 1017 
4547 637 652 1039 1021 
4548 637 1021 653 652 
4549 652 1039 1021 1022 
4550 652 1022 1021 653 
4551 616 652 685 1039 
4552 652 611 681 1022 
4553 685 681 612 1030 
4554 1039 1022 1030 1017 
4555 652 685 1039 1022 
4556 652 1022 681 685 
4557 685 1039 1022 1030 
4558 685 1030 1022 681 
4559 11 621 624 1020 
4560 621 604 625 1041 
4561 624 625 603 1019 
4562 1020 1041 1019 1017 
4563 621 624 1020 1041 
4564 621 1041 625 624 
4565 624 1020 1041 1019 
4566 624 1019 1041 625 
4567 599 633 634 1021 
4568 633 55 56 1040 
4569 634 56 57 1034 
4570 1021 1040 1034 1017 
4571 633 634 1021 1040 
4572 633 1040 56 634 
4573 634 1021 1040 1034 
4574 634 1034 1040 56 
4575 603 661 649 1019 
4576 661 605 660 1027 
4577 649 660 602 1029 
4578 1019 1027 1029 1017 
4579 661 649 1019 1027 
4580 661 1027 660 649 
4581 649 1019 1027 1029 
4582 649 1029 1027 660 
4583 616 629 637 1039 
4584 629 55 633 1040 
4585 637 633 599 1021 
4586 1039 1040 1021 1017 
4587 629 637 1039 1040 
4588 629 1040 633 637 
4589 637 1039 1040 1021 
4590 637 1021 1040 633 
4591 616 628 629 1039 
4592 628 12 54 1043 
4593 629 54 55 1040 
4594 1039 1043 1040 1017 
4595 628 629 1039 1043 
4596 628 1043 54 629 
4597 629 1039 1043 1040 
4598 629 1040 1043 54 
4599 600 644 645 1028 
4600 644 598 646 1018 
4601 645 646 601 1031 
4602 1028 1018 1031 1017 
4603 644 645 1028 1018 
4604 644 1018 646 645 
4605 645 1028 1018 1031 
4606 645 1031 1018 646 
4607 603 625 665 1019 
4608 625 604 666 1041 
4609 665 666 615 1042 
4610 1019 1041 1042 1017 
4611 625 665 1019 1041 
4612 625 1041 666 665 
4613 665 1019 1041 1042 
4614 665 1042 1041 666 
4615 609 678 679 1032 
4616 678 608 630 1035 
4617 679 630 614 1038 
4618 1032 1035 1038 1017 
4619 678 679 1032 1035 
4620 678 1035 630 679 
4621 679 1032 1035 1038 
4622 679 1038 1035 630 
4623 59 60 619 1033 
4624 60 11 620 1020 
4625 619 620 598 1018 
4626 1033 1020 1018 1017 
4627 60 619 1033 1020 
4628 60 1020 620 619 
4629 619 1033 1020 1018 
4630 619 1018 1020 620 
4631 603 665 661 1019 
4632 665 615 667 1042 
4633 661 667 605 1027 
4634 1019 1042 1027 1017 
4635 665 661 1019 1042 
4636 665 1042 667 661 
4637 661 1019 1042 1027 
4638 661 1027 1042 667 
4639 12 631 627 1043 
4640 631 614 630 1038 
4641 627 630 608 1035 
4642 1043 1038 1035 1017 
4643 631 627 1043 1038 
4644 631 1038 630 627 
4645 627 1043 1038 1035 
4646 627 1035 1038 630 
3 7 4 224
4647 14 713 709 1045 
4648 713 691 712 1047 
4649 709 712 690 1046 
4650 1045 1047 1046 1044 
4651 713 709 1045 1047 
4652 713 1047 712 709 
4653 709 1045 1047 1046 
4654 709 1046 1047 712 
4655 692 701 702 1048 
4656 701 64 65 1050 
4657 702 65 13 1049 
4658 1048 1050 1049 1044 
4659 701 702 1048 1050 
4660 701 1050 65 702 
4661 702 1048 1050 1049 
4662 702 1049 1050 65 
4663 698 718 722 1051 
4664 718 64 701 1050 
4665 722 701 692 1048 
4666 1051 1050 1048 1044 
4667 718 722 1051 1050 
4668 718 1050 701 722 
4669 722 1051 1050 1048 
4670 722 1048 1050 701 
4671 691 730 712 1047 
4672 730 693 728 1052 
4673 712 728 690 1046 
4674 1047 1052 1046 1044 
4675 730 712 1047 1052 
4676 730 1052 728 712 
4677 712 1047 1052 1046 
4678 712 1046 1052 728 
4679 693 729 727 1052 
4680 729 694 725 1054 
4681 727 725 689 1053 
4682 1052 1054 1053 1044 
4683 729 727 1052 1054 
4684 729 1054 725 727 
4685 727 1052 1054 1053 
4686 727 1053 1054 725 
4687 692 702 705 1048 
4688 702 13 706 1049 
4689 705 706 696 1055 
4690 1048 1049 1055 1044 
4691 702 705 1048 1049 
4692 702 1049 706 705 
4693 705 1048 1049 1055 
4694 705 1055 1049 706 
4695 694 704 725 1054 
4696 704 687 723 1056 
4697 725 723 689 1053 
4698 1054 1056 1053 1044 
4699 704 725 1054 1056 
4700 704 1056 723 725 
4701 725 1054 1056 1053 
4702 725 1053 1056 723 
4703 13 65 699 1049 
4704 65 64 700 1050 
4705 699 700 687 1056 
4706 1049 1050 1056 1044 
4707 65 699 1049 1050 
4708 65 1050 700 699 
4709 699 1049 1050 1056 
4710 699 1056 1050 700 
4711 688 721 715 1057 
4712 721 687 700 1056 
4713 715 700 64 1050 
4714 1057 1056 1050 1044 
4715 721 715 1057 1056 
4716 721 1056 700 715 
4717 715 1057 1056 1050 
4718 715 1050 1056 700 
4719 688 715 716 1057 
4720 715 64 63 1050 
4721 716 63 62 1058 
4722 1057 1050 1058 1044 
4723 715 716 1057 1050 
4724 715 1050 63 716 
4725 716 1057 1050 1058 
4726 716 1058 1050 63 
4727 694 703 704 1054 
4728 703 13 699 1049 
4729 704 699 687 1056 
4730 1054 1049 1056 1044 
4731 703 704 1054 1049 
4732 703 1049 699 704 
4733 704 1054 1049 1056 
4734 704 1056 1049 699 
4735 697 733 737 1059 
4736 733 695 734 1060 
4737 737 734 696 1055 
4738 1059 1060 1055 1044 
4739 733 737 1059 1060 
4740 733 1060 734 737 
4741 737 1059 1060 1055 
4742 737 1055 1060 734 
4743 696 706 707 1055 
4744 706 13 703 1049 
4745 707 703 694 1054 
4746 1055 1049 1054 1044 
4747 706 707 1055 1049 
4748 706 1049 703 707 
4749 707 1055 1049 1054 
4750 707 1054 1049 703 
4751 62 63 717 1058 
4752 63 64 718 1050 
4753 717 718 698 1051 
4754 1058 1050 1051 1044 
4755 63 717 1058 1050 
4756 63 1050 718 717 
4757 717 1058 1050 1051 
4758 717 1051 1050 718 
4759 695 711 720 1060 
4760 711 62 717 1058 
4761 720 717 698 1051 
4762 1060 1058 1051 1044 
4763 711 720 1060 1058 
4764 711 1058 717 720 
4765 720 1060 1058 1051 
4766 720 1051 1058 717 
4767 688 716 719 1057 
4768 716 62 708 1058 
4769 719 708 690 1046 
4770 1057 1058 1046 1044 
4771 716 719 1057 1058 
4772 716 1058 708 719 
4773 719 1057 1058 1046 
4774 719 1046 1058 708 
4775 695 710 711 1060 
4776 710 14 61 1045 
4777 711 61 62 1058 
4778 1060 1045 1058 1044 
4779 710 711 1060 1045 
4780 710 1045 61 711 
4781 711 1060 1045 1058 
4782 711 1058 1045 61 
4783 692 735 722 1048 
4784 735 695 720 1060 
4785 722 720 698 1051 
4786 1048 1060 1051 1044 
4787 735 722 1048 1060 
4788 735 1060 720 722 
4789 722 1048 1060 1051 
4790 722 1051 1060 720 
4791 692 705 735 1048 
4792 705 696 734 1055 
4793 735 734 695 1060 
4794 1048 1055 1060 1044 
4795 705 735 1048 1055 
4796 705 1055 734 735 
4797 735 1048 1055 1060 
4798 735 1060 1055 734 
4799 688 724 721 1057 
4800 724 689 723 1053 
4801 721 723 687 1056 
4802 1057 1053 1056 1044 
4803 724 721 1057 1053 
4804 724 1053 723 721 
4805 721 1057 1053 1056 
4806 721 1056 1053 723 
4807 697 736 731 1059 
4808 736 694 729 1054 
4809 731 729 693 1052 
4810 1059 1054 1052 1044 
4811 736 731 1059 1054 
4812 736 1054 729 731 
4813 731 1059 1054 1052 
4814 731 1052 1054 729 
4815 14 709 61 1045 
4816 709 690 708 1046 
4817 61 708 62 1058 
4818 1045 1046 1058 1044 
4819 709 61 1045 1046 
4820 709 1046 708 61 
4821 61 1045 1046 1058 
4822 61 1058 1046 708 
4823 697 737 736 1059 
4824 737 696 707 1055 
4825 736 707 694 1054 
4826 1059 1055 1054 1044 
4827 737 736 1059 1055 
4828 737 1055 707 736 
4829 736 1059 1055 1054 
4830 736 1054 1055 707 
4831 697 732 733 1059 
4832 732 691 714 1047 
4833 733 714 695 1060 
4834 1059 1047 1060 1044 
4835 732 733 1059 1047 
4836 732 1047 714 733 
4837 733 1059 1047 1060 
4838 733 1060 1047 714 
4839 690 728 726 1046 
4840 728 693 727 1052 
4841 726 727 689 1053 
4842 1046 1052 1053 1044 
4843 728 726 1046 1052 
4844 728 1052 727 726 
4845 726 1046 1052 1053 
4846 726 1053 1052 727 
4847 691 713 714 1047 
4848 713 14 710 1045 
4849 714 710 695 1060 
4850 1047 1045 1060 1044 
4851 713 714 1047 1045 
4852 713 1045 710 714 
4853 714 1047 1045 1060 
4854 714 1060 1045 710 
4855 688 719 724 1057 
4856 719 690 726 1046 
4857 724 726 689 1053 
4858 1057 1046 1053 1044 
4859 719 724 1057 1046 
4860 719 1046 726 724 
4861 724 1057 1046 1053 
4862 724 1053 1046 726 
4863 691 732 730 1047 
4864 732 697 731 1059 
4865 730 731 693 1052 
4866 1047 1059 1052 1044 
4867 732 730 1047 1059 
4868 732 1059 731 730 
4869 730 1047 1059 1052 
4870 730 1052 1059 731 
3 8 4 224
4871 15 753 70 1062 
4872 753 743 752 1064 
4873 70 752 69 1063 
4874 1062 1064 1063 1061 
4875 753 70 1062 1064 
4876 753 1064 752 70 
4877 70 1062 1064 1063 
4878 70 1063 1064 752 
4879 16 764 760 1065 
4880 764 742 763 1067 
4881 760 763 741 1066 
4882 1065 1067 1066 1061 
4883 764 760 1065 1067 
4884 764 1067 763 760 
4885 760 1065 1067 1066 
4886 760 1066 1067 763 
4887 749 769 773 1068 
4888 769 69 752 1063 
4889 773 752 743 1064 
4890 1068 1063 1064 1061 
4891 769 773 1068 1063 
4892 769 1063 752 773 
4893 773 1068 1063 1064 
4894 773 1064 1063 752 
4895 742 781 763 1067 
4896 781 744 779 1069 
4897 763 779 741 1066 
4898 1067 1069 1066 1061 
4899 781 763 1067 1069 
4900 781 1069 779 763 
4901 763 1067 1069 1066 
4902 763 1066 1069 779 
4903 744 780 778 1069 
4904 780 745 776 1071 
4905 778 776 740 1070 
4906 1069 1071 1070 1061 
4907 780 778 1069 1071 
4908 780 1071 776 778 
4909 778 1069 1071 1070 
4910 778 1070 1071 776 
4911 747 756 757 1072 
4912 756 743 753 1064 
4913 757 753 15 1062 
4914 1072 1064 1062 1061 
4915 756 757 1072 1064 
4916 756 1064 753 757 
4917 757 1072 1064 1062 
4918 757 1062 1064 753 
4919 738 774 755 1073 
4920 774 740 776 1070 
4921 755 776 745 1071 
4922 1073 1070 1071 1061 
4923 774 755 1073 1070 
4924 774 1070 776 755 
4925 755 1073 1070 1071 
4926 755 1071 1070 776 
4927 15 70 750 1062 
4928 70 69 751 1063 
4929 750 751 738 1073 
4930 1062 1063 1073 1061 
4931 70 750 1062 1063 
4932 70 1063 751 750 
4933 750 1062 1063 1073 
4934 750 1073 1063 751 
4935 738 751 772 1073 
4936 751 69 766 1063 
4937 772 766 739 1074 
4938 1073 1063 1074 1061 
4939 751 772 1073 1063 
4940 751 1063 766 772 
4941 772 1073 1063 1074 
4942 772 1074 1063 766 
4943 739 766 767 1074 
4944 766 69 68 1063 
4945 767 68 67 1075 
4946 1074 1063 1075 1061 
4947 766 767 1074 1063 
4948 766 1063 68 767 
4949 767 1074 1063 1075 
4950 767 1075 1063 68 
4951 738 755 750 1073 
4952 755 745 754 1071 
4953 750 754 15 1062 
4954 1073 1071 1062 1061 
4955 755 750 1073 1071 
4956 755 1071 754 750 
4957 750 1073 1071 1062 
4958 750 1062 1071 754 
4959 746 785 784 1076 
4960 785 747 788 1072 
4961 784 788 748 1077 
4962 1076 1072 1077 1061 
4963 785 784 1076 1072 
4964 785 1072 788 784 
4965 784 1076 1072 1077 
4966 784 1077 1072 788 
4967 745 758 754 1071 
4968 758 747 757 1072 
4969 754 757 15 1062 
4970 1071 1072 1062 1061 
4971 758 754 1071 1072 
4972 758 1072 757 754 
4973 754 1071 1072 1062 
4974 754 1062 1072 757 
4975 749 768 769 1068 
4976 768 67 68 1075 
4977 769 68 69 1063 
4978 1068 1075 1063 1061 
4979 768 769 1068 1075 
4980 768 1075 68 769 
4981 769 1068 1075 1063 
4982 769 1063 1075 68 
4983 746 762 771 1076 
4984 762 67 768 1075 
4985 771 768 749 1068 
4986 1076 1075 1068 1061 
4987 762 771 1076 1075 
4988 762 1075 768 771 
4989 771 1076 1075 1068 
4990 771 1068 1075 768 
4991 67 759 767 1075 
4992 759 741 770 1066 
4993 767 770 739 1074 
4994 1075 1066 1074 1061 
4995 759 767 1075 1066 
4996 759 1066 770 767 
4997 767 1075 1066 1074 
4998 767 1074 1066 770 
4999 746 761 762 1076 
5000 761 16 66 1065 
5001 762 66 67 1075 
5002 1076 1065 1075 1061 
5003 761 762 1076 1065 
5004 761 1065 66 762 
5005 762 1076 1065 1075 
5006 762 1075 1065 66 
5007 746 771 786 1076 
5008 771 749 773 1068 
5009 786 773 743 1064 
5010 1076 1068 1064 1061 
5011 771 786 1076 1068 
5012 771 1068 773 786 
5013 786 1076 1068 1064 
5014 786 1064 1068 773 
5015 746 786 785 1076 
5016 786 743 756 1064 
5017 785 756 747 1072 
5018 1076 1064 1072 1061 
5019 786 785 1076 1064 
5020 786 1064 756 785 
5021 785 1076 1064 1072 
5022 785 1072 1064 756 
5023 738 772 774 1073 
5024 772 739 775 1074 
5025 774 775 740 1070 
5026 1073 1074 1070 1061 
5027 772 774 1073 1074 
5028 772 1074 775 774 
5029 774 1073 1074 1070 
5030 774 1070 1074 775 
5031 748 787 782 1077 
5032 787 745 780 1071 
5033 782 780 744 1069 
5034 1077 1071 1069 1061 
5035 787 782 1077 1071 
5036 787 1071 780 782 
5037 782 1077 1071 1069 
5038 782 1069 1071 780 
5039 67 66 759 1075 
5040 66 16 760 1065 
5041 759 760 741 1066 
5042 1075 1065 1066 1061 
5043 66 759 1075 1065 
5044 66 1065 760 759 
5045 759 1075 1065 1066 
5046 759 1066 1065 760 
5047 747 758 788 1072 
5048 758 745 787 1071 
5049 788 787 748 1077 
5050 1072 1071 1077 1061 
5051 758 788 1072 1071 
5052 758 1071 787 788 
5053 788 1072 1071 1077 
5054 788 1077 1071 787 
5055 742 765 783 1067 
5056 765 746 784 1076 
5057 783 784 748 1077 
5058 1067 1076 1077 1061 
5059 765 783 1067 1076 
5060 765 1076 784 783 
5061 783 1067 1076 1077 
5062 783 1077 1076 784 
5063 740 777 778 1070 
5064 777 741 779 1066 
5065 778 779 744 1069 
5066 1070 1066 1069 1061 
5067 777 778 1070 1066 
5068 777 1066 779 778 
5069 778 1070 1066 1069 
5070 778 1069 1066 779 
5071 742 764 765 1067 
5072 764 16 761 1065 
5073 765 761 746 1076 
5074 1067 1065 1076 1061 
5075 764 765 1067 1065 
5076 764 1065 761 765 
5077 765 1067 1065 1076 
5078 765 1076 1065 761 
5079 740 775 777 1070 
5080 775 739 770 1074 
5081 777 770 741 1066 
5082 1070 1074 1066 1061 
5083 775 777 1070 1074 
5084 775 1074 770 777 
5085 777 1070 1074 1066 
5086 777 1066 1074 770 
5087 742 783 781 1067 
5088 783 748 782 1077 
5089 781 782 744 1069 
5090 1067 1077 1069 1061 
5091 783 781 1067 1077 
5092 783 1077 782 781 
5093 781 1067 1077 1069 
5094 781 1069 1077 782 
3 9 4 72
5095 18 84 71 1078 
5096 84 83 791 794 
5097 71 791 17 793 
5098 1078 794 793 789 
5099 84 71 1078 794 
5100 84 794 791 71 
5101 71 1078 794 793 
5102 71 793 794 791 
5103 73 72 790 792 
5104 72 18 71 1078 
5105 790 71 17 793 
5106 792 1078 793 789 
5107 72 790 792 1078 
5108 72 1078 71 790 
5109 790 792 1078 793 
5110 790 793 1078 71 
5111 789 1078 794 1079 
5112 1078 18 84 800 
5113 794 84 83 802 
5114 1079 800 802 799 
5115 1078 794 1079 800 
5116 1078 800 84 794 
5117 794 1079 800 802 
5118 794 802 800 84 
5119 789 792 1078 1079 
5120 792 73 72 801 
5121 1078 72 18 800 
5122 1079 801 800 799 
5123 792 1078 1079 801 
5124 792 801 72 1078 
5125 1078 1079 801 800 
5126 1078 800 801 72 
5127 789 794 798 1079 
5128 794 83 82 802 
5129 798 82 81 806 
5130 1079 802 806 799 
5131 794 798 1079 802 
5132 794 802 82 798 
5133 798 1079 802 806 
5134 798 806 802 82 
5135 789 792 1079 795 
5136 792 73 801 74 
5137 1079 801 799 803 
5138 795 74 803 75 
5139 792 1079 795 74 
5140 792 74 801 1079 
5141 1079 795 74 803 
5142 1079 803 74 801 
5143 81 80 798 806 
5144 80 79 797 805 
5145 798 797 789 1079 
5146 806 805 1079 799 
5147 80 798 806 805 
5148 80 805 797 798 
5149 798 806 805 1079 
5150 798 1079 805 797 
5151 799 804 1079 803 
5152 804 77 796 76 
5153 1079 796 789 795 
5154 803 76 795 75 
5155 804 1079 803 76 
5156 804 76 796 1079 
5157 1079 803 76 795 
5158 1079 795 76 796 
5159 77 796 78 804 
5160 796 789 797 1079 
5161 78 797 79 805 
5162 804 1079 805 799 
5163 796 78 804 1079 
5164 796 1079 797 78 
5165 78 804 1079 805 
5166 78 805 1079 797 
$EndElements
