solid Created by Gmsh
facet normal 0.380866 0.0973358 0.919493
  outer loop
    vertex 4.999999999999982 -1.224646799147349e-15 8.660254037844396
    vertex 3.220614632641895 2.490929586867312 9.133614354749271
    vertex 2.588190451025199 -6.339238302863508e-16 9.659258262890685
  endloop
endfacet
facet normal 0.197394 0.15418 0.968124
  outer loop
    vertex 3.220614632641895 2.490929586867312 9.133614354749271
    vertex 0.5849738434570984 2.45046718630206 9.67744884622636
    vertex 2.588190451025199 -6.339238302863508e-16 9.659258262890685
  endloop
endfacet
facet normal 0.185293 0.337035 0.923079
  outer loop
    vertex 3.220614632641895 2.490929586867312 9.133614354749271
    vertex 1.132210889287299 4.742854168958886 8.730603234265578
    vertex 0.5849738434570984 2.45046718630206 9.67744884622636
  endloop
endfacet
facet normal 0.129887 0.0988566 0.986588
  outer loop
    vertex 2.588190451025199 -6.339238302863508e-16 9.659258262890685
    vertex 0.5849738434570984 2.45046718630206 9.67744884622636
    vertex 6.123233995736766e-16 -1.499759782661858e-31 10
  endloop
endfacet
facet normal 0.129284 -0.137646 0.982008
  outer loop
    vertex 6.123233995736766e-16 -1.499759782661858e-31 10
    vertex 0.5359327207560975 -3.085583646802923 9.496944228403436
    vertex 2.588190451025199 -6.339238302863508e-16 9.659258262890685
  endloop
endfacet
facet normal 0.19882 -0.182886 0.96282
  outer loop
    vertex 0.5359327207560975 -3.085583646802923 9.496944228403436
    vertex 3.219448553775675 -3.135339033434064 8.933353242484955
    vertex 2.588190451025199 -6.339238302863508e-16 9.659258262890685
  endloop
endfacet
facet normal 0.177513 -0.433512 0.883491
  outer loop
    vertex 0.5359327207560975 -3.085583646802923 9.496944228403436
    vertex 1.017944631839434 -5.860723161152209 8.038389935481069
    vertex 3.219448553775675 -3.135339033434064 8.933353242484955
  endloop
endfacet
facet normal 0.379149 -0.135588 0.915348
  outer loop
    vertex 2.588190451025199 -6.339238302863508e-16 9.659258262890685
    vertex 3.219448553775675 -3.135339033434064 8.933353242484955
    vertex 4.999999999999982 -1.224646799147349e-15 8.660254037844396
  endloop
endfacet
facet normal 0.0631196 0.368087 0.927647
  outer loop
    vertex 1.132210889287299 4.742854168958886 8.730603234265578
    vertex -0.5359085622056367 4.198427786797564 9.060132787768664
    vertex 0.5849738434570984 2.45046718630206 9.67744884622636
  endloop
endfacet
facet normal -0.0602878 0.297807 0.952721
  outer loop
    vertex -0.5359085622056367 4.198427786797564 9.060132787768664
    vertex -1.118913367531169 1.801036010981208 9.772630258180699
    vertex 0.5849738434570984 2.45046718630206 9.67744884622636
  endloop
endfacet
facet normal -0.102438 0.306191 0.946442
  outer loop
    vertex -0.5359085622056367 4.198427786797564 9.060132787768664
    vertex -2.186945326363594 3.520171803397605 9.10086043262179
    vertex -1.118913367531169 1.801036010981208 9.772630258180699
  endloop
endfacet
facet normal 0.0062088 0.129043 0.99162
  outer loop
    vertex 0.5849738434570984 2.45046718630206 9.67744884622636
    vertex -1.118913367531169 1.801036010981208 9.772630258180699
    vertex 6.123233995736766e-16 -1.499759782661858e-31 10
  endloop
endfacet
facet normal -0.322458 0.163965 0.932275
  outer loop
    vertex -2.186945326363594 3.520171803397605 9.10086043262179
    vertex -2.737304811342324 -0.4444723569724318 9.60778885559469
    vertex -1.118913367531169 1.801036010981208 9.772630258180699
  endloop
endfacet
facet normal -0.0605967 -0.0295688 0.997724
  outer loop
    vertex -2.737304811342324 -0.4444723569724318 9.60778885559469
    vertex -1.475504295013924 -2.251491125174787 9.630870925760277
    vertex -1.118913367531169 1.801036010981208 9.772630258180699
  endloop
endfacet
facet normal -0.354719 -0.236136 0.904662
  outer loop
    vertex -2.737304811342324 -0.4444723569724318 9.60778885559469
    vertex -2.842078283136804 -4.33676408341063 8.550734957730926
    vertex -1.475504295013924 -2.251491125174787 9.630870925760277
  endloop
endfacet
facet normal -0.221637 -0.0146043 0.97502
  outer loop
    vertex -1.118913367531169 1.801036010981208 9.772630258180699
    vertex -1.475504295013924 -2.251491125174787 9.630870925760277
    vertex 6.123233995736766e-16 -1.499759782661858e-31 10
  endloop
endfacet
facet normal -0.00108866 -0.161094 0.986938
  outer loop
    vertex 6.123233995736766e-16 -1.499759782661858e-31 10
    vertex -1.475504295013924 -2.251491125174787 9.630870925760277
    vertex 0.5359327207560975 -3.085583646802923 9.496944228403436
  endloop
endfacet
facet normal -0.0940521 -0.374896 0.922284
  outer loop
    vertex -1.475504295013924 -2.251491125174787 9.630870925760277
    vertex -0.9326791414924188 -5.213973023234521 8.48201597098282
    vertex 0.5359327207560975 -3.085583646802923 9.496944228403436
  endloop
endfacet
facet normal -0.141871 -0.380398 0.913876
  outer loop
    vertex -1.475504295013924 -2.251491125174787 9.630870925760277
    vertex -2.842078283136804 -4.33676408341063 8.550734957730926
    vertex -0.9326791414924188 -5.213973023234521 8.48201597098282
  endloop
endfacet
facet normal 0.0500761 -0.457823 0.887632
  outer loop
    vertex 0.5359327207560975 -3.085583646802923 9.496944228403436
    vertex -0.9326791414924188 -5.213973023234521 8.48201597098282
    vertex 1.017944631839434 -5.860723161152209 8.038389935481069
  endloop
endfacet
facet normal 0.381792 -0.0682293 -0.921727
  outer loop
    vertex 5.000000000000001 -1.224646799147353e-15 -8.660254037844386
    vertex 3.553758791787012 -2.127973130993051 -9.10178712141567
    vertex 2.588190451025203 -6.339238302863518e-16 -9.659258262890685
  endloop
endfacet
facet normal 0.230901 -0.147189 -0.96178
  outer loop
    vertex 3.553758791787012 -2.127973130993051 -9.10178712141567
    vertex 0.9588402198577765 -2.11314532451475 -9.727036664383688
    vertex 2.588190451025203 -6.339238302863518e-16 -9.659258262890685
  endloop
endfacet
facet normal 0.223745 -0.2748 -0.935106
  outer loop
    vertex 3.553758791787012 -2.127973130993051 -9.10178712141567
    vertex 1.865334794768461 -4.110928409745188 -8.923048454052909
    vertex 0.9588402198577765 -2.11314532451475 -9.727036664383688
  endloop
endfacet
facet normal 0.130218 -0.06868 -0.989104
  outer loop
    vertex 2.588190451025203 -6.339238302863518e-16 -9.659258262890685
    vertex 0.9588402198577765 -2.11314532451475 -9.727036664383688
    vertex 6.123233995736766e-16 -1.499759782661858e-31 -10
  endloop
endfacet
facet normal 0.130121 0.0787233 -0.988368
  outer loop
    vertex 6.123233995736766e-16 -1.499759782661858e-31 -10
    vertex 1.201183368604914 2.292572425413221 -9.659258262890681
    vertex 2.588190451025203 -6.339238302863518e-16 -9.659258262890685
  endloop
endfacet
facet normal 0.255703 0.154701 -0.954297
  outer loop
    vertex 1.201183368604914 2.292572425413221 -9.659258262890681
    vertex 3.789373819630121 2.29257242541322 -8.965754721680533
    vertex 2.588190451025203 -6.339238302863518e-16 -9.659258262890685
  endloop
endfacet
facet normal 0.246784 0.301386 -0.921012
  outer loop
    vertex 1.201183368604914 2.292572425413221 -9.659258262890681
    vertex 2.320508075688774 4.428909828689596 -8.660254037844378
    vertex 3.789373819630121 2.29257242541322 -8.965754721680533
  endloop
endfacet
facet normal 0.381496 0.0787233 -0.921012
  outer loop
    vertex 2.588190451025203 -6.339238302863518e-16 -9.659258262890685
    vertex 3.789373819630121 2.29257242541322 -8.965754721680533
    vertex 5.000000000000001 -1.224646799147353e-15 -8.660254037844386
  endloop
endfacet
facet normal -0.117154 0.0790565 -0.989962
  outer loop
    vertex 6.123233995736766e-16 -1.499759782661858e-31 -10
    vertex -2.262054130338325 -0.09991348355840818 -9.740283795004258
    vertex -0.8651666062881384 2.162853983203584 -9.724893284283599
  endloop
endfacet
facet normal -0.202147 0.131393 -0.970501
  outer loop
    vertex -2.262054130338325 -0.09991348355840818 -9.740283795004258
    vertex -3.152074546518999 2.076799061123233 -9.260201494184924
    vertex -0.8651666062881384 2.162853983203584 -9.724893284283599
  endloop
endfacet
facet normal -0.338134 0.0687511 -0.938583
  outer loop
    vertex -2.262054130338325 -0.09991348355840818 -9.740283795004258
    vertex -4.406609837831369 -0.1946371369612776 -8.974625681444509
    vertex -3.152074546518999 2.076799061123233 -9.260201494184924
  endloop
endfacet
facet normal -0.201027 0.290435 -0.93554
  outer loop
    vertex -0.8651666062881384 2.162853983203584 -9.724893284283599
    vertex -3.152074546518999 2.076799061123233 -9.260201494184924
    vertex -1.682730583855591 4.206704835228514 -8.914709878140851
  endloop
endfacet
facet normal -0.0606172 0.346778 -0.935986
  outer loop
    vertex -1.682730583855591 4.206704835228514 -8.914709878140851
    vertex 0.325523827171425 4.407647449734036 -8.970322078765996
    vertex -0.8651666062881384 2.162853983203584 -9.724893284283599
  endloop
endfacet
facet normal 0.0104721 0.313611 -0.949494
  outer loop
    vertex 0.325523827171425 4.407647449734036 -8.970322078765996
    vertex 1.201183368604914 2.292572425413221 -9.659258262890681
    vertex -0.8651666062881384 2.162853983203584 -9.724893284283599
  endloop
endfacet
facet normal 0.139642 0.358471 -0.923038
  outer loop
    vertex 0.325523827171425 4.407647449734036 -8.970322078765996
    vertex 2.320508075688774 4.428909828689596 -8.660254037844378
    vertex 1.201183368604914 2.292572425413221 -9.659258262890681
  endloop
endfacet
facet normal 0.0229772 0.135186 -0.990554
  outer loop
    vertex -0.8651666062881384 2.162853983203584 -9.724893284283599
    vertex 1.201183368604914 2.292572425413221 -9.659258262890681
    vertex 6.123233995736766e-16 -1.499759782661858e-31 -10
  endloop
endfacet
facet normal -0.111189 -0.0610766 -0.991921
  outer loop
    vertex 6.123233995736766e-16 -1.499759782661858e-31 -10
    vertex -1.581863089100124 -1.773803858149092 -9.713461228633077
    vertex -2.262054130338325 -0.09991348355840818 -9.740283795004258
  endloop
endfacet
facet normal -0.27503 -0.12703 -0.953007
  outer loop
    vertex -1.581863089100124 -1.773803858149092 -9.713461228633077
    vertex -3.79899791940648 -1.849089321809373 -9.063580059133134
    vertex -2.262054130338325 -0.09991348355840818 -9.740283795004258
  endloop
endfacet
facet normal -0.26613 -0.234178 -0.935059
  outer loop
    vertex -1.581863089100124 -1.773803858149092 -9.713461228633077
    vertex -3.073073156995958 -3.445955000666196 -8.870265808031602
    vertex -3.79899791940648 -1.849089321809373 -9.063580059133134
  endloop
endfacet
facet normal -0.332569 -0.0715789 -0.940359
  outer loop
    vertex -2.262054130338325 -0.09991348355840818 -9.740283795004258
    vertex -3.79899791940648 -1.849089321809373 -9.063580059133134
    vertex -4.406609837831369 -0.1946371369612776 -8.974625681444509
  endloop
endfacet
facet normal 0.0700087 -0.344924 -0.936016
  outer loop
    vertex 1.865334794768461 -4.110928409745188 -8.923048454052909
    vertex -0.6235344578532597 -3.901488391641875 -9.186380849374434
    vertex 0.9588402198577765 -2.11314532451475 -9.727036664383688
  endloop
endfacet
facet normal -0.0394833 -0.256989 -0.965608
  outer loop
    vertex -0.6235344578532597 -3.901488391641875 -9.186380849374434
    vertex -1.581863089100124 -1.773803858149092 -9.713461228633077
    vertex 0.9588402198577765 -2.11314532451475 -9.727036664383688
  endloop
endfacet
facet normal -0.178387 -0.311557 -0.933333
  outer loop
    vertex -0.6235344578532597 -3.901488391641875 -9.186380849374434
    vertex -3.073073156995958 -3.445955000666196 -8.870265808031602
    vertex -1.581863089100124 -1.773803858149092 -9.713461228633077
  endloop
endfacet
facet normal -0.0238143 -0.138694 -0.990049
  outer loop
    vertex 0.9588402198577765 -2.11314532451475 -9.727036664383688
    vertex -1.581863089100124 -1.773803858149092 -9.713461228633077
    vertex 6.123233995736766e-16 -1.499759782661858e-31 -10
  endloop
endfacet
facet normal 0.606103 0.0933545 -0.789889
  outer loop
    vertex 5.000000000000001 -1.224646799147353e-15 -8.660254037844386
    vertex 5.519143984088512 2.442785053605294 -7.973195774893663
    vertex 7.07106781186548 -1.731912112470988e-15 -7.07106781186547
  endloop
endfacet
facet normal 0.669913 0.157671 -0.725505
  outer loop
    vertex 5.519143984088512 2.442785053605294 -7.973195774893663
    vertex 7.492731060317183 2.469128183796136 -6.145110842754729
    vertex 7.07106781186548 -1.731912112470988e-15 -7.07106781186547
  endloop
endfacet
facet normal 0.638936 0.330684 -0.694556
  outer loop
    vertex 5.519143984088512 2.442785053605294 -7.973195774893663
    vertex 5.668021935239579 4.721689560929337 -6.751235074551464
    vertex 7.492731060317183 2.469128183796136 -6.145110842754729
  endloop
endfacet
facet normal 0.789958 0.0924125 -0.606156
  outer loop
    vertex 7.07106781186548 -1.731912112470988e-15 -7.07106781186547
    vertex 7.492731060317183 2.469128183796136 -6.145110842754729
    vertex 8.660254037844393 -2.121150477449815e-15 -4.999999999999989
  endloop
endfacet
facet normal 0.7906 -0.0832396 -0.606649
  outer loop
    vertex 8.660254037844393 -2.121150477449815e-15 -4.999999999999989
    vertex 7.829336701300567 -2.348879058981999 -5.760577573815301
    vertex 7.07106781186548 -1.731912112470988e-15 -7.07106781186547
  endloop
endfacet
facet normal 0.706955 -0.156582 -0.689708
  outer loop
    vertex 7.829336701300567 -2.348879058981999 -5.760577573815301
    vertex 5.954631759181478 -2.35667597548156 -7.68039315133902
    vertex 7.07106781186548 -1.731912112470988e-15 -7.07106781186547
  endloop
endfacet
facet normal 0.680517 -0.311416 -0.663262
  outer loop
    vertex 7.829336701300567 -2.348879058981999 -5.760577573815301
    vertex 6.467110030114689 -4.538360021088806 -6.130234593991718
    vertex 5.954631759181478 -2.35667597548156 -7.68039315133902
  endloop
endfacet
facet normal 0.606662 -0.0829797 -0.790617
  outer loop
    vertex 7.07106781186548 -1.731912112470988e-15 -7.07106781186547
    vertex 5.954631759181478 -2.35667597548156 -7.68039315133902
    vertex 5.000000000000001 -1.224646799147353e-15 -8.660254037844386
  endloop
endfacet
facet normal 0.483588 0.140233 -0.863989
  outer loop
    vertex 5.000000000000001 -1.224646799147353e-15 -8.660254037844386
    vertex 3.789373819630121 2.29257242541322 -8.965754721680533
    vertex 5.519143984088512 2.442785053605294 -7.973195774893663
  endloop
endfacet
facet normal 0.446661 0.335915 -0.82925
  outer loop
    vertex 3.789373819630121 2.29257242541322 -8.965754721680533
    vertex 4.070993119421496 4.663189235411302 -7.853768597072809
    vertex 5.519143984088512 2.442785053605294 -7.973195774893663
  endloop
endfacet
facet normal 0.349221 0.36361 -0.863616
  outer loop
    vertex 3.789373819630121 2.29257242541322 -8.965754721680533
    vertex 2.320508075688774 4.428909828689596 -8.660254037844378
    vertex 4.070993119421496 4.663189235411302 -7.853768597072809
  endloop
endfacet
facet normal 0.516511 0.37819 -0.768237
  outer loop
    vertex 5.519143984088512 2.442785053605294 -7.973195774893663
    vertex 4.070993119421496 4.663189235411302 -7.853768597072809
    vertex 5.668021935239579 4.721689560929337 -6.751235074551464
  endloop
endfacet
facet normal 0.566058 -0.384977 -0.728952
  outer loop
    vertex 6.467110030114689 -4.538360021088806 -6.130234593991718
    vertex 4.326916182692535 -4.491448412402272 -7.816948733788815
    vertex 5.954631759181478 -2.35667597548156 -7.68039315133902
  endloop
endfacet
facet normal 0.464458 -0.300859 -0.832924
  outer loop
    vertex 4.326916182692535 -4.491448412402272 -7.816948733788815
    vertex 3.553758791787012 -2.127973130993051 -9.10178712141567
    vertex 5.954631759181478 -2.35667597548156 -7.68039315133902
  endloop
endfacet
facet normal 0.334572 -0.363256 -0.869544
  outer loop
    vertex 4.326916182692535 -4.491448412402272 -7.816948733788815
    vertex 1.865334794768461 -4.110928409745188 -8.923048454052909
    vertex 3.553758791787012 -2.127973130993051 -9.10178712141567
  endloop
endfacet
facet normal 0.492051 -0.156732 -0.856341
  outer loop
    vertex 5.954631759181478 -2.35667597548156 -7.68039315133902
    vertex 3.553758791787012 -2.127973130993051 -9.10178712141567
    vertex 5.000000000000001 -1.224646799147353e-15 -8.660254037844386
  endloop
endfacet
facet normal 0.920163 0.0896041 -0.381144
  outer loop
    vertex 8.660254037844393 -2.121150477449815e-15 -4.999999999999989
    vertex 8.987380911981859 2.45518350036245 -3.633050828503797
    vertex 9.659258262890688 -2.365835942757341e-15 -2.58819045102519
  endloop
endfacet
facet normal 0.957555 0.160004 -0.239765
  outer loop
    vertex 8.987380911981859 2.45518350036245 -3.633050828503797
    vertex 9.642407331379655 2.444341190262174 -1.024293415649816
    vertex 9.659258262890688 -2.365835942757341e-15 -2.58819045102519
  endloop
endfacet
facet normal 0.916843 0.327151 -0.228848
  outer loop
    vertex 8.987380911981859 2.45518350036245 -3.633050828503797
    vertex 8.595203828848817 4.713866682675453 -1.975330868109171
    vertex 9.642407331379655 2.444341190262174 -1.024293415649816
  endloop
endfacet
facet normal 0.987423 0.0899795 -0.129997
  outer loop
    vertex 9.659258262890688 -2.365835942757341e-15 -2.58819045102519
    vertex 9.642407331379655 2.444341190262174 -1.024293415649816
    vertex 10 -2.449293598294707e-15 3.30778431897103e-14
  endloop
endfacet
facet normal 0.989178 -0.0675851 -0.130228
  outer loop
    vertex 10 -2.449293598294707e-15 3.30778431897103e-14
    vertex 9.718052294293718 -2.113842816164795 -1.044570798903106
    vertex 9.659258262890688 -2.365835942757341e-15 -2.58819045102519
  endloop
endfacet
facet normal 0.959622 -0.147994 -0.239214
  outer loop
    vertex 9.718052294293718 -2.113842816164795 -1.044570798903106
    vertex 9.0710236876845 -2.123741389817717 -3.634040694136737
    vertex 9.659258262890688 -2.365835942757341e-15 -2.58819045102519
  endloop
endfacet
facet normal 0.933389 -0.273637 -0.232179
  outer loop
    vertex 9.718052294293718 -2.113842816164795 -1.044570798903106
    vertex 8.88810807892548 -4.108487005881307 -2.030238729766543
    vertex 9.0710236876845 -2.123741389817717 -3.634040694136737
  endloop
endfacet
facet normal 0.921786 -0.0672887 -0.381816
  outer loop
    vertex 9.659258262890688 -2.365835942757341e-15 -2.58819045102519
    vertex 9.0710236876845 -2.123741389817717 -3.634040694136737
    vertex 8.660254037844393 -2.121150477449815e-15 -4.999999999999989
  endloop
endfacet
facet normal 0.696878 0.405301 -0.591685
  outer loop
    vertex 5.668021935239579 4.721689560929337 -6.751235074551464
    vertex 7.428941930217524 4.91447030092785 -4.545195645817025
    vertex 7.492731060317183 2.469128183796136 -6.145110842754729
  endloop
endfacet
facet normal 0.810422 0.335407 -0.480331
  outer loop
    vertex 7.428941930217524 4.91447030092785 -4.545195645817025
    vertex 8.987380911981859 2.45518350036245 -3.633050828503797
    vertex 7.492731060317183 2.469128183796136 -6.145110842754729
  endloop
endfacet
facet normal 0.844227 0.404595 -0.351546
  outer loop
    vertex 7.428941930217524 4.91447030092785 -4.545195645817025
    vertex 8.595203828848817 4.713866682675453 -1.975330868109171
    vertex 8.987380911981859 2.45518350036245 -3.633050828503797
  endloop
endfacet
facet normal 0.847676 0.167346 -0.503429
  outer loop
    vertex 7.492731060317183 2.469128183796136 -6.145110842754729
    vertex 8.987380911981859 2.45518350036245 -3.633050828503797
    vertex 8.660254037844393 -2.121150477449815e-15 -4.999999999999989
  endloop
endfacet
facet normal 0.860898 -0.146806 -0.487137
  outer loop
    vertex 8.660254037844393 -2.121150477449815e-15 -4.999999999999989
    vertex 9.0710236876845 -2.123741389817717 -3.634040694136737
    vertex 7.829336701300567 -2.348879058981999 -5.760577573815301
  endloop
endfacet
facet normal 0.835731 -0.306693 -0.455514
  outer loop
    vertex 9.0710236876845 -2.123741389817717 -3.634040694136737
    vertex 7.906829638575847 -4.452502456661782 -4.202055085307585
    vertex 7.829336701300567 -2.348879058981999 -5.760577573815301
  endloop
endfacet
facet normal 0.872183 -0.353562 -0.338069
  outer loop
    vertex 9.0710236876845 -2.123741389817717 -3.634040694136737
    vertex 8.88810807892548 -4.108487005881307 -2.030238729766543
    vertex 7.906829638575847 -4.452502456661782 -4.202055085307585
  endloop
endfacet
facet normal 0.750663 -0.375229 -0.543791
  outer loop
    vertex 7.829336701300567 -2.348879058981999 -5.760577573815301
    vertex 7.906829638575847 -4.452502456661782 -4.202055085307585
    vertex 6.467110030114689 -4.538360021088806 -6.130234593991718
  endloop
endfacet
facet normal 0.989976 0.0544103 0.130333
  outer loop
    vertex 10 -2.449293598294707e-15 3.30778431897103e-14
    vertex 9.730923159739003 1.948013412516918 1.230600749190941
    vertex 9.659258262890674 -2.365835942757338e-15 2.588190451025245
  endloop
endfacet
facet normal 0.955951 0.143343 0.256146
  outer loop
    vertex 9.730923159739003 1.948013412516918 1.230600749190941
    vertex 9.042527033203497 1.9480134125169 3.799730069154681
    vertex 9.659258262890674 -2.365835942757338e-15 2.588190451025245
  endloop
endfacet
facet normal 0.936656 0.244308 0.250976
  outer loop
    vertex 9.730923159739003 1.948013412516918 1.230600749190941
    vertex 8.938173108148984 3.79119376626862 2.394976266138826
    vertex 9.042527033203497 1.9480134125169 3.799730069154681
  endloop
endfacet
facet normal 0.922511 0.0544103 0.382117
  outer loop
    vertex 9.659258262890674 -2.365835942757338e-15 2.588190451025245
    vertex 9.042527033203497 1.9480134125169 3.799730069154681
    vertex 8.660254037844364 -2.121150477449808e-15 5.000000000000039
  endloop
endfacet
facet normal 0.922398 -0.0566091 0.38207
  outer loop
    vertex 8.660254037844364 -2.121150477449808e-15 5.000000000000039
    vertex 9.036378030330098 -1.977944819497744 3.79889541630058
    vertex 9.659258262890674 -2.365835942757338e-15 2.588190451025245
  endloop
endfacet
facet normal 0.955826 -0.144235 0.256113
  outer loop
    vertex 9.036378030330098 -1.977944819497744 3.79889541630058
    vertex 9.725180640616905 -1.977944819497503 1.228249078319692
    vertex 9.659258262890674 -2.365835942757338e-15 2.588190451025245
  endloop
endfacet
facet normal 0.935408 -0.249378 0.250642
  outer loop
    vertex 9.036378030330098 -1.977944819497744 3.79889541630058
    vertex 8.915827698525971 -3.84717413335712 2.388988831666014
    vertex 9.725180640616905 -1.977944819497503 1.228249078319692
  endloop
endfacet
facet normal 0.989855 -0.0566091 0.130317
  outer loop
    vertex 9.659258262890674 -2.365835942757338e-15 2.588190451025245
    vertex 9.725180640616905 -1.977944819497503 1.228249078319692
    vertex 10 -2.449293598294707e-15 3.30778431897103e-14
  endloop
endfacet
facet normal 0.919096 0.379177 -0.107177
  outer loop
    vertex 8.595203828848817 4.713866682675453 -1.975330868109171
    vertex 8.995243826296756 4.363397465904516 0.2152929632109109
    vertex 9.642407331379655 2.444341190262174 -1.024293415649816
  endloop
endfacet
facet normal 0.952721 0.302443 0.0291721
  outer loop
    vertex 8.995243826296756 4.363397465904516 0.2152929632109109
    vertex 9.730923159739003 1.948013412516918 1.230600749190941
    vertex 9.642407331379655 2.444341190262174 -1.024293415649816
  endloop
endfacet
facet normal 0.936558 0.332226 0.111737
  outer loop
    vertex 8.995243826296756 4.363397465904516 0.2152929632109109
    vertex 8.938173108148984 3.79119376626862 2.394976266138826
    vertex 9.730923159739003 1.948013412516918 1.230600749190941
  endloop
endfacet
facet normal 0.989895 0.141592 -0.00769222
  outer loop
    vertex 9.642407331379655 2.444341190262174 -1.024293415649816
    vertex 9.730923159739003 1.948013412516918 1.230600749190941
    vertex 10 -2.449293598294707e-15 3.30778431897103e-14
  endloop
endfacet
facet normal 0.990887 -0.134608 0.00494078
  outer loop
    vertex 10 -2.449293598294707e-15 3.30778431897103e-14
    vertex 9.725180640616905 -1.977944819497503 1.228249078319692
    vertex 9.718052294293718 -2.113842816164795 -1.044570798903106
  endloop
endfacet
facet normal 0.960049 -0.279496 0.0137008
  outer loop
    vertex 9.725180640616905 -1.977944819497503 1.228249078319692
    vertex 9.128406677783365 -4.079014391951556 0.1839378026729417
    vertex 9.718052294293718 -2.113842816164795 -1.044570798903106
  endloop
endfacet
facet normal 0.93641 -0.327982 0.124759
  outer loop
    vertex 9.725180640616905 -1.977944819497503 1.228249078319692
    vertex 8.915827698525971 -3.84717413335712 2.388988831666014
    vertex 9.128406677783365 -4.079014391951556 0.1839378026729417
  endloop
endfacet
facet normal 0.935001 -0.341141 -0.0969322
  outer loop
    vertex 9.718052294293718 -2.113842816164795 -1.044570798903106
    vertex 9.128406677783365 -4.079014391951556 0.1839378026729417
    vertex 8.88810807892548 -4.108487005881307 -2.030238729766543
  endloop
endfacet
facet normal 0.789895 0.0932764 0.606107
  outer loop
    vertex 8.660254037844364 -2.121150477449808e-15 5.000000000000039
    vertex 8.002628780080192 2.426516820361202 5.483607273386411
    vertex 7.071067811865452 -1.731912112470981e-15 7.071067811865498
  endloop
endfacet
facet normal 0.728837 0.156298 0.666609
  outer loop
    vertex 8.002628780080192 2.426516820361202 5.483607273386411
    vertex 6.184288792907849 2.455821471488316 7.464818351848312
    vertex 7.071067811865452 -1.731912112470981e-15 7.071067811865498
  endloop
endfacet
facet normal 0.698113 0.329133 0.635854
  outer loop
    vertex 8.002628780080192 2.426516820361202 5.483607273386411
    vertex 6.820484755050748 4.693991700087549 5.607800783340075
    vertex 6.184288792907849 2.455821471488316 7.464818351848312
  endloop
endfacet
facet normal 0.606167 0.0922234 0.789972
  outer loop
    vertex 7.071067811865452 -1.731912112470981e-15 7.071067811865498
    vertex 6.184288792907849 2.455821471488316 7.464818351848312
    vertex 4.999999999999982 -1.224646799147349e-15 8.660254037844396
  endloop
endfacet
facet normal 0.606337 -0.0891673 0.790193
  outer loop
    vertex 4.999999999999982 -1.224646799147349e-15 8.660254037844396
    vertex 5.980998228093587 -2.447584820863889 7.631316317662246
    vertex 7.071067811865452 -1.731912112470981e-15 7.071067811865498
  endloop
endfacet
facet normal 0.710543 -0.159583 0.685319
  outer loop
    vertex 5.980998228093587 -2.447584820863889 7.631316317662246
    vertex 7.849253878057665 -2.435717481189529 5.697060111112087
    vertex 7.071067811865452 -1.731912112470981e-15 7.071067811865498
  endloop
endfacet
facet normal 0.680984 -0.32597 0.655747
  outer loop
    vertex 5.980998228093587 -2.447584820863889 7.631316317662246
    vertex 6.482814320440242 -4.699075465278364 5.990977237338982
    vertex 7.849253878057665 -2.435717481189529 5.697060111112087
  endloop
endfacet
facet normal 0.790164 -0.0895776 0.606314
  outer loop
    vertex 7.071067811865452 -1.731912112470981e-15 7.071067811865498
    vertex 7.849253878057665 -2.435717481189529 5.697060111112087
    vertex 8.660254037844364 -2.121150477449808e-15 5.000000000000039
  endloop
endfacet
facet normal 0.859734 0.134821 0.492627
  outer loop
    vertex 8.660254037844364 -2.121150477449808e-15 5.000000000000039
    vertex 9.042527033203497 1.9480134125169 3.799730069154681
    vertex 8.002628780080192 2.426516820361202 5.483607273386411
  endloop
endfacet
facet normal 0.846497 0.305664 0.435904
  outer loop
    vertex 9.042527033203497 1.9480134125169 3.799730069154681
    vertex 8.037850103114883 4.327947815592181 4.081890912967536
    vertex 8.002628780080192 2.426516820361202 5.483607273386411
  endloop
endfacet
facet normal 0.873256 0.32567 0.362441
  outer loop
    vertex 9.042527033203497 1.9480134125169 3.799730069154681
    vertex 8.938173108148984 3.79119376626862 2.394976266138826
    vertex 8.037850103114883 4.327947815592181 4.081890912967536
  endloop
endfacet
facet normal 0.767198 0.371332 0.522991
  outer loop
    vertex 8.002628780080192 2.426516820361202 5.483607273386411
    vertex 8.037850103114883 4.327947815592181 4.081890912967536
    vertex 6.820484755050748 4.693991700087549 5.607800783340075
  endloop
endfacet
facet normal 0.744633 -0.378124 0.55004
  outer loop
    vertex 6.482814320440242 -4.699075465278364 5.990977237338982
    vertex 7.895385930086857 -4.381940871991713 4.296681883658021
    vertex 7.849253878057665 -2.435717481189529 5.697060111112087
  endloop
endfacet
facet normal 0.83883 -0.304716 0.451123
  outer loop
    vertex 7.895385930086857 -4.381940871991713 4.296681883658021
    vertex 9.036378030330098 -1.977944819497744 3.79889541630058
    vertex 7.849253878057665 -2.435717481189529 5.697060111112087
  endloop
endfacet
facet normal 0.866711 -0.334796 0.369761
  outer loop
    vertex 7.895385930086857 -4.381940871991713 4.296681883658021
    vertex 8.915827698525971 -3.84717413335712 2.388988831666014
    vertex 9.036378030330098 -1.977944819497744 3.79889541630058
  endloop
endfacet
facet normal 0.854299 -0.141298 0.500208
  outer loop
    vertex 7.849253878057665 -2.435717481189529 5.697060111112087
    vertex 9.036378030330098 -1.977944819497744 3.79889541630058
    vertex 8.660254037844364 -2.121150477449808e-15 5.000000000000039
  endloop
endfacet
facet normal 0.576018 0.418748 0.702035
  outer loop
    vertex 6.820484755050748 4.693991700087549 5.607800783340075
    vertex 4.203780492274639 4.98829960896887 7.579254355405433
    vertex 6.184288792907849 2.455821471488316 7.464818351848312
  endloop
endfacet
facet normal 0.4665 0.327698 0.821579
  outer loop
    vertex 4.203780492274639 4.98829960896887 7.579254355405433
    vertex 3.220614632641895 2.490929586867312 9.133614354749271
    vertex 6.184288792907849 2.455821471488316 7.464818351848312
  endloop
endfacet
facet normal 0.288572 0.421472 0.859702
  outer loop
    vertex 4.203780492274639 4.98829960896887 7.579254355405433
    vertex 1.132210889287299 4.742854168958886 8.730603234265578
    vertex 3.220614632641895 2.490929586867312 9.133614354749271
  endloop
endfacet
facet normal 0.483996 0.18313 0.855693
  outer loop
    vertex 6.184288792907849 2.455821471488316 7.464818351848312
    vertex 3.220614632641895 2.490929586867312 9.133614354749271
    vertex 4.999999999999982 -1.224646799147349e-15 8.660254037844396
  endloop
endfacet
facet normal 0.456207 -0.183228 0.870806
  outer loop
    vertex 4.999999999999982 -1.224646799147349e-15 8.660254037844396
    vertex 3.219448553775675 -3.135339033434064 8.933353242484955
    vertex 5.980998228093587 -2.447584820863889 7.631316317662246
  endloop
endfacet
facet normal 0.470312 -0.386251 0.793484
  outer loop
    vertex 3.219448553775675 -3.135339033434064 8.933353242484955
    vertex 3.928262713053673 -5.530328792789064 7.347395150723858
    vertex 5.980998228093587 -2.447584820863889 7.631316317662246
  endloop
endfacet
facet normal 0.253855 -0.480683 0.839346
  outer loop
    vertex 3.219448553775675 -3.135339033434064 8.933353242484955
    vertex 1.017944631839434 -5.860723161152209 8.038389935481069
    vertex 3.928262713053673 -5.530328792789064 7.347395150723858
  endloop
endfacet
facet normal 0.528428 -0.41983 0.737907
  outer loop
    vertex 5.980998228093587 -2.447584820863889 7.631316317662246
    vertex 3.928262713053673 -5.530328792789064 7.347395150723858
    vertex 6.482814320440242 -4.699075465278364 5.990977237338982
  endloop
endfacet
facet normal 0.625801 0.724818 0.288118
  outer loop
    vertex 6.535990339911362 7.418428595943946 1.49924895980171
    vertex 5.090324795022632 8.004077936436868 3.165964287325794
    vertex 6.891593276339973 6.249693401803276 3.667052562612412
  endloop
endfacet
facet normal 0.578223 0.708988 0.403726
  outer loop
    vertex 5.090324795022632 8.004077936436868 3.165964287325794
    vertex 5.265979510470937 6.642759934143433 5.305016517659395
    vertex 6.891593276339973 6.249693401803276 3.667052562612412
  endloop
endfacet
facet normal 0.467479 0.762672 0.446985
  outer loop
    vertex 5.090324795022632 8.004077936436868 3.165964287325794
    vertex 3.379408838838782 8.172644860744084 4.667705204930109
    vertex 5.265979510470937 6.642759934143433 5.305016517659395
  endloop
endfacet
facet normal 0.640384 0.587662 0.494533
  outer loop
    vertex 6.891593276339973 6.249693401803276 3.667052562612412
    vertex 5.265979510470937 6.642759934143433 5.305016517659395
    vertex 6.820484755050748 4.693991700087549 5.607800783340075
  endloop
endfacet
facet normal 0.721387 0.527217 0.449048
  outer loop
    vertex 6.820484755050748 4.693991700087549 5.607800783340075
    vertex 8.037850103114883 4.327947815592181 4.081890912967536
    vertex 6.891593276339973 6.249693401803276 3.667052562612412
  endloop
endfacet
facet normal 0.77918 0.535186 0.326274
  outer loop
    vertex 8.037850103114883 4.327947815592181 4.081890912967536
    vertex 7.935256016722287 5.748370410684903 1.996985120283824
    vertex 6.891593276339973 6.249693401803276 3.667052562612412
  endloop
endfacet
facet normal 0.827224 0.482457 0.287986
  outer loop
    vertex 8.037850103114883 4.327947815592181 4.081890912967536
    vertex 8.938173108148984 3.79119376626862 2.394976266138826
    vertex 7.935256016722287 5.748370410684903 1.996985120283824
  endloop
endfacet
facet normal 0.706914 0.664504 0.242295
  outer loop
    vertex 6.891593276339973 6.249693401803276 3.667052562612412
    vertex 7.935256016722287 5.748370410684903 1.996985120283824
    vertex 6.535990339911362 7.418428595943946 1.49924895980171
  endloop
endfacet
facet normal 0.37284 0.709083 0.598492
  outer loop
    vertex 3.379408838838782 8.172644860744084 4.667705204930109
    vertex 2.356075339864595 6.744781386654554 6.996915966275442
    vertex 5.265979510470937 6.642759934143433 5.305016517659395
  endloop
endfacet
facet normal 0.402695 0.640428 0.653979
  outer loop
    vertex 2.356075339864595 6.744781386654554 6.996915966275442
    vertex 4.203780492274639 4.98829960896887 7.579254355405433
    vertex 5.265979510470937 6.642759934143433 5.305016517659395
  endloop
endfacet
facet normal 0.257973 0.537533 0.802813
  outer loop
    vertex 2.356075339864595 6.744781386654554 6.996915966275442
    vertex 1.132210889287299 4.742854168958886 8.730603234265578
    vertex 4.203780492274639 4.98829960896887 7.579254355405433
  endloop
endfacet
facet normal 0.545788 0.535501 0.64448
  outer loop
    vertex 5.265979510470937 6.642759934143433 5.305016517659395
    vertex 4.203780492274639 4.98829960896887 7.579254355405433
    vertex 6.820484755050748 4.693991700087549 5.607800783340075
  endloop
endfacet
facet normal 0.629874 0.547763 -0.55065
  outer loop
    vertex 5.668021935239579 4.721689560929337 -6.751235074551464
    vertex 5.315493791060171 6.685347595263255 -5.201120387734607
    vertex 7.428941930217524 4.91447030092785 -4.545195645817025
  endloop
endfacet
facet normal 0.655083 0.624026 -0.425979
  outer loop
    vertex 5.315493791060171 6.685347595263255 -5.201120387734607
    vertex 6.871122065663322 6.724156920228522 -2.751980245368322
    vertex 7.428941930217524 4.91447030092785 -4.545195645817025
  endloop
endfacet
facet normal 0.57762 0.72333 -0.378351
  outer loop
    vertex 5.315493791060171 6.685347595263255 -5.201120387734607
    vertex 4.62367318604552 8.222274242768966 -3.319013791074342
    vertex 6.871122065663322 6.724156920228522 -2.751980245368322
  endloop
endfacet
facet normal 0.777543 0.547014 -0.310166
  outer loop
    vertex 7.428941930217524 4.91447030092785 -4.545195645817025
    vertex 6.871122065663322 6.724156920228522 -2.751980245368322
    vertex 8.595203828848817 4.713866682675453 -1.975330868109171
  endloop
endfacet
facet normal 0.490694 0.592455 -0.638918
  outer loop
    vertex 5.668021935239579 4.721689560929337 -6.751235074551464
    vertex 3.577923747781335 6.329697744404876 -6.865376036280766
    vertex 5.315493791060171 6.685347595263255 -5.201120387734607
  endloop
endfacet
facet normal 0.399804 0.717262 -0.570694
  outer loop
    vertex 3.577923747781335 6.329697744404876 -6.865376036280766
    vertex 3.015644900196794 8.08616465207931 -5.051715258739369
    vertex 5.315493791060171 6.685347595263255 -5.201120387734607
  endloop
endfacet
facet normal 0.267817 0.732268 -0.626146
  outer loop
    vertex 3.577923747781335 6.329697744404876 -6.865376036280766
    vertex 1.238543422572561 7.496701396685918 -6.501190533996805
    vertex 3.015644900196794 8.08616465207931 -5.051715258739369
  endloop
endfacet
facet normal 0.437774 0.768504 -0.466643
  outer loop
    vertex 5.315493791060171 6.685347595263255 -5.201120387734607
    vertex 3.015644900196794 8.08616465207931 -5.051715258739369
    vertex 4.62367318604552 8.222274242768966 -3.319013791074342
  endloop
endfacet
facet normal 0.460897 0.549617 -0.696775
  outer loop
    vertex 5.668021935239579 4.721689560929337 -6.751235074551464
    vertex 4.070993119421496 4.663189235411302 -7.853768597072809
    vertex 3.577923747781335 6.329697744404876 -6.865376036280766
  endloop
endfacet
facet normal 0.302964 0.550864 -0.777664
  outer loop
    vertex 4.070993119421496 4.663189235411302 -7.853768597072809
    vertex 1.81443458924849 6.079777580015941 -7.729432818705017
    vertex 3.577923747781335 6.329697744404876 -6.865376036280766
  endloop
endfacet
facet normal 0.292967 0.536166 -0.791641
  outer loop
    vertex 4.070993119421496 4.663189235411302 -7.853768597072809
    vertex 2.320508075688774 4.428909828689596 -8.660254037844378
    vertex 1.81443458924849 6.079777580015941 -7.729432818705017
  endloop
endfacet
facet normal 0.237491 0.689581 -0.684161
  outer loop
    vertex 3.577923747781335 6.329697744404876 -6.865376036280766
    vertex 1.81443458924849 6.079777580015941 -7.729432818705017
    vertex 1.238543422572561 7.496701396685918 -6.501190533996805
  endloop
endfacet
facet normal 0.579762 0.777385 -0.244027
  outer loop
    vertex 4.62367318604552 8.222274242768966 -3.319013791074342
    vertex 5.782277233635496 8.104086626983952 -0.9428944456939656
    vertex 6.871122065663322 6.724156920228522 -2.751980245368322
  endloop
endfacet
facet normal 0.693691 0.709567 -0.123725
  outer loop
    vertex 5.782277233635496 8.104086626983952 -0.9428944456939656
    vertex 7.799457385734455 6.253658433126351 -0.2453990421740408
    vertex 6.871122065663322 6.724156920228522 -2.751980245368322
  endloop
endfacet
facet normal 0.676355 0.736573 -0.00194101
  outer loop
    vertex 5.782277233635496 8.104086626983952 -0.9428944456939656
    vertex 6.535990339911362 7.418428595943946 1.49924895980171
    vertex 7.799457385734455 6.253658433126351 -0.2453990421740408
  endloop
endfacet
facet normal 0.7798 0.600768 -0.176039
  outer loop
    vertex 6.871122065663322 6.724156920228522 -2.751980245368322
    vertex 7.799457385734455 6.253658433126351 -0.2453990421740408
    vertex 8.595203828848817 4.713866682675453 -1.975330868109171
  endloop
endfacet
facet normal 0.747178 0.656639 0.102715
  outer loop
    vertex 6.535990339911362 7.418428595943946 1.49924895980171
    vertex 7.935256016722287 5.748370410684903 1.996985120283824
    vertex 7.799457385734455 6.253658433126351 -0.2453990421740408
  endloop
endfacet
facet normal 0.83481 0.545754 0.0724216
  outer loop
    vertex 7.935256016722287 5.748370410684903 1.996985120283824
    vertex 8.995243826296756 4.363397465904516 0.2152929632109109
    vertex 7.799457385734455 6.253658433126351 -0.2453990421740408
  endloop
endfacet
facet normal 0.86777 0.474629 0.147319
  outer loop
    vertex 7.935256016722287 5.748370410684903 1.996985120283824
    vertex 8.938173108148984 3.79119376626862 2.394976266138826
    vertex 8.995243826296756 4.363397465904516 0.2152929632109109
  endloop
endfacet
facet normal 0.850742 0.520619 -0.0720662
  outer loop
    vertex 7.799457385734455 6.253658433126351 -0.2453990421740408
    vertex 8.995243826296756 4.363397465904516 0.2152929632109109
    vertex 8.595203828848817 4.713866682675453 -1.975330868109171
  endloop
endfacet
facet normal 0.183718 0.811211 -0.555143
  outer loop
    vertex 1.238543422572561 7.496701396685918 -6.501190533996805
    vertex 0.8580746036859996 8.656795923493561 -4.931895407801586
    vertex 3.015644900196794 8.08616465207931 -5.051715258739369
  endloop
endfacet
facet normal 0.205827 0.871641 -0.444835
  outer loop
    vertex 0.8580746036859996 8.656795923493561 -4.931895407801586
    vertex 2.596302728849647 9.067174509984897 -3.32348590273045
    vertex 3.015644900196794 8.08616465207931 -5.051715258739369
  endloop
endfacet
facet normal 0.144213 0.910263 -0.388102
  outer loop
    vertex 0.8580746036859996 8.656795923493561 -4.931895407801586
    vertex 0.4436838387532147 9.474664537789078 -3.167629483950309
    vertex 2.596302728849647 9.067174509984897 -3.32348590273045
  endloop
endfacet
facet normal 0.354105 0.847597 -0.395208
  outer loop
    vertex 3.015644900196794 8.08616465207931 -5.051715258739369
    vertex 2.596302728849647 9.067174509984897 -3.32348590273045
    vertex 4.62367318604552 8.222274242768966 -3.319013791074342
  endloop
endfacet
facet normal 0.46958 0.863066 -0.18604
  outer loop
    vertex 4.62367318604552 8.222274242768966 -3.319013791074342
    vertex 3.437011937850813 9.295069012878351 -1.337400831800129
    vertex 5.782277233635496 8.104086626983952 -0.9428944456939656
  endloop
endfacet
facet normal 0.457552 0.888363 -0.0381667
  outer loop
    vertex 3.437011937850813 9.295069012878351 -1.337400831800129
    vertex 4.430550839815309 8.890377740761748 1.153864325811272
    vertex 5.782277233635496 8.104086626983952 -0.9428944456939656
  endloop
endfacet
facet normal 0.339233 0.94054 0.0174958
  outer loop
    vertex 3.437011937850813 9.295069012878351 -1.337400831800129
    vertex 2.027431475765105 9.765000157582609 0.7309538518186547
    vertex 4.430550839815309 8.890377740761748 1.153864325811272
  endloop
endfacet
facet normal 0.565846 0.822586 0.0563141
  outer loop
    vertex 5.782277233635496 8.104086626983952 -0.9428944456939656
    vertex 4.430550839815309 8.890377740761748 1.153864325811272
    vertex 6.535990339911362 7.418428595943946 1.49924895980171
  endloop
endfacet
facet normal 0.371967 0.891174 -0.259712
  outer loop
    vertex 4.62367318604552 8.222274242768966 -3.319013791074342
    vertex 2.596302728849647 9.067174509984897 -3.32348590273045
    vertex 3.437011937850813 9.295069012878351 -1.337400831800129
  endloop
endfacet
facet normal 0.230327 0.950926 -0.206612
  outer loop
    vertex 2.596302728849647 9.067174509984897 -3.32348590273045
    vertex 1.263987687609623 9.841183511675844 -1.246371619979685
    vertex 3.437011937850813 9.295069012878351 -1.337400831800129
  endloop
endfacet
facet normal 0.162423 0.954164 -0.251375
  outer loop
    vertex 2.596302728849647 9.067174509984897 -3.32348590273045
    vertex 0.4436838387532147 9.474664537789078 -3.167629483950309
    vertex 1.263987687609623 9.841183511675844 -1.246371619979685
  endloop
endfacet
facet normal 0.241158 0.968881 -0.0557814
  outer loop
    vertex 3.437011937850813 9.295069012878351 -1.337400831800129
    vertex 1.263987687609623 9.841183511675844 -1.246371619979685
    vertex 2.027431475765105 9.765000157582609 0.7309538518186547
  endloop
endfacet
facet normal -0.005101 0.712048 -0.702112
  outer loop
    vertex 1.238543422572561 7.496701396685918 -6.501190533996805
    vertex -0.2294332507259252 6.04508813041366 -7.962679817686581
    vertex -0.9157739852988291 7.848708106940169 -6.128551138719621
  endloop
endfacet
facet normal -0.11508 0.686408 -0.718054
  outer loop
    vertex -0.2294332507259252 6.04508813041366 -7.962679817686581
    vertex -2.436995494427595 6.223319777657093 -7.438504144326444
    vertex -0.9157739852988291 7.848708106940169 -6.128551138719621
  endloop
endfacet
facet normal -0.151485 0.546343 -0.823749
  outer loop
    vertex -0.2294332507259252 6.04508813041366 -7.962679817686581
    vertex -1.682730583855591 4.206704835228514 -8.914709878140851
    vertex -2.436995494427595 6.223319777657093 -7.438504144326444
  endloop
endfacet
facet normal -0.218654 0.728165 -0.649589
  outer loop
    vertex -0.9157739852988291 7.848708106940169 -6.128551138719621
    vertex -2.436995494427595 6.223319777657093 -7.438504144326444
    vertex -3.025183189192024 7.815825761280936 -5.45537664521225
  endloop
endfacet
facet normal -0.184272 0.823069 -0.537216
  outer loop
    vertex -3.025183189192024 7.815825761280936 -5.45537664521225
    vertex -1.32431358650761 8.870051126119476 -4.423616907533695
    vertex -0.9157739852988291 7.848708106940169 -6.128551138719621
  endloop
endfacet
facet normal -0.0377752 0.853223 -0.520176
  outer loop
    vertex -1.32431358650761 8.870051126119476 -4.423616907533695
    vertex 0.8580746036859996 8.656795923493561 -4.931895407801586
    vertex -0.9157739852988291 7.848708106940169 -6.128551138719621
  endloop
endfacet
facet normal -0.00982758 0.906329 -0.422459
  outer loop
    vertex -1.32431358650761 8.870051126119476 -4.423616907533695
    vertex 0.4436838387532147 9.474664537789078 -3.167629483950309
    vertex 0.8580746036859996 8.656795923493561 -4.931895407801586
  endloop
endfacet
facet normal 0.029933 0.807227 -0.589482
  outer loop
    vertex -0.9157739852988291 7.848708106940169 -6.128551138719621
    vertex 0.8580746036859996 8.656795923493561 -4.931895407801586
    vertex 1.238543422572561 7.496701396685918 -6.501190533996805
  endloop
endfacet
facet normal 0.0729347 0.67002 -0.738751
  outer loop
    vertex 1.238543422572561 7.496701396685918 -6.501190533996805
    vertex 1.81443458924849 6.079777580015941 -7.729432818705017
    vertex -0.2294332507259252 6.04508813041366 -7.962679817686581
  endloop
endfacet
facet normal 0.086096 0.543148 -0.835211
  outer loop
    vertex 1.81443458924849 6.079777580015941 -7.729432818705017
    vertex 0.325523827171425 4.407647449734036 -8.970322078765996
    vertex -0.2294332507259252 6.04508813041366 -7.962679817686581
  endloop
endfacet
facet normal 0.126153 0.516285 -0.847075
  outer loop
    vertex 1.81443458924849 6.079777580015941 -7.729432818705017
    vertex 2.320508075688774 4.428909828689596 -8.660254037844378
    vertex 0.325523827171425 4.407647449734036 -8.970322078765996
  endloop
endfacet
facet normal -0.0742804 0.504264 -0.860349
  outer loop
    vertex -0.2294332507259252 6.04508813041366 -7.962679817686581
    vertex 0.325523827171425 4.407647449734036 -8.970322078765996
    vertex -1.682730583855591 4.206704835228514 -8.914709878140851
  endloop
endfacet
facet normal 0.315899 0.937752 0.144322
  outer loop
    vertex 2.027431475765105 9.765000157582609 0.7309538518186547
    vertex 2.773145050218591 9.20014067380407 2.768948918391982
    vertex 4.430550839815309 8.890377740761748 1.153864325811272
  endloop
endfacet
facet normal 0.409432 0.876852 0.251986
  outer loop
    vertex 2.773145050218591 9.20014067380407 2.768948918391982
    vertex 5.090324795022632 8.004077936436868 3.165964287325794
    vertex 4.430550839815309 8.890377740761748 1.153864325811272
  endloop
endfacet
facet normal 0.384242 0.857758 0.341482
  outer loop
    vertex 2.773145050218591 9.20014067380407 2.768948918391982
    vertex 3.379408838838782 8.172644860744084 4.667705204930109
    vertex 5.090324795022632 8.004077936436868 3.165964287325794
  endloop
endfacet
facet normal 0.542966 0.819579 0.182972
  outer loop
    vertex 4.430550839815309 8.890377740761748 1.153864325811272
    vertex 5.090324795022632 8.004077936436868 3.165964287325794
    vertex 6.535990339911362 7.418428595943946 1.49924895980171
  endloop
endfacet
facet normal 0.158161 0.964918 0.209569
  outer loop
    vertex 2.027431475765105 9.765000157582609 0.7309538518186547
    vertex 0.2462560348231178 9.643301165724599 2.635545596730928
    vertex 2.773145050218591 9.20014067380407 2.768948918391982
  endloop
endfacet
facet normal 0.14517 0.929676 0.338568
  outer loop
    vertex 0.2462560348231178 9.643301165724599 2.635545596730928
    vertex 0.9436840985555558 8.796600013984465 4.661468493522391
    vertex 2.773145050218591 9.20014067380407 2.768948918391982
  endloop
endfacet
facet normal -0.0222823 0.91968 0.392036
  outer loop
    vertex 0.2462560348231178 9.643301165724599 2.635545596730928
    vertex -1.551701425674396 8.864424091472506 4.360528432665228
    vertex 0.9436840985555558 8.796600013984465 4.661468493522391
  endloop
endfacet
facet normal 0.225703 0.885141 0.40692
  outer loop
    vertex 2.773145050218591 9.20014067380407 2.768948918391982
    vertex 0.9436840985555558 8.796600013984465 4.661468493522391
    vertex 3.379408838838782 8.172644860744084 4.667705204930109
  endloop
endfacet
facet normal 0.0581454 0.991343 0.117722
  outer loop
    vertex 2.027431475765105 9.765000157582609 0.7309538518186547
    vertex -0.4708381674055562 9.988571197972959 0.08220001909519145
    vertex 0.2462560348231178 9.643301165724599 2.635545596730928
  endloop
endfacet
facet normal -0.0859389 0.983825 0.157171
  outer loop
    vertex -0.4708381674055562 9.988571197972959 0.08220001909519145
    vertex -2.323518447226724 9.526616616604562 1.960825812159506
    vertex 0.2462560348231178 9.643301165724599 2.635545596730928
  endloop
endfacet
facet normal -0.191421 0.980117 0.0522333
  outer loop
    vertex -0.4708381674055562 9.988571197972959 0.08220001909519145
    vertex -2.937504132212036 9.541687688771658 -0.572071257083055
    vertex -2.323518447226724 9.526616616604562 1.960825812159506
  endloop
endfacet
facet normal -0.121786 0.946059 0.300233
  outer loop
    vertex 0.2462560348231178 9.643301165724599 2.635545596730928
    vertex -2.323518447226724 9.526616616604562 1.960825812159506
    vertex -1.551701425674396 8.864424091472506 4.360528432665228
  endloop
endfacet
facet normal 0.0879991 0.996111 0.00440225
  outer loop
    vertex 2.027431475765105 9.765000157582609 0.7309538518186547
    vertex 1.263987687609623 9.841183511675844 -1.246371619979685
    vertex -0.4708381674055562 9.988571197972959 0.08220001909519145
  endloop
endfacet
facet normal -0.0102698 0.992292 -0.123492
  outer loop
    vertex 1.263987687609623 9.841183511675844 -1.246371619979685
    vertex -1.27623990125922 9.731826928986839 -1.913832892046863
    vertex -0.4708381674055562 9.988571197972959 0.08220001909519145
  endloop
endfacet
facet normal 0.00782402 0.981635 -0.190607
  outer loop
    vertex 1.263987687609623 9.841183511675844 -1.246371619979685
    vertex 0.4436838387532147 9.474664537789078 -3.167629483950309
    vertex -1.27623990125922 9.731826928986839 -1.913832892046863
  endloop
endfacet
facet normal -0.162183 0.984859 -0.0612388
  outer loop
    vertex -0.4708381674055562 9.988571197972959 0.08220001909519145
    vertex -1.27623990125922 9.731826928986839 -1.913832892046863
    vertex -2.937504132212036 9.541687688771658 -0.572071257083055
  endloop
endfacet
facet normal 0.201686 0.793065 0.574779
  outer loop
    vertex 3.379408838838782 8.172644860744084 4.667705204930109
    vertex 0.9436840985555558 8.796600013984465 4.661468493522391
    vertex 2.356075339864595 6.744781386654554 6.996915966275442
  endloop
endfacet
facet normal 0.123825 0.781402 0.61162
  outer loop
    vertex 0.9436840985555558 8.796600013984465 4.661468493522391
    vertex -0.2221076294854609 7.204644815597399 6.931360709269852
    vertex 2.356075339864595 6.744781386654554 6.996915966275442
  endloop
endfacet
facet normal -0.0447859 0.828564 0.5581
  outer loop
    vertex 0.9436840985555558 8.796600013984465 4.661468493522391
    vertex -1.551701425674396 8.864424091472506 4.360528432665228
    vertex -0.2221076294854609 7.204644815597399 6.931360709269852
  endloop
endfacet
facet normal 0.0907082 0.619682 0.779594
  outer loop
    vertex 2.356075339864595 6.744781386654554 6.996915966275442
    vertex -0.2221076294854609 7.204644815597399 6.931360709269852
    vertex 1.132210889287299 4.742854168958886 8.730603234265578
  endloop
endfacet
facet normal -0.142054 0.796505 0.587707
  outer loop
    vertex -1.551701425674396 8.864424091472506 4.360528432665228
    vertex -3.028206718039022 7.281393274215278 6.149087416766478
    vertex -0.2221076294854609 7.204644815597399 6.931360709269852
  endloop
endfacet
facet normal -0.186209 0.655115 0.732223
  outer loop
    vertex -3.028206718039022 7.281393274215278 6.149087416766478
    vertex -1.631172502782772 5.136027283596214 8.423805553805281
    vertex -0.2221076294854609 7.204644815597399 6.931360709269852
  endloop
endfacet
facet normal -0.276846 0.608371 0.743802
  outer loop
    vertex -3.028206718039022 7.281393274215278 6.149087416766478
    vertex -4.265937980747585 5.124224765750231 7.452791000322443
    vertex -1.631172502782772 5.136027283596214 8.423805553805281
  endloop
endfacet
facet normal -0.00617422 0.587841 0.808953
  outer loop
    vertex -0.2221076294854609 7.204644815597399 6.931360709269852
    vertex -1.631172502782772 5.136027283596214 8.423805553805281
    vertex 1.132210889287299 4.742854168958886 8.730603234265578
  endloop
endfacet
facet normal -0.286542 0.569288 0.770587
  outer loop
    vertex -4.265937980747585 5.124224765750231 7.452791000322443
    vertex -3.265917490197189 4.37508081329605 8.378093507735091
    vertex -1.631172502782772 5.136027283596214 8.423805553805281
  endloop
endfacet
facet normal -0.20128 0.37813 0.903606
  outer loop
    vertex -3.265917490197189 4.37508081329605 8.378093507735091
    vertex -0.5359085622056367 4.198427786797564 9.060132787768664
    vertex -1.631172502782772 5.136027283596214 8.423805553805281
  endloop
endfacet
facet normal -0.180978 0.49169 0.851756
  outer loop
    vertex -3.265917490197189 4.37508081329605 8.378093507735091
    vertex -2.186945326363594 3.520171803397605 9.10086043262179
    vertex -0.5359085622056367 4.198427786797564 9.060132787768664
  endloop
endfacet
facet normal -0.0144837 0.549864 0.835129
  outer loop
    vertex -1.631172502782772 5.136027283596214 8.423805553805281
    vertex -0.5359085622056367 4.198427786797564 9.060132787768664
    vertex 1.132210889287299 4.742854168958886 8.730603234265578
  endloop
endfacet
facet normal -0.296295 0.823316 0.484107
  outer loop
    vertex -1.551701425674396 8.864424091472506 4.360528432665228
    vertex -4.058426073262455 8.375643291231928 3.657564389850859
    vertex -3.028206718039022 7.281393274215278 6.149087416766478
  endloop
endfacet
facet normal -0.423881 0.751615 0.505371
  outer loop
    vertex -4.058426073262455 8.375643291231928 3.657564389850859
    vertex -5.493148927206944 6.470838811109811 5.287112628284002
    vertex -3.028206718039022 7.281393274215278 6.149087416766478
  endloop
endfacet
facet normal -0.533791 0.74473 0.400555
  outer loop
    vertex -4.058426073262455 8.375643291231928 3.657564389850859
    vertex -6.280381775951385 7.299165916053308 2.697958798466608
    vertex -5.493148927206944 6.470838811109811 5.287112628284002
  endloop
endfacet
facet normal -0.432617 0.635014 0.639999
  outer loop
    vertex -3.028206718039022 7.281393274215278 6.149087416766478
    vertex -5.493148927206944 6.470838811109811 5.287112628284002
    vertex -4.265937980747585 5.124224765750231 7.452791000322443
  endloop
endfacet
facet normal -0.339858 0.936355 0.0879546
  outer loop
    vertex -2.937504132212036 9.541687688771658 -0.572071257083055
    vertex -4.77218047810405 8.718657792930571 1.100590647867601
    vertex -2.323518447226724 9.526616616604562 1.960825812159506
  endloop
endfacet
facet normal -0.375798 0.898852 0.22548
  outer loop
    vertex -4.77218047810405 8.718657792930571 1.100590647867601
    vertex -4.058426073262455 8.375643291231928 3.657564389850859
    vertex -2.323518447226724 9.526616616604562 1.960825812159506
  endloop
endfacet
facet normal -0.507967 0.823605 0.25228
  outer loop
    vertex -4.77218047810405 8.718657792930571 1.100590647867601
    vertex -6.280381775951385 7.299165916053308 2.697958798466608
    vertex -4.058426073262455 8.375643291231928 3.657564389850859
  endloop
endfacet
facet normal -0.270136 0.902336 0.335882
  outer loop
    vertex -2.323518447226724 9.526616616604562 1.960825812159506
    vertex -4.058426073262455 8.375643291231928 3.657564389850859
    vertex -1.551701425674396 8.864424091472506 4.360528432665228
  endloop
endfacet
facet normal -0.448327 0.393101 0.802792
  outer loop
    vertex -4.265937980747585 5.124224765750231 7.452791000322443
    vertex -5.079906768806412 2.736717145560715 8.167308399064456
    vertex -3.265917490197189 4.37508081329605 8.378093507735091
  endloop
endfacet
facet normal -0.389746 0.320448 0.863372
  outer loop
    vertex -5.079906768806412 2.736717145560715 8.167308399064456
    vertex -3.982892221809835 1.896375308602162 8.974426457349281
    vertex -3.265917490197189 4.37508081329605 8.378093507735091
  endloop
endfacet
facet normal -0.513168 0.142934 0.846303
  outer loop
    vertex -5.079906768806412 2.736717145560715 8.167308399064456
    vertex -5.544719699674534 0.1611074864293942 8.320464399891243
    vertex -3.982892221809835 1.896375308602162 8.974426457349281
  endloop
endfacet
facet normal -0.345036 0.31271 0.884965
  outer loop
    vertex -3.265917490197189 4.37508081329605 8.378093507735091
    vertex -3.982892221809835 1.896375308602162 8.974426457349281
    vertex -2.186945326363594 3.520171803397605 9.10086043262179
  endloop
endfacet
facet normal -0.652308 0.64157 0.403587
  outer loop
    vertex -6.280381775951385 7.299165916053308 2.697958798466608
    vertex -7.652638762955894 5.337984190482259 3.597644332874824
    vertex -5.493148927206944 6.470838811109811 5.287112628284002
  endloop
endfacet
facet normal -0.675037 0.544763 0.497553
  outer loop
    vertex -7.652638762955894 5.337984190482259 3.597644332874824
    vertex -6.673932719500471 4.253630225780062 6.112712324157854
    vertex -5.493148927206944 6.470838811109811 5.287112628284002
  endloop
endfacet
facet normal -0.764972 0.427299 0.481906
  outer loop
    vertex -7.652638762955894 5.337984190482259 3.597644332874824
    vertex -8.524508292577456 3.027764646798639 4.262088644476377
    vertex -6.673932719500471 4.253630225780062 6.112712324157854
  endloop
endfacet
facet normal -0.550385 0.532544 0.643018
  outer loop
    vertex -5.493148927206944 6.470838811109811 5.287112628284002
    vertex -6.673932719500471 4.253630225780062 6.112712324157854
    vertex -4.265937980747585 5.124224765750231 7.452791000322443
  endloop
endfacet
facet normal -0.766611 0.301113 0.567132
  outer loop
    vertex -8.524508292577456 3.027764646798639 4.262088644476377
    vertex -7.349759742085914 1.665865677943823 6.573121273539837
    vertex -6.673932719500471 4.253630225780062 6.112712324157854
  endloop
endfacet
facet normal -0.638262 0.293322 0.711746
  outer loop
    vertex -7.349759742085914 1.665865677943823 6.573121273539837
    vertex -5.079906768806412 2.736717145560715 8.167308399064456
    vertex -6.673932719500471 4.253630225780062 6.112712324157854
  endloop
endfacet
facet normal -0.616165 0.157091 0.771792
  outer loop
    vertex -7.349759742085914 1.665865677943823 6.573121273539837
    vertex -5.544719699674534 0.1611074864293942 8.320464399891243
    vertex -5.079906768806412 2.736717145560715 8.167308399064456
  endloop
endfacet
facet normal -0.552082 0.406146 0.728183
  outer loop
    vertex -6.673932719500471 4.253630225780062 6.112712324157854
    vertex -5.079906768806412 2.736717145560715 8.167308399064456
    vertex -4.265937980747585 5.124224765750231 7.452791000322443
  endloop
endfacet
facet normal -0.433832 0.900396 -0.0328155
  outer loop
    vertex -2.937504132212036 9.541687688771658 -0.572071257083055
    vertex -5.144150762680501 8.445028791957107 -1.48969850433874
    vertex -4.77218047810405 8.718657792930571 1.100590647867601
  endloop
endfacet
facet normal -0.56785 0.823114 -0.00540661
  outer loop
    vertex -5.144150762680501 8.445028791957107 -1.48969850433874
    vertex -6.862949690583266 7.27038598335796 0.2034924998989643
    vertex -4.77218047810405 8.718657792930571 1.100590647867601
  endloop
endfacet
facet normal -0.637929 0.760714 -0.119836
  outer loop
    vertex -5.144150762680501 8.445028791957107 -1.48969850433874
    vertex -6.995131331413434 6.764481461415268 -2.304328148169718
    vertex -6.862949690583266 7.27038598335796 0.2034924998989643
  endloop
endfacet
facet normal -0.601993 0.787598 0.131505
  outer loop
    vertex -4.77218047810405 8.718657792930571 1.100590647867601
    vertex -6.862949690583266 7.27038598335796 0.2034924998989643
    vertex -6.280381775951385 7.299165916053308 2.697958798466608
  endloop
endfacet
facet normal -0.37833 0.908736 -0.176253
  outer loop
    vertex -2.937504132212036 9.541687688771658 -0.572071257083055
    vertex -3.086671387498545 8.985368045725812 -3.120195639450719
    vertex -5.144150762680501 8.445028791957107 -1.48969850433874
  endloop
endfacet
facet normal -0.452488 0.842709 -0.291712
  outer loop
    vertex -3.086671387498545 8.985368045725812 -3.120195639450719
    vertex -5.186896475010541 7.547322390176242 -4.016718772364779
    vertex -5.144150762680501 8.445028791957107 -1.48969850433874
  endloop
endfacet
facet normal -0.382773 0.821959 -0.421745
  outer loop
    vertex -3.086671387498545 8.985368045725812 -3.120195639450719
    vertex -3.025183189192024 7.815825761280936 -5.45537664521225
    vertex -5.186896475010541 7.547322390176242 -4.016718772364779
  endloop
endfacet
facet normal -0.582363 0.769086 -0.263362
  outer loop
    vertex -5.144150762680501 8.445028791957107 -1.48969850433874
    vertex -5.186896475010541 7.547322390176242 -4.016718772364779
    vertex -6.995131331413434 6.764481461415268 -2.304328148169718
  endloop
endfacet
facet normal -0.262609 0.945786 -0.191116
  outer loop
    vertex -2.937504132212036 9.541687688771658 -0.572071257083055
    vertex -1.27623990125922 9.731826928986839 -1.913832892046863
    vertex -3.086671387498545 8.985368045725812 -3.120195639450719
  endloop
endfacet
facet normal -0.173336 0.932496 -0.316868
  outer loop
    vertex -1.27623990125922 9.731826928986839 -1.913832892046863
    vertex -1.32431358650761 8.870051126119476 -4.423616907533695
    vertex -3.086671387498545 8.985368045725812 -3.120195639450719
  endloop
endfacet
facet normal -0.0936547 0.942191 -0.321723
  outer loop
    vertex -1.27623990125922 9.731826928986839 -1.913832892046863
    vertex 0.4436838387532147 9.474664537789078 -3.167629483950309
    vertex -1.32431358650761 8.870051126119476 -4.423616907533695
  endloop
endfacet
facet normal -0.26712 0.858804 -0.437153
  outer loop
    vertex -3.086671387498545 8.985368045725812 -3.120195639450719
    vertex -1.32431358650761 8.870051126119476 -4.423616907533695
    vertex -3.025183189192024 7.815825761280936 -5.45537664521225
  endloop
endfacet
facet normal -0.366842 -0.0203314 0.930061
  outer loop
    vertex -5.544719699674534 0.1611074864293942 8.320464399891243
    vertex -4.345947069803444 -2.16377961998709 8.742471150801435
    vertex -3.982892221809835 1.896375308602162 8.974426457349281
  endloop
endfacet
facet normal -0.466374 -0.00883106 0.884544
  outer loop
    vertex -4.345947069803444 -2.16377961998709 8.742471150801435
    vertex -2.737304811342324 -0.4444723569724318 9.60778885559469
    vertex -3.982892221809835 1.896375308602162 8.974426457349281
  endloop
endfacet
facet normal -0.23934 -0.248461 0.938607
  outer loop
    vertex -4.345947069803444 -2.16377961998709 8.742471150801435
    vertex -2.842078283136804 -4.33676408341063 8.550734957730926
    vertex -2.737304811342324 -0.4444723569724318 9.60778885559469
  endloop
endfacet
facet normal -0.205626 0.152153 0.96673
  outer loop
    vertex -3.982892221809835 1.896375308602162 8.974426457349281
    vertex -2.737304811342324 -0.4444723569724318 9.60778885559469
    vertex -2.186945326363594 3.520171803397605 9.10086043262179
  endloop
endfacet
facet normal -0.730388 0.675984 -0.0978696
  outer loop
    vertex -6.995131331413434 6.764481461415268 -2.304328148169718
    vertex -8.155692831078937 5.698545933103582 -1.005608618397968
    vertex -6.862949690583266 7.27038598335796 0.2034924998989643
  endloop
endfacet
facet normal -0.779788 0.625714 0.0202987
  outer loop
    vertex -8.155692831078937 5.698545933103582 -1.005608618397968
    vertex -7.839716069193018 6.009144966356766 1.558534159954773
    vertex -6.862949690583266 7.27038598335796 0.2034924998989643
  endloop
endfacet
facet normal -0.829352 0.55765 0.0346511
  outer loop
    vertex -8.155692831078937 5.698545933103582 -1.005608618397968
    vertex -8.97617874351211 4.394992780549638 0.3350427188254299
    vertex -7.839716069193018 6.009144966356766 1.558534159954773
  endloop
endfacet
facet normal -0.69421 0.703101 0.154017
  outer loop
    vertex -6.862949690583266 7.27038598335796 0.2034924998989643
    vertex -7.839716069193018 6.009144966356766 1.558534159954773
    vertex -6.280381775951385 7.299165916053308 2.697958798466608
  endloop
endfacet
facet normal -0.72409 0.632655 0.274666
  outer loop
    vertex -6.280381775951385 7.299165916053308 2.697958798466608
    vertex -7.839716069193018 6.009144966356766 1.558534159954773
    vertex -7.652638762955894 5.337984190482259 3.597644332874824
  endloop
endfacet
facet normal -0.830375 0.502167 0.241467
  outer loop
    vertex -7.839716069193018 6.009144966356766 1.558534159954773
    vertex -8.948217774802176 3.795305282156745 2.350543866841782
    vertex -7.652638762955894 5.337984190482259 3.597644332874824
  endloop
endfacet
facet normal -0.859556 0.486437 0.156658
  outer loop
    vertex -7.839716069193018 6.009144966356766 1.558534159954773
    vertex -8.97617874351211 4.394992780549638 0.3350427188254299
    vertex -8.948217774802176 3.795305282156745 2.350543866841782
  endloop
endfacet
facet normal -0.83719 0.417545 0.353226
  outer loop
    vertex -7.652638762955894 5.337984190482259 3.597644332874824
    vertex -8.948217774802176 3.795305282156745 2.350543866841782
    vertex -8.524508292577456 3.027764646798639 4.262088644476377
  endloop
endfacet
facet normal -0.442607 0.723274 -0.53007
  outer loop
    vertex -3.025183189192024 7.815825761280936 -5.45537664521225
    vertex -4.839448631285517 6.118384153450997 -6.256605493072779
    vertex -5.186896475010541 7.547322390176242 -4.016718772364779
  endloop
endfacet
facet normal -0.570899 0.649144 -0.502679
  outer loop
    vertex -4.839448631285517 6.118384153450997 -6.256605493072779
    vertex -6.894445006165944 5.574168297833733 -4.62550276665995
    vertex -5.186896475010541 7.547322390176242 -4.016718772364779
  endloop
endfacet
facet normal -0.608451 0.531634 -0.589197
  outer loop
    vertex -4.839448631285517 6.118384153450997 -6.256605493072779
    vertex -6.323913645232165 4.003984774785295 -6.631457014181272
    vertex -6.894445006165944 5.574168297833733 -4.62550276665995
  endloop
endfacet
facet normal -0.642196 0.670417 -0.371651
  outer loop
    vertex -5.186896475010541 7.547322390176242 -4.016718772364779
    vertex -6.894445006165944 5.574168297833733 -4.62550276665995
    vertex -6.995131331413434 6.764481461415268 -2.304328148169718
  endloop
endfacet
facet normal -0.698987 0.452978 -0.553379
  outer loop
    vertex -6.323913645232165 4.003984774785295 -6.631457014181272
    vertex -7.874846910240088 3.604537916536138 -4.99940921995144
    vertex -6.894445006165944 5.574168297833733 -4.62550276665995
  endloop
endfacet
facet normal -0.783624 0.467682 -0.408909
  outer loop
    vertex -7.874846910240088 3.604537916536138 -4.99940921995144
    vertex -8.19921974139824 5.009469042491334 -2.770923229645013
    vertex -6.894445006165944 5.574168297833733 -4.62550276665995
  endloop
endfacet
facet normal -0.833771 0.404147 -0.376153
  outer loop
    vertex -7.874846910240088 3.604537916536138 -4.99940921995144
    vertex -9.014041301311529 3.016626647520332 -3.105965725458058
    vertex -8.19921974139824 5.009469042491334 -2.770923229645013
  endloop
endfacet
facet normal -0.732873 0.591973 -0.335358
  outer loop
    vertex -6.894445006165944 5.574168297833733 -4.62550276665995
    vertex -8.19921974139824 5.009469042491334 -2.770923229645013
    vertex -6.995131331413434 6.764481461415268 -2.304328148169718
  endloop
endfacet
facet normal -0.880341 0.40222 -0.251435
  outer loop
    vertex -9.014041301311529 3.016626647520332 -3.105965725458058
    vertex -9.153720684252839 3.771154210092896 -1.409891328571229
    vertex -8.19921974139824 5.009469042491334 -2.770923229645013
  endloop
endfacet
facet normal -0.860942 0.480713 -0.166415
  outer loop
    vertex -9.153720684252839 3.771154210092896 -1.409891328571229
    vertex -8.155692831078937 5.698545933103582 -1.005608618397968
    vertex -8.19921974139824 5.009469042491334 -2.770923229645013
  endloop
endfacet
facet normal -0.878345 0.471425 -0.0791721
  outer loop
    vertex -9.153720684252839 3.771154210092896 -1.409891328571229
    vertex -8.97617874351211 4.394992780549638 0.3350427188254299
    vertex -8.155692831078937 5.698545933103582 -1.005608618397968
  endloop
endfacet
facet normal -0.778853 0.590539 -0.211308
  outer loop
    vertex -8.19921974139824 5.009469042491334 -2.770923229645013
    vertex -8.155692831078937 5.698545933103582 -1.005608618397968
    vertex -6.995131331413434 6.764481461415268 -2.304328148169718
  endloop
endfacet
facet normal -0.34818 0.677809 -0.647568
  outer loop
    vertex -3.025183189192024 7.815825761280936 -5.45537664521225
    vertex -2.436995494427595 6.223319777657093 -7.438504144326444
    vertex -4.839448631285517 6.118384153450997 -6.256605493072779
  endloop
endfacet
facet normal -0.385339 0.559802 -0.733578
  outer loop
    vertex -2.436995494427595 6.223319777657093 -7.438504144326444
    vertex -4.144544027861573 4.250165689163509 -8.047288140471561
    vertex -4.839448631285517 6.118384153450997 -6.256605493072779
  endloop
endfacet
facet normal -0.280689 0.496361 -0.821486
  outer loop
    vertex -2.436995494427595 6.223319777657093 -7.438504144326444
    vertex -1.682730583855591 4.206704835228514 -8.914709878140851
    vertex -4.144544027861573 4.250165689163509 -8.047288140471561
  endloop
endfacet
facet normal -0.514024 0.486169 -0.706696
  outer loop
    vertex -4.839448631285517 6.118384153450997 -6.256605493072779
    vertex -4.144544027861573 4.250165689163509 -8.047288140471561
    vertex -6.323913645232165 4.003984774785295 -6.631457014181272
  endloop
endfacet
facet normal -0.305243 0.353976 -0.88404
  outer loop
    vertex -1.682730583855591 4.206704835228514 -8.914709878140851
    vertex -3.152074546518999 2.076799061123233 -9.260201494184924
    vertex -4.144544027861573 4.250165689163509 -8.047288140471561
  endloop
endfacet
facet normal -0.433591 0.279998 -0.856504
  outer loop
    vertex -3.152074546518999 2.076799061123233 -9.260201494184924
    vertex -5.554527682731432 1.971863436190927 -8.078302842230137
    vertex -4.144544027861573 4.250165689163509 -8.047288140471561
  endloop
endfacet
facet normal -0.442186 0.132699 -0.887053
  outer loop
    vertex -3.152074546518999 2.076799061123233 -9.260201494184924
    vertex -4.406609837831369 -0.1946371369612776 -8.974625681444509
    vertex -5.554527682731432 1.971863436190927 -8.078302842230137
  endloop
endfacet
facet normal -0.538578 0.343784 -0.76925
  outer loop
    vertex -4.144544027861573 4.250165689163509 -8.047288140471561
    vertex -5.554527682731432 1.971863436190927 -8.078302842230137
    vertex -6.323913645232165 4.003984774785295 -6.631457014181272
  endloop
endfacet
facet normal -0.559405 0.0460009 -0.827617
  outer loop
    vertex -4.406609837831369 -0.1946371369612776 -8.974625681444509
    vertex -6.565714191427855 -0.4480122422233611 -7.529321495812279
    vertex -5.554527682731432 1.971863436190927 -8.078302842230137
  endloop
endfacet
facet normal -0.66394 0.109627 -0.739706
  outer loop
    vertex -6.565714191427855 -0.4480122422233611 -7.529321495812279
    vertex -7.558183672636221 1.725354385671853 -6.316408141858643
    vertex -5.554527682731432 1.971863436190927 -8.078302842230137
  endloop
endfacet
facet normal -0.754008 0.022059 -0.656495
  outer loop
    vertex -6.565714191427855 -0.4480122422233611 -7.529321495812279
    vertex -8.277375973201062 -0.6708560535508982 -5.570906492994464
    vertex -7.558183672636221 1.725354385671853 -6.316408141858643
  endloop
endfacet
facet normal -0.655797 0.257086 -0.709814
  outer loop
    vertex -5.554527682731432 1.971863436190927 -8.078302842230137
    vertex -7.558183672636221 1.725354385671853 -6.316408141858643
    vertex -6.323913645232165 4.003984774785295 -6.631457014181272
  endloop
endfacet
facet normal -0.824519 0.072895 -0.56112
  outer loop
    vertex -8.277375973201062 -0.6708560535508982 -5.570906492994464
    vertex -8.872833616745202 1.203697294034045 -4.452407936599181
    vertex -7.558183672636221 1.725354385671853 -6.316408141858643
  endloop
endfacet
facet normal -0.824815 0.224645 -0.51886
  outer loop
    vertex -8.872833616745202 1.203697294034045 -4.452407936599181
    vertex -7.874846910240088 3.604537916536138 -4.99940921995144
    vertex -7.558183672636221 1.725354385671853 -6.316408141858643
  endloop
endfacet
facet normal -0.861135 0.258179 -0.437939
  outer loop
    vertex -8.872833616745202 1.203697294034045 -4.452407936599181
    vertex -9.014041301311529 3.016626647520332 -3.105965725458058
    vertex -7.874846910240088 3.604537916536138 -4.99940921995144
  endloop
endfacet
facet normal -0.726114 0.308346 -0.614558
  outer loop
    vertex -7.558183672636221 1.725354385671853 -6.316408141858643
    vertex -7.874846910240088 3.604537916536138 -4.99940921995144
    vertex -6.323913645232165 4.003984774785295 -6.631457014181272
  endloop
endfacet
facet normal -0.543861 -0.110619 -0.831853
  outer loop
    vertex -4.406609837831369 -0.1946371369612776 -8.974625681444509
    vertex -5.101847640510726 -2.589213038110796 -8.201653887862632
    vertex -6.565714191427855 -0.4480122422233611 -7.529321495812279
  endloop
endfacet
facet normal -0.633394 -0.19815 -0.74803
  outer loop
    vertex -5.101847640510726 -2.589213038110796 -8.201653887862632
    vertex -7.105503630455122 -2.835722088613905 -6.439759187557893
    vertex -6.565714191427855 -0.4480122422233611 -7.529321495812279
  endloop
endfacet
facet normal -0.596287 -0.342522 -0.72603
  outer loop
    vertex -5.101847640510726 -2.589213038110796 -8.201653887862632
    vertex -5.449402957684649 -4.807338349586625 -6.869752935686372
    vertex -7.105503630455122 -2.835722088613905 -6.439759187557893
  endloop
endfacet
facet normal -0.738463 -0.134561 -0.660731
  outer loop
    vertex -6.565714191427855 -0.4480122422233611 -7.529321495812279
    vertex -7.105503630455122 -2.835722088613905 -6.439759187557893
    vertex -8.277375973201062 -0.6708560535508982 -5.570906492994464
  endloop
endfacet
facet normal -0.49241 -0.134608 -0.859891
  outer loop
    vertex -4.406609837831369 -0.1946371369612776 -8.974625681444509
    vertex -3.79899791940648 -1.849089321809373 -9.063580059133134
    vertex -5.101847640510726 -2.589213038110796 -8.201653887862632
  endloop
endfacet
facet normal -0.396013 -0.309628 -0.864468
  outer loop
    vertex -3.79899791940648 -1.849089321809373 -9.063580059133134
    vertex -4.323859764846138 -4.187290473382308 -7.985664357175705
    vertex -5.101847640510726 -2.589213038110796 -8.201653887862632
  endloop
endfacet
facet normal -0.42736 -0.297622 -0.853689
  outer loop
    vertex -3.79899791940648 -1.849089321809373 -9.063580059133134
    vertex -3.073073156995958 -3.445955000666196 -8.870265808031602
    vertex -4.323859764846138 -4.187290473382308 -7.985664357175705
  endloop
endfacet
facet normal -0.545009 -0.367198 -0.753744
  outer loop
    vertex -5.101847640510726 -2.589213038110796 -8.201653887862632
    vertex -4.323859764846138 -4.187290473382308 -7.985664357175705
    vertex -5.449402957684649 -4.807338349586625 -6.869752935686372
  endloop
endfacet
facet normal 0.520363 -0.5233 -0.674818
  outer loop
    vertex 6.467110030114689 -4.538360021088806 -6.130234593991718
    vertex 4.750008692258706 -6.496149834392886 -5.936114449080646
    vertex 4.326916182692535 -4.491448412402272 -7.816948733788815
  endloop
endfacet
facet normal 0.388375 -0.585586 -0.711516
  outer loop
    vertex 4.750008692258706 -6.496149834392886 -5.936114449080646
    vertex 2.37417415573002 -6.291510021340899 -7.40136465319948
    vertex 4.326916182692535 -4.491448412402272 -7.816948733788815
  endloop
endfacet
facet normal 0.331528 -0.69775 -0.635007
  outer loop
    vertex 4.750008692258706 -6.496149834392886 -5.936114449080646
    vertex 2.709001383732635 -8.010963254589178 -5.337207063301614
    vertex 2.37417415573002 -6.291510021340899 -7.40136465319948
  endloop
endfacet
facet normal 0.288866 -0.501628 -0.81543
  outer loop
    vertex 4.326916182692535 -4.491448412402272 -7.816948733788815
    vertex 2.37417415573002 -6.291510021340899 -7.40136465319948
    vertex 1.865334794768461 -4.110928409745188 -8.923048454052909
  endloop
endfacet
facet normal 0.823652 -0.484038 -0.295474
  outer loop
    vertex 8.88810807892548 -4.108487005881307 -2.030238729766543
    vertex 7.674938770682941 -5.938863268015641 -2.413548829023847
    vertex 7.906829638575847 -4.452502456661782 -4.202055085307585
  endloop
endfacet
facet normal 0.739349 -0.561847 -0.371069
  outer loop
    vertex 7.674938770682941 -5.938863268015641 -2.413548829023847
    vertex 6.442621215791189 -6.167913660920036 -4.522109346452522
    vertex 7.906829638575847 -4.452502456661782 -4.202055085307585
  endloop
endfacet
facet normal 0.68276 -0.652825 -0.328113
  outer loop
    vertex 7.674938770682941 -5.938863268015641 -2.413548829023847
    vertex 6.080403008730861 -7.474138384556409 -2.676930081253002
    vertex 6.442621215791189 -6.167913660920036 -4.522109346452522
  endloop
endfacet
facet normal 0.701967 -0.50558 -0.501628
  outer loop
    vertex 7.906829638575847 -4.452502456661782 -4.202055085307585
    vertex 6.442621215791189 -6.167913660920036 -4.522109346452522
    vertex 6.467110030114689 -4.538360021088806 -6.130234593991718
  endloop
endfacet
facet normal 0.588193 -0.572516 -0.571187
  outer loop
    vertex 6.467110030114689 -4.538360021088806 -6.130234593991718
    vertex 6.442621215791189 -6.167913660920036 -4.522109346452522
    vertex 4.750008692258706 -6.496149834392886 -5.936114449080646
  endloop
endfacet
facet normal 0.533015 -0.69979 -0.475593
  outer loop
    vertex 6.442621215791189 -6.167913660920036 -4.522109346452522
    vertex 4.501363058312096 -7.930465064552733 -4.104321439309039
    vertex 4.750008692258706 -6.496149834392886 -5.936114449080646
  endloop
endfacet
facet normal 0.568134 -0.720142 -0.39827
  outer loop
    vertex 6.442621215791189 -6.167913660920036 -4.522109346452522
    vertex 6.080403008730861 -7.474138384556409 -2.676930081253002
    vertex 4.501363058312096 -7.930465064552733 -4.104321439309039
  endloop
endfacet
facet normal 0.398923 -0.747492 -0.531146
  outer loop
    vertex 4.750008692258706 -6.496149834392886 -5.936114449080646
    vertex 4.501363058312096 -7.930465064552733 -4.104321439309039
    vertex 2.709001383732635 -8.010963254589178 -5.337207063301614
  endloop
endfacet
facet normal 0.196062 -0.737559 -0.646194
  outer loop
    vertex 2.709001383732635 -8.010963254589178 -5.337207063301614
    vertex 0.526294035863101 -7.753736763320916 -6.293058143139996
    vertex 2.37417415573002 -6.291510021340899 -7.40136465319948
  endloop
endfacet
facet normal 0.09226 -0.672901 -0.733956
  outer loop
    vertex 0.526294035863101 -7.753736763320916 -6.293058143139996
    vertex 0.09232551784163771 -5.767179716655211 -8.168911439999579
    vertex 2.37417415573002 -6.291510021340899 -7.40136465319948
  endloop
endfacet
facet normal -0.0242898 -0.689155 -0.724207
  outer loop
    vertex 0.526294035863101 -7.753736763320916 -6.293058143139996
    vertex -1.686643789425986 -7.051133451932825 -6.887434193560374
    vertex 0.09232551784163771 -5.767179716655211 -8.168911439999579
  endloop
endfacet
facet normal 0.153778 -0.54108 -0.826792
  outer loop
    vertex 2.37417415573002 -6.291510021340899 -7.40136465319948
    vertex 0.09232551784163771 -5.767179716655211 -8.168911439999579
    vertex 1.865334794768461 -4.110928409745188 -8.923048454052909
  endloop
endfacet
facet normal -0.124225 -0.609423 -0.783053
  outer loop
    vertex -1.686643789425986 -7.051133451932825 -6.887434193560374
    vertex -2.438000566677761 -5.376770905492899 -8.071337427386121
    vertex 0.09232551784163771 -5.767179716655211 -8.168911439999579
  endloop
endfacet
facet normal -0.11137 -0.508406 -0.853885
  outer loop
    vertex -2.438000566677761 -5.376770905492899 -8.071337427386121
    vertex -0.6235344578532597 -3.901488391641875 -9.186380849374434
    vertex 0.09232551784163771 -5.767179716655211 -8.168911439999579
  endloop
endfacet
facet normal -0.193618 -0.428803 -0.882405
  outer loop
    vertex -2.438000566677761 -5.376770905492899 -8.071337427386121
    vertex -3.073073156995958 -3.445955000666196 -8.870265808031602
    vertex -0.6235344578532597 -3.901488391641875 -9.186380849374434
  endloop
endfacet
facet normal 0.0548097 -0.461776 -0.885302
  outer loop
    vertex 0.09232551784163771 -5.767179716655211 -8.168911439999579
    vertex -0.6235344578532597 -3.901488391641875 -9.186380849374434
    vertex 1.865334794768461 -4.110928409745188 -8.923048454052909
  endloop
endfacet
facet normal 0.862972 -0.497699 -0.0870313
  outer loop
    vertex 8.88810807892548 -4.108487005881307 -2.030238729766543
    vertex 9.128406677783365 -4.079014391951556 0.1839378026729417
    vertex 7.948069355587261 -6.066691952137834 -0.1531087085724159
  endloop
endfacet
facet normal 0.849011 -0.520028 0.0935478
  outer loop
    vertex 9.128406677783365 -4.079014391951556 0.1839378026729417
    vertex 7.838082717453516 -5.837736400556118 2.117851041026878
    vertex 7.948069355587261 -6.066691952137834 -0.1531087085724159
  endloop
endfacet
facet normal 0.863631 -0.485893 0.134346
  outer loop
    vertex 9.128406677783365 -4.079014391951556 0.1839378026729417
    vertex 8.915827698525971 -3.84717413335712 2.388988831666014
    vertex 7.838082717453516 -5.837736400556118 2.117851041026878
  endloop
endfacet
facet normal 0.734937 -0.670241 0.103167
  outer loop
    vertex 7.948069355587261 -6.066691952137834 -0.1531087085724159
    vertex 7.838082717453516 -5.837736400556118 2.117851041026878
    vertex 6.352962159105362 -7.52488885161928 1.736640312716247
  endloop
endfacet
facet normal 0.710727 -0.700988 0.0590064
  outer loop
    vertex 6.352962159105362 -7.52488885161928 1.736640312716247
    vertex 6.37446273254411 -7.689852172021033 -0.4820772177459645
    vertex 7.948069355587261 -6.066691952137834 -0.1531087085724159
  endloop
endfacet
facet normal 0.724899 -0.677254 -0.125889
  outer loop
    vertex 6.37446273254411 -7.689852172021033 -0.4820772177459645
    vertex 7.674938770682941 -5.938863268015641 -2.413548829023847
    vertex 7.948069355587261 -6.066691952137834 -0.1531087085724159
  endloop
endfacet
facet normal 0.698185 -0.69733 -0.162075
  outer loop
    vertex 6.37446273254411 -7.689852172021033 -0.4820772177459645
    vertex 6.080403008730861 -7.474138384556409 -2.676930081253002
    vertex 7.674938770682941 -5.938863268015641 -2.413548829023847
  endloop
endfacet
facet normal 0.838762 -0.528447 -0.131232
  outer loop
    vertex 7.948069355587261 -6.066691952137834 -0.1531087085724159
    vertex 7.674938770682941 -5.938863268015641 -2.413548829023847
    vertex 8.88810807892548 -4.108487005881307 -2.030238729766543
  endloop
endfacet
facet normal 0.520977 -0.581667 0.624697
  outer loop
    vertex 6.482814320440242 -4.699075465278364 5.990977237338982
    vertex 3.928262713053673 -5.530328792789064 7.347395150723858
    vertex 4.382404136890035 -7.114185427450077 5.493896584831761
  endloop
endfacet
facet normal 0.305974 -0.685455 0.660706
  outer loop
    vertex 3.928262713053673 -5.530328792789064 7.347395150723858
    vertex 1.461351475110604 -7.534618263415888 6.410458602221203
    vertex 4.382404136890035 -7.114185427450077 5.493896584831761
  endloop
endfacet
facet normal 0.245376 -0.641696 0.726648
  outer loop
    vertex 3.928262713053673 -5.530328792789064 7.347395150723858
    vertex 1.017944631839434 -5.860723161152209 8.038389935481069
    vertex 1.461351475110604 -7.534618263415888 6.410458602221203
  endloop
endfacet
facet normal 0.28471 -0.787988 0.545907
  outer loop
    vertex 4.382404136890035 -7.114185427450077 5.493896584831761
    vertex 1.461351475110604 -7.534618263415888 6.410458602221203
    vertex 1.822211032605937 -8.782905770521808 4.420420022891937
  endloop
endfacet
facet normal 0.33931 -0.818645 0.463345
  outer loop
    vertex 1.822211032605937 -8.782905770521808 4.420420022891937
    vertex 4.24612989718289 -8.470158696136034 3.197935671416915
    vertex 4.382404136890035 -7.114185427450077 5.493896584831761
  endloop
endfacet
facet normal 0.531319 -0.742888 0.407207
  outer loop
    vertex 4.24612989718289 -8.470158696136034 3.197935671416915
    vertex 6.638122525702479 -6.321719065043593 3.996398052800259
    vertex 4.382404136890035 -7.114185427450077 5.493896584831761
  endloop
endfacet
facet normal 0.567404 -0.754394 0.330063
  outer loop
    vertex 4.24612989718289 -8.470158696136034 3.197935671416915
    vertex 6.352962159105362 -7.52488885161928 1.736640312716247
    vertex 6.638122525702479 -6.321719065043593 3.996398052800259
  endloop
endfacet
facet normal 0.575276 -0.61201 0.54268
  outer loop
    vertex 4.382404136890035 -7.114185427450077 5.493896584831761
    vertex 6.638122525702479 -6.321719065043593 3.996398052800259
    vertex 6.482814320440242 -4.699075465278364 5.990977237338982
  endloop
endfacet
facet normal 0.691877 -0.669889 0.269362
  outer loop
    vertex 6.352962159105362 -7.52488885161928 1.736640312716247
    vertex 7.838082717453516 -5.837736400556118 2.117851041026878
    vertex 6.638122525702479 -6.321719065043593 3.996398052800259
  endloop
endfacet
facet normal 0.762071 -0.547457 0.345743
  outer loop
    vertex 7.838082717453516 -5.837736400556118 2.117851041026878
    vertex 7.895385930086857 -4.381940871991713 4.296681883658021
    vertex 6.638122525702479 -6.321719065043593 3.996398052800259
  endloop
endfacet
facet normal 0.820252 -0.485339 0.302709
  outer loop
    vertex 7.838082717453516 -5.837736400556118 2.117851041026878
    vertex 8.915827698525971 -3.84717413335712 2.388988831666014
    vertex 7.895385930086857 -4.381940871991713 4.296681883658021
  endloop
endfacet
facet normal 0.698455 -0.527561 0.48357
  outer loop
    vertex 6.638122525702479 -6.321719065043593 3.996398052800259
    vertex 7.895385930086857 -4.381940871991713 4.296681883658021
    vertex 6.482814320440242 -4.699075465278364 5.990977237338982
  endloop
endfacet
facet normal -0.666107 -0.425986 -0.612239
  outer loop
    vertex -5.449402957684649 -4.807338349586625 -6.869752935686372
    vertex -7.13514086147475 -5.01983624922154 -4.88784297189617
    vertex -7.105503630455122 -2.835722088613905 -6.439759187557893
  endloop
endfacet
facet normal -0.770599 -0.362166 -0.524417
  outer loop
    vertex -7.13514086147475 -5.01983624922154 -4.88784297189617
    vertex -8.599007412378134 -2.878635453334552 -4.215510579831498
    vertex -7.105503630455122 -2.835722088613905 -6.439759187557893
  endloop
endfacet
facet normal -0.811162 -0.430154 -0.396212
  outer loop
    vertex -7.13514086147475 -5.01983624922154 -4.88784297189617
    vertex -8.334630706932529 -4.890240604143222 -2.572834587113265
    vertex -8.599007412378134 -2.878635453334552 -4.215510579831498
  endloop
endfacet
facet normal -0.808283 -0.218025 -0.54694
  outer loop
    vertex -7.105503630455122 -2.835722088613905 -6.439759187557893
    vertex -8.599007412378134 -2.878635453334552 -4.215510579831498
    vertex -8.277375973201062 -0.6708560535508982 -5.570906492994464
  endloop
endfacet
facet normal -0.90295 -0.336721 -0.267022
  outer loop
    vertex -8.334630706932529 -4.890240604143222 -2.572834587113265
    vertex -9.577326309829933 -2.564121251130647 -1.303879965541144
    vertex -8.599007412378134 -2.878635453334552 -4.215510579831498
  endloop
endfacet
facet normal -0.934203 -0.205351 -0.291714
  outer loop
    vertex -9.577326309829933 -2.564121251130647 -1.303879965541144
    vertex -9.570431793103641 -0.3609027586492382 -2.876905367291461
    vertex -8.599007412378134 -2.878635453334552 -4.215510579831498
  endloop
endfacet
facet normal -0.986891 -0.0917187 -0.132789
  outer loop
    vertex -9.577326309829933 -2.564121251130647 -1.303879965541144
    vertex -9.999688532052698 -0.01837544013252781 0.07675679210150724
    vertex -9.570431793103641 -0.3609027586492382 -2.876905367291461
  endloop
endfacet
facet normal -0.899978 -0.125237 -0.417559
  outer loop
    vertex -8.599007412378134 -2.878635453334552 -4.215510579831498
    vertex -9.570431793103641 -0.3609027586492382 -2.876905367291461
    vertex -8.277375973201062 -0.6708560535508982 -5.570906492994464
  endloop
endfacet
facet normal -0.989556 0.00269398 -0.144125
  outer loop
    vertex -9.999688532052698 -0.01837544013252781 0.07675679210150724
    vertex -9.757850195844687 1.538703157539507 -1.554590669093235
    vertex -9.570431793103641 -0.3609027586492382 -2.876905367291461
  endloop
endfacet
facet normal -0.945933 0.117205 -0.302445
  outer loop
    vertex -9.757850195844687 1.538703157539507 -1.554590669093235
    vertex -8.872833616745202 1.203697294034045 -4.452407936599181
    vertex -9.570431793103641 -0.3609027586492382 -2.876905367291461
  endloop
endfacet
facet normal -0.940024 0.153151 -0.304796
  outer loop
    vertex -9.757850195844687 1.538703157539507 -1.554590669093235
    vertex -9.014041301311529 3.016626647520332 -3.105965725458058
    vertex -8.872833616745202 1.203697294034045 -4.452407936599181
  endloop
endfacet
facet normal -0.902473 -0.0302942 -0.42968
  outer loop
    vertex -9.570431793103641 -0.3609027586492382 -2.876905367291461
    vertex -8.872833616745202 1.203697294034045 -4.452407936599181
    vertex -8.277375973201062 -0.6708560535508982 -5.570906492994464
  endloop
endfacet
facet normal 0.323401 -0.850588 -0.414622
  outer loop
    vertex 2.709001383732635 -8.010963254589178 -5.337207063301614
    vertex 4.501363058312096 -7.930465064552733 -4.104321439309039
    vertex 2.796777088193353 -9.127032244078123 -2.979147585218795
  endloop
endfacet
facet normal 0.411661 -0.862687 -0.293778
  outer loop
    vertex 4.501363058312096 -7.930465064552733 -4.104321439309039
    vertex 4.508172429835143 -8.783375772476479 -1.590185958417293
    vertex 2.796777088193353 -9.127032244078123 -2.979147585218795
  endloop
endfacet
facet normal 0.492036 -0.824019 -0.280878
  outer loop
    vertex 4.501363058312096 -7.930465064552733 -4.104321439309039
    vertex 6.080403008730861 -7.474138384556409 -2.676930081253002
    vertex 4.508172429835143 -8.783375772476479 -1.590185958417293
  endloop
endfacet
facet normal 0.322509 -0.931746 -0.166844
  outer loop
    vertex 2.796777088193353 -9.127032244078123 -2.979147585218795
    vertex 4.508172429835143 -8.783375772476479 -1.590185958417293
    vertex 2.693987140257951 -9.621207246600568 -0.4180961684655013
  endloop
endfacet
facet normal 0.24348 -0.95411 -0.174331
  outer loop
    vertex 2.693987140257951 -9.621207246600568 -0.4180961684655013
    vertex 1.103636274385324 -9.779840932968321 -1.771072640999849
    vertex 2.796777088193353 -9.127032244078123 -2.979147585218795
  endloop
endfacet
facet normal 0.145865 -0.941358 -0.304249
  outer loop
    vertex 1.103636274385324 -9.779840932968321 -1.771072640999849
    vertex 1.112286873618044 -8.964530896258744 -4.28952255161334
    vertex 2.796777088193353 -9.127032244078123 -2.979147585218795
  endloop
endfacet
facet normal 0.082328 -0.94824 -0.306696
  outer loop
    vertex 1.103636274385324 -9.779840932968321 -1.771072640999849
    vertex -0.5351082238639957 -9.509635845369269 -3.046388891330356
    vertex 1.112286873618044 -8.964530896258744 -4.28952255161334
  endloop
endfacet
facet normal 0.244264 -0.872945 -0.422257
  outer loop
    vertex 2.796777088193353 -9.127032244078123 -2.979147585218795
    vertex 1.112286873618044 -8.964530896258744 -4.28952255161334
    vertex 2.709001383732635 -8.010963254589178 -5.337207063301614
  endloop
endfacet
facet normal 0.139555 -0.828883 -0.541735
  outer loop
    vertex 2.709001383732635 -8.010963254589178 -5.337207063301614
    vertex 1.112286873618044 -8.964530896258744 -4.28952255161334
    vertex 0.526294035863101 -7.753736763320916 -6.293058143139996
  endloop
endfacet
facet normal 0.0214962 -0.852861 -0.521696
  outer loop
    vertex 1.112286873618044 -8.964530896258744 -4.28952255161334
    vertex -1.142933253284424 -8.519336909176378 -5.110244828428647
    vertex 0.526294035863101 -7.753736763320916 -6.293058143139996
  endloop
endfacet
facet normal -0.0230706 -0.903976 -0.42696
  outer loop
    vertex 1.112286873618044 -8.964530896258744 -4.28952255161334
    vertex -0.5351082238639957 -9.509635845369269 -3.046388891330356
    vertex -1.142933253284424 -8.519336909176378 -5.110244828428647
  endloop
endfacet
facet normal -0.0812958 -0.780461 -0.619897
  outer loop
    vertex 0.526294035863101 -7.753736763320916 -6.293058143139996
    vertex -1.142933253284424 -8.519336909176378 -5.110244828428647
    vertex -1.686643789425986 -7.051133451932825 -6.887434193560374
  endloop
endfacet
facet normal -0.915181 0.260572 0.307484
  outer loop
    vertex -8.524508292577456 3.027764646798639 4.262088644476377
    vertex -8.948217774802176 3.795305282156745 2.350543866841782
    vertex -9.616922575431831 1.562338344481831 2.252531703553001
  endloop
endfacet
facet normal -0.948756 0.277486 0.151208
  outer loop
    vertex -8.948217774802176 3.795305282156745 2.350543866841782
    vertex -9.742007307966567 2.246908533631049 0.2114134646184635
    vertex -9.616922575431831 1.562338344481831 2.252531703553001
  endloop
endfacet
facet normal -0.938143 0.328096 0.110636
  outer loop
    vertex -8.948217774802176 3.795305282156745 2.350543866841782
    vertex -8.97617874351211 4.394992780549638 0.3350427188254299
    vertex -9.742007307966567 2.246908533631049 0.2114134646184635
  endloop
endfacet
facet normal -0.989585 0.106833 0.0964748
  outer loop
    vertex -9.616922575431831 1.562338344481831 2.252531703553001
    vertex -9.742007307966567 2.246908533631049 0.2114134646184635
    vertex -9.999688532052698 -0.01837544013252781 0.07675679210150724
  endloop
endfacet
facet normal -0.9885 0.0378337 0.146412
  outer loop
    vertex -9.999688532052698 -0.01837544013252781 0.07675679210150724
    vertex -9.640703382881943 -0.4640955833448456 2.615617245089288
    vertex -9.616922575431831 1.562338344481831 2.252531703553001
  endloop
endfacet
facet normal -0.936454 0.0724857 0.343219
  outer loop
    vertex -9.640703382881943 -0.4640955833448456 2.615617245089288
    vertex -8.750967905894555 1.096539266819403 4.713614573374304
    vertex -9.616922575431831 1.562338344481831 2.252531703553001
  endloop
endfacet
facet normal -0.91944 -0.00441151 0.393205
  outer loop
    vertex -9.640703382881943 -0.4640955833448456 2.615617245089288
    vertex -8.62871972987822 -0.8783809121537056 4.977312808772857
    vertex -8.750967905894555 1.096539266819403 4.713614573374304
  endloop
endfacet
facet normal -0.914108 0.190835 0.357756
  outer loop
    vertex -9.616922575431831 1.562338344481831 2.252531703553001
    vertex -8.750967905894555 1.096539266819403 4.713614573374304
    vertex -8.524508292577456 3.027764646798639 4.262088644476377
  endloop
endfacet
facet normal -0.81018 0.221859 0.542574
  outer loop
    vertex -8.524508292577456 3.027764646798639 4.262088644476377
    vertex -8.750967905894555 1.096539266819403 4.713614573374304
    vertex -7.349759742085914 1.665865677943823 6.573121273539837
  endloop
endfacet
facet normal -0.805174 0.0522497 0.590732
  outer loop
    vertex -8.750967905894555 1.096539266819403 4.713614573374304
    vertex -7.28779694740973 -0.3688126025043935 6.837542900601016
    vertex -7.349759742085914 1.665865677943823 6.573121273539837
  endloop
endfacet
facet normal -0.814409 0.0269866 0.579664
  outer loop
    vertex -8.750967905894555 1.096539266819403 4.713614573374304
    vertex -8.62871972987822 -0.8783809121537056 4.977312808772857
    vertex -7.28779694740973 -0.3688126025043935 6.837542900601016
  endloop
endfacet
facet normal -0.659543 0.0770844 0.747704
  outer loop
    vertex -7.349759742085914 1.665865677943823 6.573121273539837
    vertex -7.28779694740973 -0.3688126025043935 6.837542900601016
    vertex -5.544719699674534 0.1611074864293942 8.320464399891243
  endloop
endfacet
facet normal -0.599267 -0.562135 -0.569985
  outer loop
    vertex -5.449402957684649 -4.807338349586625 -6.869752935686372
    vertex -5.158994245202017 -6.800629017853622 -5.209244027639687
    vertex -7.13514086147475 -5.01983624922154 -4.88784297189617
  endloop
endfacet
facet normal -0.63925 -0.629714 -0.441383
  outer loop
    vertex -5.158994245202017 -6.800629017853622 -5.209244027639687
    vertex -6.65249802712929 -6.843542382575986 -2.984995419917275
    vertex -7.13514086147475 -5.01983624922154 -4.88784297189617
  endloop
endfacet
facet normal -0.552391 -0.73926 -0.385174
  outer loop
    vertex -5.158994245202017 -6.800629017853622 -5.209244027639687
    vertex -4.517008600549845 -8.33046805712458 -3.193733747792031
    vertex -6.65249802712929 -6.843542382575986 -2.984995419917275
  endloop
endfacet
facet normal -0.744322 -0.566303 -0.353958
  outer loop
    vertex -7.13514086147475 -5.01983624922154 -4.88784297189617
    vertex -6.65249802712929 -6.843542382575986 -2.984995419917275
    vertex -8.334630706932529 -4.890240604143222 -2.572834587113265
  endloop
endfacet
facet normal -0.488249 -0.599475 -0.634225
  outer loop
    vertex -5.449402957684649 -4.807338349586625 -6.869752935686372
    vertex -3.656835191760605 -6.076820758195739 -7.04980892315973
    vertex -5.158994245202017 -6.800629017853622 -5.209244027639687
  endloop
endfacet
facet normal -0.395259 -0.698034 -0.597091
  outer loop
    vertex -3.656835191760605 -6.076820758195739 -7.04980892315973
    vertex -3.196277707997496 -7.924987882322715 -5.194071223847089
    vertex -5.158994245202017 -6.800629017853622 -5.209244027639687
  endloop
endfacet
facet normal -0.299846 -0.712123 -0.634802
  outer loop
    vertex -3.656835191760605 -6.076820758195739 -7.04980892315973
    vertex -1.686643789425986 -7.051133451932825 -6.887434193560374
    vertex -3.196277707997496 -7.924987882322715 -5.194071223847089
  endloop
endfacet
facet normal -0.441537 -0.776821 -0.448993
  outer loop
    vertex -5.158994245202017 -6.800629017853622 -5.209244027639687
    vertex -3.196277707997496 -7.924987882322715 -5.194071223847089
    vertex -4.517008600549845 -8.33046805712458 -3.193733747792031
  endloop
endfacet
facet normal -0.440796 -0.518502 -0.732703
  outer loop
    vertex -5.449402957684649 -4.807338349586625 -6.869752935686372
    vertex -4.323859764846138 -4.187290473382308 -7.985664357175705
    vertex -3.656835191760605 -6.076820758195739 -7.04980892315973
  endloop
endfacet
facet normal -0.358947 -0.512927 -0.779784
  outer loop
    vertex -4.323859764846138 -4.187290473382308 -7.985664357175705
    vertex -2.438000566677761 -5.376770905492899 -8.071337427386121
    vertex -3.656835191760605 -6.076820758195739 -7.04980892315973
  endloop
endfacet
facet normal -0.321951 -0.450458 -0.832728
  outer loop
    vertex -4.323859764846138 -4.187290473382308 -7.985664357175705
    vertex -3.073073156995958 -3.445955000666196 -8.870265808031602
    vertex -2.438000566677761 -5.376770905492899 -8.071337427386121
  endloop
endfacet
facet normal -0.251872 -0.631527 -0.733303
  outer loop
    vertex -3.656835191760605 -6.076820758195739 -7.04980892315973
    vertex -2.438000566677761 -5.376770905492899 -8.071337427386121
    vertex -1.686643789425986 -7.051133451932825 -6.887434193560374
  endloop
endfacet
facet normal -0.570701 -0.786485 -0.236097
  outer loop
    vertex -4.517008600549845 -8.33046805712458 -3.193733747792031
    vertex -5.692227323837654 -8.175904279385977 -0.8678348391681916
    vertex -6.65249802712929 -6.843542382575986 -2.984995419917275
  endloop
endfacet
facet normal -0.675232 -0.722517 -0.148429
  outer loop
    vertex -5.692227323837654 -8.175904279385977 -0.8678348391681916
    vertex -7.668373940109195 -6.395111510754631 -0.5464337834246789
    vertex -6.65249802712929 -6.843542382575986 -2.984995419917275
  endloop
endfacet
facet normal -0.669367 -0.742931 0.000745525
  outer loop
    vertex -5.692227323837654 -8.175904279385977 -0.8678348391681916
    vertex -6.479530161861683 -7.464166136335542 1.517205579579266
    vertex -7.668373940109195 -6.395111510754631 -0.5464337834246789
  endloop
endfacet
facet normal -0.762632 -0.613528 -0.204881
  outer loop
    vertex -6.65249802712929 -6.843542382575986 -2.984995419917275
    vertex -7.668373940109195 -6.395111510754631 -0.5464337834246789
    vertex -8.334630706932529 -4.890240604143222 -2.572834587113265
  endloop
endfacet
facet normal -0.738391 -0.6698 0.0783948
  outer loop
    vertex -6.479530161861683 -7.464166136335542 1.517205579579266
    vertex -7.913161069783308 -5.855326073864161 1.759840462198889
    vertex -7.668373940109195 -6.395111510754631 -0.5464337834246789
  endloop
endfacet
facet normal -0.828867 -0.557823 0.0425834
  outer loop
    vertex -7.913161069783308 -5.855326073864161 1.759840462198889
    vertex -8.896327447102211 -4.554413115654163 -0.3356771155339883
    vertex -7.668373940109195 -6.395111510754631 -0.5464337834246789
  endloop
endfacet
facet normal -0.86348 -0.494778 0.0979619
  outer loop
    vertex -7.913161069783308 -5.855326073864161 1.759840462198889
    vertex -8.974672760282347 -3.971137217510583 1.919718220351186
    vertex -8.896327447102211 -4.554413115654163 -0.3356771155339883
  endloop
endfacet
facet normal -0.831754 -0.540249 -0.127735
  outer loop
    vertex -7.668373940109195 -6.395111510754631 -0.5464337834246789
    vertex -8.896327447102211 -4.554413115654163 -0.3356771155339883
    vertex -8.334630706932529 -4.890240604143222 -2.572834587113265
  endloop
endfacet
facet normal -0.904664 -0.391449 -0.168378
  outer loop
    vertex -8.334630706932529 -4.890240604143222 -2.572834587113265
    vertex -8.896327447102211 -4.554413115654163 -0.3356771155339883
    vertex -9.577326309829933 -2.564121251130647 -1.303879965541144
  endloop
endfacet
facet normal -0.9472 -0.32056 0.00726454
  outer loop
    vertex -8.896327447102211 -4.554413115654163 -0.3356771155339883
    vertex -9.734557695000545 -2.04676935062105 1.024266424356462
    vertex -9.577326309829933 -2.564121251130647 -1.303879965541144
  endloop
endfacet
facet normal -0.937316 -0.34389 0.0563753
  outer loop
    vertex -8.896327447102211 -4.554413115654163 -0.3356771155339883
    vertex -8.974672760282347 -3.971137217510583 1.919718220351186
    vertex -9.734557695000545 -2.04676935062105 1.024266424356462
  endloop
endfacet
facet normal -0.98878 -0.145349 -0.0344784
  outer loop
    vertex -9.577326309829933 -2.564121251130647 -1.303879965541144
    vertex -9.734557695000545 -2.04676935062105 1.024266424356462
    vertex -9.999688532052698 -0.01837544013252781 0.07675679210150724
  endloop
endfacet
facet normal -0.455836 -0.873229 -0.172294
  outer loop
    vertex -4.517008600549845 -8.33046805712458 -3.193733747792031
    vertex -3.307397173181313 -9.369693531181943 -1.126928156787077
    vertex -5.692227323837654 -8.175904279385977 -0.8678348391681916
  endloop
endfacet
facet normal -0.449508 -0.892979 -0.0230485
  outer loop
    vertex -3.307397173181313 -9.369693531181943 -1.126928156787077
    vertex -4.323273086164865 -8.921262659363849 1.311633479704894
    vertex -5.692227323837654 -8.175904279385977 -0.8678348391681916
  endloop
endfacet
facet normal -0.322878 -0.945621 0.0393845
  outer loop
    vertex -3.307397173181313 -9.369693531181943 -1.126928156787077
    vertex -1.872392094193606 -9.770389875242435 1.016675725765783
    vertex -4.323273086164865 -8.921262659363849 1.311633479704894
  endloop
endfacet
facet normal -0.554502 -0.829676 0.0645486
  outer loop
    vertex -5.692227323837654 -8.175904279385977 -0.8678348391681916
    vertex -4.323273086164865 -8.921262659363849 1.311633479704894
    vertex -6.479530161861683 -7.464166136335542 1.517205579579266
  endloop
endfacet
facet normal -0.366192 -0.899586 -0.238011
  outer loop
    vertex -4.517008600549845 -8.33046805712458 -3.193733747792031
    vertex -2.582413683923029 -9.119054456099985 -3.189668539483386
    vertex -3.307397173181313 -9.369693531181943 -1.126928156787077
  endloop
endfacet
facet normal -0.22182 -0.955579 -0.194073
  outer loop
    vertex -2.582413683923029 -9.119054456099985 -3.189668539483386
    vertex -1.232372927326715 -9.869233062205611 -1.03898784009238
    vertex -3.307397173181313 -9.369693531181943 -1.126928156787077
  endloop
endfacet
facet normal -0.166851 -0.958848 -0.229719
  outer loop
    vertex -2.582413683923029 -9.119054456099985 -3.189668539483386
    vertex -0.5351082238639957 -9.509635845369269 -3.046388891330356
    vertex -1.232372927326715 -9.869233062205611 -1.03898784009238
  endloop
endfacet
facet normal -0.232942 -0.972149 -0.0257809
  outer loop
    vertex -3.307397173181313 -9.369693531181943 -1.126928156787077
    vertex -1.232372927326715 -9.869233062205611 -1.03898784009238
    vertex -1.872392094193606 -9.770389875242435 1.016675725765783
  endloop
endfacet
facet normal -0.20315 -0.784479 -0.585937
  outer loop
    vertex -1.686643789425986 -7.051133451932825 -6.887434193560374
    vertex -1.142933253284424 -8.519336909176378 -5.110244828428647
    vertex -3.196277707997496 -7.924987882322715 -5.194071223847089
  endloop
endfacet
facet normal -0.232308 -0.865237 -0.444294
  outer loop
    vertex -1.142933253284424 -8.519336909176378 -5.110244828428647
    vertex -2.582413683923029 -9.119054456099985 -3.189668539483386
    vertex -3.196277707997496 -7.924987882322715 -5.194071223847089
  endloop
endfacet
facet normal -0.145742 -0.908015 -0.39277
  outer loop
    vertex -1.142933253284424 -8.519336909176378 -5.110244828428647
    vertex -0.5351082238639957 -9.509635845369269 -3.046388891330356
    vertex -2.582413683923029 -9.119054456099985 -3.189668539483386
  endloop
endfacet
facet normal -0.345229 -0.848993 -0.400035
  outer loop
    vertex -3.196277707997496 -7.924987882322715 -5.194071223847089
    vertex -2.582413683923029 -9.119054456099985 -3.189668539483386
    vertex -4.517008600549845 -8.33046805712458 -3.193733747792031
  endloop
endfacet
facet normal -0.300095 -0.933822 0.194727
  outer loop
    vertex -1.872392094193606 -9.770389875242435 1.016675725765783
    vertex -2.643921806278836 -9.026103198531212 3.396930751685688
    vertex -4.323273086164865 -8.921262659363849 1.311633479704894
  endloop
endfacet
facet normal -0.404737 -0.869794 0.282217
  outer loop
    vertex -2.643921806278836 -9.026103198531212 3.396930751685688
    vertex -5.028751956937373 -7.832313946737976 3.656024069304297
    vertex -4.323273086164865 -8.921262659363849 1.311633479704894
  endloop
endfacet
facet normal -0.368614 -0.82806 0.422423
  outer loop
    vertex -2.643921806278836 -9.026103198531212 3.396930751685688
    vertex -3.235272616553777 -7.666702505181722 5.545690560572019
    vertex -5.028751956937373 -7.832313946737976 3.656024069304297
  endloop
endfacet
facet normal -0.531719 -0.817877 0.219891
  outer loop
    vertex -4.323273086164865 -8.921262659363849 1.311633479704894
    vertex -5.028751956937373 -7.832313946737976 3.656024069304297
    vertex -6.479530161861683 -7.464166136335542 1.517205579579266
  endloop
endfacet
facet normal -0.450954 -0.743907 0.493196
  outer loop
    vertex -3.235272616553777 -7.666702505181722 5.545690560572019
    vertex -5.335713698517425 -6.419439427134386 5.506446837008967
    vertex -5.028751956937373 -7.832313946737976 3.656024069304297
  endloop
endfacet
facet normal -0.592283 -0.684773 0.424601
  outer loop
    vertex -5.335713698517425 -6.419439427134386 5.506446837008967
    vertex -6.981440773895945 -6.291351982566053 3.417363743010888
    vertex -5.028751956937373 -7.832313946737976 3.656024069304297
  endloop
endfacet
facet normal -0.646123 -0.599598 0.472237
  outer loop
    vertex -5.335713698517425 -6.419439427134386 5.506446837008967
    vertex -7.117662935396088 -4.788996286759619 5.138520108308552
    vertex -6.981440773895945 -6.291351982566053 3.417363743010888
  endloop
endfacet
facet normal -0.614401 -0.733573 0.290486
  outer loop
    vertex -5.028751956937373 -7.832313946737976 3.656024069304297
    vertex -6.981440773895945 -6.291351982566053 3.417363743010888
    vertex -6.479530161861683 -7.464166136335542 1.517205579579266
  endloop
endfacet
facet normal -0.742845 -0.532375 0.405904
  outer loop
    vertex -7.117662935396088 -4.788996286759619 5.138520108308552
    vertex -8.195860105010803 -4.461554249175743 3.594775489617427
    vertex -6.981440773895945 -6.291351982566053 3.417363743010888
  endloop
endfacet
facet normal -0.782478 -0.547992 0.295689
  outer loop
    vertex -8.195860105010803 -4.461554249175743 3.594775489617427
    vertex -7.913161069783308 -5.855326073864161 1.759840462198889
    vertex -6.981440773895945 -6.291351982566053 3.417363743010888
  endloop
endfacet
facet normal -0.835748 -0.491602 0.244649
  outer loop
    vertex -8.195860105010803 -4.461554249175743 3.594775489617427
    vertex -8.974672760282347 -3.971137217510583 1.919718220351186
    vertex -7.913161069783308 -5.855326073864161 1.759840462198889
  endloop
endfacet
facet normal -0.7106 -0.666993 0.223982
  outer loop
    vertex -6.981440773895945 -6.291351982566053 3.417363743010888
    vertex -7.913161069783308 -5.855326073864161 1.759840462198889
    vertex -6.479530161861683 -7.464166136335542 1.517205579579266
  endloop
endfacet
facet normal -0.15257 -0.956264 0.249562
  outer loop
    vertex -1.872392094193606 -9.770389875242435 1.016675725765783
    vertex -0.02595532119423032 -9.59638422268244 2.812247530348858
    vertex -2.643921806278836 -9.026103198531212 3.396930751685688
  endloop
endfacet
facet normal -0.114759 -0.91743 0.380989
  outer loop
    vertex -0.02595532119423032 -9.59638422268244 2.812247530348858
    vertex -0.7327272239353113 -8.529759738429336 5.167814781895142
    vertex -2.643921806278836 -9.026103198531212 3.396930751685688
  endloop
endfacet
facet normal 0.0331762 -0.906682 0.420509
  outer loop
    vertex -0.02595532119423032 -9.59638422268244 2.812247530348858
    vertex 1.822211032605937 -8.782905770521808 4.420420022891937
    vertex -0.7327272239353113 -8.529759738429336 5.167814781895142
  endloop
endfacet
facet normal -0.221262 -0.8505 0.477171
  outer loop
    vertex -2.643921806278836 -9.026103198531212 3.396930751685688
    vertex -0.7327272239353113 -8.529759738429336 5.167814781895142
    vertex -3.235272616553777 -7.666702505181722 5.545690560572019
  endloop
endfacet
facet normal -0.0481197 -0.988224 0.14525
  outer loop
    vertex -1.872392094193606 -9.770389875242435 1.016675725765783
    vertex 0.4231051823594197 -9.986288592878575 0.3082566210219407
    vertex -0.02595532119423032 -9.59638422268244 2.812247530348858
  endloop
endfacet
facet normal 0.0927664 -0.981169 0.169417
  outer loop
    vertex 0.4231051823594197 -9.986288592878575 0.3082566210219407
    vertex 2.3317629486244 -9.502246622718221 2.066443967898139
    vertex -0.02595532119423032 -9.59638422268244 2.812247530348858
  endloop
endfacet
facet normal 0.181133 -0.980718 0.0733647
  outer loop
    vertex 0.4231051823594197 -9.986288592878575 0.3082566210219407
    vertex 2.693987140257951 -9.621207246600568 -0.4180961684655013
    vertex 2.3317629486244 -9.502246622718221 2.066443967898139
  endloop
endfacet
facet normal 0.137618 -0.938527 0.316589
  outer loop
    vertex -0.02595532119423032 -9.59638422268244 2.812247530348858
    vertex 2.3317629486244 -9.502246622718221 2.066443967898139
    vertex 1.822211032605937 -8.782905770521808 4.420420022891937
  endloop
endfacet
facet normal -0.087281 -0.995968 0.020715
  outer loop
    vertex -1.872392094193606 -9.770389875242435 1.016675725765783
    vertex -1.232372927326715 -9.869233062205611 -1.03898784009238
    vertex 0.4231051823594197 -9.986288592878575 0.3082566210219407
  endloop
endfacet
facet normal 0.00793191 -0.995328 -0.0962258
  outer loop
    vertex -1.232372927326715 -9.869233062205611 -1.03898784009238
    vertex 1.103636274385324 -9.779840932968321 -1.771072640999849
    vertex 0.4231051823594197 -9.986288592878575 0.3082566210219407
  endloop
endfacet
facet normal -0.0197133 -0.982929 -0.182925
  outer loop
    vertex -1.232372927326715 -9.869233062205611 -1.03898784009238
    vertex -0.5351082238639957 -9.509635845369269 -3.046388891330356
    vertex 1.103636274385324 -9.779840932968321 -1.771072640999849
  endloop
endfacet
facet normal 0.142431 -0.988463 -0.0515248
  outer loop
    vertex 0.4231051823594197 -9.986288592878575 0.3082566210219407
    vertex 1.103636274385324 -9.779840932968321 -1.771072640999849
    vertex 2.693987140257951 -9.621207246600568 -0.4180961684655013
  endloop
endfacet
facet normal -0.40775 -0.667049 0.623526
  outer loop
    vertex -3.235272616553777 -7.666702505181722 5.545690560572019
    vertex -3.118737289418031 -6.159864630168445 7.233916329181119
    vertex -5.335713698517425 -6.419439427134386 5.506446837008967
  endloop
endfacet
facet normal -0.447998 -0.597808 0.664774
  outer loop
    vertex -3.118737289418031 -6.159864630168445 7.233916329181119
    vertex -5.178721199174977 -4.745079982565358 7.117939498216687
    vertex -5.335713698517425 -6.419439427134386 5.506446837008967
  endloop
endfacet
facet normal -0.387319 -0.50048 0.774276
  outer loop
    vertex -3.118737289418031 -6.159864630168445 7.233916329181119
    vertex -2.842078283136804 -4.33676408341063 8.550734957730926
    vertex -5.178721199174977 -4.745079982565358 7.117939498216687
  endloop
endfacet
facet normal -0.602999 -0.523122 0.602275
  outer loop
    vertex -5.335713698517425 -6.419439427134386 5.506446837008967
    vertex -5.178721199174977 -4.745079982565358 7.117939498216687
    vertex -7.117662935396088 -4.788996286759619 5.138520108308552
  endloop
endfacet
facet normal 0.0747548 -0.838605 0.539586
  outer loop
    vertex 1.822211032605937 -8.782905770521808 4.420420022891937
    vertex 1.461351475110604 -7.534618263415888 6.410458602221203
    vertex -0.7327272239353113 -8.529759738429336 5.167814781895142
  endloop
endfacet
facet normal -0.00455068 -0.77661 0.629965
  outer loop
    vertex 1.461351475110604 -7.534618263415888 6.410458602221203
    vertex -1.148959382848544 -7.009546062768372 7.038903063012922
    vertex -0.7327272239353113 -8.529759738429336 5.167814781895142
  endloop
endfacet
facet normal 0.0343659 -0.692091 0.720992
  outer loop
    vertex 1.461351475110604 -7.534618263415888 6.410458602221203
    vertex 1.017944631839434 -5.860723161152209 8.038389935481069
    vertex -1.148959382848544 -7.009546062768372 7.038903063012922
  endloop
endfacet
facet normal -0.179945 -0.782664 0.595866
  outer loop
    vertex -0.7327272239353113 -8.529759738429336 5.167814781895142
    vertex -1.148959382848544 -7.009546062768372 7.038903063012922
    vertex -3.235272616553777 -7.666702505181722 5.545690560572019
  endloop
endfacet
facet normal -0.0293206 -0.624037 0.780844
  outer loop
    vertex 1.017944631839434 -5.860723161152209 8.038389935481069
    vertex -0.9326791414924188 -5.213973023234521 8.48201597098282
    vertex -1.148959382848544 -7.009546062768372 7.038903063012922
  endloop
endfacet
facet normal -0.182932 -0.602403 0.776947
  outer loop
    vertex -0.9326791414924188 -5.213973023234521 8.48201597098282
    vertex -3.118737289418031 -6.159864630168445 7.233916329181119
    vertex -1.148959382848544 -7.009546062768372 7.038903063012922
  endloop
endfacet
facet normal -0.22291 -0.548342 0.805998
  outer loop
    vertex -0.9326791414924188 -5.213973023234521 8.48201597098282
    vertex -2.842078283136804 -4.33676408341063 8.550734957730926
    vertex -3.118737289418031 -6.159864630168445 7.233916329181119
  endloop
endfacet
facet normal -0.243628 -0.715154 0.655133
  outer loop
    vertex -1.148959382848544 -7.009546062768372 7.038903063012922
    vertex -3.118737289418031 -6.159864630168445 7.233916329181119
    vertex -3.235272616553777 -7.666702505181722 5.545690560572019
  endloop
endfacet
facet normal -0.650935 -0.397972 0.646453
  outer loop
    vertex -7.117662935396088 -4.788996286759619 5.138520108308552
    vertex -5.178721199174977 -4.745079982565358 7.117939498216687
    vertex -6.64696532589165 -2.429354512055126 7.06513188915476
  endloop
endfacet
facet normal -0.533567 -0.32045 0.782699
  outer loop
    vertex -5.178721199174977 -4.745079982565358 7.117939498216687
    vertex -4.345947069803444 -2.16377961998709 8.742471150801435
    vertex -6.64696532589165 -2.429354512055126 7.06513188915476
  endloop
endfacet
facet normal -0.436362 -0.374197 0.81827
  outer loop
    vertex -5.178721199174977 -4.745079982565358 7.117939498216687
    vertex -2.842078283136804 -4.33676408341063 8.550734957730926
    vertex -4.345947069803444 -2.16377961998709 8.742471150801435
  endloop
endfacet
facet normal -0.57135 -0.148076 0.807238
  outer loop
    vertex -6.64696532589165 -2.429354512055126 7.06513188915476
    vertex -4.345947069803444 -2.16377961998709 8.742471150801435
    vertex -5.544719699674534 0.1611074864293942 8.320464399891243
  endloop
endfacet
facet normal -0.624716 -0.108884 0.773223
  outer loop
    vertex -5.544719699674534 0.1611074864293942 8.320464399891243
    vertex -7.28779694740973 -0.3688126025043935 6.837542900601016
    vertex -6.64696532589165 -2.429354512055126 7.06513188915476
  endloop
endfacet
facet normal -0.770041 -0.171614 0.61448
  outer loop
    vertex -7.28779694740973 -0.3688126025043935 6.837542900601016
    vertex -8.052358555077001 -2.898173773787367 5.173017540798536
    vertex -6.64696532589165 -2.429354512055126 7.06513188915476
  endloop
endfacet
facet normal -0.778523 -0.163443 0.60596
  outer loop
    vertex -7.28779694740973 -0.3688126025043935 6.837542900601016
    vertex -8.62871972987822 -0.8783809121537056 4.977312808772857
    vertex -8.052358555077001 -2.898173773787367 5.173017540798536
  endloop
endfacet
facet normal -0.704337 -0.359346 0.612193
  outer loop
    vertex -6.64696532589165 -2.429354512055126 7.06513188915476
    vertex -8.052358555077001 -2.898173773787367 5.173017540798536
    vertex -7.117662935396088 -4.788996286759619 5.138520108308552
  endloop
endfacet
facet normal -0.789394 -0.398739 0.46676
  outer loop
    vertex -7.117662935396088 -4.788996286759619 5.138520108308552
    vertex -8.052358555077001 -2.898173773787367 5.173017540798536
    vertex -8.195860105010803 -4.461554249175743 3.594775489617427
  endloop
endfacet
facet normal -0.845321 -0.339145 0.412812
  outer loop
    vertex -8.052358555077001 -2.898173773787367 5.173017540798536
    vertex -9.018890160865512 -2.484593317396924 3.533612360374269
    vertex -8.195860105010803 -4.461554249175743 3.594775489617427
  endloop
endfacet
facet normal -0.865093 -0.202389 0.458969
  outer loop
    vertex -8.052358555077001 -2.898173773787367 5.173017540798536
    vertex -8.62871972987822 -0.8783809121537056 4.977312808772857
    vertex -9.018890160865512 -2.484593317396924 3.533612360374269
  endloop
endfacet
facet normal -0.882381 -0.357894 0.305477
  outer loop
    vertex -8.195860105010803 -4.461554249175743 3.594775489617427
    vertex -9.018890160865512 -2.484593317396924 3.533612360374269
    vertex -8.974672760282347 -3.971137217510583 1.919718220351186
  endloop
endfacet
facet normal -0.937889 -0.267608 0.220795
  outer loop
    vertex -8.974672760282347 -3.971137217510583 1.919718220351186
    vertex -9.018890160865512 -2.484593317396924 3.533612360374269
    vertex -9.734557695000545 -2.04676935062105 1.024266424356462
  endloop
endfacet
facet normal -0.953173 -0.184453 0.239663
  outer loop
    vertex -9.018890160865512 -2.484593317396924 3.533612360374269
    vertex -9.640703382881943 -0.4640955833448456 2.615617245089288
    vertex -9.734557695000545 -2.04676935062105 1.024266424356462
  endloop
endfacet
facet normal -0.920302 -0.113068 0.374514
  outer loop
    vertex -9.018890160865512 -2.484593317396924 3.533612360374269
    vertex -8.62871972987822 -0.8783809121537056 4.977312808772857
    vertex -9.640703382881943 -0.4640955833448456 2.615617245089288
  endloop
endfacet
facet normal -0.989367 -0.0696877 0.127658
  outer loop
    vertex -9.734557695000545 -2.04676935062105 1.024266424356462
    vertex -9.640703382881943 -0.4640955833448456 2.615617245089288
    vertex -9.999688532052698 -0.01837544013252781 0.07675679210150724
  endloop
endfacet
facet normal -0.992651 0.115131 -0.0372651
  outer loop
    vertex -9.999688532052698 -0.01837544013252781 0.07675679210150724
    vertex -9.742007307966567 2.246908533631049 0.2114134646184635
    vertex -9.757850195844687 1.538703157539507 -1.554590669093235
  endloop
endfacet
facet normal -0.959012 0.265874 -0.0980178
  outer loop
    vertex -9.742007307966567 2.246908533631049 0.2114134646184635
    vertex -9.153720684252839 3.771154210092896 -1.409891328571229
    vertex -9.757850195844687 1.538703157539507 -1.554590669093235
  endloop
endfacet
facet normal -0.94119 0.336972 -0.024709
  outer loop
    vertex -9.742007307966567 2.246908533631049 0.2114134646184635
    vertex -8.97617874351211 4.394992780549638 0.3350427188254299
    vertex -9.153720684252839 3.771154210092896 -1.409891328571229
  endloop
endfacet
facet normal -0.943095 0.267974 -0.196881
  outer loop
    vertex -9.757850195844687 1.538703157539507 -1.554590669093235
    vertex -9.153720684252839 3.771154210092896 -1.409891328571229
    vertex -9.014041301311529 3.016626647520332 -3.105965725458058
  endloop
endfacet
facet normal 0.285296 -0.897595 0.336049
  outer loop
    vertex 1.822211032605937 -8.782905770521808 4.420420022891937
    vertex 2.3317629486244 -9.502246622718221 2.066443967898139
    vertex 4.24612989718289 -8.470158696136034 3.197935671416915
  endloop
endfacet
facet normal 0.377286 -0.906671 0.188689
  outer loop
    vertex 2.3317629486244 -9.502246622718221 2.066443967898139
    vertex 4.655870053199131 -8.823968468419999 0.6785679892635365
    vertex 4.24612989718289 -8.470158696136034 3.197935671416915
  endloop
endfacet
facet normal 0.32975 -0.939471 0.0930568
  outer loop
    vertex 2.3317629486244 -9.502246622718221 2.066443967898139
    vertex 2.693987140257951 -9.621207246600568 -0.4180961684655013
    vertex 4.655870053199131 -8.823968468419999 0.6785679892635365
  endloop
endfacet
facet normal 0.51351 -0.834288 0.200679
  outer loop
    vertex 4.24612989718289 -8.470158696136034 3.197935671416915
    vertex 4.655870053199131 -8.823968468419999 0.6785679892635365
    vertex 6.352962159105362 -7.52488885161928 1.736640312716247
  endloop
endfacet
facet normal 0.396292 -0.917154 -0.0422087
  outer loop
    vertex 2.693987140257951 -9.621207246600568 -0.4180961684655013
    vertex 4.508172429835143 -8.783375772476479 -1.590185958417293
    vertex 4.655870053199131 -8.823968468419999 0.6785679892635365
  endloop
endfacet
facet normal 0.526628 -0.848655 -0.0494681
  outer loop
    vertex 4.508172429835143 -8.783375772476479 -1.590185958417293
    vertex 6.37446273254411 -7.689852172021033 -0.4820772177459645
    vertex 4.655870053199131 -8.823968468419999 0.6785679892635365
  endloop
endfacet
facet normal 0.566477 -0.809286 -0.155433
  outer loop
    vertex 4.508172429835143 -8.783375772476479 -1.590185958417293
    vertex 6.080403008730861 -7.474138384556409 -2.676930081253002
    vertex 6.37446273254411 -7.689852172021033 -0.4820772177459645
  endloop
endfacet
facet normal 0.580248 -0.811763 0.0659781
  outer loop
    vertex 4.655870053199131 -8.823968468419999 0.6785679892635365
    vertex 6.37446273254411 -7.689852172021033 -0.4820772177459645
    vertex 6.352962159105362 -7.52488885161928 1.736640312716247
  endloop
endfacet
facet normal 0.254591 -0.180023 0.950145
  outer loop
    vertex 6.123233995736757e-17 9 4
    vertex 0.16666666666653 8.528595479208247 3.866025403784072
    vertex 0.5000000000000012 9 3.866025403784438
  endloop
endfacet
facet normal 0.471405 -0.333333 0.816497
  outer loop
    vertex 0.16666666666653 8.528595479208247 3.866025403784072
    vertex 0.6666666666666711 8.528595479208299 3.577350269189074
    vertex 0.5000000000000012 9 3.866025403784438
  endloop
endfacet
facet normal 0.401579 -0.595767 0.695554
  outer loop
    vertex 0.16666666666653 8.528595479208247 3.866025403784072
    vertex 0.2886751345944543 8.18350341907137 3.499999999998731
    vertex 0.6666666666666711 8.528595479208299 3.577350269189074
  endloop
endfacet
facet normal 0.695554 -0.180023 0.695554
  outer loop
    vertex 0.5000000000000012 9 3.866025403784438
    vertex 0.6666666666666711 8.528595479208299 3.577350269189074
    vertex 0.8660254037844404 9 3.499999999999997
  endloop
endfacet
facet normal 0.697611 0.16333 0.697611
  outer loop
    vertex 0.8660254037844404 9 3.499999999999997
    vertex 0.6629181721675883 9.451181766682113 3.597473439094652
    vertex 0.5000000000000012 9 3.866025403784438
  endloop
endfacet
facet normal 0.464092 0.323288 0.824684
  outer loop
    vertex 0.6629181721675883 9.451181766682113 3.597473439094652
    vertex 0.1657758512933188 9.448351685561038 3.878350233780667
    vertex 0.5000000000000012 9 3.866025403784438
  endloop
endfacet
facet normal 0.404061 0.563128 0.720848
  outer loop
    vertex 0.6629181721675883 9.451181766682113 3.597473439094652
    vertex 0.2912185154773513 9.787619615656986 3.542998266365105
    vertex 0.1657758512933188 9.448351685561038 3.878350233780667
  endloop
endfacet
facet normal 0.255309 0.164128 0.952827
  outer loop
    vertex 0.5000000000000012 9 3.866025403784438
    vertex 0.1657758512933188 9.448351685561038 3.878350233780667
    vertex 6.123233995736757e-17 9 4
  endloop
endfacet
facet normal -0.241074 -0.343229 0.907787
  outer loop
    vertex 6.123233995736757e-17 9 4
    vertex -0.6114019250316578 8.826698950008693 3.772110375619635
    vertex 0.16666666666653 8.528595479208247 3.866025403784072
  endloop
endfacet
facet normal -0.28828 -0.494007 0.820275
  outer loop
    vertex -0.6114019250316578 8.826698950008693 3.772110375619635
    vertex -0.4540221026428121 8.249065775863473 3.479543242400799
    vertex 0.16666666666653 8.528595479208247 3.866025403784072
  endloop
endfacet
facet normal -0.739122 -0.453588 0.497952
  outer loop
    vertex -0.6114019250316578 8.826698950008693 3.772110375619635
    vertex -0.9441395399815221 8.732384922391869 3.192308864278987
    vertex -0.4540221026428121 8.249065775863473 3.479543242400799
  endloop
endfacet
facet normal -0.0836386 -0.738823 0.668689
  outer loop
    vertex 0.16666666666653 8.528595479208247 3.866025403784072
    vertex -0.4540221026428121 8.249065775863473 3.479543242400799
    vertex 0.2886751345944543 8.18350341907137 3.499999999998731
  endloop
endfacet
facet normal -0.415524 0.378099 0.827273
  outer loop
    vertex 6.123233995736757e-17 9 4
    vertex 0.1657758512933188 9.448351685561038 3.878350233780667
    vertex -0.6114019250316578 8.826698950008693 3.772110375619635
  endloop
endfacet
facet normal -0.26904 0.174474 0.947194
  outer loop
    vertex 0.1657758512933188 9.448351685561038 3.878350233780667
    vertex -0.5869591143802345 9.467470630707052 3.661022093028911
    vertex -0.6114019250316578 8.826698950008693 3.772110375619635
  endloop
endfacet
facet normal -0.174282 0.724076 0.667338
  outer loop
    vertex 0.1657758512933188 9.448351685561038 3.878350233780667
    vertex 0.2912185154773513 9.787619615656986 3.542998266365105
    vertex -0.5869591143802345 9.467470630707052 3.661022093028911
  endloop
endfacet
facet normal -0.869486 0.116392 0.480049
  outer loop
    vertex -0.6114019250316578 8.826698950008693 3.772110375619635
    vertex -0.5869591143802345 9.467470630707052 3.661022093028911
    vertex -0.9441395399815221 8.732384922391869 3.192308864278987
  endloop
endfacet
facet normal 0.702569 -0.113106 -0.702569
  outer loop
    vertex 0.8660254037844379 9 2.499999999999999
    vertex 0.5952005551373766 8.624298438865582 2.289658788943427
    vertex 0.4999999999999993 9 2.133974596215561
  endloop
endfacet
facet normal 0.376237 -0.271718 -0.885785
  outer loop
    vertex 0.5952005551373766 8.624298438865582 2.289658788943427
    vertex 0.09141119588340819 8.649001358714154 2.068096599918932
    vertex 0.4999999999999993 9 2.133974596215561
  endloop
endfacet
facet normal 0.342504 -0.443525 -0.828237
  outer loop
    vertex 0.5952005551373766 8.624298438865582 2.289658788943427
    vertex 0.1703728084984489 8.345806345523767 2.263112105834692
    vertex 0.09141119588340819 8.649001358714154 2.068096599918932
  endloop
endfacet
facet normal 0.256976 -0.119138 -0.959046
  outer loop
    vertex 0.4999999999999993 9 2.133974596215561
    vertex 0.09141119588340819 8.649001358714154 2.068096599918932
    vertex 6.123233995736757e-17 9 2
  endloop
endfacet
facet normal 0.250368 0.253448 -0.934388
  outer loop
    vertex 6.123233995736757e-17 9 2
    vertex -0.02188675008698848 9.484750546695791 2.125621433446152
    vertex 0.4999999999999993 9 2.133974596215561
  endloop
endfacet
facet normal 0.320251 0.32948 -0.88819
  outer loop
    vertex -0.02188675008698848 9.484750546695791 2.125621433446152
    vertex 0.5274564457691879 9.540175403205483 2.344255970985377
    vertex 0.4999999999999993 9 2.133974596215561
  endloop
endfacet
facet normal 0.211452 0.678673 -0.703343
  outer loop
    vertex -0.02188675008698848 9.484750546695791 2.125621433446152
    vertex -0.03827461033516659 9.847710976312118 2.470924244702475
    vertex 0.5274564457691879 9.540175403205483 2.344255970985377
  endloop
endfacet
facet normal 0.687687 0.232751 -0.687687
  outer loop
    vertex 0.4999999999999993 9 2.133974596215561
    vertex 0.5274564457691879 9.540175403205483 2.344255970985377
    vertex 0.8660254037844379 9 2.499999999999999
  endloop
endfacet
facet normal -0.0729947 -0.552897 -0.830046
  outer loop
    vertex 0.1703728084984489 8.345806345523767 2.263112105834692
    vertex -0.341817541599116 8.438653213117496 2.246308714982173
    vertex 0.09141119588340819 8.649001358714154 2.068096599918932
  endloop
endfacet
facet normal -0.200725 -0.358876 -0.911547
  outer loop
    vertex -0.341817541599116 8.438653213117496 2.246308714982173
    vertex -0.4301621224553056 8.821311669325061 2.115109594986277
    vertex 0.09141119588340819 8.649001358714154 2.068096599918932
  endloop
endfacet
facet normal -0.553949 -0.381592 -0.739952
  outer loop
    vertex -0.341817541599116 8.438653213117496 2.246308714982173
    vertex -0.7612926695220759 8.683760821395655 2.433937942229299
    vertex -0.4301621224553056 8.821311669325061 2.115109594986277
  endloop
endfacet
facet normal -0.161997 -0.228435 -0.959987
  outer loop
    vertex 0.09141119588340819 8.649001358714154 2.068096599918932
    vertex -0.4301621224553056 8.821311669325061 2.115109594986277
    vertex 6.123233995736757e-17 9 2
  endloop
endfacet
facet normal -0.698226 0.0223421 -0.715529
  outer loop
    vertex -0.7612926695220759 8.683760821395655 2.433937942229299
    vertex -0.5490030473947783 9.364921932020586 2.248050774665197
    vertex -0.4301621224553056 8.821311669325061 2.115109594986277
  endloop
endfacet
facet normal -0.26037 0.175274 -0.949466
  outer loop
    vertex -0.5490030473947783 9.364921932020586 2.248050774665197
    vertex -0.02188675008698848 9.484750546695791 2.125621433446152
    vertex -0.4301621224553056 8.821311669325061 2.115109594986277
  endloop
endfacet
facet normal -0.308999 0.648173 -0.695983
  outer loop
    vertex -0.5490030473947783 9.364921932020586 2.248050774665197
    vertex -0.03827461033516659 9.847710976312118 2.470924244702475
    vertex -0.02188675008698848 9.484750546695791 2.125621433446152
  endloop
endfacet
facet normal -0.337019 0.221896 -0.914976
  outer loop
    vertex -0.4301621224553056 8.821311669325061 2.115109594986277
    vertex -0.02188675008698848 9.484750546695791 2.125621433446152
    vertex 6.123233995736757e-17 9 2
  endloop
endfacet
facet normal 0.953739 -0.15835 0.255554
  outer loop
    vertex 0.8660254037844404 9 3.499999999999997
    vertex 0.8673233161542608 8.552457319412195 3.217843554661269
    vertex 1 9 2.999999999999998
  endloop
endfacet
facet normal 0.947121 -0.313677 -0.0675851
  outer loop
    vertex 0.8673233161542608 8.552457319412195 3.217843554661269
    vertex 0.832775398689929 8.570284198158253 2.650959221602497
    vertex 1 9 2.999999999999998
  endloop
endfacet
facet normal 0.831825 -0.550854 -0.0680171
  outer loop
    vertex 0.8673233161542608 8.552457319412195 3.217843554661269
    vertex 0.6258501510054512 8.230185592317991 2.874710869539085
    vertex 0.832775398689929 8.570284198158253 2.650959221602497
  endloop
endfacet
facet normal 0.952938 -0.163436 -0.255339
  outer loop
    vertex 1 9 2.999999999999998
    vertex 0.832775398689929 8.570284198158253 2.650959221602497
    vertex 0.8660254037844379 9 2.499999999999999
  endloop
endfacet
facet normal 0.950145 0.180023 -0.254591
  outer loop
    vertex 0.8660254037844379 9 2.499999999999999
    vertex 0.8333333333333258 9.471404520791042 2.711324865405183
    vertex 1 9 2.999999999999998
  endloop
endfacet
facet normal 0.942809 0.333333 -3.74506e-15
  outer loop
    vertex 0.8333333333333258 9.471404520791042 2.711324865405183
    vertex 0.8333333333333275 9.471404520791044 3.288675134594811
    vertex 1 9 2.999999999999998
  endloop
endfacet
facet normal 0.803157 0.595767 -4.14968e-15
  outer loop
    vertex 0.8333333333333258 9.471404520791042 2.711324865405183
    vertex 0.5773502691896046 9.81649658092774 2.999999999999998
    vertex 0.8333333333333275 9.471404520791044 3.288675134594811
  endloop
endfacet
facet normal 0.950145 0.180023 0.254591
  outer loop
    vertex 1 9 2.999999999999998
    vertex 0.8333333333333275 9.471404520791044 3.288675134594811
    vertex 0.8660254037844404 9 3.499999999999997
  endloop
endfacet
facet normal 0.662975 -0.648948 -0.373271
  outer loop
    vertex 0.6258501510054512 8.230185592317991 2.874710869539085
    vertex 0.4314878168320481 8.228303928494181 2.532770466314469
    vertex 0.832775398689929 8.570284198158253 2.650959221602497
  endloop
endfacet
facet normal 0.640606 -0.576345 -0.507397
  outer loop
    vertex 0.4314878168320481 8.228303928494181 2.532770466314469
    vertex 0.5952005551373766 8.624298438865582 2.289658788943427
    vertex 0.832775398689929 8.570284198158253 2.650959221602497
  endloop
endfacet
facet normal 0.432269 -0.594802 -0.677756
  outer loop
    vertex 0.4314878168320481 8.228303928494181 2.532770466314469
    vertex 0.1703728084984489 8.345806345523767 2.263112105834692
    vertex 0.5952005551373766 8.624298438865582 2.289658788943427
  endloop
endfacet
facet normal 0.789419 -0.256932 -0.557498
  outer loop
    vertex 0.832775398689929 8.570284198158253 2.650959221602497
    vertex 0.5952005551373766 8.624298438865582 2.289658788943427
    vertex 0.8660254037844379 9 2.499999999999999
  endloop
endfacet
facet normal 0.758183 0.309786 -0.573752
  outer loop
    vertex 0.8660254037844379 9 2.499999999999999
    vertex 0.5274564457691879 9.540175403205483 2.344255970985377
    vertex 0.8333333333333258 9.471404520791042 2.711324865405183
  endloop
endfacet
facet normal 0.590849 0.723605 -0.356783
  outer loop
    vertex 0.5274564457691879 9.540175403205483 2.344255970985377
    vertex 0.2949641969490158 9.910598795577018 2.710507416309316
    vertex 0.8333333333333258 9.471404520791042 2.711324865405183
  endloop
endfacet
facet normal 0.280273 0.758108 -0.588829
  outer loop
    vertex 0.5274564457691879 9.540175403205483 2.344255970985377
    vertex -0.03827461033516659 9.847710976312118 2.470924244702475
    vertex 0.2949641969490158 9.910598795577018 2.710507416309316
  endloop
endfacet
facet normal 0.594092 0.727606 -0.342993
  outer loop
    vertex 0.8333333333333258 9.471404520791042 2.711324865405183
    vertex 0.2949641969490158 9.910598795577018 2.710507416309316
    vertex 0.5773502691896046 9.81649658092774 2.999999999999998
  endloop
endfacet
facet normal 0.845334 -0.283161 0.453024
  outer loop
    vertex 0.8660254037844404 9 3.499999999999997
    vertex 0.6666666666666711 8.528595479208299 3.577350269189074
    vertex 0.8673233161542608 8.552457319412195 3.217843554661269
  endloop
endfacet
facet normal 0.678427 -0.653704 0.335272
  outer loop
    vertex 0.6666666666666711 8.528595479208299 3.577350269189074
    vertex 0.4893135798578931 8.151249811429961 3.200487750171871
    vertex 0.8673233161542608 8.552457319412195 3.217843554661269
  endloop
endfacet
facet normal 0.552099 -0.70464 0.445723
  outer loop
    vertex 0.6666666666666711 8.528595479208299 3.577350269189074
    vertex 0.2886751345944543 8.18350341907137 3.499999999998731
    vertex 0.4893135798578931 8.151249811429961 3.200487750171871
  endloop
endfacet
facet normal 0.718176 -0.682518 0.135621
  outer loop
    vertex 0.8673233161542608 8.552457319412195 3.217843554661269
    vertex 0.4893135798578931 8.151249811429961 3.200487750171871
    vertex 0.6258501510054512 8.230185592317991 2.874710869539085
  endloop
endfacet
facet normal 0.682741 0.695017 0.225425
  outer loop
    vertex 0.5773502691896046 9.81649658092774 2.999999999999998
    vertex 0.4563553643333761 9.842819871319907 3.285297118724402
    vertex 0.8333333333333275 9.471404520791044 3.288675134594811
  endloop
endfacet
facet normal 0.642237 0.65547 0.397354
  outer loop
    vertex 0.4563553643333761 9.842819871319907 3.285297118724402
    vertex 0.6629181721675883 9.451181766682113 3.597473439094652
    vertex 0.8333333333333275 9.471404520791044 3.288675134594811
  endloop
endfacet
facet normal 0.542826 0.679613 0.493422
  outer loop
    vertex 0.4563553643333761 9.842819871319907 3.285297118724402
    vertex 0.2912185154773513 9.787619615656986 3.542998266365105
    vertex 0.6629181721675883 9.451181766682113 3.597473439094652
  endloop
endfacet
facet normal 0.834758 0.272403 0.478514
  outer loop
    vertex 0.8333333333333275 9.471404520791044 3.288675134594811
    vertex 0.6629181721675883 9.451181766682113 3.597473439094652
    vertex 0.8660254037844404 9 3.499999999999997
  endloop
endfacet
facet normal 0.29475 -0.908797 0.295314
  outer loop
    vertex 0.2886751345944543 8.18350341907137 3.499999999998731
    vertex 0.08989601833647751 8.030111979737139 3.22635355980818
    vertex 0.4893135798578931 8.151249811429961 3.200487750171871
  endloop
endfacet
facet normal 0.295252 -0.947806 0.120375
  outer loop
    vertex 0.08989601833647751 8.030111979737139 3.22635355980818
    vertex 0.2739896716400561 8.044655951945384 2.889331984380345
    vertex 0.4893135798578931 8.151249811429961 3.200487750171871
  endloop
endfacet
facet normal 0.0864519 -0.996247 0.00423074
  outer loop
    vertex 0.08989601833647751 8.030111979737139 3.22635355980818
    vertex -0.121281956353799 8.010491807261598 2.921487430518564
    vertex 0.2739896716400561 8.044655951945384 2.889331984380345
  endloop
endfacet
facet normal 0.465706 -0.884732 -0.0191884
  outer loop
    vertex 0.4893135798578931 8.151249811429961 3.200487750171871
    vertex 0.2739896716400561 8.044655951945384 2.889331984380345
    vertex 0.6258501510054512 8.230185592317991 2.874710869539085
  endloop
endfacet
facet normal 0.443831 -0.861242 -0.247539
  outer loop
    vertex 0.6258501510054512 8.230185592317991 2.874710869539085
    vertex 0.2739896716400561 8.044655951945384 2.889331984380345
    vertex 0.4314878168320481 8.228303928494181 2.532770466314469
  endloop
endfacet
facet normal 0.255617 -0.900792 -0.351046
  outer loop
    vertex 0.2739896716400561 8.044655951945384 2.889331984380345
    vertex 0.02674528658086422 8.104491467621777 2.555760021966156
    vertex 0.4314878168320481 8.228303928494181 2.532770466314469
  endloop
endfacet
facet normal 0.0658925 -0.972523 -0.223289
  outer loop
    vertex 0.2739896716400561 8.044655951945384 2.889331984380345
    vertex -0.121281956353799 8.010491807261598 2.921487430518564
    vertex 0.02674528658086422 8.104491467621777 2.555760021966156
  endloop
endfacet
facet normal 0.213891 -0.802604 -0.556846
  outer loop
    vertex 0.4314878168320481 8.228303928494181 2.532770466314469
    vertex 0.02674528658086422 8.104491467621777 2.555760021966156
    vertex 0.1703728084984489 8.345806345523767 2.263112105834692
  endloop
endfacet
facet normal -0.0888912 -0.839918 0.535384
  outer loop
    vertex 0.2886751345944543 8.18350341907137 3.499999999998731
    vertex -0.4540221026428121 8.249065775863473 3.479543242400799
    vertex 0.08989601833647751 8.030111979737139 3.22635355980818
  endloop
endfacet
facet normal -0.301923 -0.939192 0.163587
  outer loop
    vertex -0.4540221026428121 8.249065775863473 3.479543242400799
    vertex -0.6450077447127519 8.238935718660462 3.068892444648906
    vertex 0.08989601833647751 8.030111979737139 3.22635355980818
  endloop
endfacet
facet normal -0.753382 -0.547718 0.363895
  outer loop
    vertex -0.4540221026428121 8.249065775863473 3.479543242400799
    vertex -0.9441395399815221 8.732384922391869 3.192308864278987
    vertex -0.6450077447127519 8.238935718660462 3.068892444648906
  endloop
endfacet
facet normal -0.317213 -0.906668 0.27808
  outer loop
    vertex 0.08989601833647751 8.030111979737139 3.22635355980818
    vertex -0.6450077447127519 8.238935718660462 3.068892444648906
    vertex -0.121281956353799 8.010491807261598 2.921487430518564
  endloop
endfacet
facet normal -0.254558 -0.906776 -0.336092
  outer loop
    vertex -0.121281956353799 8.010491807261598 2.921487430518564
    vertex -0.5183201261475022 8.233158168852311 2.621452971438821
    vertex 0.02674528658086422 8.104491467621777 2.555760021966156
  endloop
endfacet
facet normal -0.253934 -0.792958 -0.553837
  outer loop
    vertex -0.5183201261475022 8.233158168852311 2.621452971438821
    vertex -0.341817541599116 8.438653213117496 2.246308714982173
    vertex 0.02674528658086422 8.104491467621777 2.555760021966156
  endloop
endfacet
facet normal -0.588195 -0.559977 -0.583483
  outer loop
    vertex -0.5183201261475022 8.233158168852311 2.621452971438821
    vertex -0.7612926695220759 8.683760821395655 2.433937942229299
    vertex -0.341817541599116 8.438653213117496 2.246308714982173
  endloop
endfacet
facet normal -0.112155 -0.738942 -0.664369
  outer loop
    vertex 0.02674528658086422 8.104491467621777 2.555760021966156
    vertex -0.341817541599116 8.438653213117496 2.246308714982173
    vertex 0.1703728084984489 8.345806345523767 2.263112105834692
  endloop
endfacet
facet normal -0.959901 0.231701 -0.157814
  outer loop
    vertex -0.8834016391290512 9.462187656168204 2.922642941693428
    vertex -0.9281091048996535 9.082359445254209 2.636915421451444
    vertex -0.9924408011541584 9.105662060015943 3.062424236300329
  endloop
endfacet
facet normal -0.987321 -0.0626785 -0.145838
  outer loop
    vertex -0.9281091048996535 9.082359445254209 2.636915421451444
    vertex -0.9263898543979352 8.682850683604878 2.796977467312915
    vertex -0.9924408011541584 9.105662060015943 3.062424236300329
  endloop
endfacet
facet normal -0.897271 -0.167512 -0.408466
  outer loop
    vertex -0.9281091048996535 9.082359445254209 2.636915421451444
    vertex -0.7612926695220759 8.683760821395655 2.433937942229299
    vertex -0.9263898543979352 8.682850683604878 2.796977467312915
  endloop
endfacet
facet normal -0.990116 -0.137588 -0.0272149
  outer loop
    vertex -0.9924408011541584 9.105662060015943 3.062424236300329
    vertex -0.9263898543979352 8.682850683604878 2.796977467312915
    vertex -0.9441395399815221 8.732384922391869 3.192308864278987
  endloop
endfacet
facet normal -0.858227 0.0660582 0.509001
  outer loop
    vertex -0.9441395399815221 8.732384922391869 3.192308864278987
    vertex -0.806925413835706 9.493252731699277 3.324920173546173
    vertex -0.9924408011541584 9.105662060015943 3.062424236300329
  endloop
endfacet
facet normal -0.856495 0.499092 -0.131622
  outer loop
    vertex -0.806925413835706 9.493252731699277 3.324920173546173
    vertex -0.5958060134956786 9.796671259963878 3.10163708885026
    vertex -0.9924408011541584 9.105662060015943 3.062424236300329
  endloop
endfacet
facet normal -0.456378 0.711117 0.534818
  outer loop
    vertex -0.806925413835706 9.493252731699277 3.324920173546173
    vertex -0.1731832107476081 9.950605710369521 3.257597280513614
    vertex -0.5958060134956786 9.796671259963878 3.10163708885026
  endloop
endfacet
facet normal -0.778812 0.420627 0.465322
  outer loop
    vertex -0.9924408011541584 9.105662060015943 3.062424236300329
    vertex -0.5958060134956786 9.796671259963878 3.10163708885026
    vertex -0.8834016391290512 9.462187656168204 2.922642941693428
  endloop
endfacet
facet normal -0.764161 0.442784 -0.469042
  outer loop
    vertex -0.8834016391290512 9.462187656168204 2.922642941693428
    vertex -0.538166019379991 9.764848755995418 2.645904368797131
    vertex -0.9281091048996535 9.082359445254209 2.636915421451444
  endloop
endfacet
facet normal -0.780336 0.451547 -0.432644
  outer loop
    vertex -0.538166019379991 9.764848755995418 2.645904368797131
    vertex -0.5490030473947783 9.364921932020586 2.248050774665197
    vertex -0.9281091048996535 9.082359445254209 2.636915421451444
  endloop
endfacet
facet normal -0.342167 0.66734 -0.661498
  outer loop
    vertex -0.538166019379991 9.764848755995418 2.645904368797131
    vertex -0.03827461033516659 9.847710976312118 2.470924244702475
    vertex -0.5490030473947783 9.364921932020586 2.248050774665197
  endloop
endfacet
facet normal -0.730339 0.0415494 -0.68182
  outer loop
    vertex -0.9281091048996535 9.082359445254209 2.636915421451444
    vertex -0.5490030473947783 9.364921932020586 2.248050774665197
    vertex -0.7612926695220759 8.683760821395655 2.433937942229299
  endloop
endfacet
facet normal -0.713216 0.687188 -0.13819
  outer loop
    vertex -0.8834016391290512 9.462187656168204 2.922642941693428
    vertex -0.5958060134956786 9.796671259963878 3.10163708885026
    vertex -0.538166019379991 9.764848755995418 2.645904368797131
  endloop
endfacet
facet normal -0.409388 0.905086 -0.114978
  outer loop
    vertex -0.5958060134956786 9.796671259963878 3.10163708885026
    vertex -0.1154911126076741 9.982179774209008 2.851727635604667
    vertex -0.538166019379991 9.764848755995418 2.645904368797131
  endloop
endfacet
facet normal -0.349682 0.936582 0.0231548
  outer loop
    vertex -0.5958060134956786 9.796671259963878 3.10163708885026
    vertex -0.1731832107476081 9.950605710369521 3.257597280513614
    vertex -0.1154911126076741 9.982179774209008 2.851727635604667
  endloop
endfacet
facet normal -0.276354 0.887251 -0.369342
  outer loop
    vertex -0.538166019379991 9.764848755995418 2.645904368797131
    vertex -0.1154911126076741 9.982179774209008 2.851727635604667
    vertex -0.03827461033516659 9.847710976312118 2.470924244702475
  endloop
endfacet
facet normal 0.0537376 0.944947 -0.322782
  outer loop
    vertex -0.03827461033516659 9.847710976312118 2.470924244702475
    vertex -0.1154911126076741 9.982179774209008 2.851727635604667
    vertex 0.2949641969490158 9.910598795577018 2.710507416309316
  endloop
endfacet
facet normal 0.137 0.98538 -0.101276
  outer loop
    vertex -0.1154911126076741 9.982179774209008 2.851727635604667
    vertex 0.220742382664414 9.965131526790881 3.140690925400118
    vertex 0.2949641969490158 9.910598795577018 2.710507416309316
  endloop
endfacet
facet normal -0.0143521 0.997041 0.0755233
  outer loop
    vertex -0.1154911126076741 9.982179774209008 2.851727635604667
    vertex -0.1731832107476081 9.950605710369521 3.257597280513614
    vertex 0.220742382664414 9.965131526790881 3.140690925400118
  endloop
endfacet
facet normal 0.365687 0.92913 -0.0546883
  outer loop
    vertex 0.2949641969490158 9.910598795577018 2.710507416309316
    vertex 0.220742382664414 9.965131526790881 3.140690925400118
    vertex 0.5773502691896046 9.81649658092774 2.999999999999998
  endloop
endfacet
facet normal 0.0304266 0.974212 0.223573
  outer loop
    vertex -0.1731832107476081 9.950605710369521 3.257597280513614
    vertex 0.0615610040709702 9.906566866725065 3.417548510875172
    vertex 0.220742382664414 9.965131526790881 3.140690925400118
  endloop
endfacet
facet normal 0.259996 0.903539 0.340615
  outer loop
    vertex 0.0615610040709702 9.906566866725065 3.417548510875172
    vertex 0.4563553643333761 9.842819871319907 3.285297118724402
    vertex 0.220742382664414 9.965131526790881 3.140690925400118
  endloop
endfacet
facet normal 0.265428 0.893778 0.361538
  outer loop
    vertex 0.0615610040709702 9.906566866725065 3.417548510875172
    vertex 0.2912185154773513 9.787619615656986 3.542998266365105
    vertex 0.4563553643333761 9.842819871319907 3.285297118724402
  endloop
endfacet
facet normal 0.413772 0.905729 0.091913
  outer loop
    vertex 0.220742382664414 9.965131526790881 3.140690925400118
    vertex 0.4563553643333761 9.842819871319907 3.285297118724402
    vertex 0.5773502691896046 9.81649658092774 2.999999999999998
  endloop
endfacet
facet normal -0.851781 -0.523185 0.0273106
  outer loop
    vertex -0.9441395399815221 8.732384922391869 3.192308864278987
    vertex -0.9263898543979352 8.682850683604878 2.796977467312915
    vertex -0.6450077447127519 8.238935718660462 3.068892444648906
  endloop
endfacet
facet normal -0.76339 -0.611447 -0.20825
  outer loop
    vertex -0.9263898543979352 8.682850683604878 2.796977467312915
    vertex -0.5183201261475022 8.233158168852311 2.621452971438821
    vertex -0.6450077447127519 8.238935718660462 3.068892444648906
  endloop
endfacet
facet normal -0.758045 -0.552785 -0.346117
  outer loop
    vertex -0.9263898543979352 8.682850683604878 2.796977467312915
    vertex -0.7612926695220759 8.683760821395655 2.433937942229299
    vertex -0.5183201261475022 8.233158168852311 2.621452971438821
  endloop
endfacet
facet normal -0.422876 -0.899715 -0.108115
  outer loop
    vertex -0.6450077447127519 8.238935718660462 3.068892444648906
    vertex -0.5183201261475022 8.233158168852311 2.621452971438821
    vertex -0.121281956353799 8.010491807261598 2.921487430518564
  endloop
endfacet
facet normal -0.833568 0.0545141 0.549721
  outer loop
    vertex -0.9441395399815221 8.732384922391869 3.192308864278987
    vertex -0.5869591143802345 9.467470630707052 3.661022093028911
    vertex -0.806925413835706 9.493252731699277 3.324920173546173
  endloop
endfacet
facet normal -0.432928 0.831901 0.34715
  outer loop
    vertex -0.5869591143802345 9.467470630707052 3.661022093028911
    vertex 0.0615610040709702 9.906566866725065 3.417548510875172
    vertex -0.806925413835706 9.493252731699277 3.324920173546173
  endloop
endfacet
facet normal -0.115449 0.606642 0.786547
  outer loop
    vertex -0.5869591143802345 9.467470630707052 3.661022093028911
    vertex 0.2912185154773513 9.787619615656986 3.542998266365105
    vertex 0.0615610040709702 9.906566866725065 3.417548510875172
  endloop
endfacet
facet normal -0.365125 0.609527 0.703676
  outer loop
    vertex -0.806925413835706 9.493252731699277 3.324920173546173
    vertex 0.0615610040709702 9.906566866725065 3.417548510875172
    vertex -0.1731832107476081 9.950605710369521 3.257597280513614
  endloop
endfacet
facet normal 0.704174 0.090986 0.704174
  outer loop
    vertex 0.8660254037844404 9 -2.500000000000003
    vertex 0.5676462411148536 9.325072389891874 -2.243623317203549
    vertex 0.5000000000000012 9 -2.133974596215562
  endloop
endfacet
facet normal 0.341437 0.235841 0.909835
  outer loop
    vertex 0.5676462411148536 9.325072389891874 -2.243623317203549
    vertex 0.06372297185342719 9.296740187152611 -2.047170191384211
    vertex 0.5000000000000012 9 -2.133974596215562
  endloop
endfacet
facet normal 0.318222 0.37559 0.870441
  outer loop
    vertex 0.5676462411148536 9.325072389891874 -2.243623317203549
    vertex 0.1214342941510607 9.56548579146647 -2.184230711626397
    vertex 0.06372297185342719 9.296740187152611 -2.047170191384211
  endloop
endfacet
facet normal 0.257586 0.0974984 0.961324
  outer loop
    vertex 0.5000000000000012 9 -2.133974596215562
    vertex 0.06372297185342719 9.296740187152611 -2.047170191384211
    vertex 6.123233995736757e-17 9 -2
  endloop
endfacet
facet normal 0.251106 -0.242309 0.93714
  outer loop
    vertex 6.123233995736757e-17 9 -2
    vertex 0.0053481126745618 8.510545246105879 -2.127987705601999
    vertex 0.5000000000000012 9 -2.133974596215562
  endloop
endfacet
facet normal 0.343593 -0.336518 0.876755
  outer loop
    vertex 0.0053481126745618 8.510545246105879 -2.127987705601999
    vertex 0.5495734106367174 8.464070307120071 -2.359103416602373
    vertex 0.5000000000000012 9 -2.133974596215562
  endloop
endfacet
facet normal 0.239876 -0.672551 0.700096
  outer loop
    vertex 0.0053481126745618 8.510545246105879 -2.127987705601999
    vertex 0.009327240008087328 8.146378874105558 -2.479189116837468
    vertex 0.5495734106367174 8.464070307120071 -2.359103416602373
  endloop
endfacet
facet normal 0.688869 -0.225654 0.688869
  outer loop
    vertex 0.5000000000000012 9 -2.133974596215562
    vertex 0.5495734106367174 8.464070307120071 -2.359103416602373
    vertex 0.8660254037844404 9 -2.500000000000003
  endloop
endfacet
facet normal -0.128924 0.472367 0.871922
  outer loop
    vertex 0.1214342941510607 9.56548579146647 -2.184230711626397
    vertex -0.30988746186328 9.27181402648344 -2.088908952965296
    vertex 0.06372297185342719 9.296740187152611 -2.047170191384211
  endloop
endfacet
facet normal -0.116419 0.0884745 0.989252
  outer loop
    vertex -0.30988746186328 9.27181402648344 -2.088908952965296
    vertex -0.3495806139938353 8.947437338144596 -2.064569317961845
    vertex 0.06372297185342719 9.296740187152611 -2.047170191384211
  endloop
endfacet
facet normal -0.529752 0.12774 0.838478
  outer loop
    vertex -0.30988746186328 9.27181402648344 -2.088908952965296
    vertex -0.6540168643511405 8.901662546741715 -2.249938878203265
    vertex -0.3495806139938353 8.947437338144596 -2.064569317961845
  endloop
endfacet
facet normal -0.206608 0.196723 0.958443
  outer loop
    vertex 0.06372297185342719 9.296740187152611 -2.047170191384211
    vertex -0.3495806139938353 8.947437338144596 -2.064569317961845
    vertex 6.123233995736757e-17 9 -2
  endloop
endfacet
facet normal -0.463564 -0.297238 0.83472
  outer loop
    vertex -0.6540168643511405 8.901662546741715 -2.249938878203265
    vertex -0.3761848125918744 8.444519740706674 -2.258429593153397
    vertex -0.3495806139938353 8.947437338144596 -2.064569317961845
  endloop
endfacet
facet normal -0.251997 -0.336432 0.907365
  outer loop
    vertex -0.3761848125918744 8.444519740706674 -2.258429593153397
    vertex 0.0053481126745618 8.510545246105879 -2.127987705601999
    vertex -0.3495806139938353 8.947437338144596 -2.064569317961845
  endloop
endfacet
facet normal -0.124626 -0.689471 0.713511
  outer loop
    vertex -0.3761848125918744 8.444519740706674 -2.258429593153397
    vertex 0.009327240008087328 8.146378874105558 -2.479189116837468
    vertex 0.0053481126745618 8.510545246105879 -2.127987705601999
  endloop
endfacet
facet normal -0.13901 -0.251949 0.957704
  outer loop
    vertex -0.3495806139938353 8.947437338144596 -2.064569317961845
    vertex 0.0053481126745618 8.510545246105879 -2.127987705601999
    vertex 6.123233995736757e-17 9 -2
  endloop
endfacet
facet normal 0.257088 0.115477 -0.959464
  outer loop
    vertex 6.123233995736757e-17 9 -4
    vertex 0.04455997774757817 9.304788737396725 -3.951377019871326
    vertex 0.4999999999999993 9 -3.866025403784439
  endloop
endfacet
facet normal 0.326689 0.231561 -0.916326
  outer loop
    vertex 0.04455997774757817 9.304788737396725 -3.951377019871326
    vertex 0.5529200320973258 9.33724785851501 -3.761933934165247
    vertex 0.4999999999999993 9 -3.866025403784439
  endloop
endfacet
facet normal 0.297297 0.40101 -0.86649
  outer loop
    vertex 0.04455997774757817 9.304788737396725 -3.951377019871326
    vertex 0.08478667767004706 9.57993800134968 -3.810236467878493
    vertex 0.5529200320973258 9.33724785851501 -3.761933934165247
  endloop
endfacet
facet normal 0.703072 0.106679 -0.703072
  outer loop
    vertex 0.4999999999999993 9 -3.866025403784439
    vertex 0.5529200320973258 9.33724785851501 -3.761933934165247
    vertex 0.8660254037844379 9 -3.500000000000001
  endloop
endfacet
facet normal 0.706004 -0.0558355 -0.706004
  outer loop
    vertex 0.8660254037844379 9 -3.500000000000001
    vertex 0.7052125265789749 8.686742043289943 -3.636038320318783
    vertex 0.4999999999999993 9 -3.866025403784439
  endloop
endfacet
facet normal 0.500299 -0.275028 -0.821012
  outer loop
    vertex 0.7052125265789749 8.686742043289943 -3.636038320318783
    vertex 0.2420680036914986 8.682696080757504 -3.91690855837546
    vertex 0.4999999999999993 9 -3.866025403784439
  endloop
endfacet
facet normal 0.489692 -0.340698 -0.802575
  outer loop
    vertex 0.7052125265789749 8.686742043289943 -3.636038320318783
    vertex 0.4439084485871954 8.418122641680961 -3.68144260884433
    vertex 0.2420680036914986 8.682696080757504 -3.91690855837546
  endloop
endfacet
facet normal 0.258421 -0.0554084 -0.964442
  outer loop
    vertex 0.4999999999999993 9 -3.866025403784439
    vertex 0.2420680036914986 8.682696080757504 -3.91690855837546
    vertex 6.123233995736757e-17 9 -4
  endloop
endfacet
facet normal -0.437044 0.203657 -0.87608
  outer loop
    vertex 6.123233995736757e-17 9 -4
    vertex -0.2411865031710518 8.750142992494968 -3.937763587738802
    vertex 0.04455997774757817 9.304788737396725 -3.951377019871326
  endloop
endfacet
facet normal 0.16745 -0.110314 -0.97969
  outer loop
    vertex -0.2411865031710518 8.750142992494968 -3.937763587738802
    vertex -0.2275443207278608 9.068916306790795 -3.971325962158334
    vertex 0.04455997774757817 9.304788737396725 -3.951377019871326
  endloop
endfacet
facet normal -0.610431 -0.0570533 -0.790012
  outer loop
    vertex -0.2411865031710518 8.750142992494968 -3.937763587738802
    vertex -0.452351841055723 8.531386392440803 -3.758801092977502
    vertex -0.2275443207278608 9.068916306790795 -3.971325962158334
  endloop
endfacet
facet normal -0.345868 0.467786 -0.813358
  outer loop
    vertex 0.04455997774757817 9.304788737396725 -3.951377019871326
    vertex -0.2275443207278608 9.068916306790795 -3.971325962158334
    vertex 0.08478667767004706 9.57993800134968 -3.810236467878493
  endloop
endfacet
facet normal 0.00716283 -0.248201 -0.968682
  outer loop
    vertex 6.123233995736757e-17 9 -4
    vertex 0.2420680036914986 8.682696080757504 -3.91690855837546
    vertex -0.2411865031710518 8.750142992494968 -3.937763587738802
  endloop
endfacet
facet normal -0.0105627 -0.363694 -0.931458
  outer loop
    vertex 0.2420680036914986 8.682696080757504 -3.91690855837546
    vertex -0.004736380201726559 8.410719727713218 -3.807914802065292
    vertex -0.2411865031710518 8.750142992494968 -3.937763587738802
  endloop
endfacet
facet normal 0.236788 -0.538852 -0.808437
  outer loop
    vertex 0.2420680036914986 8.682696080757504 -3.91690855837546
    vertex 0.4439084485871954 8.418122641680961 -3.68144260884433
    vertex -0.004736380201726559 8.410719727713218 -3.807914802065292
  endloop
endfacet
facet normal -0.222438 -0.479666 -0.848789
  outer loop
    vertex -0.2411865031710518 8.750142992494968 -3.937763587738802
    vertex -0.004736380201726559 8.410719727713218 -3.807914802065292
    vertex -0.452351841055723 8.531386392440803 -3.758801092977502
  endloop
endfacet
facet normal 0.951014 0.175033 -0.254824
  outer loop
    vertex 0.8660254037844379 9 -3.500000000000001
    vertex 0.8381474683333465 9.465486750453673 -3.284307767179305
    vertex 1 9 -3.000000000000002
  endloop
endfacet
facet normal 0.943862 0.330321 0.00349522
  outer loop
    vertex 0.8381474683333465 9.465486750453673 -3.284307767179305
    vertex 0.8363634228664808 9.464495934924892 -2.708899070201906
    vertex 1 9 -3.000000000000002
  endloop
endfacet
facet normal 0.810194 0.586151 0.00352131
  outer loop
    vertex 0.8381474683333465 9.465486750453673 -3.284307767179305
    vertex 0.5890168448360199 9.808095130836531 -2.993564472227587
    vertex 0.8363634228664808 9.464495934924892 -2.708899070201906
  endloop
endfacet
facet normal 0.950964 0.175324 0.25481
  outer loop
    vertex 1 9 -3.000000000000002
    vertex 0.8363634228664808 9.464495934924892 -2.708899070201906
    vertex 0.8660254037844404 9 -2.500000000000003
  endloop
endfacet
facet normal 0.953819 -0.157833 0.255575
  outer loop
    vertex 0.8660254037844404 9 -2.500000000000003
    vertex 0.8605000154602391 8.553143068770703 -2.755339814425674
    vertex 1 9 -3.000000000000002
  endloop
endfacet
facet normal 0.947219 -0.317992 -0.0407087
  outer loop
    vertex 0.8605000154602391 8.553143068770703 -2.755339814425674
    vertex 0.8397011593762347 8.563943897167908 -3.323661919485588
    vertex 1 9 -3.000000000000002
  endloop
endfacet
facet normal 0.832818 -0.552028 -0.0409698
  outer loop
    vertex 0.8605000154602391 8.553143068770703 -2.755339814425674
    vertex 0.6270195097547272 8.224663037461095 -3.075492575183832
    vertex 0.8397011593762347 8.563943897167908 -3.323661919485588
  endloop
endfacet
facet normal 0.953348 -0.160854 -0.255449
  outer loop
    vertex 1 9 -3.000000000000002
    vertex 0.8397011593762347 8.563943897167908 -3.323661919485588
    vertex 0.8660254037844379 9 -3.500000000000001
  endloop
endfacet
facet normal 0.781265 0.300342 -0.547193
  outer loop
    vertex 0.8660254037844379 9 -3.500000000000001
    vertex 0.5529200320973258 9.33724785851501 -3.761933934165247
    vertex 0.8381474683333465 9.465486750453673 -3.284307767179305
  endloop
endfacet
facet normal 0.62876 0.570299 -0.528602
  outer loop
    vertex 0.5529200320973258 9.33724785851501 -3.761933934165247
    vertex 0.3872982151055383 9.797833102153644 -3.462019949443697
    vertex 0.8381474683333465 9.465486750453673 -3.284307767179305
  endloop
endfacet
facet normal 0.3822 0.596825 -0.705495
  outer loop
    vertex 0.5529200320973258 9.33724785851501 -3.761933934165247
    vertex 0.08478667767004706 9.57993800134968 -3.810236467878493
    vertex 0.3872982151055383 9.797833102153644 -3.462019949443697
  endloop
endfacet
facet normal 0.639348 0.711768 -0.290897
  outer loop
    vertex 0.8381474683333465 9.465486750453673 -3.284307767179305
    vertex 0.3872982151055383 9.797833102153644 -3.462019949443697
    vertex 0.5890168448360199 9.808095130836531 -2.993564472227587
  endloop
endfacet
facet normal 0.731447 -0.636832 -0.243783
  outer loop
    vertex 0.6270195097547272 8.224663037461095 -3.075492575183832
    vertex 0.5674418063761241 8.280866523403168 -3.401069618912171
    vertex 0.8397011593762347 8.563943897167908 -3.323661919485588
  endloop
endfacet
facet normal 0.687787 -0.524182 -0.502177
  outer loop
    vertex 0.5674418063761241 8.280866523403168 -3.401069618912171
    vertex 0.7052125265789749 8.686742043289943 -3.636038320318783
    vertex 0.8397011593762347 8.563943897167908 -3.323661919485588
  endloop
endfacet
facet normal 0.644786 -0.534941 -0.545975
  outer loop
    vertex 0.5674418063761241 8.280866523403168 -3.401069618912171
    vertex 0.4439084485871954 8.418122641680961 -3.68144260884433
    vertex 0.7052125265789749 8.686742043289943 -3.636038320318783
  endloop
endfacet
facet normal 0.854524 -0.238236 -0.461554
  outer loop
    vertex 0.8397011593762347 8.563943897167908 -3.323661919485588
    vertex 0.7052125265789749 8.686742043289943 -3.636038320318783
    vertex 0.8660254037844379 9 -3.500000000000001
  endloop
endfacet
facet normal 0.645103 0.706169 0.291835
  outer loop
    vertex 0.5890168448360199 9.808095130836531 -2.993564472227587
    vertex 0.4056419959236189 9.784265203205939 -2.530550681986384
    vertex 0.8363634228664808 9.464495934924892 -2.708899070201906
  endloop
endfacet
facet normal 0.635284 0.557842 0.534066
  outer loop
    vertex 0.4056419959236189 9.784265203205939 -2.530550681986384
    vertex 0.5676462411148536 9.325072389891874 -2.243623317203549
    vertex 0.8363634228664808 9.464495934924892 -2.708899070201906
  endloop
endfacet
facet normal 0.40765 0.582979 0.702821
  outer loop
    vertex 0.4056419959236189 9.784265203205939 -2.530550681986384
    vertex 0.1214342941510607 9.56548579146647 -2.184230711626397
    vertex 0.5676462411148536 9.325072389891874 -2.243623317203549
  endloop
endfacet
facet normal 0.78678 0.294257 0.542577
  outer loop
    vertex 0.8363634228664808 9.464495934924892 -2.708899070201906
    vertex 0.5676462411148536 9.325072389891874 -2.243623317203549
    vertex 0.8660254037844404 9 -2.500000000000003
  endloop
endfacet
facet normal 0.779245 -0.31817 0.53995
  outer loop
    vertex 0.8660254037844404 9 -2.500000000000003
    vertex 0.5495734106367174 8.464070307120071 -2.359103416602373
    vertex 0.8605000154602391 8.553143068770703 -2.755339814425674
  endloop
endfacet
facet normal 0.629674 -0.70009 0.336727
  outer loop
    vertex 0.5495734106367174 8.464070307120071 -2.359103416602373
    vertex 0.3526156771666868 8.097353511048542 -2.753237968479982
    vertex 0.8605000154602391 8.553143068770703 -2.755339814425674
  endloop
endfacet
facet normal 0.329243 -0.767698 0.549763
  outer loop
    vertex 0.5495734106367174 8.464070307120071 -2.359103416602373
    vertex 0.009327240008087328 8.146378874105558 -2.479189116837468
    vertex 0.3526156771666868 8.097353511048542 -2.753237968479982
  endloop
endfacet
facet normal 0.64453 -0.716972 0.265579
  outer loop
    vertex 0.8605000154602391 8.553143068770703 -2.755339814425674
    vertex 0.3526156771666868 8.097353511048542 -2.753237968479982
    vertex 0.6270195097547272 8.224663037461095 -3.075492575183832
  endloop
endfacet
facet normal 0.37899 0.904268 0.196638
  outer loop
    vertex 0.5890168448360199 9.808095130836531 -2.993564472227587
    vertex 0.1532177756231023 9.988009556938534 -2.980988723577095
    vertex 0.4056419959236189 9.784265203205939 -2.530550681986384
  endloop
endfacet
facet normal 0.159684 0.929965 0.33116
  outer loop
    vertex 0.1532177756231023 9.988009556938534 -2.980988723577095
    vertex -0.1119711594573164 9.868118446979777 -2.516437365522102
    vertex 0.4056419959236189 9.784265203205939 -2.530550681986384
  endloop
endfacet
facet normal -0.0790735 0.975236 0.206549
  outer loop
    vertex 0.1532177756231023 9.988009556938534 -2.980988723577095
    vertex -0.3166643087523722 9.948143056363193 -2.972641998745453
    vertex -0.1119711594573164 9.868118446979777 -2.516437365522102
  endloop
endfacet
facet normal 0.142919 0.779585 0.609771
  outer loop
    vertex 0.4056419959236189 9.784265203205939 -2.530550681986384
    vertex -0.1119711594573164 9.868118446979777 -2.516437365522102
    vertex 0.1214342941510607 9.56548579146647 -2.184230711626397
  endloop
endfacet
facet normal 0.370952 0.911101 -0.179692
  outer loop
    vertex 0.5890168448360199 9.808095130836531 -2.993564472227587
    vertex 0.3872982151055383 9.797833102153644 -3.462019949443697
    vertex 0.1532177756231023 9.988009556938534 -2.980988723577095
  endloop
endfacet
facet normal 0.146286 0.942233 -0.301327
  outer loop
    vertex 0.3872982151055383 9.797833102153644 -3.462019949443697
    vertex -0.1338367501262244 9.88198849427233 -3.451867259587238
    vertex 0.1532177756231023 9.988009556938534 -2.980988723577095
  endloop
endfacet
facet normal 0.116464 0.793303 -0.597584
  outer loop
    vertex 0.3872982151055383 9.797833102153644 -3.462019949443697
    vertex 0.08478667767004706 9.57993800134968 -3.810236467878493
    vertex -0.1338367501262244 9.88198849427233 -3.451867259587238
  endloop
endfacet
facet normal -0.0863024 0.981921 -0.168474
  outer loop
    vertex 0.1532177756231023 9.988009556938534 -2.980988723577095
    vertex -0.1338367501262244 9.88198849427233 -3.451867259587238
    vertex -0.3166643087523722 9.948143056363193 -2.972641998745453
  endloop
endfacet
facet normal -0.386473 0.863208 0.324824
  outer loop
    vertex -0.3166643087523722 9.948143056363193 -2.972641998745453
    vertex -0.650887711871405 9.72879301847143 -2.787383155036794
    vertex -0.1119711594573164 9.868118446979777 -2.516437365522102
  endloop
endfacet
facet normal -0.430266 0.779728 0.454857
  outer loop
    vertex -0.650887711871405 9.72879301847143 -2.787383155036794
    vertex -0.4414663047781121 9.558897588837739 -2.298044882533848
    vertex -0.1119711594573164 9.868118446979777 -2.516437365522102
  endloop
endfacet
facet normal -0.661843 0.573761 0.482454
  outer loop
    vertex -0.650887711871405 9.72879301847143 -2.787383155036794
    vertex -0.8587474091421773 9.367954694765197 -2.643401864991068
    vertex -0.4414663047781121 9.558897588837739 -2.298044882533848
  endloop
endfacet
facet normal -0.153941 0.674194 0.722333
  outer loop
    vertex -0.1119711594573164 9.868118446979777 -2.516437365522102
    vertex -0.4414663047781121 9.558897588837739 -2.298044882533848
    vertex 0.1214342941510607 9.56548579146647 -2.184230711626397
  endloop
endfacet
facet normal -0.684957 0.419668 0.595578
  outer loop
    vertex -0.8587474091421773 9.367954694765197 -2.643401864991068
    vertex -0.798868999649988 9.14238097751584 -2.415589203864386
    vertex -0.4414663047781121 9.558897588837739 -2.298044882533848
  endloop
endfacet
facet normal -0.583505 0.286213 0.760003
  outer loop
    vertex -0.798868999649988 9.14238097751584 -2.415589203864386
    vertex -0.30988746186328 9.27181402648344 -2.088908952965296
    vertex -0.4414663047781121 9.558897588837739 -2.298044882533848
  endloop
endfacet
facet normal -0.58003 0.195199 0.790862
  outer loop
    vertex -0.798868999649988 9.14238097751584 -2.415589203864386
    vertex -0.6540168643511405 8.901662546741715 -2.249938878203265
    vertex -0.30988746186328 9.27181402648344 -2.088908952965296
  endloop
endfacet
facet normal -0.174427 0.526308 0.832211
  outer loop
    vertex -0.4414663047781121 9.558897588837739 -2.298044882533848
    vertex -0.30988746186328 9.27181402648344 -2.088908952965296
    vertex 0.1214342941510607 9.56548579146647 -2.184230711626397
  endloop
endfacet
facet normal -0.96375 0.174644 0.201707
  outer loop
    vertex -0.8587474091421773 9.367954694765197 -2.643401864991068
    vertex -0.9392383856511992 9.343202978694089 -3.006555176186306
    vertex -0.9657882840589714 8.908755216445448 -2.757250376213452
  endloop
endfacet
facet normal -0.997525 0.0689309 0.0138894
  outer loop
    vertex -0.9392383856511992 9.343202978694089 -3.006555176186306
    vertex -0.9752186820322247 8.854841163317833 -3.166965368709832
    vertex -0.9657882840589714 8.908755216445448 -2.757250376213452
  endloop
endfacet
facet normal -0.979167 0.124762 -0.160205
  outer loop
    vertex -0.9392383856511992 9.343202978694089 -3.006555176186306
    vertex -0.8892017392068804 9.270755736456442 -3.36879750292998
    vertex -0.9752186820322247 8.854841163317833 -3.166965368709832
  endloop
endfacet
facet normal -0.956401 -0.285902 0.0596351
  outer loop
    vertex -0.9657882840589714 8.908755216445448 -2.757250376213452
    vertex -0.9752186820322247 8.854841163317833 -3.166965368709832
    vertex -0.845595214293336 8.471024120421301 -2.928213842642546
  endloop
endfacet
facet normal -0.916185 -0.336548 0.21758
  outer loop
    vertex -0.845595214293336 8.471024120421301 -2.928213842642546
    vertex -0.8232929457522543 8.655602506104202 -2.54880260232037
    vertex -0.9657882840589714 8.908755216445448 -2.757250376213452
  endloop
endfacet
facet normal -0.869457 -0.0893384 0.485864
  outer loop
    vertex -0.8232929457522543 8.655602506104202 -2.54880260232037
    vertex -0.798868999649988 9.14238097751584 -2.415589203864386
    vertex -0.9657882840589714 8.908755216445448 -2.757250376213452
  endloop
endfacet
facet normal -0.822625 -0.111315 0.557581
  outer loop
    vertex -0.8232929457522543 8.655602506104202 -2.54880260232037
    vertex -0.6540168643511405 8.901662546741715 -2.249938878203265
    vertex -0.798868999649988 9.14238097751584 -2.415589203864386
  endloop
endfacet
facet normal -0.922423 0.124376 0.365604
  outer loop
    vertex -0.9657882840589714 8.908755216445448 -2.757250376213452
    vertex -0.798868999649988 9.14238097751584 -2.415589203864386
    vertex -0.8587474091421773 9.367954694765197 -2.643401864991068
  endloop
endfacet
facet normal -0.91009 -0.0127878 -0.414214
  outer loop
    vertex -0.8892017392068804 9.270755736456442 -3.36879750292998
    vertex -0.7606772641123934 8.887812170689385 -3.639362174997126
    vertex -0.9752186820322247 8.854841163317833 -3.166965368709832
  endloop
endfacet
facet normal -0.864087 -0.288361 -0.412556
  outer loop
    vertex -0.7606772641123934 8.887812170689385 -3.639362174997126
    vertex -0.7310967216414428 8.438086168010651 -3.386976005747358
    vertex -0.9752186820322247 8.854841163317833 -3.166965368709832
  endloop
endfacet
facet normal -0.687481 -0.389267 -0.613059
  outer loop
    vertex -0.7606772641123934 8.887812170689385 -3.639362174997126
    vertex -0.452351841055723 8.531386392440803 -3.758801092977502
    vertex -0.7310967216414428 8.438086168010651 -3.386976005747358
  endloop
endfacet
facet normal -0.887631 -0.418871 -0.191462
  outer loop
    vertex -0.9752186820322247 8.854841163317833 -3.166965368709832
    vertex -0.7310967216414428 8.438086168010651 -3.386976005747358
    vertex -0.845595214293336 8.471024120421301 -2.928213842642546
  endloop
endfacet
facet normal -0.719109 -0.607312 0.337719
  outer loop
    vertex -0.845595214293336 8.471024120421301 -2.928213842642546
    vertex -0.4858993866766147 8.19666535412347 -2.655681495179652
    vertex -0.8232929457522543 8.655602506104202 -2.54880260232037
  endloop
endfacet
facet normal -0.618485 -0.578528 0.531772
  outer loop
    vertex -0.4858993866766147 8.19666535412347 -2.655681495179652
    vertex -0.3761848125918744 8.444519740706674 -2.258429593153397
    vertex -0.8232929457522543 8.655602506104202 -2.54880260232037
  endloop
endfacet
facet normal -0.279515 -0.778026 0.562625
  outer loop
    vertex -0.4858993866766147 8.19666535412347 -2.655681495179652
    vertex 0.009327240008087328 8.146378874105558 -2.479189116837468
    vertex -0.3761848125918744 8.444519740706674 -2.258429593153397
  endloop
endfacet
facet normal -0.624042 -0.391823 0.676052
  outer loop
    vertex -0.8232929457522543 8.655602506104202 -2.54880260232037
    vertex -0.3761848125918744 8.444519740706674 -2.258429593153397
    vertex -0.6540168643511405 8.901662546741715 -2.249938878203265
  endloop
endfacet
facet normal -0.666509 -0.731624 0.143151
  outer loop
    vertex -0.845595214293336 8.471024120421301 -2.928213842642546
    vertex -0.550550714030336 8.170250190864474 -3.091701502279105
    vertex -0.4858993866766147 8.19666535412347 -2.655681495179652
  endloop
endfacet
facet normal -0.358127 -0.927256 0.109277
  outer loop
    vertex -0.550550714030336 8.170250190864474 -3.091701502279105
    vertex -0.07261424023008442 8.014663276158615 -2.845602095981407
    vertex -0.4858993866766147 8.19666535412347 -2.655681495179652
  endloop
endfacet
facet normal -0.307858 -0.951425 -0.00362812
  outer loop
    vertex -0.550550714030336 8.170250190864474 -3.091701502279105
    vertex -0.1430592977153722 8.038948037030117 -3.23645964097266
    vertex -0.07261424023008442 8.014663276158615 -2.845602095981407
  endloop
endfacet
facet normal -0.224574 -0.899942 0.373727
  outer loop
    vertex -0.4858993866766147 8.19666535412347 -2.655681495179652
    vertex -0.07261424023008442 8.014663276158615 -2.845602095981407
    vertex 0.009327240008087328 8.146378874105558 -2.479189116837468
  endloop
endfacet
facet normal -0.743606 -0.654089 -0.138628
  outer loop
    vertex -0.845595214293336 8.471024120421301 -2.928213842642546
    vertex -0.7310967216414428 8.438086168010651 -3.386976005747358
    vertex -0.550550714030336 8.170250190864474 -3.091701502279105
  endloop
endfacet
facet normal -0.537529 -0.761541 -0.362101
  outer loop
    vertex -0.7310967216414428 8.438086168010651 -3.386976005747358
    vertex -0.3234305525482056 8.223397925692597 -3.540631016368651
    vertex -0.550550714030336 8.170250190864474 -3.091701502279105
  endloop
endfacet
facet normal -0.541188 -0.625027 -0.562545
  outer loop
    vertex -0.7310967216414428 8.438086168010651 -3.386976005747358
    vertex -0.452351841055723 8.531386392440803 -3.758801092977502
    vertex -0.3234305525482056 8.223397925692597 -3.540631016368651
  endloop
endfacet
facet normal -0.387279 -0.872073 -0.299173
  outer loop
    vertex -0.550550714030336 8.170250190864474 -3.091701502279105
    vertex -0.3234305525482056 8.223397925692597 -3.540631016368651
    vertex -0.1430592977153722 8.038948037030117 -3.23645964097266
  endloop
endfacet
facet normal -0.553206 0.832961 -0.0117898
  outer loop
    vertex -0.3166643087523722 9.948143056363193 -2.972641998745453
    vertex -0.6897526768774657 9.697207377728962 -3.19530262973313
    vertex -0.650887711871405 9.72879301847143 -2.787383155036794
  endloop
endfacet
facet normal -0.808976 0.58699 0.0316248
  outer loop
    vertex -0.6897526768774657 9.697207377728962 -3.19530262973313
    vertex -0.9392383856511992 9.343202978694089 -3.006555176186306
    vertex -0.650887711871405 9.72879301847143 -2.787383155036794
  endloop
endfacet
facet normal -0.848546 0.483919 -0.213992
  outer loop
    vertex -0.6897526768774657 9.697207377728962 -3.19530262973313
    vertex -0.8892017392068804 9.270755736456442 -3.36879750292998
    vertex -0.9392383856511992 9.343202978694089 -3.006555176186306
  endloop
endfacet
facet normal -0.830456 0.537217 0.147451
  outer loop
    vertex -0.650887711871405 9.72879301847143 -2.787383155036794
    vertex -0.9392383856511992 9.343202978694089 -3.006555176186306
    vertex -0.8587474091421773 9.367954694765197 -2.643401864991068
  endloop
endfacet
facet normal -0.416164 0.865663 -0.27827
  outer loop
    vertex -0.3166643087523722 9.948143056363193 -2.972641998745453
    vertex -0.1338367501262244 9.88198849427233 -3.451867259587238
    vertex -0.6897526768774657 9.697207377728962 -3.19530262973313
  endloop
endfacet
facet normal -0.463609 0.75821 -0.45846
  outer loop
    vertex -0.1338367501262244 9.88198849427233 -3.451867259587238
    vertex -0.4841233968204586 9.511975423749242 -3.709581356947746
    vertex -0.6897526768774657 9.697207377728962 -3.19530262973313
  endloop
endfacet
facet normal -0.205603 0.682885 -0.700996
  outer loop
    vertex -0.1338367501262244 9.88198849427233 -3.451867259587238
    vertex 0.08478667767004706 9.57993800134968 -3.810236467878493
    vertex -0.4841233968204586 9.511975423749242 -3.709581356947746
  endloop
endfacet
facet normal -0.709079 0.523719 -0.47215
  outer loop
    vertex -0.6897526768774657 9.697207377728962 -3.19530262973313
    vertex -0.4841233968204586 9.511975423749242 -3.709581356947746
    vertex -0.8892017392068804 9.270755736456442 -3.36879750292998
  endloop
endfacet
facet normal 0.115311 -0.942698 0.313087
  outer loop
    vertex 0.009327240008087328 8.146378874105558 -2.479189116837468
    vertex -0.07261424023008442 8.014663276158615 -2.845602095981407
    vertex 0.3526156771666868 8.097353511048542 -2.753237968479982
  endloop
endfacet
facet normal 0.175183 -0.981862 0.0725103
  outer loop
    vertex -0.07261424023008442 8.014663276158615 -2.845602095981407
    vertex 0.2645508560996092 8.050824498920015 -3.170524815456646
    vertex 0.3526156771666868 8.097353511048542 -2.753237968479982
  endloop
endfacet
facet normal 0.0402346 -0.996792 -0.0691843
  outer loop
    vertex -0.07261424023008442 8.014663276158615 -2.845602095981407
    vertex -0.1430592977153722 8.038948037030117 -3.23645964097266
    vertex 0.2645508560996092 8.050824498920015 -3.170524815456646
  endloop
endfacet
facet normal 0.430317 -0.902624 0.00983108
  outer loop
    vertex 0.3526156771666868 8.097353511048542 -2.753237968479982
    vertex 0.2645508560996092 8.050824498920015 -3.170524815456646
    vertex 0.6270195097547272 8.224663037461095 -3.075492575183832
  endloop
endfacet
facet normal 0.0779757 -0.947055 -0.31146
  outer loop
    vertex -0.1430592977153722 8.038948037030117 -3.23645964097266
    vertex 0.1652696612909764 8.152401110036772 -3.50424404883932
    vertex 0.2645508560996092 8.050824498920015 -3.170524815456646
  endloop
endfacet
facet normal 0.367389 -0.853676 -0.369138
  outer loop
    vertex 0.1652696612909764 8.152401110036772 -3.50424404883932
    vertex 0.5674418063761241 8.280866523403168 -3.401069618912171
    vertex 0.2645508560996092 8.050824498920015 -3.170524815456646
  endloop
endfacet
facet normal 0.378549 -0.754485 -0.536147
  outer loop
    vertex 0.1652696612909764 8.152401110036772 -3.50424404883932
    vertex 0.4439084485871954 8.418122641680961 -3.68144260884433
    vertex 0.5674418063761241 8.280866523403168 -3.401069618912171
  endloop
endfacet
facet normal 0.469516 -0.851644 -0.232934
  outer loop
    vertex 0.2645508560996092 8.050824498920015 -3.170524815456646
    vertex 0.5674418063761241 8.280866523403168 -3.401069618912171
    vertex 0.6270195097547272 8.224663037461095 -3.075492575183832
  endloop
endfacet
facet normal -0.206046 0.406521 -0.890104
  outer loop
    vertex 0.08478667767004706 9.57993800134968 -3.810236467878493
    vertex -0.2275443207278608 9.068916306790795 -3.971325962158334
    vertex -0.4841233968204586 9.511975423749242 -3.709581356947746
  endloop
endfacet
facet normal -0.559826 0.156505 -0.813696
  outer loop
    vertex -0.2275443207278608 9.068916306790795 -3.971325962158334
    vertex -0.7606772641123934 8.887812170689385 -3.639362174997126
    vertex -0.4841233968204586 9.511975423749242 -3.709581356947746
  endloop
endfacet
facet normal -0.490138 -0.135451 -0.861056
  outer loop
    vertex -0.2275443207278608 9.068916306790795 -3.971325962158334
    vertex -0.452351841055723 8.531386392440803 -3.758801092977502
    vertex -0.7606772641123934 8.887812170689385 -3.639362174997126
  endloop
endfacet
facet normal -0.704138 0.236674 -0.669459
  outer loop
    vertex -0.4841233968204586 9.511975423749242 -3.709581356947746
    vertex -0.7606772641123934 8.887812170689385 -3.639362174997126
    vertex -0.8892017392068804 9.270755736456442 -3.36879750292998
  endloop
endfacet
facet normal -0.250012 -0.627185 -0.737654
  outer loop
    vertex -0.452351841055723 8.531386392440803 -3.758801092977502
    vertex -0.004736380201726559 8.410719727713218 -3.807914802065292
    vertex -0.3234305525482056 8.223397925692597 -3.540631016368651
  endloop
endfacet
facet normal -0.0665291 -0.778081 -0.624632
  outer loop
    vertex -0.004736380201726559 8.410719727713218 -3.807914802065292
    vertex 0.1652696612909764 8.152401110036772 -3.50424404883932
    vertex -0.3234305525482056 8.223397925692597 -3.540631016368651
  endloop
endfacet
facet normal 0.208271 -0.684368 -0.698758
  outer loop
    vertex -0.004736380201726559 8.410719727713218 -3.807914802065292
    vertex 0.4439084485871954 8.418122641680961 -3.68144260884433
    vertex 0.1652696612909764 8.152401110036772 -3.50424404883932
  endloop
endfacet
facet normal -0.0916189 -0.874633 -0.476049
  outer loop
    vertex -0.3234305525482056 8.223397925692597 -3.540631016368651
    vertex 0.1652696612909764 8.152401110036772 -3.50424404883932
    vertex -0.1430592977153722 8.038948037030117 -3.23645964097266
  endloop
endfacet
facet normal 0.453658 0.0382758 0.890354
  outer loop
    vertex 4.70228201833981 -1.151726924489601e-15 23.47213595499956
    vertex 2.7950329932613 1.255542904833323 24.38995281315811
    vertex 2.472135954999595 -6.054986768694678e-16 24.60845213036122
  endloop
endfacet
facet normal 0.198604 0.118239 0.972921
  outer loop
    vertex 2.7950329932613 1.255542904833323 24.38995281315811
    vertex 0.3155284846746986 1.211046346724184 24.9015067247611
    vertex 2.472135954999595 -6.054986768694678e-16 24.60845213036122
  endloop
endfacet
facet normal 0.19522 0.187947 0.962582
  outer loop
    vertex 2.7950329932613 1.255542904833323 24.38995281315811
    vertex 0.6232876108777022 2.392272713159626 24.60845213036122
    vertex 0.3155284846746986 1.211046346724184 24.9015067247611
  endloop
endfacet
facet normal 0.156312 0.0395391 0.986916
  outer loop
    vertex 2.472135954999595 -6.054986768694678e-16 24.60845213036122
    vertex 0.3155284846746986 1.211046346724184 24.9015067247611
    vertex 4.898587196589413e-16 -1.199807826129486e-31 25
  endloop
endfacet
facet normal 0.155689 -0.0975251 0.98298
  outer loop
    vertex 4.898587196589413e-16 -1.199807826129486e-31 25
    vertex 1.336822423229514 -2.223288823588356 24.5676874020838
    vertex 2.472135954999595 -6.054986768694678e-16 24.60845213036122
  endloop
endfacet
facet normal 0.331312 -0.186143 0.924978
  outer loop
    vertex 1.336822423229514 -2.223288823588356 24.5676874020838
    vertex 3.785429469208297 -2.201857023565591 23.69494954285873
    vertex 2.472135954999595 -6.054986768694678e-16 24.60845213036122
  endloop
endfacet
facet normal 0.315658 -0.362941 0.876717
  outer loop
    vertex 1.336822423229514 -2.223288823588356 24.5676874020838
    vertex 2.529163552774282 -4.20628870536583 23.31747315391447
    vertex 3.785429469208297 -2.201857023565591 23.69494954285873
  endloop
endfacet
facet normal 0.451787 -0.0983976 0.886683
  outer loop
    vertex 2.472135954999595 -6.054986768694678e-16 24.60845213036122
    vertex 3.785429469208297 -2.201857023565591 23.69494954285873
    vertex 4.70228201833981 -1.151726924489601e-15 23.47213595499956
  endloop
endfacet
facet normal -0.00796628 0.242741 0.970058
  outer loop
    vertex 0.6232876108777022 2.392272713159626 24.60845213036122
    vertex -0.7948292029018146 2.319126007338684 24.61511005175236
    vertex 0.3155284846746986 1.211046346724184 24.9015067247611
  endloop
endfacet
facet normal -0.0536843 0.199112 0.978505
  outer loop
    vertex -0.7948292029018146 2.319126007338684 24.61511005175236
    vertex -1.115716864022921 1.10807132427061 24.84393739264051
    vertex 0.3155284846746986 1.211046346724184 24.9015067247611
  endloop
endfacet
facet normal -0.184119 0.229376 0.955765
  outer loop
    vertex -0.7948292029018146 2.319126007338684 24.61511005175236
    vertex -2.18790330732725 2.172910523539732 24.38183845491601
    vertex -1.115716864022921 1.10807132427061 24.84393739264051
  endloop
endfacet
facet normal -0.0466997 0.0930543 0.994565
  outer loop
    vertex 0.3155284846746986 1.211046346724184 24.9015067247611
    vertex -1.115716864022921 1.10807132427061 24.84393739264051
    vertex 4.898587196589413e-16 -1.199807826129486e-31 25
  endloop
endfacet
facet normal -0.300052 0.109126 0.947661
  outer loop
    vertex -2.18790330732725 2.172910523539732 24.38183845491601
    vertex -2.579929818831781 -0.4468349963294627 24.55938493635281
    vertex -1.115716864022921 1.10807132427061 24.84393739264051
  endloop
endfacet
facet normal -0.161345 -0.0285948 0.986484
  outer loop
    vertex -2.579929818831781 -0.4468349963294627 24.55938493635281
    vertex -1.392433004897249 -1.563151699280294 24.72124906293729
    vertex -1.115716864022921 1.10807132427061 24.84393739264051
  endloop
endfacet
facet normal -0.331703 -0.21983 0.917414
  outer loop
    vertex -2.579929818831781 -0.4468349963294627 24.55938493635281
    vertex -2.687830508566457 -3.017370898324198 23.90442177297749
    vertex -1.392433004897249 -1.563151699280294 24.72124906293729
  endloop
endfacet
facet normal -0.165793 -0.0281009 0.98576
  outer loop
    vertex -1.115716864022921 1.10807132427061 24.84393739264051
    vertex -1.392433004897249 -1.563151699280294 24.72124906293729
    vertex 4.898587196589413e-16 -1.199807826129486e-31 25
  endloop
endfacet
facet normal 0.010618 -0.184706 0.982736
  outer loop
    vertex 4.898587196589413e-16 -1.199807826129486e-31 25
    vertex -1.392433004897249 -1.563151699280294 24.72124906293729
    vertex 1.336822423229514 -2.223288823588356 24.5676874020838
  endloop
endfacet
facet normal -0.020311 -0.305428 0.951998
  outer loop
    vertex -1.392433004897249 -1.563151699280294 24.72124906293729
    vertex -0.08424413837371682 -3.835398342267247 24.020158294603
    vertex 1.336822423229514 -2.223288823588356 24.5676874020838
  endloop
endfacet
facet normal -0.15783 -0.372975 0.914319
  outer loop
    vertex -1.392433004897249 -1.563151699280294 24.72124906293729
    vertex -2.687830508566457 -3.017370898324198 23.90442177297749
    vertex -0.08424413837371682 -3.835398342267247 24.020158294603
  endloop
endfacet
facet normal 0.171949 -0.449319 0.876667
  outer loop
    vertex 1.336822423229514 -2.223288823588356 24.5676874020838
    vertex -0.08424413837371682 -3.835398342267247 24.020158294603
    vertex 2.529163552774282 -4.20628870536583 23.31747315391447
  endloop
endfacet
facet normal 0.451883 -0.0962331 -0.886871
  outer loop
    vertex 4.702282018339778 -1.151726924489593e-15 10.52786404500042
    vertex 3.577708764077028 -2.211145618178247 10.19479353328222
    vertex 2.472135954999578 -6.054986768694636e-16 9.391547869638771
  endloop
endfacet
facet normal 0.303531 -0.187592 -0.934172
  outer loop
    vertex 3.577708764077028 -2.211145618178247 10.19479353328222
    vertex 1.105572809070738 -2.211145618187063 9.391547869703352
    vertex 2.472135954999578 -6.054986768694636e-16 9.391547869638771
  endloop
endfacet
facet normal 0.288162 -0.36114 -0.886871
  outer loop
    vertex 3.577708764077028 -2.211145618178247 10.19479353328222
    vertex 2.102924448593075 -4.205848897272863 10.5278640452461
    vertex 1.105572809070738 -2.211145618187063 9.391547869703352
  endloop
endfacet
facet normal 0.155708 -0.0962331 -0.983104
  outer loop
    vertex 2.472135954999578 -6.054986768694636e-16 9.391547869638771
    vertex 1.105572809070738 -2.211145618187063 9.391547869703352
    vertex 4.898587196589413e-16 -1.199807826129486e-31 9
  endloop
endfacet
facet normal 0.153216 0.2018 -0.967368
  outer loop
    vertex 4.898587196589413e-16 -1.199807826129486e-31 9
    vertex 0.03535363767110439 3.222551348586459 9.677847794123164
    vertex 2.472135954999578 -6.054986768694636e-16 9.391547869638771
  endloop
endfacet
facet normal 0.19578 0.232677 -0.952645
  outer loop
    vertex 0.03535363767110439 3.222551348586459 9.677847794123164
    vertex 2.706431598864384 3.349119739184891 10.25769883694962
    vertex 2.472135954999578 -6.054986768694636e-16 9.391547869638771
  endloop
endfacet
facet normal 0.147416 0.575195 -0.804624
  outer loop
    vertex 0.03535363767110439 3.222551348586459 9.677847794123164
    vertex 0.06471617901481187 5.899002866400929 11.59652176849325
    vertex 2.706431598864384 3.349119739184891 10.25769883694962
  endloop
endfacet
facet normal 0.445288 0.194864 -0.873926
  outer loop
    vertex 2.472135954999578 -6.054986768694636e-16 9.391547869638771
    vertex 2.706431598864384 3.349119739184891 10.25769883694962
    vertex 4.702282018339778 -1.151726924489593e-15 10.52786404500042
  endloop
endfacet
facet normal 0.0955591 -0.456218 -0.884723
  outer loop
    vertex 2.102924448593075 -4.205848897272863 10.5278640452461
    vertex -0.7954818814289929 -3.811324154616565 10.01136517159792
    vertex 1.105572809070738 -2.211145618187063 9.391547869703352
  endloop
endfacet
facet normal -0.0627627 -0.294769 -0.953505
  outer loop
    vertex -0.7954818814289929 -3.811324154616565 10.01136517159792
    vertex -1.879826405908029 -1.516440524754719 9.373292924299994
    vertex 1.105572809070738 -2.211145618187063 9.391547869703352
  endloop
endfacet
facet normal -0.265451 -0.372659 -0.889191
  outer loop
    vertex -0.7954818814289929 -3.811324154616565 10.01136517159792
    vertex -3.58422133775662 -2.891361920006263 10.45833479536687
    vertex -1.879826405908029 -1.516440524754719 9.373292924299994
  endloop
endfacet
facet normal -0.0389344 -0.193078 -0.980411
  outer loop
    vertex 1.105572809070738 -2.211145618187063 9.391547869703352
    vertex -1.879826405908029 -1.516440524754719 9.373292924299994
    vertex 4.898587196589413e-16 -1.199807826129486e-31 9
  endloop
endfacet
facet normal -0.53233 -0.00813569 -0.846498
  outer loop
    vertex -3.58422133775662 -2.891361920006263 10.45833479536687
    vertex -2.19781838370966 1.878175557482981 9.540640045720991
    vertex -1.879826405908029 -1.516440524754719 9.373292924299994
  endloop
endfacet
facet normal 0.0300134 0.0520203 -0.998195
  outer loop
    vertex -2.19781838370966 1.878175557482981 9.540640045720991
    vertex 0.03535363767110439 3.222551348586459 9.677847794123164
    vertex -1.879826405908029 -1.516440524754719 9.373292924299994
  endloop
endfacet
facet normal -0.2893 0.55981 -0.776478
  outer loop
    vertex -2.19781838370966 1.878175557482981 9.540640045720991
    vertex 0.06471617901481187 5.899002866400929 11.59652176849325
    vertex 0.03535363767110439 3.222551348586459 9.677847794123164
  endloop
endfacet
facet normal -0.341458 0.197055 -0.919008
  outer loop
    vertex -1.879826405908029 -1.516440524754719 9.373292924299994
    vertex 0.03535363767110439 3.222551348586459 9.677847794123164
    vertex 4.898587196589413e-16 -1.199807826129486e-31 9
  endloop
endfacet
facet normal 0.702534 0.113538 -0.702534
  outer loop
    vertex 4.702282018339778 -1.151726924489593e-15 10.52786404500042
    vertex 5.239531998315892 2.405940151341774 11.45394226258098
    vertex 6.47213595499957 -1.585216116187344e-15 12.2977179816602
  endloop
endfacet
facet normal 0.785859 0.197033 -0.586178
  outer loop
    vertex 5.239531998315892 2.405940151341774 11.45394226258098
    vertex 6.80376895891614 2.415852758276742 13.55436748854208
    vertex 6.47213595499957 -1.585216116187344e-15 12.2977179816602
  endloop
endfacet
facet normal 0.733878 0.400812 -0.548428
  outer loop
    vertex 5.239531998315892 2.405940151341774 11.45394226258098
    vertex 5.209045413780856 4.551181408892795 12.98097105502869
    vertex 6.80376895891614 2.415852758276742 13.55436748854208
  endloop
endfacet
facet normal 0.885289 0.113109 -0.451077
  outer loop
    vertex 6.47213595499957 -1.585216116187344e-15 12.2977179816602
    vertex 6.80376895891614 2.415852758276742 13.55436748854208
    vertex 7.608452130361224 -1.863533309582547e-15 14.52786404500041
  endloop
endfacet
facet normal 0.888544 -0.0743004 -0.452736
  outer loop
    vertex 7.608452130361224 -1.863533309582547e-15 14.52786404500041
    vertex 6.876347101931904 -1.961990996533082 13.41301772191779
    vertex 6.47213595499957 -1.585216116187344e-15 12.2977179816602
  endloop
endfacet
facet normal 0.785251 -0.175723 -0.593719
  outer loop
    vertex 6.876347101931904 -1.961990996533082 13.41301772191779
    vertex 5.323614708572229 -1.949971180139632 11.35582257265965
    vertex 6.47213595499957 -1.585216116187344e-15 12.2977179816602
  endloop
endfacet
facet normal 0.758004 -0.309878 -0.573938
  outer loop
    vertex 6.876347101931904 -1.961990996533082 13.41301772191779
    vertex 5.539524423090687 -3.751441170451278 12.61361671640235
    vertex 5.323614708572229 -1.949971180139632 11.35582257265965
  endloop
endfacet
facet normal 0.70513 -0.0747181 -0.70513
  outer loop
    vertex 6.47213595499957 -1.585216116187344e-15 12.2977179816602
    vertex 5.323614708572229 -1.949971180139632 11.35582257265965
    vertex 4.702282018339778 -1.151726924489593e-15 10.52786404500042
  endloop
endfacet
facet normal 0.482115 0.218875 -0.848327
  outer loop
    vertex 4.702282018339778 -1.151726924489593e-15 10.52786404500042
    vertex 2.706431598864384 3.349119739184891 10.25769883694962
    vertex 5.239531998315892 2.405940151341774 11.45394226258098
  endloop
endfacet
facet normal 0.515222 0.512088 -0.68725
  outer loop
    vertex 2.706431598864384 3.349119739184891 10.25769883694962
    vertex 2.807669957042111 5.563518168014554 11.98360139078889
    vertex 5.239531998315892 2.405940151341774 11.45394226258098
  endloop
endfacet
facet normal 0.183264 0.5991 -0.779418
  outer loop
    vertex 2.706431598864384 3.349119739184891 10.25769883694962
    vertex 0.06471617901481187 5.899002866400929 11.59652176849325
    vertex 2.807669957042111 5.563518168014554 11.98360139078889
  endloop
endfacet
facet normal 0.503987 0.505615 -0.70025
  outer loop
    vertex 5.239531998315892 2.405940151341774 11.45394226258098
    vertex 2.807669957042111 5.563518168014554 11.98360139078889
    vertex 5.209045413780856 4.551181408892795 12.98097105502869
  endloop
endfacet
facet normal 0.56314 -0.164421 -0.809839
  outer loop
    vertex 4.702282018339778 -1.151726924489593e-15 10.52786404500042
    vertex 5.323614708572229 -1.949971180139632 11.35582257265965
    vertex 3.577708764077028 -2.211145618178247 10.19479353328222
  endloop
endfacet
facet normal 0.553043 -0.362732 -0.750046
  outer loop
    vertex 5.323614708572229 -1.949971180139632 11.35582257265965
    vertex 3.949565130415892 -4.112272899925058 11.38839177444248
    vertex 3.577708764077028 -2.211145618178247 10.19479353328222
  endloop
endfacet
facet normal 0.614563 -0.400763 -0.679486
  outer loop
    vertex 5.323614708572229 -1.949971180139632 11.35582257265965
    vertex 5.539524423090687 -3.751441170451278 12.61361671640235
    vertex 3.949565130415892 -4.112272899925058 11.38839177444248
  endloop
endfacet
facet normal 0.399109 -0.430279 -0.809674
  outer loop
    vertex 3.577708764077028 -2.211145618178247 10.19479353328222
    vertex 3.949565130415892 -4.112272899925058 11.38839177444248
    vertex 2.102924448593075 -4.205848897272863 10.5278640452461
  endloop
endfacet
facet normal 0.981277 -0.113752 0.155419
  outer loop
    vertex 7.608452130361236 -1.86353330958255e-15 19.47213595499956
    vertex 7.554436728869926 -2.416497074874409 18.04452266448578
    vertex 8 -1.959434878635765e-15 16.99999999999998
  endloop
endfacet
facet normal 0.980221 -0.195096 -0.0332203
  outer loop
    vertex 7.554436728869926 -2.416497074874409 18.04452266448578
    vertex 7.471060886027909 -2.389826988463736 15.42774804739373
    vertex 8 -1.959434878635765e-15 16.99999999999998
  endloop
endfacet
facet normal 0.915549 -0.400829 -0.0332565
  outer loop
    vertex 7.554436728869926 -2.416497074874409 18.04452266448578
    vertex 6.570227540714757 -4.535445749356578 16.48829508710913
    vertex 7.471060886027909 -2.389826988463736 15.42774804739373
  endloop
endfacet
facet normal 0.981145 -0.114921 -0.155398
  outer loop
    vertex 8 -1.959434878635765e-15 16.99999999999998
    vertex 7.471060886027909 -2.389826988463736 15.42774804739373
    vertex 7.608452130361224 -1.863533309582547e-15 14.52786404500041
  endloop
endfacet
facet normal 0.984153 0.0845344 -0.155875
  outer loop
    vertex 7.608452130361224 -1.863533309582547e-15 14.52786404500041
    vertex 7.590500833640987 2.053976747596152 15.52844415164432
    vertex 8 -1.959434878635765e-15 16.99999999999998
  endloop
endfacet
facet normal 0.983427 0.179894 -0.0225711
  outer loop
    vertex 7.590500833640987 2.053976747596152 15.52844415164432
    vertex 7.647042724699124 2.069276888132835 18.11392581748763
    vertex 8 -1.959434878635765e-15 16.99999999999998
  endloop
endfacet
facet normal 0.943043 0.331902 -0.0225875
  outer loop
    vertex 7.590500833640987 2.053976747596152 15.52844415164432
    vertex 6.953413343365289 3.940416283481322 16.64905500547124
    vertex 7.647042724699124 2.069276888132835 18.11392581748763
  endloop
endfacet
facet normal 0.984201 0.0839616 0.155882
  outer loop
    vertex 8 -1.959434878635765e-15 16.99999999999998
    vertex 7.647042724699124 2.069276888132835 18.11392581748763
    vertex 7.608452130361236 -1.86353330958255e-15 19.47213595499956
  endloop
endfacet
facet normal 0.773532 0.460882 -0.435013
  outer loop
    vertex 5.209045413780856 4.551181408892795 12.98097105502869
    vertex 6.292090569272287 4.393018124468324 14.73925056094941
    vertex 6.80376895891614 2.415852758276742 13.55436748854208
  endloop
endfacet
facet normal 0.876685 0.39308 -0.27733
  outer loop
    vertex 6.292090569272287 4.393018124468324 14.73925056094941
    vertex 7.590500833640987 2.053976747596152 15.52844415164432
    vertex 6.80376895891614 2.415852758276742 13.55436748854208
  endloop
endfacet
facet normal 0.883405 0.420818 -0.206174
  outer loop
    vertex 6.292090569272287 4.393018124468324 14.73925056094941
    vertex 6.953413343365289 3.940416283481322 16.64905500547124
    vertex 7.590500833640987 2.053976747596152 15.52844415164432
  endloop
endfacet
facet normal 0.925502 0.172374 -0.337243
  outer loop
    vertex 6.80376895891614 2.415852758276742 13.55436748854208
    vertex 7.590500833640987 2.053976747596152 15.52844415164432
    vertex 7.608452130361224 -1.863533309582547e-15 14.52786404500041
  endloop
endfacet
facet normal 0.868619 -0.458058 -0.1889
  outer loop
    vertex 6.570227540714757 -4.535445749356578 16.48829508710913
    vertex 6.26245967876451 -4.285496131786133 14.4669935498908
    vertex 7.471060886027909 -2.389826988463736 15.42774804739373
  endloop
endfacet
facet normal 0.8622 -0.379836 -0.335166
  outer loop
    vertex 6.26245967876451 -4.285496131786133 14.4669935498908
    vertex 6.876347101931904 -1.961990996533082 13.41301772191779
    vertex 7.471060886027909 -2.389826988463736 15.42774804739373
  endloop
endfacet
facet normal 0.80448 -0.408256 -0.431438
  outer loop
    vertex 6.26245967876451 -4.285496131786133 14.4669935498908
    vertex 5.539524423090687 -3.751441170451278 12.61361671640235
    vertex 6.876347101931904 -1.961990996533082 13.41301772191779
  endloop
endfacet
facet normal 0.934447 -0.171281 -0.312205
  outer loop
    vertex 7.471060886027909 -2.389826988463736 15.42774804739373
    vertex 6.876347101931904 -1.961990996533082 13.41301772191779
    vertex 7.608452130361224 -1.863533309582547e-15 14.52786404500041
  endloop
endfacet
facet normal 0.886871 0.0962331 0.451883
  outer loop
    vertex 7.608452130361236 -1.86353330958255e-15 19.47213595499956
    vertex 6.894427190999985 2.211145617999883 20.4026032334082
    vertex 6.472135954999597 -1.585216116187351e-15 21.70228201833976
  endloop
endfacet
facet normal 0.794654 0.187592 0.57735
  outer loop
    vertex 6.894427190999985 2.211145617999883 20.4026032334082
    vertex 5.36656314599959 2.211145617999884 22.50552768188471
    vertex 6.472135954999597 -1.585216116187351e-15 21.70228201833976
  endloop
endfacet
facet normal 0.754418 0.36114 0.548117
  outer loop
    vertex 6.894427190999985 2.211145617999883 20.4026032334082
    vertex 5.505527681884951 4.205848896952572 21.00000000000017
    vertex 5.36656314599959 2.211145617999884 22.50552768188471
  endloop
endfacet
facet normal 0.703825 0.0962331 0.703825
  outer loop
    vertex 6.472135954999597 -1.585216116187351e-15 21.70228201833976
    vertex 5.36656314599959 2.211145617999884 22.50552768188471
    vertex 4.70228201833981 -1.151726924489601e-15 23.47213595499956
  endloop
endfacet
facet normal 0.702356 -0.11572 0.702356
  outer loop
    vertex 4.70228201833981 -1.151726924489601e-15 23.47213595499956
    vertex 5.431253296088526 -2.446388490392862 22.34010027881508
    vertex 6.472135954999597 -1.585216116187351e-15 21.70228201833976
  endloop
endfacet
facet normal 0.806338 -0.19775 0.557417
  outer loop
    vertex 5.431253296088526 -2.446388490392862 22.34010027881508
    vertex 6.925133615187496 -2.427644712332762 20.18575980928929
    vertex 6.472135954999597 -1.585216116187351e-15 21.70228201833976
  endloop
endfacet
facet normal 0.75246 -0.406486 0.51824
  outer loop
    vertex 5.431253296088526 -2.446388490392862 22.34010027881508
    vertex 5.498484020790768 -4.594710515396417 20.55743007700983
    vertex 6.925133615187496 -2.427644712332762 20.18575980928929
  endloop
endfacet
facet normal 0.884935 -0.116542 0.450897
  outer loop
    vertex 6.472135954999597 -1.585216116187351e-15 21.70228201833976
    vertex 6.925133615187496 -2.427644712332762 20.18575980928929
    vertex 7.608452130361236 -1.86353330958255e-15 19.47213595499956
  endloop
endfacet
facet normal 0.938045 0.177744 0.297452
  outer loop
    vertex 7.608452130361236 -1.86353330958255e-15 19.47213595499956
    vertex 7.647042724699124 2.069276888132835 18.11392581748763
    vertex 6.894427190999985 2.211145617999883 20.4026032334082
  endloop
endfacet
facet normal 0.88965 0.368481 0.269714
  outer loop
    vertex 7.647042724699124 2.069276888132835 18.11392581748763
    vertex 6.503203489709368 4.252112602678571 18.90470018259409
    vertex 6.894427190999985 2.211145617999883 20.4026032334082
  endloop
endfacet
facet normal 0.896568 0.42633 0.120036
  outer loop
    vertex 7.647042724699124 2.069276888132835 18.11392581748763
    vertex 6.953413343365289 3.940416283481322 16.64905500547124
    vertex 6.503203489709368 4.252112602678571 18.90470018259409
  endloop
endfacet
facet normal 0.805564 0.443103 0.393352
  outer loop
    vertex 6.894427190999985 2.211145617999883 20.4026032334082
    vertex 6.503203489709368 4.252112602678571 18.90470018259409
    vertex 5.505527681884951 4.205848896952572 21.00000000000017
  endloop
endfacet
facet normal 0.943249 -0.184292 0.276258
  outer loop
    vertex 7.608452130361236 -1.86353330958255e-15 19.47213595499956
    vertex 6.925133615187496 -2.427644712332762 20.18575980928929
    vertex 7.554436728869926 -2.416497074874409 18.04452266448578
  endloop
endfacet
facet normal 0.867381 -0.428717 0.252689
  outer loop
    vertex 6.925133615187496 -2.427644712332762 20.18575980928929
    vertex 6.254577695609608 -4.731679221922739 18.57843897265857
    vertex 7.554436728869926 -2.416497074874409 18.04452266448578
  endloop
endfacet
facet normal 0.810622 -0.474904 0.342575
  outer loop
    vertex 6.925133615187496 -2.427644712332762 20.18575980928929
    vertex 5.498484020790768 -4.594710515396417 20.55743007700983
    vertex 6.254577695609608 -4.731679221922739 18.57843897265857
  endloop
endfacet
facet normal 0.877112 -0.47213 0.088134
  outer loop
    vertex 7.554436728869926 -2.416497074874409 18.04452266448578
    vertex 6.254577695609608 -4.731679221922739 18.57843897265857
    vertex 6.570227540714757 -4.535445749356578 16.48829508710913
  endloop
endfacet
facet normal 0.5292 0.201344 0.824262
  outer loop
    vertex 4.70228201833981 -1.151726924489601e-15 23.47213595499956
    vertex 5.36656314599959 2.211145617999884 22.50552768188471
    vertex 2.7950329932613 1.255542904833323 24.38995281315811
  endloop
endfacet
facet normal 0.506595 0.258649 0.822473
  outer loop
    vertex 5.36656314599959 2.211145617999884 22.50552768188471
    vertex 3.337234498777518 3.592779030296128 23.32098131144473
    vertex 2.7950329932613 1.255542904833323 24.38995281315811
  endloop
endfacet
facet normal 0.583378 0.463012 0.667301
  outer loop
    vertex 5.36656314599959 2.211145617999884 22.50552768188471
    vertex 5.505527681884951 4.205848896952572 21.00000000000017
    vertex 3.337234498777518 3.592779030296128 23.32098131144473
  endloop
endfacet
facet normal 0.272083 0.347324 0.897406
  outer loop
    vertex 2.7950329932613 1.255542904833323 24.38995281315811
    vertex 3.337234498777518 3.592779030296128 23.32098131144473
    vertex 0.6232876108777022 2.392272713159626 24.60845213036122
  endloop
endfacet
facet normal 0.475298 -0.441237 0.761185
  outer loop
    vertex 2.529163552774282 -4.20628870536583 23.31747315391447
    vertex 4.150525884837204 -4.550371044998864 22.10561046615704
    vertex 3.785429469208297 -2.201857023565591 23.69494954285873
  endloop
endfacet
facet normal 0.542001 -0.411583 0.732689
  outer loop
    vertex 4.150525884837204 -4.550371044998864 22.10561046615704
    vertex 5.431253296088526 -2.446388490392862 22.34010027881508
    vertex 3.785429469208297 -2.201857023565591 23.69494954285873
  endloop
endfacet
facet normal 0.660088 -0.46735 0.588105
  outer loop
    vertex 4.150525884837204 -4.550371044998864 22.10561046615704
    vertex 5.498484020790768 -4.594710515396417 20.55743007700983
    vertex 5.431253296088526 -2.446388490392862 22.34010027881508
  endloop
endfacet
facet normal 0.60996 -0.175796 0.772687
  outer loop
    vertex 3.785429469208297 -2.201857023565591 23.69494954285873
    vertex 5.431253296088526 -2.446388490392862 22.34010027881508
    vertex 4.70228201833981 -1.151726924489601e-15 23.47213595499956
  endloop
endfacet
facet normal 0.570518 0.701841 -0.426531
  outer loop
    vertex 5.209045413780856 4.551181408892795 12.98097105502869
    vertex 3.417908490923769 5.951381587409365 12.88916568702703
    vertex 4.735292309867265 6.088418377437169 14.87675521868125
  endloop
endfacet
facet normal 0.450984 0.818737 -0.355363
  outer loop
    vertex 3.417908490923769 5.951381587409365 12.88916568702703
    vertex 2.689087040006197 7.255688363060887 14.96928651222938
    vertex 4.735292309867265 6.088418377437169 14.87675521868125
  endloop
endfacet
facet normal 0.328218 0.847778 -0.416587
  outer loop
    vertex 3.417908490923769 5.951381587409365 12.88916568702703
    vertex 1.350286256351397 6.870155888755435 13.12989856849881
    vertex 2.689087040006197 7.255688363060887 14.96928651222938
  endloop
endfacet
facet normal 0.481953 0.858676 -0.174348
  outer loop
    vertex 4.735292309867265 6.088418377437169 14.87675521868125
    vertex 2.689087040006197 7.255688363060887 14.96928651222938
    vertex 3.80417381416865 7.037596220097136 16.97761620076799
  endloop
endfacet
facet normal 0.584598 0.804577 -0.104413
  outer loop
    vertex 3.80417381416865 7.037596220097136 16.97761620076799
    vertex 5.59754803969839 5.712243040127666 16.80574399936745
    vertex 4.735292309867265 6.088418377437169 14.87675521868125
  endloop
endfacet
facet normal 0.715658 0.672461 -0.18876
  outer loop
    vertex 5.59754803969839 5.712243040127666 16.80574399936745
    vertex 6.292090569272287 4.393018124468324 14.73925056094941
    vertex 4.735292309867265 6.088418377437169 14.87675521868125
  endloop
endfacet
facet normal 0.782361 0.609867 -0.126383
  outer loop
    vertex 5.59754803969839 5.712243040127666 16.80574399936745
    vertex 6.953413343365289 3.940416283481322 16.64905500547124
    vertex 6.292090569272287 4.393018124468324 14.73925056094941
  endloop
endfacet
facet normal 0.673547 0.647409 -0.356647
  outer loop
    vertex 4.735292309867265 6.088418377437169 14.87675521868125
    vertex 6.292090569272287 4.393018124468324 14.73925056094941
    vertex 5.209045413780856 4.551181408892795 12.98097105502869
  endloop
endfacet
facet normal 0.509292 0.611803 -0.605242
  outer loop
    vertex 5.209045413780856 4.551181408892795 12.98097105502869
    vertex 2.807669957042111 5.563518168014554 11.98360139078889
    vertex 3.417908490923769 5.951381587409365 12.88916568702703
  endloop
endfacet
facet normal 0.259407 0.812124 -0.52265
  outer loop
    vertex 2.807669957042111 5.563518168014554 11.98360139078889
    vertex 0.7144379732497398 6.447177526430947 12.3177483701682
    vertex 3.417908490923769 5.951381587409365 12.88916568702703
  endloop
endfacet
facet normal 0.183101 0.696202 -0.694102
  outer loop
    vertex 2.807669957042111 5.563518168014554 11.98360139078889
    vertex 0.06471617901481187 5.899002866400929 11.59652176849325
    vertex 0.7144379732497398 6.447177526430947 12.3177483701682
  endloop
endfacet
facet normal 0.265268 0.754312 -0.600539
  outer loop
    vertex 3.417908490923769 5.951381587409365 12.88916568702703
    vertex 0.7144379732497398 6.447177526430947 12.3177483701682
    vertex 1.350286256351397 6.870155888755435 13.12989856849881
  endloop
endfacet
facet normal 0.528962 0.556102 0.641054
  outer loop
    vertex 5.505527681884951 4.205848896952572 21.00000000000017
    vertex 3.334626409484878 5.749838555915806 21.4519235494413
    vertex 3.337234498777518 3.592779030296128 23.32098131144473
  endloop
endfacet
facet normal 0.300537 0.624786 0.720639
  outer loop
    vertex 3.334626409484878 5.749838555915806 21.4519235494413
    vertex 0.7458457364007568 4.788199860258358 23.36528524386101
    vertex 3.337234498777518 3.592779030296128 23.32098131144473
  endloop
endfacet
facet normal 0.231407 0.706908 0.66838
  outer loop
    vertex 3.334626409484878 5.749838555915806 21.4519235494413
    vertex 0.7833197463642579 6.637901788991623 21.39598339563034
    vertex 0.7458457364007568 4.788199860258358 23.36528524386101
  endloop
endfacet
facet normal 0.218162 0.440651 0.870765
  outer loop
    vertex 3.337234498777518 3.592779030296128 23.32098131144473
    vertex 0.7458457364007568 4.788199860258358 23.36528524386101
    vertex 0.6232876108777022 2.392272713159626 24.60845213036122
  endloop
endfacet
facet normal 0.00713208 0.728808 0.684681
  outer loop
    vertex 0.7833197463642579 6.637901788991623 21.39598339563034
    vertex -1.464167123921974 5.818999765091968 22.29107327175552
    vertex 0.7458457364007568 4.788199860258358 23.36528524386101
  endloop
endfacet
facet normal -0.103535 0.602626 0.791279
  outer loop
    vertex -1.464167123921974 5.818999765091968 22.29107327175552
    vertex -1.548479835727947 3.582195890561916 23.98355803297898
    vertex 0.7458457364007568 4.788199860258358 23.36528524386101
  endloop
endfacet
facet normal -0.266147 0.587987 0.763831
  outer loop
    vertex -1.464167123921974 5.818999765091968 22.29107327175552
    vertex -3.562423709829285 4.407015861700647 22.64688839152723
    vertex -1.548479835727947 3.582195890561916 23.98355803297898
  endloop
endfacet
facet normal -0.00297461 0.460679 0.887562
  outer loop
    vertex 0.7458457364007568 4.788199860258358 23.36528524386101
    vertex -1.548479835727947 3.582195890561916 23.98355803297898
    vertex 0.6232876108777022 2.392272713159626 24.60845213036122
  endloop
endfacet
facet normal -0.282784 0.565302 0.774898
  outer loop
    vertex -3.562423709829285 4.407015861700647 22.64688839152723
    vertex -2.932367625754762 3.355420144691086 23.6439728897721
    vertex -1.548479835727947 3.582195890561916 23.98355803297898
  endloop
endfacet
facet normal -0.273025 0.294942 0.915678
  outer loop
    vertex -2.932367625754762 3.355420144691086 23.6439728897721
    vertex -0.7948292029018146 2.319126007338684 24.61511005175236
    vertex -1.548479835727947 3.582195890561916 23.98355803297898
  endloop
endfacet
facet normal -0.192806 0.42921 0.882386
  outer loop
    vertex -2.932367625754762 3.355420144691086 23.6439728897721
    vertex -2.18790330732725 2.172910523539732 24.38183845491601
    vertex -0.7948292029018146 2.319126007338684 24.61511005175236
  endloop
endfacet
facet normal -0.0183911 0.438347 0.898618
  outer loop
    vertex -1.548479835727947 3.582195890561916 23.98355803297898
    vertex -0.7948292029018146 2.319126007338684 24.61511005175236
    vertex 0.6232876108777022 2.392272713159626 24.60845213036122
  endloop
endfacet
facet normal 0.578276 0.682039 0.447684
  outer loop
    vertex 5.505527681884951 4.205848896952572 21.00000000000017
    vertex 4.922618473240776 5.945109052048497 19.10321319084862
    vertex 3.334626409484878 5.749838555915806 21.4519235494413
  endloop
endfacet
facet normal 0.458048 0.805194 0.376635
  outer loop
    vertex 4.922618473240776 5.945109052048497 19.10321319084862
    vertex 2.434827804647088 7.258317064767104 19.32130285594709
    vertex 3.334626409484878 5.749838555915806 21.4519235494413
  endloop
endfacet
facet normal 0.471188 0.860372 0.194274
  outer loop
    vertex 4.922618473240776 5.945109052048497 19.10321319084862
    vertex 3.80417381416865 7.037596220097136 16.97761620076799
    vertex 2.434827804647088 7.258317064767104 19.32130285594709
  endloop
endfacet
facet normal 0.280375 0.835278 0.472969
  outer loop
    vertex 3.334626409484878 5.749838555915806 21.4519235494413
    vertex 2.434827804647088 7.258317064767104 19.32130285594709
    vertex 0.7833197463642579 6.637901788991623 21.39598339563034
  endloop
endfacet
facet normal 0.704993 0.617225 0.34931
  outer loop
    vertex 5.505527681884951 4.205848896952572 21.00000000000017
    vertex 6.503203489709368 4.252112602678571 18.90470018259409
    vertex 4.922618473240776 5.945109052048497 19.10321319084862
  endloop
endfacet
facet normal 0.731534 0.665674 0.147432
  outer loop
    vertex 6.503203489709368 4.252112602678571 18.90470018259409
    vertex 5.59754803969839 5.712243040127666 16.80574399936745
    vertex 4.922618473240776 5.945109052048497 19.10321319084862
  endloop
endfacet
facet normal 0.795098 0.601757 0.0755418
  outer loop
    vertex 6.503203489709368 4.252112602678571 18.90470018259409
    vertex 6.953413343365289 3.940416283481322 16.64905500547124
    vertex 5.59754803969839 5.712243040127666 16.80574399936745
  endloop
endfacet
facet normal 0.597521 0.796226 0.0948308
  outer loop
    vertex 4.922618473240776 5.945109052048497 19.10321319084862
    vertex 5.59754803969839 5.712243040127666 16.80574399936745
    vertex 3.80417381416865 7.037596220097136 16.97761620076799
  endloop
endfacet
facet normal -0.059738 0.806654 0.587997
  outer loop
    vertex 0.7833197463642579 6.637901788991623 21.39598339563034
    vertex -1.025562520271082 7.036710331434957 20.66509607356912
    vertex -1.464167123921974 5.818999765091968 22.29107327175552
  endloop
endfacet
facet normal -0.257086 0.805512 0.533908
  outer loop
    vertex -1.025562520271082 7.036710331434957 20.66509607356912
    vertex -3.27044698811549 5.890195791679503 21.31390426801608
    vertex -1.464167123921974 5.818999765091968 22.29107327175552
  endloop
endfacet
facet normal -0.283146 0.828147 0.483736
  outer loop
    vertex -1.025562520271082 7.036710331434957 20.66509607356912
    vertex -2.77090318320858 6.99953974010656 19.70712743991737
    vertex -3.27044698811549 5.890195791679503 21.31390426801608
  endloop
endfacet
facet normal -0.334693 0.665489 0.667162
  outer loop
    vertex -1.464167123921974 5.818999765091968 22.29107327175552
    vertex -3.27044698811549 5.890195791679503 21.31390426801608
    vertex -3.562423709829285 4.407015861700647 22.64688839152723
  endloop
endfacet
facet normal 0.326618 0.939599 0.102345
  outer loop
    vertex 3.80417381416865 7.037596220097136 16.97761620076799
    vertex 1.365462641133093 7.882607758830327 17.00258768192836
    vertex 2.434827804647088 7.258317064767104 19.32130285594709
  endloop
endfacet
facet normal 0.143444 0.970242 0.195073
  outer loop
    vertex 1.365462641133093 7.882607758830327 17.00258768192836
    vertex -0.22727016763059 7.650809396567346 19.32668516312413
    vertex 2.434827804647088 7.258317064767104 19.32130285594709
  endloop
endfacet
facet normal 0.0104501 0.994276 0.106328
  outer loop
    vertex 1.365462641133093 7.882607758830327 17.00258768192836
    vertex -1.215384237563341 7.907091527342346 17.0272898023711
    vertex -0.22727016763059 7.650809396567346 19.32668516312413
  endloop
endfacet
facet normal 0.13559 0.914419 0.381383
  outer loop
    vertex 2.434827804647088 7.258317064767104 19.32130285594709
    vertex -0.22727016763059 7.650809396567346 19.32668516312413
    vertex 0.7833197463642579 6.637901788991623 21.39598339563034
  endloop
endfacet
facet normal -0.101029 0.983051 0.152982
  outer loop
    vertex -1.215384237563341 7.907091527342346 17.0272898023711
    vertex -2.035009120179276 7.609870382736693 18.39592644460016
    vertex -0.22727016763059 7.650809396567346 19.32668516312413
  endloop
endfacet
facet normal -0.184269 0.930363 0.316969
  outer loop
    vertex -2.035009120179276 7.609870382736693 18.39592644460016
    vertex -1.025562520271082 7.036710331434957 20.66509607356912
    vertex -0.22727016763059 7.650809396567346 19.32668516312413
  endloop
endfacet
facet normal -0.196045 0.926487 0.321229
  outer loop
    vertex -2.035009120179276 7.609870382736693 18.39592644460016
    vertex -2.77090318320858 6.99953974010656 19.70712743991737
    vertex -1.025562520271082 7.036710331434957 20.66509607356912
  endloop
endfacet
facet normal 0.0255192 0.902743 0.429424
  outer loop
    vertex -0.22727016763059 7.650809396567346 19.32668516312413
    vertex -1.025562520271082 7.036710331434957 20.66509607356912
    vertex 0.7833197463642579 6.637901788991623 21.39598339563034
  endloop
endfacet
facet normal -0.503127 0.416519 0.757215
  outer loop
    vertex -3.562423709829285 4.407015861700647 22.64688839152723
    vertex -4.947549576590871 2.567180248629904 22.73858334070527
    vertex -2.932367625754762 3.355420144691086 23.6439728897721
  endloop
endfacet
facet normal -0.490558 0.325819 0.808205
  outer loop
    vertex -4.947549576590871 2.567180248629904 22.73858334070527
    vertex -4.230533331615415 1.401762974699492 23.64361710913962
    vertex -2.932367625754762 3.355420144691086 23.6439728897721
  endloop
endfacet
facet normal -0.652659 0.171549 0.737975
  outer loop
    vertex -4.947549576590871 2.567180248629904 22.73858334070527
    vertex -5.922030628661316 0.5142696089914021 22.35397796058828
    vertex -4.230533331615415 1.401762974699492 23.64361710913962
  endloop
endfacet
facet normal -0.417416 0.277207 0.865402
  outer loop
    vertex -2.932367625754762 3.355420144691086 23.6439728897721
    vertex -4.230533331615415 1.401762974699492 23.64361710913962
    vertex -2.18790330732725 2.172910523539732 24.38183845491601
  endloop
endfacet
facet normal -0.711048 0.653369 0.259845
  outer loop
    vertex -5.410180504713749 5.857123764747771 17.65118976561533
    vertex -6.661825414201494 4.225234678895815 18.32946382386106
    vertex -4.779805357143784 5.467820534583621 20.35505578931339
  endloop
endfacet
facet normal -0.74658 0.569136 0.344531
  outer loop
    vertex -6.661825414201494 4.225234678895815 18.32946382386106
    vertex -5.891528169690375 3.587521369949592 21.05210886402374
    vertex -4.779805357143784 5.467820534583621 20.35505578931339
  endloop
endfacet
facet normal -0.837197 0.430236 0.337634
  outer loop
    vertex -6.661825414201494 4.225234678895815 18.32946382386106
    vertex -7.425311257118001 2.283732763428535 18.91031866455828
    vertex -5.891528169690375 3.587521369949592 21.05210886402374
  endloop
endfacet
facet normal -0.59244 0.563658 0.57559
  outer loop
    vertex -4.779805357143784 5.467820534583621 20.35505578931339
    vertex -5.891528169690375 3.587521369949592 21.05210886402374
    vertex -3.562423709829285 4.407015861700647 22.64688839152723
  endloop
endfacet
facet normal -0.536956 0.619926 0.572163
  outer loop
    vertex -3.562423709829285 4.407015861700647 22.64688839152723
    vertex -3.27044698811549 5.890195791679503 21.31390426801608
    vertex -4.779805357143784 5.467820534583621 20.35505578931339
  endloop
endfacet
facet normal -0.465961 0.798143 0.381902
  outer loop
    vertex -3.27044698811549 5.890195791679503 21.31390426801608
    vertex -4.194202151143377 6.591235071729352 18.72171093524704
    vertex -4.779805357143784 5.467820534583621 20.35505578931339
  endloop
endfacet
facet normal -0.491343 0.780652 0.386217
  outer loop
    vertex -3.27044698811549 5.890195791679503 21.31390426801608
    vertex -2.77090318320858 6.99953974010656 19.70712743991737
    vertex -4.194202151143377 6.591235071729352 18.72171093524704
  endloop
endfacet
facet normal -0.654329 0.711901 0.255049
  outer loop
    vertex -4.779805357143784 5.467820534583621 20.35505578931339
    vertex -4.194202151143377 6.591235071729352 18.72171093524704
    vertex -5.410180504713749 5.857123764747771 17.65118976561533
  endloop
endfacet
facet normal -0.603701 0.485994 0.631946
  outer loop
    vertex -3.562423709829285 4.407015861700647 22.64688839152723
    vertex -5.891528169690375 3.587521369949592 21.05210886402374
    vertex -4.947549576590871 2.567180248629904 22.73858334070527
  endloop
endfacet
facet normal -0.755796 0.279511 0.592154
  outer loop
    vertex -5.891528169690375 3.587521369949592 21.05210886402374
    vertex -6.910552265880531 1.448658601849901 20.76107107561393
    vertex -4.947549576590871 2.567180248629904 22.73858334070527
  endloop
endfacet
facet normal -0.849233 0.350917 0.394538
  outer loop
    vertex -5.891528169690375 3.587521369949592 21.05210886402374
    vertex -7.425311257118001 2.283732763428535 18.91031866455828
    vertex -6.910552265880531 1.448658601849901 20.76107107561393
  endloop
endfacet
facet normal -0.753694 0.243391 0.610497
  outer loop
    vertex -4.947549576590871 2.567180248629904 22.73858334070527
    vertex -6.910552265880531 1.448658601849901 20.76107107561393
    vertex -5.922030628661316 0.5142696089914021 22.35397796058828
  endloop
endfacet
facet normal -0.610924 0.0141349 0.791563
  outer loop
    vertex -5.922030628661316 0.5142696089914021 22.35397796058828
    vertex -4.535201750231092 -1.318496218168155 23.45705140194633
    vertex -4.230533331615415 1.401762974699492 23.64361710913962
  endloop
endfacet
facet normal -0.489408 -0.00499424 0.87204
  outer loop
    vertex -4.535201750231092 -1.318496218168155 23.45705140194633
    vertex -2.579929818831781 -0.4468349963294627 24.55938493635281
    vertex -4.230533331615415 1.401762974699492 23.64361710913962
  endloop
endfacet
facet normal -0.407745 -0.209341 0.888775
  outer loop
    vertex -4.535201750231092 -1.318496218168155 23.45705140194633
    vertex -2.687830508566457 -3.017370898324198 23.90442177297749
    vertex -2.579929818831781 -0.4468349963294627 24.55938493635281
  endloop
endfacet
facet normal -0.376804 0.118646 0.918663
  outer loop
    vertex -4.230533331615415 1.401762974699492 23.64361710913962
    vertex -2.579929818831781 -0.4468349963294627 24.55938493635281
    vertex -2.18790330732725 2.172910523539732 24.38183845491601
  endloop
endfacet
facet normal 0.325674 0.942217 -0.0785052
  outer loop
    vertex 3.80417381416865 7.037596220097136 16.97761620076799
    vertex 2.689087040006197 7.255688363060887 14.96928651222938
    vertex 1.365462641133093 7.882607758830327 17.00258768192836
  endloop
endfacet
facet normal 0.178456 0.966974 -0.181973
  outer loop
    vertex 2.689087040006197 7.255688363060887 14.96928651222938
    vertex 0.07067868367090306 7.742185069075505 14.98665083011941
    vertex 1.365462641133093 7.882607758830327 17.00258768192836
  endloop
endfacet
facet normal 0.171028 0.931917 -0.319811
  outer loop
    vertex 2.689087040006197 7.255688363060887 14.96928651222938
    vertex 1.350286256351397 6.870155888755435 13.12989856849881
    vertex 0.07067868367090306 7.742185069075505 14.98665083011941
  endloop
endfacet
facet normal 0.00874105 0.99714 -0.0750712
  outer loop
    vertex 1.365462641133093 7.882607758830327 17.00258768192836
    vertex 0.07067868367090306 7.742185069075505 14.98665083011941
    vertex -1.215384237563341 7.907091527342346 17.0272898023711
  endloop
endfacet
facet normal 0.00373664 0.906127 -0.42299
  outer loop
    vertex 1.350286256351397 6.870155888755435 13.12989856849881
    vertex -1.155250060438086 6.778285332630798 12.91096035146393
    vertex 0.07067868367090306 7.742185069075505 14.98665083011941
  endloop
endfacet
facet normal -0.148932 0.92754 -0.342766
  outer loop
    vertex -1.155250060438086 6.778285332630798 12.91096035146393
    vertex -2.503527908613345 7.319817203598152 14.96220115892107
    vertex 0.07067868367090306 7.742185069075505 14.98665083011941
  endloop
endfacet
facet normal -0.304849 0.852144 -0.425345
  outer loop
    vertex -1.155250060438086 6.778285332630798 12.91096035146393
    vertex -3.546451163641372 6.015567201773599 13.09671479586073
    vertex -2.503527908613345 7.319817203598152 14.96220115892107
  endloop
endfacet
facet normal -0.157685 0.971338 -0.177872
  outer loop
    vertex 0.07067868367090306 7.742185069075505 14.98665083011941
    vertex -2.503527908613345 7.319817203598152 14.96220115892107
    vertex -1.215384237563341 7.907091527342346 17.0272898023711
  endloop
endfacet
facet normal -0.455143 0.828947 -0.325103
  outer loop
    vertex -3.546451163641372 6.015567201773599 13.09671479586073
    vertex -4.706707162457971 6.239095418784673 15.29102485618809
    vertex -2.503527908613345 7.319817203598152 14.96220115892107
  endloop
endfacet
facet normal -0.452741 0.880813 -0.138543
  outer loop
    vertex -4.706707162457971 6.239095418784673 15.29102485618809
    vertex -3.466406018236988 7.201251603559589 17.35497134949295
    vertex -2.503527908613345 7.319817203598152 14.96220115892107
  endloop
endfacet
facet normal -0.572263 0.81919 -0.0379906
  outer loop
    vertex -4.706707162457971 6.239095418784673 15.29102485618809
    vertex -5.410180504713749 5.857123764747771 17.65118976561533
    vertex -3.466406018236988 7.201251603559589 17.35497134949295
  endloop
endfacet
facet normal -0.308519 0.948083 -0.0771725
  outer loop
    vertex -2.503527908613345 7.319817203598152 14.96220115892107
    vertex -3.466406018236988 7.201251603559589 17.35497134949295
    vertex -1.215384237563341 7.907091527342346 17.0272898023711
  endloop
endfacet
facet normal -0.560106 0.825444 0.0701609
  outer loop
    vertex -5.410180504713749 5.857123764747771 17.65118976561533
    vertex -4.194202151143377 6.591235071729352 18.72171093524704
    vertex -3.466406018236988 7.201251603559589 17.35497134949295
  endloop
endfacet
facet normal -0.395168 0.898608 0.190646
  outer loop
    vertex -4.194202151143377 6.591235071729352 18.72171093524704
    vertex -2.035009120179276 7.609870382736693 18.39592644460016
    vertex -3.466406018236988 7.201251603559589 17.35497134949295
  endloop
endfacet
facet normal -0.393866 0.897838 0.196869
  outer loop
    vertex -4.194202151143377 6.591235071729352 18.72171093524704
    vertex -2.77090318320858 6.99953974010656 19.70712743991737
    vertex -2.035009120179276 7.609870382736693 18.39592644460016
  endloop
endfacet
facet normal -0.294981 0.955008 0.030742
  outer loop
    vertex -3.466406018236988 7.201251603559589 17.35497134949295
    vertex -2.035009120179276 7.609870382736693 18.39592644460016
    vertex -1.215384237563341 7.907091527342346 17.0272898023711
  endloop
endfacet
facet normal 0.00839259 0.884183 -0.467065
  outer loop
    vertex 1.350286256351397 6.870155888755435 13.12989856849881
    vertex 0.7144379732497398 6.447177526430947 12.3177483701682
    vertex -1.155250060438086 6.778285332630798 12.91096035146393
  endloop
endfacet
facet normal -0.0639071 0.772044 -0.632348
  outer loop
    vertex 0.7144379732497398 6.447177526430947 12.3177483701682
    vertex -1.795361424711427 6.143764412533615 12.20095465764871
    vertex -1.155250060438086 6.778285332630798 12.91096035146393
  endloop
endfacet
facet normal -0.0736266 0.824818 -0.560583
  outer loop
    vertex 0.7144379732497398 6.447177526430947 12.3177483701682
    vertex 0.06471617901481187 5.899002866400929 11.59652176849325
    vertex -1.795361424711427 6.143764412533615 12.20095465764871
  endloop
endfacet
facet normal -0.301161 0.829709 -0.469984
  outer loop
    vertex -1.155250060438086 6.778285332630798 12.91096035146393
    vertex -1.795361424711427 6.143764412533615 12.20095465764871
    vertex -3.546451163641372 6.015567201773599 13.09671479586073
  endloop
endfacet
facet normal -0.58875 0.7114 -0.383774
  outer loop
    vertex -3.546451163641372 6.015567201773599 13.09671479586073
    vertex -5.659799338827188 4.595322271511455 13.70611404794244
    vertex -4.706707162457971 6.239095418784673 15.29102485618809
  endloop
endfacet
facet normal -0.721461 0.649586 -0.239858
  outer loop
    vertex -5.659799338827188 4.595322271511455 13.70611404794244
    vertex -6.578382771255302 4.466797480708031 16.1210231054278
    vertex -4.706707162457971 6.239095418784673 15.29102485618809
  endloop
endfacet
facet normal -0.817355 0.501141 -0.284234
  outer loop
    vertex -5.659799338827188 4.595322271511455 13.70611404794244
    vertex -7.166956154388622 2.682896525479089 14.66830411188695
    vertex -6.578382771255302 4.466797480708031 16.1210231054278
  endloop
endfacet
facet normal -0.706703 0.700799 -0.0972226
  outer loop
    vertex -4.706707162457971 6.239095418784673 15.29102485618809
    vertex -6.578382771255302 4.466797480708031 16.1210231054278
    vertex -5.410180504713749 5.857123764747771 17.65118976561533
  endloop
endfacet
facet normal -0.569854 0.613255 -0.546977
  outer loop
    vertex -3.546451163641372 6.015567201773599 13.09671479586073
    vertex -3.863511446606624 4.205351281230621 11.39747379270819
    vertex -5.659799338827188 4.595322271511455 13.70611404794244
  endloop
endfacet
facet normal -0.644855 0.49204 -0.584858
  outer loop
    vertex -3.863511446606624 4.205351281230621 11.39747379270819
    vertex -5.855005952610964 2.490731727518759 12.15075668207692
    vertex -5.659799338827188 4.595322271511455 13.70611404794244
  endloop
endfacet
facet normal -0.585014 0.360257 -0.726618
  outer loop
    vertex -3.863511446606624 4.205351281230621 11.39747379270819
    vertex -3.802380508900423 1.98348213890212 10.24665260258363
    vertex -5.855005952610964 2.490731727518759 12.15075668207692
  endloop
endfacet
facet normal -0.798127 0.404209 -0.446775
  outer loop
    vertex -5.659799338827188 4.595322271511455 13.70611404794244
    vertex -5.855005952610964 2.490731727518759 12.15075668207692
    vertex -7.166956154388622 2.682896525479089 14.66830411188695
  endloop
endfacet
facet normal -0.377034 0.668143 -0.641428
  outer loop
    vertex -3.546451163641372 6.015567201773599 13.09671479586073
    vertex -1.795361424711427 6.143764412533615 12.20095465764871
    vertex -3.863511446606624 4.205351281230621 11.39747379270819
  endloop
endfacet
facet normal -0.334612 0.642683 -0.689198
  outer loop
    vertex -1.795361424711427 6.143764412533615 12.20095465764871
    vertex -1.998346915673855 4.214380481479685 10.50033795017465
    vertex -3.863511446606624 4.205351281230621 11.39747379270819
  endloop
endfacet
facet normal -0.151206 0.662534 -0.733611
  outer loop
    vertex -1.795361424711427 6.143764412533615 12.20095465764871
    vertex 0.06471617901481187 5.899002866400929 11.59652176849325
    vertex -1.998346915673855 4.214380481479685 10.50033795017465
  endloop
endfacet
facet normal -0.396263 0.41365 -0.819676
  outer loop
    vertex -3.863511446606624 4.205351281230621 11.39747379270819
    vertex -1.998346915673855 4.214380481479685 10.50033795017465
    vertex -3.802380508900423 1.98348213890212 10.24665260258363
  endloop
endfacet
facet normal -0.896013 0.41788 -0.150124
  outer loop
    vertex -7.166956154388622 2.682896525479089 14.66830411188695
    vertex -7.57052164346093 2.576705419822075 16.78138795698965
    vertex -6.578382771255302 4.466797480708031 16.1210231054278
  endloop
endfacet
facet normal -0.882681 0.469628 0.0180179
  outer loop
    vertex -7.57052164346093 2.576705419822075 16.78138795698965
    vertex -6.661825414201494 4.225234678895815 18.32946382386106
    vertex -6.578382771255302 4.466797480708031 16.1210231054278
  endloop
endfacet
facet normal -0.911962 0.393432 0.116345
  outer loop
    vertex -7.57052164346093 2.576705419822075 16.78138795698965
    vertex -7.425311257118001 2.283732763428535 18.91031866455828
    vertex -6.661825414201494 4.225234678895815 18.32946382386106
  endloop
endfacet
facet normal -0.785235 0.618035 0.0379327
  outer loop
    vertex -6.578382771255302 4.466797480708031 16.1210231054278
    vertex -6.661825414201494 4.225234678895815 18.32946382386106
    vertex -5.410180504713749 5.857123764747771 17.65118976561533
  endloop
endfacet
facet normal -0.63936 0.199872 -0.742476
  outer loop
    vertex -3.802380508900423 1.98348213890212 10.24665260258363
    vertex -5.19667518575108 0.01614586513186335 10.91770550492348
    vertex -5.855005952610964 2.490731727518759 12.15075668207692
  endloop
endfacet
facet normal -0.766252 0.111463 -0.632798
  outer loop
    vertex -5.19667518575108 0.01614586513186335 10.91770550492348
    vertex -7.03253827574443 0.3875420265738969 13.20616070743257
    vertex -5.855005952610964 2.490731727518759 12.15075668207692
  endloop
endfacet
facet normal -0.782865 -0.0469336 -0.620419
  outer loop
    vertex -5.19667518575108 0.01614586513186335 10.91770550492348
    vertex -6.082281809713486 -1.952770882384115 12.18413726647642
    vertex -7.03253827574443 0.3875420265738969 13.20616070743257
  endloop
endfacet
facet normal -0.852031 0.244846 -0.462702
  outer loop
    vertex -5.855005952610964 2.490731727518759 12.15075668207692
    vertex -7.03253827574443 0.3875420265738969 13.20616070743257
    vertex -7.166956154388622 2.682896525479089 14.66830411188695
  endloop
endfacet
facet normal -0.869647 -0.147347 -0.471173
  outer loop
    vertex -6.082281809713486 -1.952770882384115 12.18413726647642
    vertex -7.427142177056404 -1.764470626411838 14.60746943795494
    vertex -7.03253827574443 0.3875420265738969 13.20616070743257
  endloop
endfacet
facet normal -0.953767 -0.0203663 -0.299855
  outer loop
    vertex -7.427142177056404 -1.764470626411838 14.60746943795494
    vertex -7.899568812853484 0.6928774934862542 15.9432439496209
    vertex -7.03253827574443 0.3875420265738969 13.20616070743257
  endloop
endfacet
facet normal -0.983124 -0.109235 -0.146751
  outer loop
    vertex -7.427142177056404 -1.764470626411838 14.60746943795494
    vertex -7.876492839945405 -1.363423592270047 17.31927519529432
    vertex -7.899568812853484 0.6928774934862542 15.9432439496209
  endloop
endfacet
facet normal -0.938519 0.1447 -0.313438
  outer loop
    vertex -7.03253827574443 0.3875420265738969 13.20616070743257
    vertex -7.899568812853484 0.6928774934862542 15.9432439496209
    vertex -7.166956154388622 2.682896525479089 14.66830411188695
  endloop
endfacet
facet normal -0.999913 -0.012939 -0.00256718
  outer loop
    vertex -7.876492839945405 -1.363423592270047 17.31927519529432
    vertex -7.902422440748123 0.4752819863890992 18.15144544003375
    vertex -7.899568812853484 0.6928774934862542 15.9432439496209
  endloop
endfacet
facet normal -0.986087 0.165548 0.0150388
  outer loop
    vertex -7.902422440748123 0.4752819863890992 18.15144544003375
    vertex -7.57052164346093 2.576705419822075 16.78138795698965
    vertex -7.899568812853484 0.6928774934862542 15.9432439496209
  endloop
endfacet
facet normal -0.971649 0.216057 0.096007
  outer loop
    vertex -7.902422440748123 0.4752819863890992 18.15144544003375
    vertex -7.425311257118001 2.283732763428535 18.91031866455828
    vertex -7.57052164346093 2.576705419822075 16.78138795698965
  endloop
endfacet
facet normal -0.955088 0.242557 -0.170217
  outer loop
    vertex -7.899568812853484 0.6928774934862542 15.9432439496209
    vertex -7.57052164346093 2.576705419822075 16.78138795698965
    vertex -7.166956154388622 2.682896525479089 14.66830411188695
  endloop
endfacet
facet normal -0.954729 -0.184267 0.233536
  outer loop
    vertex -7.876492839945405 -1.363423592270047 17.31927519529432
    vertex -7.187036543058391 -2.979265012386944 18.86292396911691
    vertex -7.387071400988937 -0.4545965457235182 20.03718917706941
  endloop
endfacet
facet normal -0.882878 -0.253742 0.395148
  outer loop
    vertex -7.187036543058391 -2.979265012386944 18.86292396911691
    vertex -6.254786901859631 -2.027229157220953 21.5571902260536
    vertex -7.387071400988937 -0.4545965457235182 20.03718917706941
  endloop
endfacet
facet normal -0.829866 -0.369801 0.417815
  outer loop
    vertex -7.187036543058391 -2.979265012386944 18.86292396911691
    vertex -5.883409229015922 -4.34051217629394 20.24737584695309
    vertex -6.254786901859631 -2.027229157220953 21.5571902260536
  endloop
endfacet
facet normal -0.831054 -0.0643905 0.552452
  outer loop
    vertex -7.387071400988937 -0.4545965457235182 20.03718917706941
    vertex -6.254786901859631 -2.027229157220953 21.5571902260536
    vertex -5.922030628661316 0.5142696089914021 22.35397796058828
  endloop
endfacet
facet normal -0.847021 0.00993138 0.531467
  outer loop
    vertex -5.922030628661316 0.5142696089914021 22.35397796058828
    vertex -6.910552265880531 1.448658601849901 20.76107107561393
    vertex -7.387071400988937 -0.4545965457235182 20.03718917706941
  endloop
endfacet
facet normal -0.942047 0.116157 0.314729
  outer loop
    vertex -6.910552265880531 1.448658601849901 20.76107107561393
    vertex -7.902422440748123 0.4752819863890992 18.15144544003375
    vertex -7.387071400988937 -0.4545965457235182 20.03718917706941
  endloop
endfacet
facet normal -0.942048 0.116523 0.314592
  outer loop
    vertex -6.910552265880531 1.448658601849901 20.76107107561393
    vertex -7.425311257118001 2.283732763428535 18.91031866455828
    vertex -7.902422440748123 0.4752819863890992 18.15144544003375
  endloop
endfacet
facet normal -0.97124 -0.109408 0.211478
  outer loop
    vertex -7.387071400988937 -0.4545965457235182 20.03718917706941
    vertex -7.902422440748123 0.4752819863890992 18.15144544003375
    vertex -7.876492839945405 -1.363423592270047 17.31927519529432
  endloop
endfacet
facet normal -0.709991 -0.429828 0.557818
  outer loop
    vertex -5.883409229015922 -4.34051217629394 20.24737584695309
    vertex -4.514858119076468 -3.875728500860373 22.34740916259715
    vertex -6.254786901859631 -2.027229157220953 21.5571902260536
  endloop
endfacet
facet normal -0.645166 -0.30845 0.699013
  outer loop
    vertex -4.514858119076468 -3.875728500860373 22.34740916259715
    vertex -4.535201750231092 -1.318496218168155 23.45705140194633
    vertex -6.254786901859631 -2.027229157220953 21.5571902260536
  endloop
endfacet
facet normal -0.509067 -0.346028 0.788109
  outer loop
    vertex -4.514858119076468 -3.875728500860373 22.34740916259715
    vertex -2.687830508566457 -3.017370898324198 23.90442177297749
    vertex -4.535201750231092 -1.318496218168155 23.45705140194633
  endloop
endfacet
facet normal -0.71243 -0.123304 0.690826
  outer loop
    vertex -6.254786901859631 -2.027229157220953 21.5571902260536
    vertex -4.535201750231092 -1.318496218168155 23.45705140194633
    vertex -5.922030628661316 0.5142696089914021 22.35397796058828
  endloop
endfacet
facet normal 0.72763 -0.684451 0.0456256
  outer loop
    vertex 6.570227540714757 -4.535445749356578 16.48829508710913
    vertex 6.254577695609608 -4.731679221922739 18.57843897265857
    vertex 4.759175701957732 -6.430194352877812 16.94664063237431
  endloop
endfacet
facet normal 0.662105 -0.73296 0.156166
  outer loop
    vertex 6.254577695609608 -4.731679221922739 18.57843897265857
    vertex 4.200618661557654 -6.474958162868942 19.10468991760555
    vertex 4.759175701957732 -6.430194352877812 16.94664063237431
  endloop
endfacet
facet normal 0.660794 -0.687972 0.300078
  outer loop
    vertex 6.254577695609608 -4.731679221922739 18.57843897265857
    vertex 5.498484020790768 -4.594710515396417 20.55743007700983
    vertex 4.200618661557654 -6.474958162868942 19.10468991760555
  endloop
endfacet
facet normal 0.465395 -0.879181 0.102219
  outer loop
    vertex 4.759175701957732 -6.430194352877812 16.94664063237431
    vertex 4.200618661557654 -6.474958162868942 19.10468991760555
    vertex 2.421635465105355 -7.613596509808338 17.41088910910156
  endloop
endfacet
facet normal 0.447528 -0.893912 -0.0252914
  outer loop
    vertex 2.421635465105355 -7.613596509808338 17.41088910910156
    vertex 2.958285098391552 -7.292635476446378 15.56263536835283
    vertex 4.759175701957732 -6.430194352877812 16.94664063237431
  endloop
endfacet
facet normal 0.527906 -0.832489 -0.168156
  outer loop
    vertex 2.958285098391552 -7.292635476446378 15.56263536835283
    vertex 5.16969117454894 -5.788708411398199 15.05960104937192
    vertex 4.759175701957732 -6.430194352877812 16.94664063237431
  endloop
endfacet
facet normal 0.504843 -0.826091 -0.250415
  outer loop
    vertex 2.958285098391552 -7.292635476446378 15.56263536835283
    vertex 3.318960647825147 -6.537870802070771 13.79988350311765
    vertex 5.16969117454894 -5.788708411398199 15.05960104937192
  endloop
endfacet
facet normal 0.710274 -0.699002 -0.0831046
  outer loop
    vertex 4.759175701957732 -6.430194352877812 16.94664063237431
    vertex 5.16969117454894 -5.788708411398199 15.05960104937192
    vertex 6.570227540714757 -4.535445749356578 16.48829508710913
  endloop
endfacet
facet normal 0.756091 -0.625524 -0.192475
  outer loop
    vertex 6.570227540714757 -4.535445749356578 16.48829508710913
    vertex 5.16969117454894 -5.788708411398199 15.05960104937192
    vertex 6.26245967876451 -4.285496131786133 14.4669935498908
  endloop
endfacet
facet normal 0.674845 -0.637277 -0.372106
  outer loop
    vertex 5.16969117454894 -5.788708411398199 15.05960104937192
    vertex 4.556523298225826 -5.292495200950155 13.09774552589855
    vertex 6.26245967876451 -4.285496131786133 14.4669935498908
  endloop
endfacet
facet normal 0.550945 -0.751776 -0.362342
  outer loop
    vertex 5.16969117454894 -5.788708411398199 15.05960104937192
    vertex 3.318960647825147 -6.537870802070771 13.79988350311765
    vertex 4.556523298225826 -5.292495200950155 13.09774552589855
  endloop
endfacet
facet normal 0.690523 -0.577349 -0.435713
  outer loop
    vertex 6.26245967876451 -4.285496131786133 14.4669935498908
    vertex 4.556523298225826 -5.292495200950155 13.09774552589855
    vertex 5.539524423090687 -3.751441170451278 12.61361671640235
  endloop
endfacet
facet normal 0.189912 -0.670745 -0.716962
  outer loop
    vertex 2.102924448593075 -4.205848897272863 10.5278640452461
    vertex 2.809365772652647 -5.566890086669187 11.98829383159865
    vertex 0.6430751430975743 -6.267273897095644 12.06971276099317
  endloop
endfacet
facet normal 0.243991 -0.815647 -0.524584
  outer loop
    vertex 2.809365772652647 -5.566890086669187 11.98829383159865
    vertex 1.254406677546876 -7.279018369371401 13.92715840537142
    vertex 0.6430751430975743 -6.267273897095644 12.06971276099317
  endloop
endfacet
facet normal 0.262063 -0.817954 -0.512127
  outer loop
    vertex 2.809365772652647 -5.566890086669187 11.98829383159865
    vertex 3.318960647825147 -6.537870802070771 13.79988350311765
    vertex 1.254406677546876 -7.279018369371401 13.92715840537142
  endloop
endfacet
facet normal -0.00136451 -0.878363 -0.477992
  outer loop
    vertex 0.6430751430975743 -6.267273897095644 12.06971276099317
    vertex 1.254406677546876 -7.279018369371401 13.92715840537142
    vertex -0.9047742780401424 -7.471068441713234 14.28623511611018
  endloop
endfacet
facet normal -0.0934046 -0.846115 -0.524752
  outer loop
    vertex -0.9047742780401424 -7.471068441713234 14.28623511611018
    vertex -2.275966234234809 -6.783305270121779 13.42134839458196
    vertex 0.6430751430975743 -6.267273897095644 12.06971276099317
  endloop
endfacet
facet normal -0.12131 -0.811401 -0.571763
  outer loop
    vertex -2.275966234234809 -6.783305270121779 13.42134839458196
    vertex -0.7789087785364505 -5.417084888809683 11.16489139585657
    vertex 0.6430751430975743 -6.267273897095644 12.06971276099317
  endloop
endfacet
facet normal -0.257678 -0.741269 -0.619775
  outer loop
    vertex -2.275966234234809 -6.783305270121779 13.42134839458196
    vertex -3.536872882315683 -5.766847014880824 12.72987052640086
    vertex -0.7789087785364505 -5.417084888809683 11.16489139585657
  endloop
endfacet
facet normal 0.101109 -0.640807 -0.761015
  outer loop
    vertex 0.6430751430975743 -6.267273897095644 12.06971276099317
    vertex -0.7789087785364505 -5.417084888809683 11.16489139585657
    vertex 2.102924448593075 -4.205848897272863 10.5278640452461
  endloop
endfacet
facet normal 0.0652908 -0.581742 -0.810749
  outer loop
    vertex 2.102924448593075 -4.205848897272863 10.5278640452461
    vertex -0.7789087785364505 -5.417084888809683 11.16489139585657
    vertex -0.7954818814289929 -3.811324154616565 10.01136517159792
  endloop
endfacet
facet normal -0.266468 -0.564149 -0.781493
  outer loop
    vertex -0.7789087785364505 -5.417084888809683 11.16489139585657
    vertex -3.657789005920052 -4.447336388798292 11.44646251178215
    vertex -0.7954818814289929 -3.811324154616565 10.01136517159792
  endloop
endfacet
facet normal -0.294722 -0.680005 -0.671366
  outer loop
    vertex -0.7789087785364505 -5.417084888809683 11.16489139585657
    vertex -3.536872882315683 -5.766847014880824 12.72987052640086
    vertex -3.657789005920052 -4.447336388798292 11.44646251178215
  endloop
endfacet
facet normal -0.295874 -0.502078 -0.812635
  outer loop
    vertex -0.7954818814289929 -3.811324154616565 10.01136517159792
    vertex -3.657789005920052 -4.447336388798292 11.44646251178215
    vertex -3.58422133775662 -2.891361920006263 10.45833479536687
  endloop
endfacet
facet normal 0.582439 -0.557399 -0.591668
  outer loop
    vertex 5.539524423090687 -3.751441170451278 12.61361671640235
    vertex 4.556523298225826 -5.292495200950155 13.09774552589855
    vertex 3.949565130415892 -4.112272899925058 11.38839177444248
  endloop
endfacet
facet normal 0.48439 -0.63002 -0.606994
  outer loop
    vertex 4.556523298225826 -5.292495200950155 13.09774552589855
    vertex 2.809365772652647 -5.566890086669187 11.98829383159865
    vertex 3.949565130415892 -4.112272899925058 11.38839177444248
  endloop
endfacet
facet normal 0.443359 -0.73213 -0.517125
  outer loop
    vertex 4.556523298225826 -5.292495200950155 13.09774552589855
    vertex 3.318960647825147 -6.537870802070771 13.79988350311765
    vertex 2.809365772652647 -5.566890086669187 11.98829383159865
  endloop
endfacet
facet normal 0.366595 -0.585536 -0.723018
  outer loop
    vertex 3.949565130415892 -4.112272899925058 11.38839177444248
    vertex 2.809365772652647 -5.566890086669187 11.98829383159865
    vertex 2.102924448593075 -4.205848897272863 10.5278640452461
  endloop
endfacet
facet normal -0.536419 0.094097 -0.83869
  outer loop
    vertex -3.802380508900423 1.98348213890212 10.24665260258363
    vertex -3.878434132167525 -0.4766944264814626 10.01927574629971
    vertex -5.19667518575108 0.01614586513186335 10.91770550492348
  endloop
endfacet
facet normal -0.595251 -0.154774 -0.788493
  outer loop
    vertex -3.878434132167525 -0.4766944264814626 10.01927574629971
    vertex -4.931508809393072 -2.471305623596701 11.20579001263694
    vertex -5.19667518575108 0.01614586513186335 10.91770550492348
  endloop
endfacet
facet normal -0.524031 -0.213758 -0.824438
  outer loop
    vertex -3.878434132167525 -0.4766944264814626 10.01927574629971
    vertex -3.58422133775662 -2.891361920006263 10.45833479536687
    vertex -4.931508809393072 -2.471305623596701 11.20579001263694
  endloop
endfacet
facet normal -0.679575 -0.155476 -0.716941
  outer loop
    vertex -5.19667518575108 0.01614586513186335 10.91770550492348
    vertex -4.931508809393072 -2.471305623596701 11.20579001263694
    vertex -6.082281809713486 -1.952770882384115 12.18413726647642
  endloop
endfacet
facet normal 0.0272517 0.0911612 -0.995463
  outer loop
    vertex -3.802380508900423 1.98348213890212 10.24665260258363
    vertex -1.998346915673855 4.214380481479685 10.50033795017465
    vertex -3.878434132167525 -0.4766944264814626 10.01927574629971
  endloop
endfacet
facet normal -0.658996 0.333259 -0.674286
  outer loop
    vertex -1.998346915673855 4.214380481479685 10.50033795017465
    vertex -2.19781838370966 1.878175557482981 9.540640045720991
    vertex -3.878434132167525 -0.4766944264814626 10.01927574629971
  endloop
endfacet
facet normal 0.192341 0.35879 -0.913386
  outer loop
    vertex -1.998346915673855 4.214380481479685 10.50033795017465
    vertex 0.06471617901481187 5.899002866400929 11.59652176849325
    vertex -2.19781838370966 1.878175557482981 9.540640045720991
  endloop
endfacet
facet normal -0.0252053 -0.181812 -0.98301
  outer loop
    vertex -3.878434132167525 -0.4766944264814626 10.01927574629971
    vertex -2.19781838370966 1.878175557482981 9.540640045720991
    vertex -3.58422133775662 -2.891361920006263 10.45833479536687
  endloop
endfacet
facet normal -0.83896 -0.319132 -0.440795
  outer loop
    vertex -6.082281809713486 -1.952770882384115 12.18413726647642
    vertex -6.095697704231501 -3.96792878391513 13.66863231323761
    vertex -7.427142177056404 -1.764470626411838 14.60746943795494
  endloop
endfacet
facet normal -0.870491 -0.409936 -0.272394
  outer loop
    vertex -6.095697704231501 -3.96792878391513 13.66863231323761
    vertex -7.076233485524823 -3.677455937466763 16.36499016832204
    vertex -7.427142177056404 -1.764470626411838 14.60746943795494
  endloop
endfacet
facet normal -0.803536 -0.547672 -0.233208
  outer loop
    vertex -6.095697704231501 -3.96792878391513 13.66863231323761
    vertex -5.512424142517882 -5.594678108886217 15.47922489140066
    vertex -7.076233485524823 -3.677455937466763 16.36499016832204
  endloop
endfacet
facet normal -0.952504 -0.281482 -0.116203
  outer loop
    vertex -7.427142177056404 -1.764470626411838 14.60746943795494
    vertex -7.076233485524823 -3.677455937466763 16.36499016832204
    vertex -7.876492839945405 -1.363423592270047 17.31927519529432
  endloop
endfacet
facet normal -0.740148 -0.39563 -0.543745
  outer loop
    vertex -6.082281809713486 -1.952770882384115 12.18413726647642
    vertex -5.023340965647699 -4.031359725882297 12.25508858845817
    vertex -6.095697704231501 -3.96792878391513 13.66863231323761
  endloop
endfacet
facet normal -0.646445 -0.606257 -0.463208
  outer loop
    vertex -5.023340965647699 -4.031359725882297 12.25508858845817
    vertex -4.629752296183484 -5.812721903762922 14.03728878466049
    vertex -6.095697704231501 -3.96792878391513 13.66863231323761
  endloop
endfacet
facet normal -0.58074 -0.636324 -0.507772
  outer loop
    vertex -5.023340965647699 -4.031359725882297 12.25508858845817
    vertex -3.536872882315683 -5.766847014880824 12.72987052640086
    vertex -4.629752296183484 -5.812721903762922 14.03728878466049
  endloop
endfacet
facet normal -0.703549 -0.626208 -0.33598
  outer loop
    vertex -6.095697704231501 -3.96792878391513 13.66863231323761
    vertex -4.629752296183484 -5.812721903762922 14.03728878466049
    vertex -5.512424142517882 -5.594678108886217 15.47922489140066
  endloop
endfacet
facet normal -0.536737 -0.434094 -0.723516
  outer loop
    vertex -3.58422133775662 -2.891361920006263 10.45833479536687
    vertex -3.657789005920052 -4.447336388798292 11.44646251178215
    vertex -4.931508809393072 -2.471305623596701 11.20579001263694
  endloop
endfacet
facet normal -0.552895 -0.44239 -0.706115
  outer loop
    vertex -3.657789005920052 -4.447336388798292 11.44646251178215
    vertex -5.023340965647699 -4.031359725882297 12.25508858845817
    vertex -4.931508809393072 -2.471305623596701 11.20579001263694
  endloop
endfacet
facet normal -0.532012 -0.614921 -0.582095
  outer loop
    vertex -3.657789005920052 -4.447336388798292 11.44646251178215
    vertex -3.536872882315683 -5.766847014880824 12.72987052640086
    vertex -5.023340965647699 -4.031359725882297 12.25508858845817
  endloop
endfacet
facet normal -0.692752 -0.373972 -0.616635
  outer loop
    vertex -4.931508809393072 -2.471305623596701 11.20579001263694
    vertex -5.023340965647699 -4.031359725882297 12.25508858845817
    vertex -6.082281809713486 -1.952770882384115 12.18413726647642
  endloop
endfacet
facet normal -0.787139 -0.613722 -0.0612965
  outer loop
    vertex -5.512424142517882 -5.594678108886217 15.47922489140066
    vertex -5.991144164047172 -5.223238648297627 17.90772772819469
    vertex -7.076233485524823 -3.677455937466763 16.36499016832204
  endloop
endfacet
facet normal -0.85922 -0.501333 0.102013
  outer loop
    vertex -5.991144164047172 -5.223238648297627 17.90772772819469
    vertex -7.187036543058391 -2.979265012386944 18.86292396911691
    vertex -7.076233485524823 -3.677455937466763 16.36499016832204
  endloop
endfacet
facet normal -0.811116 -0.533919 0.238792
  outer loop
    vertex -5.991144164047172 -5.223238648297627 17.90772772819469
    vertex -5.883409229015922 -4.34051217629394 20.24737584695309
    vertex -7.187036543058391 -2.979265012386944 18.86292396911691
  endloop
endfacet
facet normal -0.93636 -0.346649 0.0553559
  outer loop
    vertex -7.076233485524823 -3.677455937466763 16.36499016832204
    vertex -7.187036543058391 -2.979265012386944 18.86292396911691
    vertex -7.876492839945405 -1.363423592270047 17.31927519529432
  endloop
endfacet
facet normal -0.672533 -0.739812 -0.0194193
  outer loop
    vertex -5.512424142517882 -5.594678108886217 15.47922489140066
    vertex -4.287606837515134 -6.752159710233632 17.1573748848805
    vertex -5.991144164047172 -5.223238648297627 17.90772772819469
  endloop
endfacet
facet normal -0.619038 -0.768702 0.160898
  outer loop
    vertex -4.287606837515134 -6.752159710233632 17.1573748848805
    vertex -4.471937299237165 -6.082840410784822 19.64590803479912
    vertex -5.991144164047172 -5.223238648297627 17.90772772819469
  endloop
endfacet
facet normal -0.494906 -0.847623 0.191319
  outer loop
    vertex -4.287606837515134 -6.752159710233632 17.1573748848805
    vertex -2.683863670292844 -7.312905641309778 18.82161655695754
    vertex -4.471937299237165 -6.082840410784822 19.64590803479912
  endloop
endfacet
facet normal -0.695817 -0.660814 0.281359
  outer loop
    vertex -5.991144164047172 -5.223238648297627 17.90772772819469
    vertex -4.471937299237165 -6.082840410784822 19.64590803479912
    vertex -5.883409229015922 -4.34051217629394 20.24737584695309
  endloop
endfacet
facet normal -0.55351 -0.817371 -0.159785
  outer loop
    vertex -5.512424142517882 -5.594678108886217 15.47922489140066
    vertex -3.386385146375859 -6.894854599402283 14.76541375339725
    vertex -4.287606837515134 -6.752159710233632 17.1573748848805
  endloop
endfacet
facet normal -0.406889 -0.908083 -0.0991315
  outer loop
    vertex -3.386385146375859 -6.894854599402283 14.76541375339725
    vertex -1.883870256757567 -7.760908024901006 16.53166306495074
    vertex -4.287606837515134 -6.752159710233632 17.1573748848805
  endloop
endfacet
facet normal -0.262713 -0.935734 -0.235338
  outer loop
    vertex -3.386385146375859 -6.894854599402283 14.76541375339725
    vertex -0.9047742780401424 -7.471068441713234 14.28623511611018
    vertex -1.883870256757567 -7.760908024901006 16.53166306495074
  endloop
endfacet
facet normal -0.375406 -0.925515 0.0499183
  outer loop
    vertex -4.287606837515134 -6.752159710233632 17.1573748848805
    vertex -1.883870256757567 -7.760908024901006 16.53166306495074
    vertex -2.683863670292844 -7.312905641309778 18.82161655695754
  endloop
endfacet
facet normal -0.562058 -0.796287 -0.223649
  outer loop
    vertex -5.512424142517882 -5.594678108886217 15.47922489140066
    vertex -4.629752296183484 -5.812721903762922 14.03728878466049
    vertex -3.386385146375859 -6.894854599402283 14.76541375339725
  endloop
endfacet
facet normal -0.43797 -0.790855 -0.427471
  outer loop
    vertex -4.629752296183484 -5.812721903762922 14.03728878466049
    vertex -2.275966234234809 -6.783305270121779 13.42134839458196
    vertex -3.386385146375859 -6.894854599402283 14.76541375339725
  endloop
endfacet
facet normal -0.436572 -0.809135 -0.393325
  outer loop
    vertex -4.629752296183484 -5.812721903762922 14.03728878466049
    vertex -3.536872882315683 -5.766847014880824 12.72987052640086
    vertex -2.275966234234809 -6.783305270121779 13.42134839458196
  endloop
endfacet
facet normal -0.27026 -0.915108 -0.299228
  outer loop
    vertex -3.386385146375859 -6.894854599402283 14.76541375339725
    vertex -2.275966234234809 -6.783305270121779 13.42134839458196
    vertex -0.9047742780401424 -7.471068441713234 14.28623511611018
  endloop
endfacet
facet normal -0.375172 -0.826548 0.4196
  outer loop
    vertex -2.683863670292844 -7.312905641309778 18.82161655695754
    vertex -2.953432400342582 -5.679730159756169 21.79769761124675
    vertex -4.471937299237165 -6.082840410784822 19.64590803479912
  endloop
endfacet
facet normal -0.562509 -0.64463 0.517722
  outer loop
    vertex -2.953432400342582 -5.679730159756169 21.79769761124675
    vertex -4.514858119076468 -3.875728500860373 22.34740916259715
    vertex -4.471937299237165 -6.082840410784822 19.64590803479912
  endloop
endfacet
facet normal -0.375383 -0.551829 0.744696
  outer loop
    vertex -2.953432400342582 -5.679730159756169 21.79769761124675
    vertex -2.687830508566457 -3.017370898324198 23.90442177297749
    vertex -4.514858119076468 -3.875728500860373 22.34740916259715
  endloop
endfacet
facet normal -0.571154 -0.64009 0.513876
  outer loop
    vertex -4.471937299237165 -6.082840410784822 19.64590803479912
    vertex -4.514858119076468 -3.875728500860373 22.34740916259715
    vertex -5.883409229015922 -4.34051217629394 20.24737584695309
  endloop
endfacet
facet normal -0.201254 -0.523398 0.827981
  outer loop
    vertex -2.687830508566457 -3.017370898324198 23.90442177297749
    vertex -0.8664152284883838 -5.391801184785411 22.84617863527878
    vertex -0.08424413837371682 -3.835398342267247 24.020158294603
  endloop
endfacet
facet normal 0.0884074 -0.627769 0.773363
  outer loop
    vertex -0.8664152284883838 -5.391801184785411 22.84617863527878
    vertex 1.867391969094844 -5.737319016731124 22.25319119526555
    vertex -0.08424413837371682 -3.835398342267247 24.020158294603
  endloop
endfacet
facet normal 0.0401507 -0.771681 0.634741
  outer loop
    vertex -0.8664152284883838 -5.391801184785411 22.84617863527878
    vertex 1.091397517820383 -6.917414419280157 20.86758700096462
    vertex 1.867391969094844 -5.737319016731124 22.25319119526555
  endloop
endfacet
facet normal 0.126396 -0.602459 0.788078
  outer loop
    vertex -0.08424413837371682 -3.835398342267247 24.020158294603
    vertex 1.867391969094844 -5.737319016731124 22.25319119526555
    vertex 2.529163552774282 -4.20628870536583 23.31747315391447
  endloop
endfacet
facet normal 0.372874 -0.632866 0.678561
  outer loop
    vertex 2.529163552774282 -4.20628870536583 23.31747315391447
    vertex 1.867391969094844 -5.737319016731124 22.25319119526555
    vertex 4.150525884837204 -4.550371044998864 22.10561046615704
  endloop
endfacet
facet normal 0.391127 -0.674492 0.626163
  outer loop
    vertex 1.867391969094844 -5.737319016731124 22.25319119526555
    vertex 3.468010196229496 -6.058404300563557 20.90751105049765
    vertex 4.150525884837204 -4.550371044998864 22.10561046615704
  endloop
endfacet
facet normal 0.281258 -0.802602 0.526046
  outer loop
    vertex 1.867391969094844 -5.737319016731124 22.25319119526555
    vertex 1.091397517820383 -6.917414419280157 20.86758700096462
    vertex 3.468010196229496 -6.058404300563557 20.90751105049765
  endloop
endfacet
facet normal 0.560003 -0.655741 0.506359
  outer loop
    vertex 4.150525884837204 -4.550371044998864 22.10561046615704
    vertex 3.468010196229496 -6.058404300563557 20.90751105049765
    vertex 5.498484020790768 -4.594710515396417 20.55743007700983
  endloop
endfacet
facet normal -0.0848262 -0.982831 -0.163851
  outer loop
    vertex -0.9047742780401424 -7.471068441713234 14.28623511611018
    vertex 0.7913383378963073 -7.8695887219287 15.79860207147335
    vertex -1.883870256757567 -7.760908024901006 16.53166306495074
  endloop
endfacet
facet normal -0.0506904 -0.998028 -0.0370241
  outer loop
    vertex 0.7913383378963073 -7.8695887219287 15.79860207147335
    vertex -0.1389766109641081 -7.910799225535647 18.18319107284899
    vertex -1.883870256757567 -7.760908024901006 16.53166306495074
  endloop
endfacet
facet normal 0.124597 -0.991708 0.0314709
  outer loop
    vertex 0.7913383378963073 -7.8695887219287 15.79860207147335
    vertex 2.421635465105355 -7.613596509808338 17.41088910910156
    vertex -0.1389766109641081 -7.910799225535647 18.18319107284899
  endloop
endfacet
facet normal -0.198145 -0.972667 0.121069
  outer loop
    vertex -1.883870256757567 -7.760908024901006 16.53166306495074
    vertex -0.1389766109641081 -7.910799225535647 18.18319107284899
    vertex -2.683863670292844 -7.312905641309778 18.82161655695754
  endloop
endfacet
facet normal 0.152253 -0.980064 0.12765
  outer loop
    vertex 2.421635465105355 -7.613596509808338 17.41088910910156
    vertex 1.807368574618067 -7.475845697524298 19.20117013024676
    vertex -0.1389766109641081 -7.910799225535647 18.18319107284899
  endloop
endfacet
facet normal 0.0547521 -0.951744 0.301969
  outer loop
    vertex 1.807368574618067 -7.475845697524298 19.20117013024676
    vertex -0.826828183124713 -7.388558722402202 19.95390506976867
    vertex -0.1389766109641081 -7.910799225535647 18.18319107284899
  endloop
endfacet
facet normal 0.0668931 -0.937042 0.342751
  outer loop
    vertex 1.807368574618067 -7.475845697524298 19.20117013024676
    vertex 1.091397517820383 -6.917414419280157 20.86758700096462
    vertex -0.826828183124713 -7.388558722402202 19.95390506976867
  endloop
endfacet
facet normal -0.171381 -0.96104 0.216867
  outer loop
    vertex -0.1389766109641081 -7.910799225535647 18.18319107284899
    vertex -0.826828183124713 -7.388558722402202 19.95390506976867
    vertex -2.683863670292844 -7.312905641309778 18.82161655695754
  endloop
endfacet
facet normal -0.301333 -0.847171 0.437606
  outer loop
    vertex -2.683863670292844 -7.312905641309778 18.82161655695754
    vertex -0.826828183124713 -7.388558722402202 19.95390506976867
    vertex -2.953432400342582 -5.679730159756169 21.79769761124675
  endloop
endfacet
facet normal -0.168496 -0.812246 0.558449
  outer loop
    vertex -0.826828183124713 -7.388558722402202 19.95390506976867
    vertex -0.8664152284883838 -5.391801184785411 22.84617863527878
    vertex -2.953432400342582 -5.679730159756169 21.79769761124675
  endloop
endfacet
facet normal -0.0679222 -0.821469 0.566193
  outer loop
    vertex -0.826828183124713 -7.388558722402202 19.95390506976867
    vertex 1.091397517820383 -6.917414419280157 20.86758700096462
    vertex -0.8664152284883838 -5.391801184785411 22.84617863527878
  endloop
endfacet
facet normal -0.303675 -0.572408 0.761663
  outer loop
    vertex -2.953432400342582 -5.679730159756169 21.79769761124675
    vertex -0.8664152284883838 -5.391801184785411 22.84617863527878
    vertex -2.687830508566457 -3.017370898324198 23.90442177297749
  endloop
endfacet
facet normal 0.0363407 -0.955559 -0.292553
  outer loop
    vertex -0.9047742780401424 -7.471068441713234 14.28623511611018
    vertex 1.254406677546876 -7.279018369371401 13.92715840537142
    vertex 0.7913383378963073 -7.8695887219287 15.79860207147335
  endloop
endfacet
facet normal 0.224917 -0.943801 -0.242182
  outer loop
    vertex 1.254406677546876 -7.279018369371401 13.92715840537142
    vertex 2.958285098391552 -7.292635476446378 15.56263536835283
    vertex 0.7913383378963073 -7.8695887219287 15.79860207147335
  endloop
endfacet
facet normal 0.302184 -0.897114 -0.322291
  outer loop
    vertex 1.254406677546876 -7.279018369371401 13.92715840537142
    vertex 3.318960647825147 -6.537870802070771 13.79988350311765
    vertex 2.958285098391552 -7.292635476446378 15.56263536835283
  endloop
endfacet
facet normal 0.246331 -0.964424 -0.0959551
  outer loop
    vertex 0.7913383378963073 -7.8695887219287 15.79860207147335
    vertex 2.958285098391552 -7.292635476446378 15.56263536835283
    vertex 2.421635465105355 -7.613596509808338 17.41088910910156
  endloop
endfacet
facet normal 0.580364 -0.70948 0.399771
  outer loop
    vertex 5.498484020790768 -4.594710515396417 20.55743007700983
    vertex 3.468010196229496 -6.058404300563557 20.90751105049765
    vertex 4.200618661557654 -6.474958162868942 19.10468991760555
  endloop
endfacet
facet normal 0.373377 -0.859034 0.350214
  outer loop
    vertex 3.468010196229496 -6.058404300563557 20.90751105049765
    vertex 1.807368574618067 -7.475845697524298 19.20117013024676
    vertex 4.200618661557654 -6.474958162868942 19.10468991760555
  endloop
endfacet
facet normal 0.302715 -0.856909 0.417218
  outer loop
    vertex 3.468010196229496 -6.058404300563557 20.90751105049765
    vertex 1.091397517820383 -6.917414419280157 20.86758700096462
    vertex 1.807368574618067 -7.475845697524298 19.20117013024676
  endloop
endfacet
facet normal 0.384826 -0.90076 0.201346
  outer loop
    vertex 4.200618661557654 -6.474958162868942 19.10468991760555
    vertex 1.807368574618067 -7.475845697524298 19.20117013024676
    vertex 2.421635465105355 -7.613596509808338 17.41088910910156
  endloop
endfacet
facet normal 0.254591 -0.180023 0.950145
  outer loop
    vertex 6.123233995736757e-17 8 18
    vertex 0.1666666666665296 7.528595479208248 17.86602540378407
    vertex 0.5000000000000012 8 17.86602540378444
  endloop
endfacet
facet normal 0.471405 -0.333333 0.816497
  outer loop
    vertex 0.1666666666665296 7.528595479208248 17.86602540378407
    vertex 0.6666666666666711 7.528595479208298 17.57735026918908
    vertex 0.5000000000000012 8 17.86602540378444
  endloop
endfacet
facet normal 0.401579 -0.595767 0.695554
  outer loop
    vertex 0.1666666666665296 7.528595479208248 17.86602540378407
    vertex 0.2886751345944539 7.183503419071371 17.49999999999873
    vertex 0.6666666666666711 7.528595479208298 17.57735026918908
  endloop
endfacet
facet normal 0.695554 -0.180023 0.695554
  outer loop
    vertex 0.5000000000000012 8 17.86602540378444
    vertex 0.6666666666666711 7.528595479208298 17.57735026918908
    vertex 0.8660254037844404 8 17.5
  endloop
endfacet
facet normal 0.697611 0.16333 0.697611
  outer loop
    vertex 0.8660254037844404 8 17.5
    vertex 0.662918172167586 8.451181766682119 17.59747343909465
    vertex 0.5000000000000012 8 17.86602540378444
  endloop
endfacet
facet normal 0.464092 0.323288 0.824684
  outer loop
    vertex 0.662918172167586 8.451181766682119 17.59747343909465
    vertex 0.1657758512933145 8.448351685561041 17.87835023378067
    vertex 0.5000000000000012 8 17.86602540378444
  endloop
endfacet
facet normal 0.404061 0.563128 0.720848
  outer loop
    vertex 0.662918172167586 8.451181766682119 17.59747343909465
    vertex 0.2912185154773438 8.787619615656993 17.5429982663651
    vertex 0.1657758512933145 8.448351685561041 17.87835023378067
  endloop
endfacet
facet normal 0.255309 0.164128 0.952827
  outer loop
    vertex 0.5000000000000012 8 17.86602540378444
    vertex 0.1657758512933145 8.448351685561041 17.87835023378067
    vertex 6.123233995736757e-17 8 18
  endloop
endfacet
facet normal -0.241074 -0.343229 0.907787
  outer loop
    vertex 6.123233995736757e-17 8 18
    vertex -0.6114019250316589 7.826698950008693 17.77211037561963
    vertex 0.1666666666665296 7.528595479208248 17.86602540378407
  endloop
endfacet
facet normal -0.28828 -0.494007 0.820275
  outer loop
    vertex -0.6114019250316589 7.826698950008693 17.77211037561963
    vertex -0.4540221026428152 7.249065775863474 17.4795432424008
    vertex 0.1666666666665296 7.528595479208248 17.86602540378407
  endloop
endfacet
facet normal -0.739122 -0.453588 0.497952
  outer loop
    vertex -0.6114019250316589 7.826698950008693 17.77211037561963
    vertex -0.9441395399815231 7.732384922391869 17.19230886427898
    vertex -0.4540221026428152 7.249065775863474 17.4795432424008
  endloop
endfacet
facet normal -0.0836386 -0.738823 0.668689
  outer loop
    vertex 0.1666666666665296 7.528595479208248 17.86602540378407
    vertex -0.4540221026428152 7.249065775863474 17.4795432424008
    vertex 0.2886751345944539 7.183503419071371 17.49999999999873
  endloop
endfacet
facet normal -0.415524 0.378099 0.827273
  outer loop
    vertex 6.123233995736757e-17 8 18
    vertex 0.1657758512933145 8.448351685561041 17.87835023378067
    vertex -0.6114019250316589 7.826698950008693 17.77211037561963
  endloop
endfacet
facet normal -0.26904 0.174474 0.947194
  outer loop
    vertex 0.1657758512933145 8.448351685561041 17.87835023378067
    vertex -0.5869591143802418 8.467470630707059 17.6610220930289
    vertex -0.6114019250316589 7.826698950008693 17.77211037561963
  endloop
endfacet
facet normal -0.174282 0.724076 0.667338
  outer loop
    vertex 0.1657758512933145 8.448351685561041 17.87835023378067
    vertex 0.2912185154773438 8.787619615656993 17.5429982663651
    vertex -0.5869591143802418 8.467470630707059 17.6610220930289
  endloop
endfacet
facet normal -0.869486 0.116392 0.480049
  outer loop
    vertex -0.6114019250316589 7.826698950008693 17.77211037561963
    vertex -0.5869591143802418 8.467470630707059 17.6610220930289
    vertex -0.9441395399815231 7.732384922391869 17.19230886427898
  endloop
endfacet
facet normal 0.702569 -0.113106 -0.702569
  outer loop
    vertex 0.8660254037844379 8 16.5
    vertex 0.5952005551373784 7.624298438865581 16.28965878894343
    vertex 0.4999999999999993 8 16.13397459621556
  endloop
endfacet
facet normal 0.376237 -0.271718 -0.885785
  outer loop
    vertex 0.5952005551373784 7.624298438865581 16.28965878894343
    vertex 0.09141119588340957 7.649001358714153 16.06809659991893
    vertex 0.4999999999999993 8 16.13397459621556
  endloop
endfacet
facet normal 0.342504 -0.443525 -0.828237
  outer loop
    vertex 0.5952005551373784 7.624298438865581 16.28965878894343
    vertex 0.1703728084984518 7.345806345523768 16.26311210583469
    vertex 0.09141119588340957 7.649001358714153 16.06809659991893
  endloop
endfacet
facet normal 0.256976 -0.119138 -0.959046
  outer loop
    vertex 0.4999999999999993 8 16.13397459621556
    vertex 0.09141119588340957 7.649001358714153 16.06809659991893
    vertex 6.123233995736757e-17 8 16
  endloop
endfacet
facet normal 0.250368 0.253448 -0.934388
  outer loop
    vertex 6.123233995736757e-17 8 16
    vertex -0.02188675008699482 8.484750546695786 16.12562143344615
    vertex 0.4999999999999993 8 16.13397459621556
  endloop
endfacet
facet normal 0.320251 0.32948 -0.88819
  outer loop
    vertex -0.02188675008699482 8.484750546695786 16.12562143344615
    vertex 0.5274564457691824 8.540175403205479 16.34425597098537
    vertex 0.4999999999999993 8 16.13397459621556
  endloop
endfacet
facet normal 0.211452 0.678673 -0.703343
  outer loop
    vertex -0.02188675008699482 8.484750546695786 16.12562143344615
    vertex -0.0382746103351778 8.847710976312111 16.47092424470247
    vertex 0.5274564457691824 8.540175403205479 16.34425597098537
  endloop
endfacet
facet normal 0.687687 0.232751 -0.687687
  outer loop
    vertex 0.4999999999999993 8 16.13397459621556
    vertex 0.5274564457691824 8.540175403205479 16.34425597098537
    vertex 0.8660254037844379 8 16.5
  endloop
endfacet
facet normal -0.0729947 -0.552897 -0.830046
  outer loop
    vertex 0.1703728084984518 7.345806345523768 16.26311210583469
    vertex -0.3418175415991133 7.438653213117497 16.24630871498217
    vertex 0.09141119588340957 7.649001358714153 16.06809659991893
  endloop
endfacet
facet normal -0.200725 -0.358876 -0.911547
  outer loop
    vertex -0.3418175415991133 7.438653213117497 16.24630871498217
    vertex -0.430162122455303 7.821311669325063 16.11510959498628
    vertex 0.09141119588340957 7.649001358714153 16.06809659991893
  endloop
endfacet
facet normal -0.553949 -0.381592 -0.739952
  outer loop
    vertex -0.3418175415991133 7.438653213117497 16.24630871498217
    vertex -0.7612926695220736 7.683760821395657 16.4339379422293
    vertex -0.430162122455303 7.821311669325063 16.11510959498628
  endloop
endfacet
facet normal -0.161997 -0.228435 -0.959987
  outer loop
    vertex 0.09141119588340957 7.649001358714153 16.06809659991893
    vertex -0.430162122455303 7.821311669325063 16.11510959498628
    vertex 6.123233995736757e-17 8 16
  endloop
endfacet
facet normal -0.698226 0.0223421 -0.715529
  outer loop
    vertex -0.7612926695220736 7.683760821395657 16.4339379422293
    vertex -0.549003047394781 8.364921932020579 16.2480507746652
    vertex -0.430162122455303 7.821311669325063 16.11510959498628
  endloop
endfacet
facet normal -0.26037 0.175274 -0.949466
  outer loop
    vertex -0.549003047394781 8.364921932020579 16.2480507746652
    vertex -0.02188675008699482 8.484750546695786 16.12562143344615
    vertex -0.430162122455303 7.821311669325063 16.11510959498628
  endloop
endfacet
facet normal -0.308999 0.648173 -0.695983
  outer loop
    vertex -0.549003047394781 8.364921932020579 16.2480507746652
    vertex -0.0382746103351778 8.847710976312111 16.47092424470247
    vertex -0.02188675008699482 8.484750546695786 16.12562143344615
  endloop
endfacet
facet normal -0.337019 0.221896 -0.914976
  outer loop
    vertex -0.430162122455303 7.821311669325063 16.11510959498628
    vertex -0.02188675008699482 8.484750546695786 16.12562143344615
    vertex 6.123233995736757e-17 8 16
  endloop
endfacet
facet normal 0.953739 -0.15835 0.255554
  outer loop
    vertex 0.8660254037844404 8 17.5
    vertex 0.8673233161542611 7.552457319412194 17.21784355466127
    vertex 1 8 17
  endloop
endfacet
facet normal 0.947121 -0.313677 -0.0675851
  outer loop
    vertex 0.8673233161542611 7.552457319412194 17.21784355466127
    vertex 0.8327753986899297 7.570284198158253 16.6509592216025
    vertex 1 8 17
  endloop
endfacet
facet normal 0.831825 -0.550854 -0.0680171
  outer loop
    vertex 0.8673233161542611 7.552457319412194 17.21784355466127
    vertex 0.6258501510054518 7.230185592317992 16.87471086953908
    vertex 0.8327753986899297 7.570284198158253 16.6509592216025
  endloop
endfacet
facet normal 0.952938 -0.163436 -0.255339
  outer loop
    vertex 1 8 17
    vertex 0.8327753986899297 7.570284198158253 16.6509592216025
    vertex 0.8660254037844379 8 16.5
  endloop
endfacet
facet normal 0.950145 0.180023 -0.254591
  outer loop
    vertex 0.8660254037844379 8 16.5
    vertex 0.8333333333333262 8.471404520791044 16.71132486540519
    vertex 1 8 17
  endloop
endfacet
facet normal 0.942809 0.333333 -2.35688e-15
  outer loop
    vertex 0.8333333333333262 8.471404520791044 16.71132486540519
    vertex 0.8333333333333276 8.471404520791044 17.28867513459481
    vertex 1 8 17
  endloop
endfacet
facet normal 0.803157 0.595767 -2.00777e-15
  outer loop
    vertex 0.8333333333333262 8.471404520791044 16.71132486540519
    vertex 0.5773502691896045 8.81649658092774 17
    vertex 0.8333333333333276 8.471404520791044 17.28867513459481
  endloop
endfacet
facet normal 0.950145 0.180023 0.254591
  outer loop
    vertex 1 8 17
    vertex 0.8333333333333276 8.471404520791044 17.28867513459481
    vertex 0.8660254037844404 8 17.5
  endloop
endfacet
facet normal 0.662975 -0.648948 -0.373271
  outer loop
    vertex 0.6258501510054518 7.230185592317992 16.87471086953908
    vertex 0.4314878168320505 7.228303928494181 16.53277046631447
    vertex 0.8327753986899297 7.570284198158253 16.6509592216025
  endloop
endfacet
facet normal 0.640606 -0.576345 -0.507397
  outer loop
    vertex 0.4314878168320505 7.228303928494181 16.53277046631447
    vertex 0.5952005551373784 7.624298438865581 16.28965878894343
    vertex 0.8327753986899297 7.570284198158253 16.6509592216025
  endloop
endfacet
facet normal 0.432269 -0.594802 -0.677756
  outer loop
    vertex 0.4314878168320505 7.228303928494181 16.53277046631447
    vertex 0.1703728084984518 7.345806345523768 16.26311210583469
    vertex 0.5952005551373784 7.624298438865581 16.28965878894343
  endloop
endfacet
facet normal 0.789419 -0.256932 -0.557498
  outer loop
    vertex 0.8327753986899297 7.570284198158253 16.6509592216025
    vertex 0.5952005551373784 7.624298438865581 16.28965878894343
    vertex 0.8660254037844379 8 16.5
  endloop
endfacet
facet normal 0.758183 0.309786 -0.573752
  outer loop
    vertex 0.8660254037844379 8 16.5
    vertex 0.5274564457691824 8.540175403205479 16.34425597098537
    vertex 0.8333333333333262 8.471404520791044 16.71132486540519
  endloop
endfacet
facet normal 0.590849 0.723605 -0.356783
  outer loop
    vertex 0.5274564457691824 8.540175403205479 16.34425597098537
    vertex 0.2949641969490105 8.910598795577016 16.71050741630931
    vertex 0.8333333333333262 8.471404520791044 16.71132486540519
  endloop
endfacet
facet normal 0.280273 0.758108 -0.588829
  outer loop
    vertex 0.5274564457691824 8.540175403205479 16.34425597098537
    vertex -0.0382746103351778 8.847710976312111 16.47092424470247
    vertex 0.2949641969490105 8.910598795577016 16.71050741630931
  endloop
endfacet
facet normal 0.594092 0.727606 -0.342993
  outer loop
    vertex 0.8333333333333262 8.471404520791044 16.71132486540519
    vertex 0.2949641969490105 8.910598795577016 16.71050741630931
    vertex 0.5773502691896045 8.81649658092774 17
  endloop
endfacet
facet normal 0.845334 -0.283161 0.453024
  outer loop
    vertex 0.8660254037844404 8 17.5
    vertex 0.6666666666666711 7.528595479208298 17.57735026918908
    vertex 0.8673233161542611 7.552457319412194 17.21784355466127
  endloop
endfacet
facet normal 0.678427 -0.653704 0.335272
  outer loop
    vertex 0.6666666666666711 7.528595479208298 17.57735026918908
    vertex 0.4893135798578946 7.151249811429963 17.20048775017187
    vertex 0.8673233161542611 7.552457319412194 17.21784355466127
  endloop
endfacet
facet normal 0.552099 -0.70464 0.445723
  outer loop
    vertex 0.6666666666666711 7.528595479208298 17.57735026918908
    vertex 0.2886751345944539 7.183503419071371 17.49999999999873
    vertex 0.4893135798578946 7.151249811429963 17.20048775017187
  endloop
endfacet
facet normal 0.718176 -0.682518 0.135621
  outer loop
    vertex 0.8673233161542611 7.552457319412194 17.21784355466127
    vertex 0.4893135798578946 7.151249811429963 17.20048775017187
    vertex 0.6258501510054518 7.230185592317992 16.87471086953908
  endloop
endfacet
facet normal 0.682741 0.695017 0.225425
  outer loop
    vertex 0.5773502691896045 8.81649658092774 17
    vertex 0.4563553643333719 8.842819871319911 17.2852971187244
    vertex 0.8333333333333276 8.471404520791044 17.28867513459481
  endloop
endfacet
facet normal 0.642237 0.65547 0.397354
  outer loop
    vertex 0.4563553643333719 8.842819871319911 17.2852971187244
    vertex 0.662918172167586 8.451181766682119 17.59747343909465
    vertex 0.8333333333333276 8.471404520791044 17.28867513459481
  endloop
endfacet
facet normal 0.542826 0.679613 0.493422
  outer loop
    vertex 0.4563553643333719 8.842819871319911 17.2852971187244
    vertex 0.2912185154773438 8.787619615656993 17.5429982663651
    vertex 0.662918172167586 8.451181766682119 17.59747343909465
  endloop
endfacet
facet normal 0.834758 0.272403 0.478514
  outer loop
    vertex 0.8333333333333276 8.471404520791044 17.28867513459481
    vertex 0.662918172167586 8.451181766682119 17.59747343909465
    vertex 0.8660254037844404 8 17.5
  endloop
endfacet
facet normal 0.29475 -0.908797 0.295314
  outer loop
    vertex 0.2886751345944539 7.183503419071371 17.49999999999873
    vertex 0.08989601833647748 7.030111979737139 17.22635355980818
    vertex 0.4893135798578946 7.151249811429963 17.20048775017187
  endloop
endfacet
facet normal 0.295252 -0.947806 0.120375
  outer loop
    vertex 0.08989601833647748 7.030111979737139 17.22635355980818
    vertex 0.2739896716400568 7.044655951945384 16.88933198438034
    vertex 0.4893135798578946 7.151249811429963 17.20048775017187
  endloop
endfacet
facet normal 0.0864519 -0.996247 0.00423074
  outer loop
    vertex 0.08989601833647748 7.030111979737139 17.22635355980818
    vertex -0.121281956353799 7.010491807261598 16.92148743051856
    vertex 0.2739896716400568 7.044655951945384 16.88933198438034
  endloop
endfacet
facet normal 0.465706 -0.884732 -0.0191884
  outer loop
    vertex 0.4893135798578946 7.151249811429963 17.20048775017187
    vertex 0.2739896716400568 7.044655951945384 16.88933198438034
    vertex 0.6258501510054518 7.230185592317992 16.87471086953908
  endloop
endfacet
facet normal 0.443831 -0.861242 -0.247539
  outer loop
    vertex 0.6258501510054518 7.230185592317992 16.87471086953908
    vertex 0.2739896716400568 7.044655951945384 16.88933198438034
    vertex 0.4314878168320505 7.228303928494181 16.53277046631447
  endloop
endfacet
facet normal 0.255617 -0.900792 -0.351046
  outer loop
    vertex 0.2739896716400568 7.044655951945384 16.88933198438034
    vertex 0.02674528658086584 7.104491467621777 16.55576002196616
    vertex 0.4314878168320505 7.228303928494181 16.53277046631447
  endloop
endfacet
facet normal 0.0658925 -0.972523 -0.223289
  outer loop
    vertex 0.2739896716400568 7.044655951945384 16.88933198438034
    vertex -0.121281956353799 7.010491807261598 16.92148743051856
    vertex 0.02674528658086584 7.104491467621777 16.55576002196616
  endloop
endfacet
facet normal 0.213891 -0.802604 -0.556846
  outer loop
    vertex 0.4314878168320505 7.228303928494181 16.53277046631447
    vertex 0.02674528658086584 7.104491467621777 16.55576002196616
    vertex 0.1703728084984518 7.345806345523768 16.26311210583469
  endloop
endfacet
facet normal -0.0888912 -0.839918 0.535384
  outer loop
    vertex 0.2886751345944539 7.183503419071371 17.49999999999873
    vertex -0.4540221026428152 7.249065775863474 17.4795432424008
    vertex 0.08989601833647748 7.030111979737139 17.22635355980818
  endloop
endfacet
facet normal -0.301923 -0.939192 0.163587
  outer loop
    vertex -0.4540221026428152 7.249065775863474 17.4795432424008
    vertex -0.6450077447127527 7.238935718660462 17.0688924446489
    vertex 0.08989601833647748 7.030111979737139 17.22635355980818
  endloop
endfacet
facet normal -0.753382 -0.547718 0.363895
  outer loop
    vertex -0.4540221026428152 7.249065775863474 17.4795432424008
    vertex -0.9441395399815231 7.732384922391869 17.19230886427898
    vertex -0.6450077447127527 7.238935718660462 17.0688924446489
  endloop
endfacet
facet normal -0.317213 -0.906668 0.27808
  outer loop
    vertex 0.08989601833647748 7.030111979737139 17.22635355980818
    vertex -0.6450077447127527 7.238935718660462 17.0688924446489
    vertex -0.121281956353799 7.010491807261598 16.92148743051856
  endloop
endfacet
facet normal -0.254558 -0.906776 -0.336092
  outer loop
    vertex -0.121281956353799 7.010491807261598 16.92148743051856
    vertex -0.5183201261475017 7.233158168852313 16.62145297143882
    vertex 0.02674528658086584 7.104491467621777 16.55576002196616
  endloop
endfacet
facet normal -0.253934 -0.792958 -0.553837
  outer loop
    vertex -0.5183201261475017 7.233158168852313 16.62145297143882
    vertex -0.3418175415991133 7.438653213117497 16.24630871498217
    vertex 0.02674528658086584 7.104491467621777 16.55576002196616
  endloop
endfacet
facet normal -0.588195 -0.559977 -0.583483
  outer loop
    vertex -0.5183201261475017 7.233158168852313 16.62145297143882
    vertex -0.7612926695220736 7.683760821395657 16.4339379422293
    vertex -0.3418175415991133 7.438653213117497 16.24630871498217
  endloop
endfacet
facet normal -0.112155 -0.738942 -0.664369
  outer loop
    vertex 0.02674528658086584 7.104491467621777 16.55576002196616
    vertex -0.3418175415991133 7.438653213117497 16.24630871498217
    vertex 0.1703728084984518 7.345806345523768 16.26311210583469
  endloop
endfacet
facet normal -0.959901 0.231701 -0.157814
  outer loop
    vertex -0.8834016391290513 8.462187656168204 16.92264294169342
    vertex -0.9281091048996514 8.082359445254211 16.63691542145144
    vertex -0.9924408011541589 8.105662060015943 17.06242423630032
  endloop
endfacet
facet normal -0.987321 -0.0626785 -0.145838
  outer loop
    vertex -0.9281091048996514 8.082359445254211 16.63691542145144
    vertex -0.9263898543979345 7.682850683604879 16.79697746731291
    vertex -0.9924408011541589 8.105662060015943 17.06242423630032
  endloop
endfacet
facet normal -0.897271 -0.167512 -0.408466
  outer loop
    vertex -0.9281091048996514 8.082359445254211 16.63691542145144
    vertex -0.7612926695220736 7.683760821395657 16.4339379422293
    vertex -0.9263898543979345 7.682850683604879 16.79697746731291
  endloop
endfacet
facet normal -0.990116 -0.137588 -0.0272149
  outer loop
    vertex -0.9924408011541589 8.105662060015943 17.06242423630032
    vertex -0.9263898543979345 7.682850683604879 16.79697746731291
    vertex -0.9441395399815231 7.732384922391869 17.19230886427898
  endloop
endfacet
facet normal -0.858227 0.0660582 0.509001
  outer loop
    vertex -0.9441395399815231 7.732384922391869 17.19230886427898
    vertex -0.8069254138357079 8.493252731699284 17.32492017354616
    vertex -0.9924408011541589 8.105662060015943 17.06242423630032
  endloop
endfacet
facet normal -0.856495 0.499092 -0.131622
  outer loop
    vertex -0.8069254138357079 8.493252731699284 17.32492017354616
    vertex -0.5958060134956787 8.79667125996388 17.10163708885025
    vertex -0.9924408011541589 8.105662060015943 17.06242423630032
  endloop
endfacet
facet normal -0.456378 0.711117 0.534818
  outer loop
    vertex -0.8069254138357079 8.493252731699284 17.32492017354616
    vertex -0.1731832107476061 8.950605710369524 17.2575972805136
    vertex -0.5958060134956787 8.79667125996388 17.10163708885025
  endloop
endfacet
facet normal -0.778812 0.420627 0.465322
  outer loop
    vertex -0.9924408011541589 8.105662060015943 17.06242423630032
    vertex -0.5958060134956787 8.79667125996388 17.10163708885025
    vertex -0.8834016391290513 8.462187656168204 16.92264294169342
  endloop
endfacet
facet normal -0.764161 0.442784 -0.469042
  outer loop
    vertex -0.8834016391290513 8.462187656168204 16.92264294169342
    vertex -0.5381660193799951 8.764848755995409 16.64590436879712
    vertex -0.9281091048996514 8.082359445254211 16.63691542145144
  endloop
endfacet
facet normal -0.780336 0.451547 -0.432644
  outer loop
    vertex -0.5381660193799951 8.764848755995409 16.64590436879712
    vertex -0.549003047394781 8.364921932020579 16.2480507746652
    vertex -0.9281091048996514 8.082359445254211 16.63691542145144
  endloop
endfacet
facet normal -0.342167 0.66734 -0.661498
  outer loop
    vertex -0.5381660193799951 8.764848755995409 16.64590436879712
    vertex -0.0382746103351778 8.847710976312111 16.47092424470247
    vertex -0.549003047394781 8.364921932020579 16.2480507746652
  endloop
endfacet
facet normal -0.730339 0.0415494 -0.68182
  outer loop
    vertex -0.9281091048996514 8.082359445254211 16.63691542145144
    vertex -0.549003047394781 8.364921932020579 16.2480507746652
    vertex -0.7612926695220736 7.683760821395657 16.4339379422293
  endloop
endfacet
facet normal -0.713216 0.687188 -0.13819
  outer loop
    vertex -0.8834016391290513 8.462187656168204 16.92264294169342
    vertex -0.5958060134956787 8.79667125996388 17.10163708885025
    vertex -0.5381660193799951 8.764848755995409 16.64590436879712
  endloop
endfacet
facet normal -0.409388 0.905086 -0.114978
  outer loop
    vertex -0.5958060134956787 8.79667125996388 17.10163708885025
    vertex -0.1154911126076789 8.982179774209007 16.85172763560465
    vertex -0.5381660193799951 8.764848755995409 16.64590436879712
  endloop
endfacet
facet normal -0.349682 0.936582 0.0231548
  outer loop
    vertex -0.5958060134956787 8.79667125996388 17.10163708885025
    vertex -0.1731832107476061 8.950605710369524 17.2575972805136
    vertex -0.1154911126076789 8.982179774209007 16.85172763560465
  endloop
endfacet
facet normal -0.276354 0.887251 -0.369342
  outer loop
    vertex -0.5381660193799951 8.764848755995409 16.64590436879712
    vertex -0.1154911126076789 8.982179774209007 16.85172763560465
    vertex -0.0382746103351778 8.847710976312111 16.47092424470247
  endloop
endfacet
facet normal 0.0537376 0.944947 -0.322782
  outer loop
    vertex -0.0382746103351778 8.847710976312111 16.47092424470247
    vertex -0.1154911126076789 8.982179774209007 16.85172763560465
    vertex 0.2949641969490105 8.910598795577016 16.71050741630931
  endloop
endfacet
facet normal 0.137 0.98538 -0.101276
  outer loop
    vertex -0.1154911126076789 8.982179774209007 16.85172763560465
    vertex 0.2207423826644151 8.965131526790881 17.14069092540011
    vertex 0.2949641969490105 8.910598795577016 16.71050741630931
  endloop
endfacet
facet normal -0.0143521 0.997041 0.0755233
  outer loop
    vertex -0.1154911126076789 8.982179774209007 16.85172763560465
    vertex -0.1731832107476061 8.950605710369524 17.2575972805136
    vertex 0.2207423826644151 8.965131526790881 17.14069092540011
  endloop
endfacet
facet normal 0.365687 0.92913 -0.0546883
  outer loop
    vertex 0.2949641969490105 8.910598795577016 16.71050741630931
    vertex 0.2207423826644151 8.965131526790881 17.14069092540011
    vertex 0.5773502691896045 8.81649658092774 17
  endloop
endfacet
facet normal 0.0304266 0.974212 0.223573
  outer loop
    vertex -0.1731832107476061 8.950605710369524 17.2575972805136
    vertex 0.06156100407096751 8.90656686672507 17.41754851087516
    vertex 0.2207423826644151 8.965131526790881 17.14069092540011
  endloop
endfacet
facet normal 0.259996 0.903539 0.340615
  outer loop
    vertex 0.06156100407096751 8.90656686672507 17.41754851087516
    vertex 0.4563553643333719 8.842819871319911 17.2852971187244
    vertex 0.2207423826644151 8.965131526790881 17.14069092540011
  endloop
endfacet
facet normal 0.265428 0.893778 0.361538
  outer loop
    vertex 0.06156100407096751 8.90656686672507 17.41754851087516
    vertex 0.2912185154773438 8.787619615656993 17.5429982663651
    vertex 0.4563553643333719 8.842819871319911 17.2852971187244
  endloop
endfacet
facet normal 0.413772 0.905729 0.091913
  outer loop
    vertex 0.2207423826644151 8.965131526790881 17.14069092540011
    vertex 0.4563553643333719 8.842819871319911 17.2852971187244
    vertex 0.5773502691896045 8.81649658092774 17
  endloop
endfacet
facet normal -0.851781 -0.523185 0.0273106
  outer loop
    vertex -0.9441395399815231 7.732384922391869 17.19230886427898
    vertex -0.9263898543979345 7.682850683604879 16.79697746731291
    vertex -0.6450077447127527 7.238935718660462 17.0688924446489
  endloop
endfacet
facet normal -0.76339 -0.611447 -0.20825
  outer loop
    vertex -0.9263898543979345 7.682850683604879 16.79697746731291
    vertex -0.5183201261475017 7.233158168852313 16.62145297143882
    vertex -0.6450077447127527 7.238935718660462 17.0688924446489
  endloop
endfacet
facet normal -0.758045 -0.552785 -0.346117
  outer loop
    vertex -0.9263898543979345 7.682850683604879 16.79697746731291
    vertex -0.7612926695220736 7.683760821395657 16.4339379422293
    vertex -0.5183201261475017 7.233158168852313 16.62145297143882
  endloop
endfacet
facet normal -0.422876 -0.899715 -0.108115
  outer loop
    vertex -0.6450077447127527 7.238935718660462 17.0688924446489
    vertex -0.5183201261475017 7.233158168852313 16.62145297143882
    vertex -0.121281956353799 7.010491807261598 16.92148743051856
  endloop
endfacet
facet normal -0.833568 0.0545141 0.549721
  outer loop
    vertex -0.9441395399815231 7.732384922391869 17.19230886427898
    vertex -0.5869591143802418 8.467470630707059 17.6610220930289
    vertex -0.8069254138357079 8.493252731699284 17.32492017354616
  endloop
endfacet
facet normal -0.432928 0.831901 0.34715
  outer loop
    vertex -0.5869591143802418 8.467470630707059 17.6610220930289
    vertex 0.06156100407096751 8.90656686672507 17.41754851087516
    vertex -0.8069254138357079 8.493252731699284 17.32492017354616
  endloop
endfacet
facet normal -0.115449 0.606642 0.786547
  outer loop
    vertex -0.5869591143802418 8.467470630707059 17.6610220930289
    vertex 0.2912185154773438 8.787619615656993 17.5429982663651
    vertex 0.06156100407096751 8.90656686672507 17.41754851087516
  endloop
endfacet
facet normal -0.365125 0.609527 0.703676
  outer loop
    vertex -0.8069254138357079 8.493252731699284 17.32492017354616
    vertex 0.06156100407096751 8.90656686672507 17.41754851087516
    vertex -0.1731832107476061 8.950605710369524 17.2575972805136
  endloop
endfacet
facet normal 0.55492 0.0483508 0.830497
  outer loop
    vertex 4.242640687119275 -1.039147267482589e-15 34.2426406871193
    vertex 2.588714912608741 1.201327913422684 35.27781833200695
    vertex 2.296100594190533 -5.623824486391543e-16 35.54327719506772
  endloop
endfacet
facet normal 0.247693 0.151132 0.956978
  outer loop
    vertex 2.588714912608741 1.201327913422684 35.27781833200695
    vertex 0.2840836342760845 1.135546081642361 35.88471168241939
    vertex 2.296100594190533 -5.623824486391543e-16 35.54327719506772
  endloop
endfacet
facet normal 0.241323 0.234118 0.941781
  outer loop
    vertex 2.588714912608741 1.201327913422684 35.27781833200695
    vertex 0.5572500938028773 2.227453764188787 35.54327719506772
    vertex 0.2840836342760845 1.135546081642361 35.88471168241939
  endloop
endfacet
facet normal 0.194839 0.0507042 0.979524
  outer loop
    vertex 2.296100594190533 -5.623824486391543e-16 35.54327719506772
    vertex 0.2840836342760845 1.135546081642361 35.88471168241939
    vertex 3.673940397442059e-16 -8.998558695971146e-32 36
  endloop
endfacet
facet normal 0.192282 -0.169066 0.966667
  outer loop
    vertex 3.673940397442059e-16 -8.998558695971146e-32 36
    vertex 1.579804173884292 -2.404517092153798 35.26521759528683
    vertex 2.296100594190533 -5.623824486391543e-16 35.54327719506772
  endloop
endfacet
facet normal 0.477566 -0.240002 0.84518
  outer loop
    vertex 1.579804173884292 -2.404517092153798 35.26521759528683
    vertex 3.794890040096496 -2.282838395190483 34.04814259198222
    vertex 2.296100594190533 -5.623824486391543e-16 35.54327719506772
  endloop
endfacet
facet normal 0.430222 -0.531179 0.729902
  outer loop
    vertex 1.579804173884292 -2.404517092153798 35.26521759528683
    vertex 2.772670911147716 -4.220101900592033 33.24083877523934
    vertex 3.794890040096496 -2.282838395190483 34.04814259198222
  endloop
endfacet
facet normal 0.546801 -0.176971 0.818346
  outer loop
    vertex 2.296100594190533 -5.623824486391543e-16 35.54327719506772
    vertex 3.794890040096496 -2.282838395190483 34.04814259198222
    vertex 4.242640687119275 -1.039147267482589e-15 34.2426406871193
  endloop
endfacet
facet normal -0.363624 0.359671 0.85931
  outer loop
    vertex 0.5572500938028773 2.227453764188787 35.54327719506772
    vertex -1.72501342733457 -0.5113824486970553 35.72388125896057
    vertex 0.2840836342760845 1.135546081642361 35.88471168241939
  endloop
endfacet
facet normal 0.122664 -0.243591 0.96209
  outer loop
    vertex -1.72501342733457 -0.5113824486970553 35.72388125896057
    vertex -1.871854298516494 -1.691385396282008 35.44383843683566
    vertex 0.2840836342760845 1.135546081642361 35.88471168241939
  endloop
endfacet
facet normal -0.672288 -0.0907045 0.734712
  outer loop
    vertex -1.72501342733457 -0.5113824486970553 35.72388125896057
    vertex -3.396690792806712 -3.069209610594169 33.87845897545643
    vertex -1.871854298516494 -1.691385396282008 35.44383843683566
  endloop
endfacet
facet normal -0.439975 0.198976 0.875689
  outer loop
    vertex 0.2840836342760845 1.135546081642361 35.88471168241939
    vertex -1.871854298516494 -1.691385396282008 35.44383843683566
    vertex 3.673940397442059e-16 -8.998558695971146e-32 36
  endloop
endfacet
facet normal -0.299951 -0.551988 0.778035
  outer loop
    vertex -3.396690792806712 -3.069209610594169 33.87845897545643
    vertex -0.3667747510838574 -4.284375375957969 34.1844478632016
    vertex -1.871854298516494 -1.691385396282008 35.44383843683566
  endloop
endfacet
facet normal -0.0489777 -0.459222 0.88697
  outer loop
    vertex -0.3667747510838574 -4.284375375957969 34.1844478632016
    vertex 1.579804173884292 -2.404517092153798 35.26521759528683
    vertex -1.871854298516494 -1.691385396282008 35.44383843683566
  endloop
endfacet
facet normal 0.230202 -0.653127 0.72141
  outer loop
    vertex -0.3667747510838574 -4.284375375957969 34.1844478632016
    vertex 2.772670911147716 -4.220101900592033 33.24083877523934
    vertex 1.579804173884292 -2.404517092153798 35.26521759528683
  endloop
endfacet
facet normal -0.0125675 -0.299763 0.953931
  outer loop
    vertex -1.871854298516494 -1.691385396282008 35.44383843683566
    vertex 1.579804173884292 -2.404517092153798 35.26521759528683
    vertex 3.673940397442059e-16 -8.998558695971146e-32 36
  endloop
endfacet
facet normal 0.54659 -0.179067 -0.81803
  outer loop
    vertex 4.242640687119288 -1.039147267482593e-15 25.75735931288072
    vertex 2.463833021199612 -2.437986116192699 25.10247505969617
    vertex 2.29610059419054 -5.623824486391561e-16 24.45672280493228
  endloop
endfacet
facet normal 0.235951 -0.233611 -0.943267
  outer loop
    vertex 2.463833021199612 -2.437986116192699 25.10247505969617
    vertex 0.01748533590130476 -2.287945719533012 24.45337952916382
    vertex 2.29610059419054 -5.623824486391561e-16 24.45672280493228
  endloop
endfacet
facet normal 0.184011 -0.54333 -0.819105
  outer loop
    vertex 2.463833021199612 -2.437986116192699 25.10247505969617
    vertex 0.03232817401654126 -4.230122188041273 25.74500045083367
    vertex 0.01748533590130476 -2.287945719533012 24.45337952916382
  endloop
endfacet
facet normal 0.19156 -0.189372 -0.963038
  outer loop
    vertex 2.29610059419054 -5.623824486391561e-16 24.45672280493228
    vertex 0.01748533590130476 -2.287945719533012 24.45337952916382
    vertex 3.673940397442059e-16 -8.998558695971146e-32 24
  endloop
endfacet
facet normal 0.191397 0.193672 -0.962215
  outer loop
    vertex 3.673940397442059e-16 -8.998558695971146e-32 24
    vertex 0.4315479995882714 2.597566380323941 24.60867222069905
    vertex 2.29610059419054 -5.623824486391561e-16 24.45672280493228
  endloop
endfacet
facet normal 0.309179 0.275182 -0.91032
  outer loop
    vertex 0.4315479995882714 2.597566380323941 24.60867222069905
    vertex 2.872339193427476 2.67196435919368 25.46014603526731
    vertex 2.29610059419054 -5.623824486391561e-16 24.45672280493228
  endloop
endfacet
facet normal 0.24989 0.589866 -0.767863
  outer loop
    vertex 0.4315479995882714 2.597566380323941 24.60867222069905
    vertex 0.7755389060940012 4.668110594939561 26.31119492537929
    vertex 2.872339193427476 2.67196435919368 25.46014603526731
  endloop
endfacet
facet normal 0.545561 0.188966 -0.816489
  outer loop
    vertex 2.29610059419054 -5.623824486391561e-16 24.45672280493228
    vertex 2.872339193427476 2.67196435919368 25.46014603526731
    vertex 4.242640687119288 -1.039147267482593e-15 25.75735931288072
  endloop
endfacet
facet normal -0.079805 -0.552417 -0.829739
  outer loop
    vertex 0.03232817401654126 -4.230122188041273 25.74500045083367
    vertex -1.640286591067073 -2.795829368287501 24.95096068121997
    vertex 0.01748533590130476 -2.287945719533012 24.45337952916382
  endloop
endfacet
facet normal -0.193816 -0.286583 -0.938246
  outer loop
    vertex -1.640286591067073 -2.795829368287501 24.95096068121997
    vertex -1.594248239603225 -0.4869374129981458 24.23621092454411
    vertex 0.01748533590130476 -2.287945719533012 24.45337952916382
  endloop
endfacet
facet normal -0.339919 -0.271918 -0.900286
  outer loop
    vertex -1.640286591067073 -2.795829368287501 24.95096068121997
    vertex -3.062970195663286 -0.9355348471564892 24.92624516455177
    vertex -1.594248239603225 -0.4869374129981458 24.23621092454411
  endloop
endfacet
facet normal -0.0854433 -0.194298 -0.977214
  outer loop
    vertex 0.01748533590130476 -2.287945719533012 24.45337952916382
    vertex -1.594248239603225 -0.4869374129981458 24.23621092454411
    vertex 3.673940397442059e-16 -8.998558695971146e-32 24
  endloop
endfacet
facet normal -0.458819 0.156938 -0.87456
  outer loop
    vertex -3.062970195663286 -0.9355348471564892 24.92624516455177
    vertex -1.401147284178881 2.286358674836078 24.63256576211315
    vertex -1.594248239603225 -0.4869374129981458 24.23621092454411
  endloop
endfacet
facet normal -0.0373329 0.143929 -0.988884
  outer loop
    vertex -1.401147284178881 2.286358674836078 24.63256576211315
    vertex 0.4315479995882714 2.597566380323941 24.60867222069905
    vertex -1.594248239603225 -0.4869374129981458 24.23621092454411
  endloop
endfacet
facet normal -0.118944 0.642329 -0.757144
  outer loop
    vertex -1.401147284178881 2.286358674836078 24.63256576211315
    vertex 0.7755389060940012 4.668110594939561 26.31119492537929
    vertex 0.4315479995882714 2.597566380323941 24.60867222069905
  endloop
endfacet
facet normal -0.217953 0.256839 -0.941557
  outer loop
    vertex -1.594248239603225 -0.4869374129981458 24.23621092454411
    vertex 0.4315479995882714 2.597566380323941 24.60867222069905
    vertex 3.673940397442059e-16 -8.998558695971146e-32 24
  endloop
endfacet
facet normal 0.824537 0.128866 -0.550938
  outer loop
    vertex 4.242640687119288 -1.039147267482593e-15 25.75735931288072
    vertex 4.414979420253924 2.057662215635208 26.49657554311763
    vertex 5.543277195067725 -1.357711334745242e-15 27.70389940580947
  endloop
endfacet
facet normal 0.876932 0.234803 -0.419354
  outer loop
    vertex 4.414979420253924 2.057662215635208 26.49657554311763
    vertex 5.47651725163385 2.103741014372998 28.74221125104345
    vertex 5.543277195067725 -1.357711334745242e-15 27.70389940580947
  endloop
endfacet
facet normal 0.80308 0.451473 -0.388889
  outer loop
    vertex 4.414979420253924 2.057662215635208 26.49657554311763
    vertex 3.997413735814383 3.840391319394471 27.70389940580947
    vertex 5.47651725163385 2.103741014372998 28.74221125104345
  endloop
endfacet
facet normal 0.97292 0.12639 -0.193526
  outer loop
    vertex 5.543277195067725 -1.357711334745242e-15 27.70389940580947
    vertex 5.47651725163385 2.103741014372998 28.74221125104345
    vertex 6 -1.469576158976824e-15 30.00000000000002
  endloop
endfacet
facet normal 0.968516 -0.15768 -0.19265
  outer loop
    vertex 6 -1.469576158976824e-15 30.00000000000002
    vertex 5.451872624726549 -2.368416978333619 29.18287950674439
    vertex 5.543277195067725 -1.357711334745242e-15 27.70389940580947
  endloop
endfacet
facet normal 0.896475 -0.259069 -0.359466
  outer loop
    vertex 5.451872624726549 -2.368416978333619 29.18287950674439
    vertex 4.506395144247839 -2.379794206803673 26.83314314545744
    vertex 5.543277195067725 -1.357711334745242e-15 27.70389940580947
  endloop
endfacet
facet normal 0.791804 -0.522632 -0.316073
  outer loop
    vertex 5.451872624726549 -2.368416978333619 29.18287950674439
    vertex 3.907638372080916 -4.304102562704875 28.51505438390555
    vertex 4.506395144247839 -2.379794206803673 26.83314314545744
  endloop
endfacet
facet normal 0.821156 -0.15702 -0.548679
  outer loop
    vertex 5.543277195067725 -1.357711334745242e-15 27.70389940580947
    vertex 4.506395144247839 -2.379794206803673 26.83314314545744
    vertex 4.242640687119288 -1.039147267482593e-15 25.75735931288072
  endloop
endfacet
facet normal 0.603441 0.224356 -0.765195
  outer loop
    vertex 4.242640687119288 -1.039147267482593e-15 25.75735931288072
    vertex 2.872339193427476 2.67196435919368 25.46014603526731
    vertex 4.414979420253924 2.057662215635208 26.49657554311763
  endloop
endfacet
facet normal 0.603089 0.565758 -0.562318
  outer loop
    vertex 2.872339193427476 2.67196435919368 25.46014603526731
    vertex 2.502138726359591 4.460436492964586 26.8625156436595
    vertex 4.414979420253924 2.057662215635208 26.49657554311763
  endloop
endfacet
facet normal 0.304533 0.625973 -0.717926
  outer loop
    vertex 2.872339193427476 2.67196435919368 25.46014603526731
    vertex 0.7755389060940012 4.668110594939561 26.31119492537929
    vertex 2.502138726359591 4.460436492964586 26.8625156436595
  endloop
endfacet
facet normal 0.571143 0.54779 -0.611328
  outer loop
    vertex 4.414979420253924 2.057662215635208 26.49657554311763
    vertex 2.502138726359591 4.460436492964586 26.8625156436595
    vertex 3.997413735814383 3.840391319394471 27.70389940580947
  endloop
endfacet
facet normal 0.593724 -0.626306 -0.505205
  outer loop
    vertex 3.907638372080916 -4.304102562704875 28.51505438390555
    vertex 2.146384278337119 -4.649208468772603 26.87303739331594
    vertex 4.506395144247839 -2.379794206803673 26.83314314545744
  endloop
endfacet
facet normal 0.539655 -0.572057 -0.617675
  outer loop
    vertex 2.146384278337119 -4.649208468772603 26.87303739331594
    vertex 2.463833021199612 -2.437986116192699 25.10247505969617
    vertex 4.506395144247839 -2.379794206803673 26.83314314545744
  endloop
endfacet
facet normal 0.267214 -0.625392 -0.733131
  outer loop
    vertex 2.146384278337119 -4.649208468772603 26.87303739331594
    vertex 0.03232817401654126 -4.230122188041273 25.74500045083367
    vertex 2.463833021199612 -2.437986116192699 25.10247505969617
  endloop
endfacet
facet normal 0.628271 -0.261585 -0.7327
  outer loop
    vertex 4.506395144247839 -2.379794206803673 26.83314314545744
    vertex 2.463833021199612 -2.437986116192699 25.10247505969617
    vertex 4.242640687119288 -1.039147267482593e-15 25.75735931288072
  endloop
endfacet
facet normal 0.969836 0.149006 0.192912
  outer loop
    vertex 6 -1.469576158976824e-15 30.00000000000002
    vertex 5.38222004712125 2.29003232133349 31.33695898651158
    vertex 5.543277195067714 -1.357711334745239e-15 32.29610059419056
  endloop
endfacet
facet normal 0.865853 0.243859 0.436842
  outer loop
    vertex 5.38222004712125 2.29003232133349 31.33695898651158
    vertex 4.266717823735767 2.219310191329401 33.58744774000639
    vertex 5.543277195067714 -1.357711334745239e-15 32.29610059419056
  endloop
endfacet
facet normal 0.770111 0.498999 0.397403
  outer loop
    vertex 5.38222004712125 2.29003232133349 31.33695898651158
    vertex 3.656097545211297 4.108485956145579 32.3986024864605
    vertex 4.266717823735767 2.219310191329401 33.58744774000639
  endloop
endfacet
facet normal 0.821658 0.153168 0.549015
  outer loop
    vertex 5.543277195067714 -1.357711334745239e-15 32.29610059419056
    vertex 4.266717823735767 2.219310191329401 33.58744774000639
    vertex 4.242640687119275 -1.039147267482589e-15 34.2426406871193
  endloop
endfacet
facet normal 0.813652 -0.205908 0.543665
  outer loop
    vertex 4.242640687119275 -1.039147267482589e-15 34.2426406871193
    vertex 3.794890040096496 -2.282838395190483 34.04814259198222
    vertex 5.543277195067714 -1.357711334745239e-15 32.29610059419056
  endloop
endfacet
facet normal 0.819748 -0.222946 0.527549
  outer loop
    vertex 3.794890040096496 -2.282838395190483 34.04814259198222
    vertex 5.130108452405572 -2.467843676060984 31.8951872881282
    vertex 5.543277195067714 -1.357711334745239e-15 32.29610059419056
  endloop
endfacet
facet normal 0.683403 -0.557179 0.471711
  outer loop
    vertex 3.794890040096496 -2.282838395190483 34.04814259198222
    vertex 2.772670911147716 -4.220101900592033 33.24083877523934
    vertex 5.130108452405572 -2.467843676060984 31.8951872881282
  endloop
endfacet
facet normal 0.962491 -0.192243 0.191451
  outer loop
    vertex 5.543277195067714 -1.357711334745239e-15 32.29610059419056
    vertex 5.130108452405572 -2.467843676060984 31.8951872881282
    vertex 6 -1.469576158976824e-15 30.00000000000002
  endloop
endfacet
facet normal 0.798571 0.576294 -0.173694
  outer loop
    vertex 3.997413735814383 3.840391319394471 27.70389940580947
    vertex 4.161398848234449 4.321996469933517 30.05573275334311
    vertex 5.47651725163385 2.103741014372998 28.74221125104345
  endloop
endfacet
facet normal 0.858723 0.512409 -0.00558133
  outer loop
    vertex 4.161398848234449 4.321996469933517 30.05573275334311
    vertex 5.38222004712125 2.29003232133349 31.33695898651158
    vertex 5.47651725163385 2.103741014372998 28.74221125104345
  endloop
endfacet
facet normal 0.768457 0.600717 0.220482
  outer loop
    vertex 4.161398848234449 4.321996469933517 30.05573275334311
    vertex 3.656097545211297 4.108485956145579 32.3986024864605
    vertex 5.38222004712125 2.29003232133349 31.33695898651158
  endloop
endfacet
facet normal 0.967815 0.251077 0.0171457
  outer loop
    vertex 5.47651725163385 2.103741014372998 28.74221125104345
    vertex 5.38222004712125 2.29003232133349 31.33695898651158
    vertex 6 -1.469576158976824e-15 30.00000000000002
  endloop
endfacet
facet normal 0.681902 -0.62262 0.383867
  outer loop
    vertex 2.772670911147716 -4.220101900592033 33.24083877523934
    vertex 3.653301578975948 -4.6616838090804 30.96025602690611
    vertex 5.130108452405572 -2.467843676060984 31.8951872881282
  endloop
endfacet
facet normal 0.812087 -0.578681 0.0751257
  outer loop
    vertex 3.653301578975948 -4.6616838090804 30.96025602690611
    vertex 5.451872624726549 -2.368416978333619 29.18287950674439
    vertex 5.130108452405572 -2.467843676060984 31.8951872881282
  endloop
endfacet
facet normal 0.783267 -0.621614 -0.00943226
  outer loop
    vertex 3.653301578975948 -4.6616838090804 30.96025602690611
    vertex 3.907638372080916 -4.304102562704875 28.51505438390555
    vertex 5.451872624726549 -2.368416978333619 29.18287950674439
  endloop
endfacet
facet normal 0.960398 -0.258308 0.104464
  outer loop
    vertex 5.130108452405572 -2.467843676060984 31.8951872881282
    vertex 5.451872624726549 -2.368416978333619 29.18287950674439
    vertex 6 -1.469576158976824e-15 30.00000000000002
  endloop
endfacet
facet normal 0.625446 0.214678 0.750154
  outer loop
    vertex 4.242640687119275 -1.039147267482589e-15 34.2426406871193
    vertex 4.266717823735767 2.219310191329401 33.58744774000639
    vertex 2.588714912608741 1.201327913422684 35.27781833200695
  endloop
endfacet
facet normal 0.528461 0.38517 0.756553
  outer loop
    vertex 4.266717823735767 2.219310191329401 33.58744774000639
    vertex 2.298475682074421 3.456397292126922 34.33247357728702
    vertex 2.588714912608741 1.201327913422684 35.27781833200695
  endloop
endfacet
facet normal 0.577089 0.560382 0.594087
  outer loop
    vertex 4.266717823735767 2.219310191329401 33.58744774000639
    vertex 3.656097545211297 4.108485956145579 32.3986024864605
    vertex 2.298475682074421 3.456397292126922 34.33247357728702
  endloop
endfacet
facet normal 0.315015 0.401127 0.860152
  outer loop
    vertex 2.588714912608741 1.201327913422684 35.27781833200695
    vertex 2.298475682074421 3.456397292126922 34.33247357728702
    vertex 0.5572500938028773 2.227453764188787 35.54327719506772
  endloop
endfacet
facet normal 0.41075 0.736939 0.536847
  outer loop
    vertex 3.656097545211297 4.108485956145579 32.3986024864605
    vertex 1.743491547869045 5.280496262047569 32.2531303666257
    vertex 2.298475682074421 3.456397292126922 34.33247357728702
  endloop
endfacet
facet normal 0.254871 0.759619 0.598348
  outer loop
    vertex 1.743491547869045 5.280496262047569 32.2531303666257
    vertex 0.07961151647316284 4.406616458621562 34.07128891053563
    vertex 2.298475682074421 3.456397292126922 34.33247357728702
  endloop
endfacet
facet normal 0.0706445 0.872269 0.483897
  outer loop
    vertex 1.743491547869045 5.280496262047569 32.2531303666257
    vertex -0.4138247238505093 5.711354888313747 31.79141687992067
    vertex 0.07961151647316284 4.406616458621562 34.07128891053563
  endloop
endfacet
facet normal 0.152081 0.575911 0.803242
  outer loop
    vertex 2.298475682074421 3.456397292126922 34.33247357728702
    vertex 0.07961151647316284 4.406616458621562 34.07128891053563
    vertex 0.5572500938028773 2.227453764188787 35.54327719506772
  endloop
endfacet
facet normal -0.155616 0.842454 0.515805
  outer loop
    vertex -0.4138247238505093 5.711354888313747 31.79141687992067
    vertex -2.340113495937514 4.435950601298097 33.29335863351901
    vertex 0.07961151647316284 4.406616458621562 34.07128891053563
  endloop
endfacet
facet normal -0.230213 0.632094 0.739904
  outer loop
    vertex -2.340113495937514 4.435950601298097 33.29335863351901
    vertex -1.738437701527637 2.407086888089187 35.21380543088218
    vertex 0.07961151647316284 4.406616458621562 34.07128891053563
  endloop
endfacet
facet normal -0.439398 0.545354 0.713805
  outer loop
    vertex -2.340113495937514 4.435950601298097 33.29335863351901
    vertex -3.772828548207243 2.224921335831896 34.10066943256737
    vertex -1.738437701527637 2.407086888089187 35.21380543088218
  endloop
endfacet
facet normal -0.076927 0.546456 0.833947
  outer loop
    vertex 0.07961151647316284 4.406616458621562 34.07128891053563
    vertex -1.738437701527637 2.407086888089187 35.21380543088218
    vertex 0.5572500938028773 2.227453764188787 35.54327719506772
  endloop
endfacet
facet normal -0.484868 0.151844 0.861305
  outer loop
    vertex -3.772828548207243 2.224921335831896 34.10066943256737
    vertex -3.997809005746398 -0.4707851541709276 34.44925662242416
    vertex -1.738437701527637 2.407086888089187 35.21380543088218
  endloop
endfacet
facet normal -0.481684 0.148726 0.863632
  outer loop
    vertex -3.997809005746398 -0.4707851541709276 34.44925662242416
    vertex -1.72501342733457 -0.5113824486970553 35.72388125896057
    vertex -1.738437701527637 2.407086888089187 35.21380543088218
  endloop
endfacet
facet normal -0.471804 -0.291908 0.83198
  outer loop
    vertex -3.997809005746398 -0.4707851541709276 34.44925662242416
    vertex -3.396690792806712 -3.069209610594169 33.87845897545643
    vertex -1.72501342733457 -0.5113824486970553 35.72388125896057
  endloop
endfacet
facet normal -0.126927 0.170206 0.9772
  outer loop
    vertex -1.738437701527637 2.407086888089187 35.21380543088218
    vertex -1.72501342733457 -0.5113824486970553 35.72388125896057
    vertex 0.5572500938028773 2.227453764188787 35.54327719506772
  endloop
endfacet
facet normal 0.692197 0.696031 -0.190797
  outer loop
    vertex 3.997413735814383 3.840391319394471 27.70389940580947
    vertex 3.209038816817889 4.931257720264036 28.82323869519244
    vertex 4.161398848234449 4.321996469933517 30.05573275334311
  endloop
endfacet
facet normal 0.531676 0.846912 0.00782418
  outer loop
    vertex 3.209038816817889 4.931257720264036 28.82323869519244
    vertex 3.008772914556793 5.034416710820199 31.2656752863368
    vertex 4.161398848234449 4.321996469933517 30.05573275334311
  endloop
endfacet
facet normal 0.541637 0.840566 0.00890891
  outer loop
    vertex 3.209038816817889 4.931257720264036 28.82323869519244
    vertex 2.147499374606992 5.602358346739192 30.04274799158195
    vertex 3.008772914556793 5.034416710820199 31.2656752863368
  endloop
endfacet
facet normal 0.663195 0.718806 0.208542
  outer loop
    vertex 4.161398848234449 4.321996469933517 30.05573275334311
    vertex 3.008772914556793 5.034416710820199 31.2656752863368
    vertex 3.656097545211297 4.108485956145579 32.3986024864605
  endloop
endfacet
facet normal 0.516453 0.78678 -0.338014
  outer loop
    vertex 3.997413735814383 3.840391319394471 27.70389940580947
    vertex 2.502138726359591 4.460436492964586 26.8625156436595
    vertex 1.934759006339806 5.184907934053385 27.68193242057587
  endloop
endfacet
facet normal 0.212026 0.800344 -0.560798
  outer loop
    vertex 2.502138726359591 4.460436492964586 26.8625156436595
    vertex 0.1640763909926859 5.263904036433637 27.12521422830562
    vertex 1.934759006339806 5.184907934053385 27.68193242057587
  endloop
endfacet
facet normal 0.245792 0.860895 -0.445473
  outer loop
    vertex 2.502138726359591 4.460436492964586 26.8625156436595
    vertex 0.7755389060940012 4.668110594939561 26.31119492537929
    vertex 0.1640763909926859 5.263904036433637 27.12521422830562
  endloop
endfacet
facet normal 0.138484 0.94163 -0.306846
  outer loop
    vertex 1.934759006339806 5.184907934053385 27.68193242057587
    vertex 0.1640763909926859 5.263904036433637 27.12521422830562
    vertex -0.4537280579059452 5.65623535450757 28.050350681818
  endloop
endfacet
facet normal 0.126039 0.922967 -0.363656
  outer loop
    vertex -0.4537280579059452 5.65623535450757 28.050350681818
    vertex 0.8803480016850697 5.851722938596732 29.00887637207564
    vertex 1.934759006339806 5.184907934053385 27.68193242057587
  endloop
endfacet
facet normal 0.348481 0.918906 -0.18486
  outer loop
    vertex 0.8803480016850697 5.851722938596732 29.00887637207564
    vertex 3.209038816817889 4.931257720264036 28.82323869519244
    vertex 1.934759006339806 5.184907934053385 27.68193242057587
  endloop
endfacet
facet normal 0.345903 0.916045 -0.203007
  outer loop
    vertex 0.8803480016850697 5.851722938596732 29.00887637207564
    vertex 2.147499374606992 5.602358346739192 30.04274799158195
    vertex 3.209038816817889 4.931257720264036 28.82323869519244
  endloop
endfacet
facet normal 0.50504 0.768371 -0.393115
  outer loop
    vertex 1.934759006339806 5.184907934053385 27.68193242057587
    vertex 3.209038816817889 4.931257720264036 28.82323869519244
    vertex 3.997413735814383 3.840391319394471 27.70389940580947
  endloop
endfacet
facet normal 0.459425 0.798118 0.389791
  outer loop
    vertex 3.656097545211297 4.108485956145579 32.3986024864605
    vertex 3.008772914556793 5.034416710820199 31.2656752863368
    vertex 1.743491547869045 5.280496262047569 32.2531303666257
  endloop
endfacet
facet normal 0.330527 0.923787 0.19331
  outer loop
    vertex 3.008772914556793 5.034416710820199 31.2656752863368
    vertex 0.8973623814504851 5.856058775056187 30.94937683742808
    vertex 1.743491547869045 5.280496262047569 32.2531303666257
  endloop
endfacet
facet normal 0.32988 0.923348 0.196488
  outer loop
    vertex 3.008772914556793 5.034416710820199 31.2656752863368
    vertex 2.147499374606992 5.602358346739192 30.04274799158195
    vertex 0.8973623814504851 5.856058775056187 30.94937683742808
  endloop
endfacet
facet normal 0.114157 0.934094 0.338283
  outer loop
    vertex 1.743491547869045 5.280496262047569 32.2531303666257
    vertex 0.8973623814504851 5.856058775056187 30.94937683742808
    vertex -0.4138247238505093 5.711354888313747 31.79141687992067
  endloop
endfacet
facet normal -0.300604 0.881844 0.363302
  outer loop
    vertex -0.4138247238505093 5.711354888313747 31.79141687992067
    vertex -2.644814267097734 5.303962859561152 30.93431016100231
    vertex -2.340113495937514 4.435950601298097 33.29335863351901
  endloop
endfacet
facet normal -0.559017 0.75215 0.348958
  outer loop
    vertex -2.644814267097734 5.303962859561152 30.93431016100231
    vertex -4.448013994505173 3.386292664801792 32.17903499122793
    vertex -2.340113495937514 4.435950601298097 33.29335863351901
  endloop
endfacet
facet normal -0.640594 0.738623 0.20994
  outer loop
    vertex -2.644814267097734 5.303962859561152 30.93431016100231
    vertex -4.443970693056641 4.030564153470436 29.92465357332415
    vertex -4.448013994505173 3.386292664801792 32.17903499122793
  endloop
endfacet
facet normal -0.587111 0.584812 0.559728
  outer loop
    vertex -2.340113495937514 4.435950601298097 33.29335863351901
    vertex -4.448013994505173 3.386292664801792 32.17903499122793
    vertex -3.772828548207243 2.224921335831896 34.10066943256737
  endloop
endfacet
facet normal -0.231096 0.962187 0.144188
  outer loop
    vertex -0.4138247238505093 5.711354888313747 31.79141687992067
    vertex -0.4565368376600334 5.982026466177119 29.9167325164553
    vertex -2.644814267097734 5.303962859561152 30.93431016100231
  endloop
endfacet
facet normal -0.302889 0.952885 -0.0163994
  outer loop
    vertex -0.4565368376600334 5.982026466177119 29.9167325164553
    vertex -2.661350169541336 5.263689504750254 28.8996418434599
    vertex -2.644814267097734 5.303962859561152 30.93431016100231
  endloop
endfacet
facet normal -0.234699 0.957529 -0.167497
  outer loop
    vertex -0.4565368376600334 5.982026466177119 29.9167325164553
    vertex -0.4537280579059452 5.65623535450757 28.050350681818
    vertex -2.661350169541336 5.263689504750254 28.8996418434599
  endloop
endfacet
facet normal -0.573347 0.819231 -0.0115559
  outer loop
    vertex -2.644814267097734 5.303962859561152 30.93431016100231
    vertex -2.661350169541336 5.263689504750254 28.8996418434599
    vertex -4.443970693056641 4.030564153470436 29.92465357332415
  endloop
endfacet
facet normal -0.0172027 0.989535 0.143263
  outer loop
    vertex -0.4138247238505093 5.711354888313747 31.79141687992067
    vertex 0.8973623814504851 5.856058775056187 30.94937683742808
    vertex -0.4565368376600334 5.982026466177119 29.9167325164553
  endloop
endfacet
facet normal 0.0949514 0.995477 -0.00305682
  outer loop
    vertex 0.8973623814504851 5.856058775056187 30.94937683742808
    vertex 0.8803480016850697 5.851722938596732 29.00887637207564
    vertex -0.4565368376600334 5.982026466177119 29.9167325164553
  endloop
endfacet
facet normal 0.196158 0.980565 -0.00391088
  outer loop
    vertex 0.8973623814504851 5.856058775056187 30.94937683742808
    vertex 2.147499374606992 5.602358346739192 30.04274799158195
    vertex 0.8803480016850697 5.851722938596732 29.00887637207564
  endloop
endfacet
facet normal -0.0207739 0.984886 -0.171951
  outer loop
    vertex -0.4565368376600334 5.982026466177119 29.9167325164553
    vertex 0.8803480016850697 5.851722938596732 29.00887637207564
    vertex -0.4537280579059452 5.65623535450757 28.050350681818
  endloop
endfacet
facet normal -0.682746 0.149466 0.715205
  outer loop
    vertex -3.772828548207243 2.224921335831896 34.10066943256737
    vertex -4.831899747558449 -0.01156499422473984 33.55705089652273
    vertex -3.997809005746398 -0.4707851541709276 34.44925662242416
  endloop
endfacet
facet normal -0.767325 -0.232912 0.597464
  outer loop
    vertex -4.831899747558449 -0.01156499422473984 33.55705089652273
    vertex -4.2973066779145 -2.710747404447368 33.19139527875086
    vertex -3.997809005746398 -0.4707851541709276 34.44925662242416
  endloop
endfacet
facet normal -0.784907 -0.233222 0.574045
  outer loop
    vertex -4.831899747558449 -0.01156499422473984 33.55705089652273
    vertex -5.029413153738443 -2.245989213843897 32.3791880506382
    vertex -4.2973066779145 -2.710747404447368 33.19139527875086
  endloop
endfacet
facet normal -0.651339 -0.303454 0.695466
  outer loop
    vertex -3.997809005746398 -0.4707851541709276 34.44925662242416
    vertex -4.2973066779145 -2.710747404447368 33.19139527875086
    vertex -3.396690792806712 -3.069209610594169 33.87845897545643
  endloop
endfacet
facet normal -0.737061 0.19149 0.64813
  outer loop
    vertex -3.772828548207243 2.224921335831896 34.10066943256737
    vertex -4.945303938089869 1.76509442231636 32.90317251299686
    vertex -4.831899747558449 -0.01156499422473984 33.55705089652273
  endloop
endfacet
facet normal -0.89963 0.099089 0.425261
  outer loop
    vertex -4.945303938089869 1.76509442231636 32.90317251299686
    vertex -5.623465532998442 -0.5705040817887299 32.01274948561438
    vertex -4.831899747558449 -0.01156499422473984 33.55705089652273
  endloop
endfacet
facet normal -0.897165 0.0961452 0.431105
  outer loop
    vertex -4.945303938089869 1.76509442231636 32.90317251299686
    vertex -5.7029042905513 1.157188922797212 31.46212053188751
    vertex -5.623465532998442 -0.5705040817887299 32.01274948561438
  endloop
endfacet
facet normal -0.844196 -0.189664 0.501358
  outer loop
    vertex -4.831899747558449 -0.01156499422473984 33.55705089652273
    vertex -5.623465532998442 -0.5705040817887299 32.01274948561438
    vertex -5.029413153738443 -2.245989213843897 32.3791880506382
  endloop
endfacet
facet normal -0.774214 0.608925 0.172634
  outer loop
    vertex -4.443970693056641 4.030564153470436 29.92465357332415
    vertex -5.303152289183573 2.711321923899925 30.72478218983819
    vertex -4.448013994505173 3.386292664801792 32.17903499122793
  endloop
endfacet
facet normal -0.857908 0.404607 0.31668
  outer loop
    vertex -5.303152289183573 2.711321923899925 30.72478218983819
    vertex -4.945303938089869 1.76509442231636 32.90317251299686
    vertex -4.448013994505173 3.386292664801792 32.17903499122793
  endloop
endfacet
facet normal -0.877372 0.370386 0.305012
  outer loop
    vertex -5.303152289183573 2.711321923899925 30.72478218983819
    vertex -5.7029042905513 1.157188922797212 31.46212053188751
    vertex -4.945303938089869 1.76509442231636 32.90317251299686
  endloop
endfacet
facet normal -0.717229 0.455541 0.527319
  outer loop
    vertex -4.448013994505173 3.386292664801792 32.17903499122793
    vertex -4.945303938089869 1.76509442231636 32.90317251299686
    vertex -3.772828548207243 2.224921335831896 34.10066943256737
  endloop
endfacet
facet normal -0.331086 -0.654339 0.679869
  outer loop
    vertex -3.396690792806712 -3.069209610594169 33.87845897545643
    vertex -3.016439291082018 -4.338967686658869 32.84155827273467
    vertex -0.3667747510838574 -4.284375375957969 34.1844478632016
  endloop
endfacet
facet normal -0.239069 -0.829098 0.505413
  outer loop
    vertex -3.016439291082018 -4.338967686658869 32.84155827273467
    vertex 0.2105977775067759 -5.345513803905882 32.71682365058185
    vertex -0.3667747510838574 -4.284375375957969 34.1844478632016
  endloop
endfacet
facet normal -0.240965 -0.834047 0.496287
  outer loop
    vertex -3.016439291082018 -4.338967686658869 32.84155827273467
    vertex -2.398891226631048 -5.267388835814899 31.58111850761578
    vertex 0.2105977775067759 -5.345513803905882 32.71682365058185
  endloop
endfacet
facet normal 0.203268 -0.753741 0.624945
  outer loop
    vertex -0.3667747510838574 -4.284375375957969 34.1844478632016
    vertex 0.2105977775067759 -5.345513803905882 32.71682365058185
    vertex 2.772670911147716 -4.220101900592033 33.24083877523934
  endloop
endfacet
facet normal -0.758695 -0.527793 0.38186
  outer loop
    vertex -5.029413153738443 -2.245989213843897 32.3791880506382
    vertex -3.950043371186901 -3.995281781762376 32.10591567971277
    vertex -4.2973066779145 -2.710747404447368 33.19139527875086
  endloop
endfacet
facet normal -0.620399 -0.597263 0.508313
  outer loop
    vertex -3.950043371186901 -3.995281781762376 32.10591567971277
    vertex -3.016439291082018 -4.338967686658869 32.84155827273467
    vertex -4.2973066779145 -2.710747404447368 33.19139527875086
  endloop
endfacet
facet normal -0.536119 -0.783416 0.314383
  outer loop
    vertex -3.950043371186901 -3.995281781762376 32.10591567971277
    vertex -2.398891226631048 -5.267388835814899 31.58111850761578
    vertex -3.016439291082018 -4.338967686658869 32.84155827273467
  endloop
endfacet
facet normal -0.622778 -0.598255 0.504221
  outer loop
    vertex -4.2973066779145 -2.710747404447368 33.19139527875086
    vertex -3.016439291082018 -4.338967686658869 32.84155827273467
    vertex -3.396690792806712 -3.069209610594169 33.87845897545643
  endloop
endfacet
facet normal 0.462018 -0.820254 0.337228
  outer loop
    vertex 2.772670911147716 -4.220101900592033 33.24083877523934
    vertex 1.591374979101206 -5.55799795768842 31.6050496497685
    vertex 3.653301578975948 -4.6616838090804 30.96025602690611
  endloop
endfacet
facet normal 0.41798 -0.905057 0.0785178
  outer loop
    vertex 1.591374979101206 -5.55799795768842 31.6050496497685
    vertex 2.172712376161219 -5.511294740778887 29.04871076388994
    vertex 3.653301578975948 -4.6616838090804 30.96025602690611
  endloop
endfacet
facet normal 0.242217 -0.969502 0.0373702
  outer loop
    vertex 1.591374979101206 -5.55799795768842 31.6050496497685
    vertex 0.1509841038833473 -5.990985251039451 29.707939180645
    vertex 2.172712376161219 -5.511294740778887 29.04871076388994
  endloop
endfacet
facet normal 0.556844 -0.82821 -0.0631957
  outer loop
    vertex 3.653301578975948 -4.6616838090804 30.96025602690611
    vertex 2.172712376161219 -5.511294740778887 29.04871076388994
    vertex 3.907638372080916 -4.304102562704875 28.51505438390555
  endloop
endfacet
facet normal 0.265288 -0.831338 0.488364
  outer loop
    vertex 2.772670911147716 -4.220101900592033 33.24083877523934
    vertex 0.2105977775067759 -5.345513803905882 32.71682365058185
    vertex 1.591374979101206 -5.55799795768842 31.6050496497685
  endloop
endfacet
facet normal 0.0274331 -0.97502 0.220418
  outer loop
    vertex 0.2105977775067759 -5.345513803905882 32.71682365058185
    vertex -1.167467257190239 -5.847120186858689 30.66948168295951
    vertex 1.591374979101206 -5.55799795768842 31.6050496497685
  endloop
endfacet
facet normal -0.177967 -0.921377 0.345531
  outer loop
    vertex 0.2105977775067759 -5.345513803905882 32.71682365058185
    vertex -2.398891226631048 -5.267388835814899 31.58111850761578
    vertex -1.167467257190239 -5.847120186858689 30.66948168295951
  endloop
endfacet
facet normal 0.0361596 -0.979898 0.196193
  outer loop
    vertex 1.591374979101206 -5.55799795768842 31.6050496497685
    vertex -1.167467257190239 -5.847120186858689 30.66948168295951
    vertex 0.1509841038833473 -5.990985251039451 29.707939180645
  endloop
endfacet
facet normal -0.905367 -0.385799 0.177396
  outer loop
    vertex -5.029413153738443 -2.245989213843897 32.3791880506382
    vertex -5.868275744462903 -1.175590904915795 30.42582368561134
    vertex -4.798951746920963 -3.509897118103564 30.80665007968296
  endloop
endfacet
facet normal -0.909804 -0.414874 0.0116394
  outer loop
    vertex -5.868275744462903 -1.175590904915795 30.42582368561134
    vertex -5.357311914839446 -2.345672529190052 28.65946673561509
    vertex -4.798951746920963 -3.509897118103564 30.80665007968296
  endloop
endfacet
facet normal -0.969796 -0.186896 -0.156734
  outer loop
    vertex -5.868275744462903 -1.175590904915795 30.42582368561134
    vertex -5.783687664621246 0.0798021548946684 28.40545034126177
    vertex -5.357311914839446 -2.345672529190052 28.65946673561509
  endloop
endfacet
facet normal -0.820531 -0.564072 -0.0924724
  outer loop
    vertex -4.798951746920963 -3.509897118103564 30.80665007968296
    vertex -5.357311914839446 -2.345672529190052 28.65946673561509
    vertex -4.018816897930337 -4.371780302731612 29.14171815494124
  endloop
endfacet
facet normal -0.698962 -0.713921 0.042063
  outer loop
    vertex -4.018816897930337 -4.371780302731612 29.14171815494124
    vertex -3.318726749309322 -4.984609433823002 30.37379346658483
    vertex -4.798951746920963 -3.509897118103564 30.80665007968296
  endloop
endfacet
facet normal -0.6706 -0.722489 0.168243
  outer loop
    vertex -3.318726749309322 -4.984609433823002 30.37379346658483
    vertex -3.950043371186901 -3.995281781762376 32.10591567971277
    vertex -4.798951746920963 -3.509897118103564 30.80665007968296
  endloop
endfacet
facet normal -0.563927 -0.788669 0.244922
  outer loop
    vertex -3.318726749309322 -4.984609433823002 30.37379346658483
    vertex -2.398891226631048 -5.267388835814899 31.58111850761578
    vertex -3.950043371186901 -3.995281781762376 32.10591567971277
  endloop
endfacet
facet normal -0.785363 -0.533613 0.313787
  outer loop
    vertex -4.798951746920963 -3.509897118103564 30.80665007968296
    vertex -3.950043371186901 -3.995281781762376 32.10591567971277
    vertex -5.029413153738443 -2.245989213843897 32.3791880506382
  endloop
endfacet
facet normal -0.928848 -0.275053 0.248167
  outer loop
    vertex -5.029413153738443 -2.245989213843897 32.3791880506382
    vertex -5.623465532998442 -0.5705040817887299 32.01274948561438
    vertex -5.868275744462903 -1.175590904915795 30.42582368561134
  endloop
endfacet
facet normal -0.987671 -0.0101107 0.15622
  outer loop
    vertex -5.623465532998442 -0.5705040817887299 32.01274948561438
    vertex -5.965116428878353 0.6423833830532331 29.9312280645711
    vertex -5.868275744462903 -1.175590904915795 30.42582368561134
  endloop
endfacet
facet normal -0.986043 0.00766691 0.166312
  outer loop
    vertex -5.623465532998442 -0.5705040817887299 32.01274948561438
    vertex -5.7029042905513 1.157188922797212 31.46212053188751
    vertex -5.965116428878353 0.6423833830532331 29.9312280645711
  endloop
endfacet
facet normal -0.992978 -0.0772666 -0.0895844
  outer loop
    vertex -5.868275744462903 -1.175590904915795 30.42582368561134
    vertex -5.965116428878353 0.6423833830532331 29.9312280645711
    vertex -5.783687664621246 0.0798021548946684 28.40545034126177
  endloop
endfacet
facet normal 0.152339 -0.960739 -0.231892
  outer loop
    vertex 0.1509841038833473 -5.990985251039451 29.707939180645
    vertex 0.09830478084794762 -5.481268021615526 27.56155027829618
    vertex 2.172712376161219 -5.511294740778887 29.04871076388994
  endloop
endfacet
facet normal 0.244854 -0.90036 -0.35972
  outer loop
    vertex 0.09830478084794762 -5.481268021615526 27.56155027829618
    vertex 2.146384278337119 -4.649208468772603 26.87303739331594
    vertex 2.172712376161219 -5.511294740778887 29.04871076388994
  endloop
endfacet
facet normal 0.140341 -0.813023 -0.565065
  outer loop
    vertex 0.09830478084794762 -5.481268021615526 27.56155027829618
    vertex 0.03232817401654126 -4.230122188041273 25.74500045083367
    vertex 2.146384278337119 -4.649208468772603 26.87303739331594
  endloop
endfacet
facet normal 0.468522 -0.819369 -0.330336
  outer loop
    vertex 2.172712376161219 -5.511294740778887 29.04871076388994
    vertex 2.146384278337119 -4.649208468772603 26.87303739331594
    vertex 3.907638372080916 -4.304102562704875 28.51505438390555
  endloop
endfacet
facet normal -0.1392 -0.964232 -0.225566
  outer loop
    vertex 0.1509841038833473 -5.990985251039451 29.707939180645
    vertex -2.086825736513763 -5.591060164842546 29.37935148551324
    vertex 0.09830478084794762 -5.481268021615526 27.56155027829618
  endloop
endfacet
facet normal -0.21828 -0.922583 -0.318111
  outer loop
    vertex -2.086825736513763 -5.591060164842546 29.37935148551324
    vertex -2.220525542725063 -4.791370431380287 27.15183643317308
    vertex 0.09830478084794762 -5.481268021615526 27.56155027829618
  endloop
endfacet
facet normal -0.490327 -0.829224 -0.268266
  outer loop
    vertex -2.086825736513763 -5.591060164842546 29.37935148551324
    vertex -4.018816897930337 -4.371780302731612 29.14171815494124
    vertex -2.220525542725063 -4.791370431380287 27.15183643317308
  endloop
endfacet
facet normal -0.144638 -0.817348 -0.557694
  outer loop
    vertex 0.09830478084794762 -5.481268021615526 27.56155027829618
    vertex -2.220525542725063 -4.791370431380287 27.15183643317308
    vertex 0.03232817401654126 -4.230122188041273 25.74500045083367
  endloop
endfacet
facet normal -0.164262 -0.983319 -0.0781105
  outer loop
    vertex 0.1509841038833473 -5.990985251039451 29.707939180645
    vertex -1.167467257190239 -5.847120186858689 30.66948168295951
    vertex -2.086825736513763 -5.591060164842546 29.37935148551324
  endloop
endfacet
facet normal -0.381174 -0.920211 0.0889883
  outer loop
    vertex -1.167467257190239 -5.847120186858689 30.66948168295951
    vertex -3.318726749309322 -4.984609433823002 30.37379346658483
    vertex -2.086825736513763 -5.591060164842546 29.37935148551324
  endloop
endfacet
facet normal -0.379807 -0.922151 0.0733808
  outer loop
    vertex -1.167467257190239 -5.847120186858689 30.66948168295951
    vertex -2.398891226631048 -5.267388835814899 31.58111850761578
    vertex -3.318726749309322 -4.984609433823002 30.37379346658483
  endloop
endfacet
facet normal -0.518286 -0.845842 -0.126217
  outer loop
    vertex -2.086825736513763 -5.591060164842546 29.37935148551324
    vertex -3.318726749309322 -4.984609433823002 30.37379346658483
    vertex -4.018816897930337 -4.371780302731612 29.14171815494124
  endloop
endfacet
facet normal -0.599582 -0.695989 -0.395096
  outer loop
    vertex -4.018816897930337 -4.371780302731612 29.14171815494124
    vertex -3.988229932638058 -2.988905605743955 26.6592717434125
    vertex -2.220525542725063 -4.791370431380287 27.15183643317308
  endloop
endfacet
facet normal -0.434063 -0.607485 -0.665245
  outer loop
    vertex -3.988229932638058 -2.988905605743955 26.6592717434125
    vertex -1.640286591067073 -2.795829368287501 24.95096068121997
    vertex -2.220525542725063 -4.791370431380287 27.15183643317308
  endloop
endfacet
facet normal -0.516019 -0.404663 -0.754965
  outer loop
    vertex -3.988229932638058 -2.988905605743955 26.6592717434125
    vertex -3.062970195663286 -0.9355348471564892 24.92624516455177
    vertex -1.640286591067073 -2.795829368287501 24.95096068121997
  endloop
endfacet
facet normal -0.258405 -0.680782 -0.685393
  outer loop
    vertex -2.220525542725063 -4.791370431380287 27.15183643317308
    vertex -1.640286591067073 -2.795829368287501 24.95096068121997
    vertex 0.03232817401654126 -4.230122188041273 25.74500045083367
  endloop
endfacet
facet normal -0.896419 -0.199054 -0.395992
  outer loop
    vertex -5.783687664621246 0.0798021548946684 28.40545034126177
    vertex -4.777096024405613 -0.4620860563071868 26.39919036185269
    vertex -5.357311914839446 -2.345672529190052 28.65946673561509
  endloop
endfacet
facet normal -0.828508 -0.30687 -0.468407
  outer loop
    vertex -4.777096024405613 -0.4620860563071868 26.39919036185269
    vertex -3.988229932638058 -2.988905605743955 26.6592717434125
    vertex -5.357311914839446 -2.345672529190052 28.65946673561509
  endloop
endfacet
facet normal -0.668993 -0.279736 -0.688619
  outer loop
    vertex -4.777096024405613 -0.4620860563071868 26.39919036185269
    vertex -3.062970195663286 -0.9355348471564892 24.92624516455177
    vertex -3.988229932638058 -2.988905605743955 26.6592717434125
  endloop
endfacet
facet normal -0.750068 -0.573792 -0.328879
  outer loop
    vertex -5.357311914839446 -2.345672529190052 28.65946673561509
    vertex -3.988229932638058 -2.988905605743955 26.6592717434125
    vertex -4.018816897930337 -4.371780302731612 29.14171815494124
  endloop
endfacet
facet normal -0.287091 0.898995 -0.330736
  outer loop
    vertex -0.4537280579059452 5.65623535450757 28.050350681818
    vertex -2.145133726145064 4.725518626889813 26.98870874808291
    vertex -2.661350169541336 5.263689504750254 28.8996418434599
  endloop
endfacet
facet normal -0.528632 0.769021 -0.359381
  outer loop
    vertex -2.145133726145064 4.725518626889813 26.98870874808291
    vertex -4.212827444937226 3.789461445629978 28.02716780458458
    vertex -2.661350169541336 5.263689504750254 28.8996418434599
  endloop
endfacet
facet normal -0.549351 0.688974 -0.472788
  outer loop
    vertex -2.145133726145064 4.725518626889813 26.98870874808291
    vertex -3.547293712566575 3.157622109258293 26.33310350133674
    vertex -4.212827444937226 3.789461445629978 28.02716780458458
  endloop
endfacet
facet normal -0.625632 0.760723 -0.172872
  outer loop
    vertex -2.661350169541336 5.263689504750254 28.8996418434599
    vertex -4.212827444937226 3.789461445629978 28.02716780458458
    vertex -4.443970693056641 4.030564153470436 29.92465357332415
  endloop
endfacet
facet normal -0.741249 0.479259 -0.469959
  outer loop
    vertex -3.547293712566575 3.157622109258293 26.33310350133674
    vertex -5.002910621508613 1.735781434207716 27.17901646125751
    vertex -4.212827444937226 3.789461445629978 28.02716780458458
  endloop
endfacet
facet normal -0.82804 0.454273 -0.328611
  outer loop
    vertex -5.002910621508613 1.735781434207716 27.17901646125751
    vertex -5.504421857414919 2.21215740284892 29.10127888606441
    vertex -4.212827444937226 3.789461445629978 28.02716780458458
  endloop
endfacet
facet normal -0.929622 0.218568 -0.296701
  outer loop
    vertex -5.002910621508613 1.735781434207716 27.17901646125751
    vertex -5.783687664621246 0.0798021548946684 28.40545034126177
    vertex -5.504421857414919 2.21215740284892 29.10127888606441
  endloop
endfacet
facet normal -0.815966 0.552656 -0.16962
  outer loop
    vertex -4.212827444937226 3.789461445629978 28.02716780458458
    vertex -5.504421857414919 2.21215740284892 29.10127888606441
    vertex -4.443970693056641 4.030564153470436 29.92465357332415
  endloop
endfacet
facet normal -0.965218 0.186276 -0.183456
  outer loop
    vertex -5.783687664621246 0.0798021548946684 28.40545034126177
    vertex -5.965116428878353 0.6423833830532331 29.9312280645711
    vertex -5.504421857414919 2.21215740284892 29.10127888606441
  endloop
endfacet
facet normal -0.955108 0.294958 0.0277187
  outer loop
    vertex -5.965116428878353 0.6423833830532331 29.9312280645711
    vertex -5.303152289183573 2.711321923899925 30.72478218983819
    vertex -5.504421857414919 2.21215740284892 29.10127888606441
  endloop
endfacet
facet normal -0.957582 0.279526 0.0700166
  outer loop
    vertex -5.965116428878353 0.6423833830532331 29.9312280645711
    vertex -5.7029042905513 1.157188922797212 31.46212053188751
    vertex -5.303152289183573 2.711321923899925 30.72478218983819
  endloop
endfacet
facet normal -0.851558 0.521394 -0.0547388
  outer loop
    vertex -5.504421857414919 2.21215740284892 29.10127888606441
    vertex -5.303152289183573 2.711321923899925 30.72478218983819
    vertex -4.443970693056641 4.030564153470436 29.92465357332415
  endloop
endfacet
facet normal -0.17221 0.860293 -0.479834
  outer loop
    vertex -0.4537280579059452 5.65623535450757 28.050350681818
    vertex 0.1640763909926859 5.263904036433637 27.12521422830562
    vertex -2.145133726145064 4.725518626889813 26.98870874808291
  endloop
endfacet
facet normal -0.162427 0.831404 -0.531399
  outer loop
    vertex 0.1640763909926859 5.263904036433637 27.12521422830562
    vertex -1.499334975461669 4.233200831696354 26.02105474404552
    vertex -2.145133726145064 4.725518626889813 26.98870874808291
  endloop
endfacet
facet normal -0.0695795 0.779365 -0.622695
  outer loop
    vertex 0.1640763909926859 5.263904036433637 27.12521422830562
    vertex 0.7755389060940012 4.668110594939561 26.31119492537929
    vertex -1.499334975461669 4.233200831696354 26.02105474404552
  endloop
endfacet
facet normal -0.436272 0.650233 -0.621984
  outer loop
    vertex -2.145133726145064 4.725518626889813 26.98870874808291
    vertex -1.499334975461669 4.233200831696354 26.02105474404552
    vertex -3.547293712566575 3.157622109258293 26.33310350133674
  endloop
endfacet
facet normal -0.694948 0.33198 -0.637837
  outer loop
    vertex -3.547293712566575 3.157622109258293 26.33310350133674
    vertex -3.546982386220706 1.192343375202868 25.30987918839505
    vertex -5.002910621508613 1.735781434207716 27.17901646125751
  endloop
endfacet
facet normal -0.759174 0.146977 -0.634076
  outer loop
    vertex -3.546982386220706 1.192343375202868 25.30987918839505
    vertex -4.777096024405613 -0.4620860563071868 26.39919036185269
    vertex -5.002910621508613 1.735781434207716 27.17901646125751
  endloop
endfacet
facet normal -0.653628 -0.0122478 -0.756717
  outer loop
    vertex -3.546982386220706 1.192343375202868 25.30987918839505
    vertex -3.062970195663286 -0.9355348471564892 24.92624516455177
    vertex -4.777096024405613 -0.4620860563071868 26.39919036185269
  endloop
endfacet
facet normal -0.883287 0.0735365 -0.46303
  outer loop
    vertex -5.002910621508613 1.735781434207716 27.17901646125751
    vertex -4.777096024405613 -0.4620860563071868 26.39919036185269
    vertex -5.783687664621246 0.0798021548946684 28.40545034126177
  endloop
endfacet
facet normal -0.353311 0.431979 -0.829798
  outer loop
    vertex -3.547293712566575 3.157622109258293 26.33310350133674
    vertex -1.499334975461669 4.233200831696354 26.02105474404552
    vertex -3.546982386220706 1.192343375202868 25.30987918839505
  endloop
endfacet
facet normal -0.480344 0.493093 -0.725348
  outer loop
    vertex -1.499334975461669 4.233200831696354 26.02105474404552
    vertex -1.401147284178881 2.286358674836078 24.63256576211315
    vertex -3.546982386220706 1.192343375202868 25.30987918839505
  endloop
endfacet
facet normal -0.00710408 0.580401 -0.8143
  outer loop
    vertex -1.499334975461669 4.233200831696354 26.02105474404552
    vertex 0.7755389060940012 4.668110594939561 26.31119492537929
    vertex -1.401147284178881 2.286358674836078 24.63256576211315
  endloop
endfacet
facet normal -0.341624 0.0909411 -0.935427
  outer loop
    vertex -3.546982386220706 1.192343375202868 25.30987918839505
    vertex -1.401147284178881 2.286358674836078 24.63256576211315
    vertex -3.062970195663286 -0.9355348471564892 24.92624516455177
  endloop
endfacet
facet normal 0.256112 -0.14426 0.955822
  outer loop
    vertex 2.5 4 33
    vertex 2.640748142471276 3.414859225245658 32.87397242843907
    vertex 3.249999999999997 4 32.79903810567666
  endloop
endfacet
facet normal 0.387507 -0.291475 0.874575
  outer loop
    vertex 2.640748142471276 3.414859225245658 32.87397242843907
    vertex 3.402517836859724 3.378592076334145 32.52436016447114
    vertex 3.249999999999997 4 32.79903810567666
  endloop
endfacet
facet normal 0.341166 -0.501036 0.795342
  outer loop
    vertex 2.640748142471276 3.414859225245658 32.87397242843907
    vertex 2.757845422812732 2.928043611642738 32.51706697881436
    vertex 3.402517836859724 3.378592076334145 32.52436016447114
  endloop
endfacet
facet normal 0.700372 -0.137683 0.700372
  outer loop
    vertex 3.249999999999997 4 32.79903810567666
    vertex 3.402517836859724 3.378592076334145 32.52436016447114
    vertex 3.799038105676655 4 32.25000000000001
  endloop
endfacet
facet normal 0.695554 0.180023 0.695554
  outer loop
    vertex 3.799038105676655 4 32.25000000000001
    vertex 3.50000000000005 4.707106781186368 32.36602540378453
    vertex 3.249999999999997 4 32.79903810567666
  endloop
endfacet
facet normal 0.471405 0.333333 0.816497
  outer loop
    vertex 3.50000000000005 4.707106781186368 32.36602540378453
    vertex 2.750000000000105 4.707106781186376 32.79903810567673
    vertex 3.249999999999997 4 32.79903810567666
  endloop
endfacet
facet normal 0.401579 0.595767 0.695554
  outer loop
    vertex 3.50000000000005 4.707106781186368 32.36602540378453
    vertex 2.933012701892427 5.224744871391362 32.25000000000025
    vertex 2.750000000000105 4.707106781186376 32.79903810567673
  endloop
endfacet
facet normal 0.254591 0.180023 0.950145
  outer loop
    vertex 3.249999999999997 4 32.79903810567666
    vertex 2.750000000000105 4.707106781186376 32.79903810567673
    vertex 2.5 4 33
  endloop
endfacet
facet normal -0.187946 -0.249794 0.949884
  outer loop
    vertex 2.5 4 33
    vertex 1.88430489453667 3.958165582698885 32.86717570876518
    vertex 2.640748142471276 3.414859225245658 32.87397242843907
  endloop
endfacet
facet normal -0.180406 -0.239243 0.954053
  outer loop
    vertex 1.88430489453667 3.958165582698885 32.86717570876518
    vertex 1.975088074886309 3.302824229280372 32.72000549818225
    vertex 2.640748142471276 3.414859225245658 32.87397242843907
  endloop
endfacet
facet normal -0.564039 -0.254543 0.785536
  outer loop
    vertex 1.88430489453667 3.958165582698885 32.86717570876518
    vertex 1.377648810406559 3.923740001167426 32.49222589151677
    vertex 1.975088074886309 3.302824229280372 32.72000549818225
  endloop
endfacet
facet normal -0.0823639 -0.602065 0.794188
  outer loop
    vertex 2.640748142471276 3.414859225245658 32.87397242843907
    vertex 1.975088074886309 3.302824229280372 32.72000549818225
    vertex 2.757845422812732 2.928043611642738 32.51706697881436
  endloop
endfacet
facet normal 0.128227 0.699911 0.702625
  outer loop
    vertex 2.933012701892427 5.224744871391362 32.25000000000025
    vertex 2.435075468945447 5.269580641035283 32.29620964649757
    vertex 2.750000000000105 4.707106781186376 32.79903810567673
  endloop
endfacet
facet normal -0.034193 0.655374 0.75453
  outer loop
    vertex 2.435075468945447 5.269580641035283 32.29620964649757
    vertex 2.179460073458576 4.676272432935852 32.79996528874576
    vertex 2.750000000000105 4.707106781186376 32.79903810567673
  endloop
endfacet
facet normal -0.197163 0.682503 0.703787
  outer loop
    vertex 2.435075468945447 5.269580641035283 32.29620964649757
    vertex 1.944412295785379 5.172174251403003 32.25321300259179
    vertex 2.179460073458576 4.676272432935852 32.79996528874576
  endloop
endfacet
facet normal -0.0134497 0.277749 0.960559
  outer loop
    vertex 2.750000000000105 4.707106781186376 32.79903810567673
    vertex 2.179460073458576 4.676272432935852 32.79996528874576
    vertex 2.5 4 33
  endloop
endfacet
facet normal -0.219101 0.17981 0.958991
  outer loop
    vertex 2.5 4 33
    vertex 2.179460073458576 4.676272432935852 32.79996528874576
    vertex 1.88430489453667 3.958165582698885 32.86717570876518
  endloop
endfacet
facet normal -0.452305 0.265591 0.8514
  outer loop
    vertex 2.179460073458576 4.676272432935852 32.79996528874576
    vertex 1.552954528244276 4.618544950688833 32.48514314614899
    vertex 1.88430489453667 3.958165582698885 32.86717570876518
  endloop
endfacet
facet normal -0.40716 0.582581 0.703435
  outer loop
    vertex 2.179460073458576 4.676272432935852 32.79996528874576
    vertex 1.944412295785379 5.172174251403003 32.25321300259179
    vertex 1.552954528244276 4.618544950688833 32.48514314614899
  endloop
endfacet
facet normal -0.594311 0.157989 0.788565
  outer loop
    vertex 1.88430489453667 3.958165582698885 32.86717570876518
    vertex 1.552954528244276 4.618544950688833 32.48514314614899
    vertex 1.377648810406559 3.923740001167426 32.49222589151677
  endloop
endfacet
facet normal 0.687819 -0.231969 -0.687819
  outer loop
    vertex 3.799038105676659 4 30.75
    vertex 3.200179493913572 3.255016417380341 30.40238980601941
    vertex 3.250000000000001 4 30.20096189432334
  endloop
endfacet
facet normal 0.253045 -0.268246 -0.929523
  outer loop
    vertex 3.200179493913572 3.255016417380341 30.40238980601941
    vertex 2.377713049393501 3.363910072940203 30.14706411592994
    vertex 3.250000000000001 4 30.20096189432334
  endloop
endfacet
facet normal 0.150024 -0.637934 -0.755336
  outer loop
    vertex 3.200179493913572 3.255016417380341 30.40238980601941
    vertex 2.279404795161288 2.852548149580393 30.5594193247941
    vertex 2.377713049393501 3.363910072940203 30.14706411592994
  endloop
endfacet
facet normal 0.249677 -0.263434 -0.931807
  outer loop
    vertex 3.250000000000001 4 30.20096189432334
    vertex 2.377713049393501 3.363910072940203 30.14706411592994
    vertex 2.5 4 30
  endloop
endfacet
facet normal 0.251151 0.241606 -0.93731
  outer loop
    vertex 2.5 4 30
    vertex 2.708225242853065 4.834077884850415 30.27079036359039
    vertex 3.250000000000001 4 30.20096189432334
  endloop
endfacet
facet normal 0.475758 0.375614 -0.795342
  outer loop
    vertex 2.708225242853065 4.834077884850415 30.27079036359039
    vertex 3.491464484389092 4.826272005180634 30.73562263923515
    vertex 3.250000000000001 4 30.20096189432334
  endloop
endfacet
facet normal 0.362925 0.713323 -0.599547
  outer loop
    vertex 2.708225242853065 4.834077884850415 30.27079036359039
    vertex 2.841269966744959 5.367008764765698 30.98539155967702
    vertex 3.491464484389092 4.826272005180634 30.73562263923515
  endloop
endfacet
facet normal 0.685847 0.243368 -0.685847
  outer loop
    vertex 3.250000000000001 4 30.20096189432334
    vertex 3.491464484389092 4.826272005180634 30.73562263923515
    vertex 3.799038105676659 4 30.75
  endloop
endfacet
facet normal -0.451208 -0.506021 -0.735088
  outer loop
    vertex 2.279404795161288 2.852548149580393 30.5594193247941
    vertex 1.838165029317908 3.81690262190088 30.16641467400265
    vertex 2.377713049393501 3.363910072940203 30.14706411592994
  endloop
endfacet
facet normal -0.0524567 -0.0198299 -0.998426
  outer loop
    vertex 1.838165029317908 3.81690262190088 30.16641467400265
    vertex 2.099367124045092 4.488014489120068 30.13936222413422
    vertex 2.377713049393501 3.363910072940203 30.14706411592994
  endloop
endfacet
facet normal -0.631917 0.215943 -0.744345
  outer loop
    vertex 1.838165029317908 3.81690262190088 30.16641467400265
    vertex 1.773178366296003 4.885347932088806 30.53155312384936
    vertex 2.099367124045092 4.488014489120068 30.13936222413422
  endloop
endfacet
facet normal -0.451193 -0.117783 -0.88462
  outer loop
    vertex 2.377713049393501 3.363910072940203 30.14706411592994
    vertex 2.099367124045092 4.488014489120068 30.13936222413422
    vertex 2.5 4 30
  endloop
endfacet
facet normal -0.190148 0.606173 -0.772268
  outer loop
    vertex 1.773178366296003 4.885347932088806 30.53155312384936
    vertex 2.287706659413493 5.240197795379872 30.68339669001557
    vertex 2.099367124045092 4.488014489120068 30.13936222413422
  endloop
endfacet
facet normal -0.176642 0.605491 -0.776001
  outer loop
    vertex 2.287706659413493 5.240197795379872 30.68339669001557
    vertex 2.708225242853065 4.834077884850415 30.27079036359039
    vertex 2.099367124045092 4.488014489120068 30.13936222413422
  endloop
endfacet
facet normal 0.153966 0.778113 -0.608962
  outer loop
    vertex 2.287706659413493 5.240197795379872 30.68339669001557
    vertex 2.841269966744959 5.367008764765698 30.98539155967702
    vertex 2.708225242853065 4.834077884850415 30.27079036359039
  endloop
endfacet
facet normal 0.0347978 0.300736 -0.953072
  outer loop
    vertex 2.099367124045092 4.488014489120068 30.13936222413422
    vertex 2.708225242853065 4.834077884850415 30.27079036359039
    vertex 2.5 4 30
  endloop
endfacet
facet normal 0.948762 -0.187677 0.25422
  outer loop
    vertex 3.799038105676655 4 32.25000000000001
    vertex 3.740462802474219 3.277716713902383 31.9353836128081
    vertex 4 4 31.5
  endloop
endfacet
facet normal 0.941089 -0.33816 3.05218e-15
  outer loop
    vertex 3.740462802474219 3.277716713902383 31.9353836128081
    vertex 3.740462802474221 3.277716713902383 31.0646163871919
    vertex 4 4 31.5
  endloop
endfacet
facet normal 0.791767 -0.610823 2.73431e-15
  outer loop
    vertex 3.740462802474219 3.277716713902383 31.9353836128081
    vertex 3.337806448153016 2.755781226860313 31.5
    vertex 3.740462802474221 3.277716713902383 31.0646163871919
  endloop
endfacet
facet normal 0.948762 -0.187677 -0.25422
  outer loop
    vertex 4 4 31.5
    vertex 3.740462802474221 3.277716713902383 31.0646163871919
    vertex 3.799038105676659 4 30.75
  endloop
endfacet
facet normal 0.963755 0.0670068 -0.258237
  outer loop
    vertex 3.799038105676659 4 30.75
    vertex 3.866242118720888 4.496129181031104 31.12954310809155
    vertex 4 4 31.5
  endloop
endfacet
facet normal 0.960195 0.278135 0.0257984
  outer loop
    vertex 3.866242118720888 4.496129181031104 31.12954310809155
    vertex 3.846415412329764 4.488929426705289 31.94509948679201
    vertex 4 4 31.5
  endloop
endfacet
facet normal 0.930893 0.364377 0.0258473
  outer loop
    vertex 3.866242118720888 4.496129181031104 31.12954310809155
    vertex 3.693768696924048 4.905223298635337 31.57407481253449
    vertex 3.846415412329764 4.488929426705289 31.94509948679201
  endloop
endfacet
facet normal 0.963713 0.0676481 0.258226
  outer loop
    vertex 4 4 31.5
    vertex 3.846415412329764 4.488929426705289 31.94509948679201
    vertex 3.799038105676655 4 32.25000000000001
  endloop
endfacet
facet normal 0.567613 -0.739597 -0.361678
  outer loop
    vertex 3.337806448153016 2.755781226860313 31.5
    vertex 2.850283101750959 2.642666002180413 30.96619650901214
    vertex 3.740462802474221 3.277716713902383 31.0646163871919
  endloop
endfacet
facet normal 0.555584 -0.712323 -0.428861
  outer loop
    vertex 2.850283101750959 2.642666002180413 30.96619650901214
    vertex 3.200179493913572 3.255016417380341 30.40238980601941
    vertex 3.740462802474221 3.277716713902383 31.0646163871919
  endloop
endfacet
facet normal 0.203832 -0.723614 -0.65942
  outer loop
    vertex 2.850283101750959 2.642666002180413 30.96619650901214
    vertex 2.279404795161288 2.852548149580393 30.5594193247941
    vertex 3.200179493913572 3.255016417380341 30.40238980601941
  endloop
endfacet
facet normal 0.739882 -0.318188 -0.592732
  outer loop
    vertex 3.740462802474221 3.277716713902383 31.0646163871919
    vertex 3.200179493913572 3.255016417380341 30.40238980601941
    vertex 3.799038105676659 4 30.75
  endloop
endfacet
facet normal 0.468737 0.766455 -0.439126
  outer loop
    vertex 2.841269966744959 5.367008764765698 30.98539155967702
    vertex 3.329060422840963 5.227211874112283 31.26207179377682
    vertex 3.491464484389092 4.826272005180634 30.73562263923515
  endloop
endfacet
facet normal 0.765802 0.603136 -0.223102
  outer loop
    vertex 3.329060422840963 5.227211874112283 31.26207179377682
    vertex 3.866242118720888 4.496129181031104 31.12954310809155
    vertex 3.491464484389092 4.826272005180634 30.73562263923515
  endloop
endfacet
facet normal 0.754714 0.601871 -0.26107
  outer loop
    vertex 3.329060422840963 5.227211874112283 31.26207179377682
    vertex 3.693768696924048 4.905223298635337 31.57407481253449
    vertex 3.866242118720888 4.496129181031104 31.12954310809155
  endloop
endfacet
facet normal 0.80287 0.289797 -0.520977
  outer loop
    vertex 3.491464484389092 4.826272005180634 30.73562263923515
    vertex 3.866242118720888 4.496129181031104 31.12954310809155
    vertex 3.799038105676659 4 30.75
  endloop
endfacet
facet normal 0.454069 -0.659409 0.599168
  outer loop
    vertex 2.757845422812732 2.928043611642738 32.51706697881436
    vertex 3.096169879100969 2.739714773827578 32.05340999624534
    vertex 3.402517836859724 3.378592076334145 32.52436016447114
  endloop
endfacet
facet normal 0.616582 -0.636856 0.462861
  outer loop
    vertex 3.096169879100969 2.739714773827578 32.05340999624534
    vertex 3.740462802474219 3.277716713902383 31.9353836128081
    vertex 3.402517836859724 3.378592076334145 32.52436016447114
  endloop
endfacet
facet normal 0.646427 -0.716785 0.261441
  outer loop
    vertex 3.096169879100969 2.739714773827578 32.05340999624534
    vertex 3.337806448153016 2.755781226860313 31.5
    vertex 3.740462802474219 3.277716713902383 31.9353836128081
  endloop
endfacet
facet normal 0.808122 -0.289078 0.513198
  outer loop
    vertex 3.402517836859724 3.378592076334145 32.52436016447114
    vertex 3.740462802474219 3.277716713902383 31.9353836128081
    vertex 3.799038105676655 4 32.25000000000001
  endloop
endfacet
facet normal 0.807275 0.253987 0.532726
  outer loop
    vertex 3.799038105676655 4 32.25000000000001
    vertex 3.846415412329764 4.488929426705289 31.94509948679201
    vertex 3.50000000000005 4.707106781186368 32.36602540378453
  endloop
endfacet
facet normal 0.759085 0.557835 0.335574
  outer loop
    vertex 3.846415412329764 4.488929426705289 31.94509948679201
    vertex 3.370254273294994 5.139436376206788 31.94084265264213
    vertex 3.50000000000005 4.707106781186368 32.36602540378453
  endloop
endfacet
facet normal 0.764662 0.561787 0.315735
  outer loop
    vertex 3.846415412329764 4.488929426705289 31.94509948679201
    vertex 3.693768696924048 4.905223298635337 31.57407481253449
    vertex 3.370254273294994 5.139436376206788 31.94084265264213
  endloop
endfacet
facet normal 0.508598 0.676474 0.532645
  outer loop
    vertex 3.50000000000005 4.707106781186368 32.36602540378453
    vertex 3.370254273294994 5.139436376206788 31.94084265264213
    vertex 2.933012701892427 5.224744871391362 32.25000000000025
  endloop
endfacet
facet normal 0.140144 -0.877482 0.458678
  outer loop
    vertex 2.757845422812732 2.928043611642738 32.51706697881436
    vertex 2.312235924362733 2.634276948278034 32.09122347542645
    vertex 3.096169879100969 2.739714773827578 32.05340999624534
  endloop
endfacet
facet normal 0.141324 -0.945214 0.294275
  outer loop
    vertex 2.312235924362733 2.634276948278034 32.09122347542645
    vertex 2.638662395747728 2.506622683978806 31.52443219185493
    vertex 3.096169879100969 2.739714773827578 32.05340999624534
  endloop
endfacet
facet normal -0.152783 -0.979327 0.132576
  outer loop
    vertex 2.312235924362733 2.634276948278034 32.09122347542645
    vertex 1.905531924066735 2.623493786881462 31.54287600660351
    vertex 2.638662395747728 2.506622683978806 31.52443219185493
  endloop
endfacet
facet normal 0.336988 -0.933826 0.120029
  outer loop
    vertex 3.096169879100969 2.739714773827578 32.05340999624534
    vertex 2.638662395747728 2.506622683978806 31.52443219185493
    vertex 3.337806448153016 2.755781226860313 31.5
  endloop
endfacet
facet normal -0.169693 -0.719231 0.673729
  outer loop
    vertex 2.757845422812732 2.928043611642738 32.51706697881436
    vertex 1.975088074886309 3.302824229280372 32.72000549818225
    vertex 2.312235924362733 2.634276948278034 32.09122347542645
  endloop
endfacet
facet normal -0.390617 -0.727498 0.564061
  outer loop
    vertex 1.975088074886309 3.302824229280372 32.72000549818225
    vertex 1.459826822063554 3.119809243857549 32.12713953208435
    vertex 2.312235924362733 2.634276948278034 32.09122347542645
  endloop
endfacet
facet normal -0.641335 -0.37064 0.6718
  outer loop
    vertex 1.975088074886309 3.302824229280372 32.72000549818225
    vertex 1.377648810406559 3.923740001167426 32.49222589151677
    vertex 1.459826822063554 3.119809243857549 32.12713953208435
  endloop
endfacet
facet normal -0.452138 -0.819781 0.351468
  outer loop
    vertex 2.312235924362733 2.634276948278034 32.09122347542645
    vertex 1.459826822063554 3.119809243857549 32.12713953208435
    vertex 1.905531924066735 2.623493786881462 31.54287600660351
  endloop
endfacet
facet normal -0.159033 -0.98281 -0.0937751
  outer loop
    vertex 1.905531924066735 2.623493786881462 31.54287600660351
    vertex 2.063374720906027 2.647928424808858 31.01910414722494
    vertex 2.638662395747728 2.506622683978806 31.52443219185493
  endloop
endfacet
facet normal -0.0229487 -0.969273 -0.244914
  outer loop
    vertex 2.063374720906027 2.647928424808858 31.01910414722494
    vertex 2.850283101750959 2.642666002180413 30.96619650901214
    vertex 2.638662395747728 2.506622683978806 31.52443219185493
  endloop
endfacet
facet normal -0.0342924 -0.906955 -0.419829
  outer loop
    vertex 2.063374720906027 2.647928424808858 31.01910414722494
    vertex 2.279404795161288 2.852548149580393 30.5594193247941
    vertex 2.850283101750959 2.642666002180413 30.96619650901214
  endloop
endfacet
facet normal 0.330699 -0.938072 -0.103246
  outer loop
    vertex 2.638662395747728 2.506622683978806 31.52443219185493
    vertex 2.850283101750959 2.642666002180413 30.96619650901214
    vertex 3.337806448153016 2.755781226860313 31.5
  endloop
endfacet
facet normal -0.530639 -0.824061 -0.198356
  outer loop
    vertex 1.905531924066735 2.623493786881462 31.54287600660351
    vertex 1.382923435653467 3.026879577388477 31.26510301729457
    vertex 2.063374720906027 2.647928424808858 31.01910414722494
  endloop
endfacet
facet normal -0.5478 -0.767503 -0.332948
  outer loop
    vertex 1.382923435653467 3.026879577388477 31.26510301729457
    vertex 1.574590489202783 3.138147698630293 30.69326097903362
    vertex 2.063374720906027 2.647928424808858 31.01910414722494
  endloop
endfacet
facet normal -0.803125 -0.473716 -0.361362
  outer loop
    vertex 1.382923435653467 3.026879577388477 31.26510301729457
    vertex 1.115007193364728 3.652135769705919 31.04088628549077
    vertex 1.574590489202783 3.138147698630293 30.69326097903362
  endloop
endfacet
facet normal -0.403484 -0.750348 -0.523621
  outer loop
    vertex 2.063374720906027 2.647928424808858 31.01910414722494
    vertex 1.574590489202783 3.138147698630293 30.69326097903362
    vertex 2.279404795161288 2.852548149580393 30.5594193247941
  endloop
endfacet
facet normal -0.650224 -0.747005 0.138536
  outer loop
    vertex 1.905531924066735 2.623493786881462 31.54287600660351
    vertex 1.459826822063554 3.119809243857549 32.12713953208435
    vertex 1.382923435653467 3.026879577388477 31.26510301729457
  endloop
endfacet
facet normal -0.863055 -0.488194 0.129623
  outer loop
    vertex 1.459826822063554 3.119809243857549 32.12713953208435
    vertex 1.052476893448744 3.75514742985706 31.80777276503063
    vertex 1.382923435653467 3.026879577388477 31.26510301729457
  endloop
endfacet
facet normal -0.831762 -0.297784 0.468505
  outer loop
    vertex 1.459826822063554 3.119809243857549 32.12713953208435
    vertex 1.377648810406559 3.923740001167426 32.49222589151677
    vertex 1.052476893448744 3.75514742985706 31.80777276503063
  endloop
endfacet
facet normal -0.916227 -0.400111 -0.0209624
  outer loop
    vertex 1.382923435653467 3.026879577388477 31.26510301729457
    vertex 1.052476893448744 3.75514742985706 31.80777276503063
    vertex 1.115007193364728 3.652135769705919 31.04088628549077
  endloop
endfacet
facet normal -0.349137 -0.486207 -0.801066
  outer loop
    vertex 2.279404795161288 2.852548149580393 30.5594193247941
    vertex 1.574590489202783 3.138147698630293 30.69326097903362
    vertex 1.838165029317908 3.81690262190088 30.16641467400265
  endloop
endfacet
facet normal -0.75328 -0.195028 -0.628119
  outer loop
    vertex 1.574590489202783 3.138147698630293 30.69326097903362
    vertex 1.284033569565542 4.309478960747628 30.67802164693281
    vertex 1.838165029317908 3.81690262190088 30.16641467400265
  endloop
endfacet
facet normal -0.716814 -0.186552 -0.671845
  outer loop
    vertex 1.574590489202783 3.138147698630293 30.69326097903362
    vertex 1.115007193364728 3.652135769705919 31.04088628549077
    vertex 1.284033569565542 4.309478960747628 30.67802164693281
  endloop
endfacet
facet normal -0.531175 0.244884 -0.811101
  outer loop
    vertex 1.838165029317908 3.81690262190088 30.16641467400265
    vertex 1.284033569565542 4.309478960747628 30.67802164693281
    vertex 1.773178366296003 4.885347932088806 30.53155312384936
  endloop
endfacet
facet normal -0.920172 0.0207908 -0.390963
  outer loop
    vertex 1.115007193364728 3.652135769705919 31.04088628549077
    vertex 1.040664390558221 4.237318044172483 31.24697880538315
    vertex 1.284033569565542 4.309478960747628 30.67802164693281
  endloop
endfacet
facet normal -0.871857 0.364918 -0.326651
  outer loop
    vertex 1.040664390558221 4.237318044172483 31.24697880538315
    vertex 1.418498927607808 4.897989628437865 30.97657850862564
    vertex 1.284033569565542 4.309478960747628 30.67802164693281
  endloop
endfacet
facet normal -0.881315 0.403116 -0.246537
  outer loop
    vertex 1.040664390558221 4.237318044172483 31.24697880538315
    vertex 1.219558003328448 4.78131885875477 31.49697773033764
    vertex 1.418498927607808 4.897989628437865 30.97657850862564
  endloop
endfacet
facet normal -0.693905 0.445525 -0.565689
  outer loop
    vertex 1.284033569565542 4.309478960747628 30.67802164693281
    vertex 1.418498927607808 4.897989628437865 30.97657850862564
    vertex 1.773178366296003 4.885347932088806 30.53155312384936
  endloop
endfacet
facet normal -0.446895 0.810249 -0.379186
  outer loop
    vertex 1.773178366296003 4.885347932088806 30.53155312384936
    vertex 1.418498927607808 4.897989628437865 30.97657850862564
    vertex 2.287706659413493 5.240197795379872 30.68339669001557
  endloop
endfacet
facet normal -0.457994 0.735307 -0.499566
  outer loop
    vertex 1.418498927607808 4.897989628437865 30.97657850862564
    vertex 1.913287206935576 5.342087775454374 31.17662946728177
    vertex 2.287706659413493 5.240197795379872 30.68339669001557
  endloop
endfacet
facet normal -0.648267 0.757405 -0.0780167
  outer loop
    vertex 1.418498927607808 4.897989628437865 30.97657850862564
    vertex 1.219558003328448 4.78131885875477 31.49697773033764
    vertex 1.913287206935576 5.342087775454374 31.17662946728177
  endloop
endfacet
facet normal -0.0792248 0.962624 -0.258995
  outer loop
    vertex 2.287706659413493 5.240197795379872 30.68339669001557
    vertex 1.913287206935576 5.342087775454374 31.17662946728177
    vertex 2.841269966744959 5.367008764765698 30.98539155967702
  endloop
endfacet
facet normal 0.0986946 0.988721 -0.112647
  outer loop
    vertex 2.841269966744959 5.367008764765698 30.98539155967702
    vertex 2.374391712452779 5.488175613439768 31.63984241725107
    vertex 2.927754809564064 5.431822160016 31.63004278135262
  endloop
endfacet
facet normal 0.101818 0.946621 0.305847
  outer loop
    vertex 2.374391712452779 5.488175613439768 31.63984241725107
    vertex 2.435075468945447 5.269580641035283 32.29620964649757
    vertex 2.927754809564064 5.431822160016 31.63004278135262
  endloop
endfacet
facet normal -0.211492 0.921277 0.326373
  outer loop
    vertex 2.374391712452779 5.488175613439768 31.63984241725107
    vertex 1.944412295785379 5.172174251403003 32.25321300259179
    vertex 2.435075468945447 5.269580641035283 32.29620964649757
  endloop
endfacet
facet normal 0.114003 0.942595 0.313877
  outer loop
    vertex 2.927754809564064 5.431822160016 31.63004278135262
    vertex 2.435075468945447 5.269580641035283 32.29620964649757
    vertex 2.933012701892427 5.224744871391362 32.25000000000025
  endloop
endfacet
facet normal 0.377026 0.879448 0.290555
  outer loop
    vertex 2.933012701892427 5.224744871391362 32.25000000000025
    vertex 3.370254273294994 5.139436376206788 31.94084265264213
    vertex 2.927754809564064 5.431822160016 31.63004278135262
  endloop
endfacet
facet normal 0.509896 0.856525 0.0798168
  outer loop
    vertex 3.370254273294994 5.139436376206788 31.94084265264213
    vertex 3.329060422840963 5.227211874112283 31.26207179377682
    vertex 2.927754809564064 5.431822160016 31.63004278135262
  endloop
endfacet
facet normal 0.630331 0.773861 0.061818
  outer loop
    vertex 3.370254273294994 5.139436376206788 31.94084265264213
    vertex 3.693768696924048 4.905223298635337 31.57407481253449
    vertex 3.329060422840963 5.227211874112283 31.26207179377682
  endloop
endfacet
facet normal 0.345178 0.928094 -0.139619
  outer loop
    vertex 2.927754809564064 5.431822160016 31.63004278135262
    vertex 3.329060422840963 5.227211874112283 31.26207179377682
    vertex 2.841269966744959 5.367008764765698 30.98539155967702
  endloop
endfacet
facet normal -0.902192 -0.0105124 0.431206
  outer loop
    vertex 1.377648810406559 3.923740001167426 32.49222589151677
    vertex 1.161349526109019 4.392804250632577 32.05110772942904
    vertex 1.052476893448744 3.75514742985706 31.80777276503063
  endloop
endfacet
facet normal -0.984859 0.120651 0.12448
  outer loop
    vertex 1.161349526109019 4.392804250632577 32.05110772942904
    vertex 1.040664390558221 4.237318044172483 31.24697880538315
    vertex 1.052476893448744 3.75514742985706 31.80777276503063
  endloop
endfacet
facet normal -0.957667 0.273147 0.0909126
  outer loop
    vertex 1.161349526109019 4.392804250632577 32.05110772942904
    vertex 1.219558003328448 4.78131885875477 31.49697773033764
    vertex 1.040664390558221 4.237318044172483 31.24697880538315
  endloop
endfacet
facet normal -0.99247 -0.102431 -0.0671649
  outer loop
    vertex 1.052476893448744 3.75514742985706 31.80777276503063
    vertex 1.040664390558221 4.237318044172483 31.24697880538315
    vertex 1.115007193364728 3.652135769705919 31.04088628549077
  endloop
endfacet
facet normal -0.585424 0.628487 0.512136
  outer loop
    vertex 1.944412295785379 5.172174251403003 32.25321300259179
    vertex 1.510713303880189 5.05257814942102 31.90421661549443
    vertex 1.552954528244276 4.618544950688833 32.48514314614899
  endloop
endfacet
facet normal -0.757206 0.495664 0.425389
  outer loop
    vertex 1.510713303880189 5.05257814942102 31.90421661549443
    vertex 1.161349526109019 4.392804250632577 32.05110772942904
    vertex 1.552954528244276 4.618544950688833 32.48514314614899
  endloop
endfacet
facet normal -0.827828 0.496493 0.261145
  outer loop
    vertex 1.510713303880189 5.05257814942102 31.90421661549443
    vertex 1.219558003328448 4.78131885875477 31.49697773033764
    vertex 1.161349526109019 4.392804250632577 32.05110772942904
  endloop
endfacet
facet normal -0.777116 0.202149 0.596009
  outer loop
    vertex 1.552954528244276 4.618544950688833 32.48514314614899
    vertex 1.161349526109019 4.392804250632577 32.05110772942904
    vertex 1.377648810406559 3.923740001167426 32.49222589151677
  endloop
endfacet
facet normal -0.0739146 0.969835 -0.232288
  outer loop
    vertex 2.841269966744959 5.367008764765698 30.98539155967702
    vertex 1.913287206935576 5.342087775454374 31.17662946728177
    vertex 2.374391712452779 5.488175613439768 31.63984241725107
  endloop
endfacet
facet normal -0.414833 0.900725 0.128875
  outer loop
    vertex 1.913287206935576 5.342087775454374 31.17662946728177
    vertex 1.510713303880189 5.05257814942102 31.90421661549443
    vertex 2.374391712452779 5.488175613439768 31.63984241725107
  endloop
endfacet
facet normal -0.641893 0.765115 -0.0507172
  outer loop
    vertex 1.913287206935576 5.342087775454374 31.17662946728177
    vertex 1.219558003328448 4.78131885875477 31.49697773033764
    vertex 1.510713303880189 5.05257814942102 31.90421661549443
  endloop
endfacet
facet normal -0.396808 0.899061 0.185019
  outer loop
    vertex 2.374391712452779 5.488175613439768 31.63984241725107
    vertex 1.510713303880189 5.05257814942102 31.90421661549443
    vertex 1.944412295785379 5.172174251403003 32.25321300259179
  endloop
endfacet
facet normal 0.256112 -0.14426 0.955822
  outer loop
    vertex -2.5 4 33
    vertex -2.359251857528725 3.414859225245659 32.87397242843907
    vertex -1.750000000000003 4 32.79903810567666
  endloop
endfacet
facet normal 0.387507 -0.291475 0.874575
  outer loop
    vertex -2.359251857528725 3.414859225245659 32.87397242843907
    vertex -1.597482163140276 3.378592076334145 32.52436016447114
    vertex -1.750000000000003 4 32.79903810567666
  endloop
endfacet
facet normal 0.341166 -0.501036 0.795342
  outer loop
    vertex -2.359251857528725 3.414859225245659 32.87397242843907
    vertex -2.24215457718727 2.928043611642738 32.51706697881436
    vertex -1.597482163140276 3.378592076334145 32.52436016447114
  endloop
endfacet
facet normal 0.700372 -0.137683 0.700372
  outer loop
    vertex -1.750000000000003 4 32.79903810567666
    vertex -1.597482163140276 3.378592076334145 32.52436016447114
    vertex -1.200961894323345 4 32.25000000000001
  endloop
endfacet
facet normal 0.695554 0.180023 0.695554
  outer loop
    vertex -1.200961894323345 4 32.25000000000001
    vertex -1.49999999999995 4.707106781186368 32.36602540378453
    vertex -1.750000000000003 4 32.79903810567666
  endloop
endfacet
facet normal 0.471405 0.333333 0.816497
  outer loop
    vertex -1.49999999999995 4.707106781186368 32.36602540378453
    vertex -2.249999999999895 4.707106781186376 32.79903810567673
    vertex -1.750000000000003 4 32.79903810567666
  endloop
endfacet
facet normal 0.401579 0.595767 0.695554
  outer loop
    vertex -1.49999999999995 4.707106781186368 32.36602540378453
    vertex -2.066987298107574 5.224744871391361 32.25000000000026
    vertex -2.249999999999895 4.707106781186376 32.79903810567673
  endloop
endfacet
facet normal 0.254591 0.180023 0.950145
  outer loop
    vertex -1.750000000000003 4 32.79903810567666
    vertex -2.249999999999895 4.707106781186376 32.79903810567673
    vertex -2.5 4 33
  endloop
endfacet
facet normal -0.187946 -0.249794 0.949884
  outer loop
    vertex -2.5 4 33
    vertex -3.115695105463328 3.958165582698891 32.86717570876518
    vertex -2.359251857528725 3.414859225245659 32.87397242843907
  endloop
endfacet
facet normal -0.180406 -0.239243 0.954053
  outer loop
    vertex -3.115695105463328 3.958165582698891 32.86717570876518
    vertex -3.024911925113692 3.302824229280377 32.72000549818226
    vertex -2.359251857528725 3.414859225245659 32.87397242843907
  endloop
endfacet
facet normal -0.564039 -0.254543 0.785536
  outer loop
    vertex -3.115695105463328 3.958165582698891 32.86717570876518
    vertex -3.622351189593438 3.923740001167436 32.49222589151677
    vertex -3.024911925113692 3.302824229280377 32.72000549818226
  endloop
endfacet
facet normal -0.0823639 -0.602065 0.794188
  outer loop
    vertex -2.359251857528725 3.414859225245659 32.87397242843907
    vertex -3.024911925113692 3.302824229280377 32.72000549818226
    vertex -2.24215457718727 2.928043611642738 32.51706697881436
  endloop
endfacet
facet normal 0.128227 0.699911 0.702625
  outer loop
    vertex -2.066987298107574 5.224744871391361 32.25000000000026
    vertex -2.564924531054551 5.269580641035284 32.29620964649757
    vertex -2.249999999999895 4.707106781186376 32.79903810567673
  endloop
endfacet
facet normal -0.034193 0.655374 0.75453
  outer loop
    vertex -2.564924531054551 5.269580641035284 32.29620964649757
    vertex -2.820539926541424 4.676272432935858 32.79996528874575
    vertex -2.249999999999895 4.707106781186376 32.79903810567673
  endloop
endfacet
facet normal -0.197163 0.682503 0.703787
  outer loop
    vertex -2.564924531054551 5.269580641035284 32.29620964649757
    vertex -3.055587704214619 5.172174251403009 32.25321300259178
    vertex -2.820539926541424 4.676272432935858 32.79996528874575
  endloop
endfacet
facet normal -0.0134497 0.277749 0.960559
  outer loop
    vertex -2.249999999999895 4.707106781186376 32.79903810567673
    vertex -2.820539926541424 4.676272432935858 32.79996528874575
    vertex -2.5 4 33
  endloop
endfacet
facet normal -0.219101 0.17981 0.958991
  outer loop
    vertex -2.5 4 33
    vertex -2.820539926541424 4.676272432935858 32.79996528874575
    vertex -3.115695105463328 3.958165582698891 32.86717570876518
  endloop
endfacet
facet normal -0.452305 0.265591 0.8514
  outer loop
    vertex -2.820539926541424 4.676272432935858 32.79996528874575
    vertex -3.44704547175572 4.618544950688841 32.48514314614899
    vertex -3.115695105463328 3.958165582698891 32.86717570876518
  endloop
endfacet
facet normal -0.40716 0.582581 0.703435
  outer loop
    vertex -2.820539926541424 4.676272432935858 32.79996528874575
    vertex -3.055587704214619 5.172174251403009 32.25321300259178
    vertex -3.44704547175572 4.618544950688841 32.48514314614899
  endloop
endfacet
facet normal -0.594311 0.157989 0.788565
  outer loop
    vertex -3.115695105463328 3.958165582698891 32.86717570876518
    vertex -3.44704547175572 4.618544950688841 32.48514314614899
    vertex -3.622351189593438 3.923740001167436 32.49222589151677
  endloop
endfacet
facet normal 0.687819 -0.231969 -0.687819
  outer loop
    vertex -1.200961894323341 4 30.75
    vertex -1.799820506086431 3.255016417380337 30.40238980601941
    vertex -1.749999999999999 4 30.20096189432334
  endloop
endfacet
facet normal 0.253045 -0.268246 -0.929523
  outer loop
    vertex -1.799820506086431 3.255016417380337 30.40238980601941
    vertex -2.622286950606503 3.363910072940201 30.14706411592994
    vertex -1.749999999999999 4 30.20096189432334
  endloop
endfacet
facet normal 0.150024 -0.637934 -0.755336
  outer loop
    vertex -1.799820506086431 3.255016417380337 30.40238980601941
    vertex -2.72059520483872 2.852548149580392 30.5594193247941
    vertex -2.622286950606503 3.363910072940201 30.14706411592994
  endloop
endfacet
facet normal 0.249677 -0.263434 -0.931807
  outer loop
    vertex -1.749999999999999 4 30.20096189432334
    vertex -2.622286950606503 3.363910072940201 30.14706411592994
    vertex -2.5 4 30
  endloop
endfacet
facet normal 0.251151 0.241606 -0.93731
  outer loop
    vertex -2.5 4 30
    vertex -2.291774757146932 4.834077884850417 30.27079036359039
    vertex -1.749999999999999 4 30.20096189432334
  endloop
endfacet
facet normal 0.475758 0.375614 -0.795342
  outer loop
    vertex -2.291774757146932 4.834077884850417 30.27079036359039
    vertex -1.508535515610906 4.826272005180635 30.73562263923515
    vertex -1.749999999999999 4 30.20096189432334
  endloop
endfacet
facet normal 0.362925 0.713323 -0.599547
  outer loop
    vertex -2.291774757146932 4.834077884850417 30.27079036359039
    vertex -2.158730033255037 5.367008764765698 30.98539155967702
    vertex -1.508535515610906 4.826272005180635 30.73562263923515
  endloop
endfacet
facet normal 0.685847 0.243368 -0.685847
  outer loop
    vertex -1.749999999999999 4 30.20096189432334
    vertex -1.508535515610906 4.826272005180635 30.73562263923515
    vertex -1.200961894323341 4 30.75
  endloop
endfacet
facet normal -0.451208 -0.506021 -0.735088
  outer loop
    vertex -2.72059520483872 2.852548149580392 30.5594193247941
    vertex -3.161834970682098 3.816902621900883 30.16641467400265
    vertex -2.622286950606503 3.363910072940201 30.14706411592994
  endloop
endfacet
facet normal -0.0524567 -0.0198299 -0.998426
  outer loop
    vertex -3.161834970682098 3.816902621900883 30.16641467400265
    vertex -2.900632875954908 4.48801448912007 30.13936222413422
    vertex -2.622286950606503 3.363910072940201 30.14706411592994
  endloop
endfacet
facet normal -0.631917 0.215943 -0.744345
  outer loop
    vertex -3.161834970682098 3.816902621900883 30.16641467400265
    vertex -3.226821633703997 4.885347932088811 30.53155312384937
    vertex -2.900632875954908 4.48801448912007 30.13936222413422
  endloop
endfacet
facet normal -0.451193 -0.117783 -0.88462
  outer loop
    vertex -2.622286950606503 3.363910072940201 30.14706411592994
    vertex -2.900632875954908 4.48801448912007 30.13936222413422
    vertex -2.5 4 30
  endloop
endfacet
facet normal -0.190148 0.606173 -0.772268
  outer loop
    vertex -3.226821633703997 4.885347932088811 30.53155312384937
    vertex -2.712293340586505 5.240197795379876 30.68339669001558
    vertex -2.900632875954908 4.48801448912007 30.13936222413422
  endloop
endfacet
facet normal -0.176642 0.605491 -0.776001
  outer loop
    vertex -2.712293340586505 5.240197795379876 30.68339669001558
    vertex -2.291774757146932 4.834077884850417 30.27079036359039
    vertex -2.900632875954908 4.48801448912007 30.13936222413422
  endloop
endfacet
facet normal 0.153966 0.778113 -0.608962
  outer loop
    vertex -2.712293340586505 5.240197795379876 30.68339669001558
    vertex -2.158730033255037 5.367008764765698 30.98539155967702
    vertex -2.291774757146932 4.834077884850417 30.27079036359039
  endloop
endfacet
facet normal 0.0347978 0.300736 -0.953072
  outer loop
    vertex -2.900632875954908 4.48801448912007 30.13936222413422
    vertex -2.291774757146932 4.834077884850417 30.27079036359039
    vertex -2.5 4 30
  endloop
endfacet
facet normal 0.948762 -0.187677 0.25422
  outer loop
    vertex -1.200961894323345 4 32.25000000000001
    vertex -1.259537197525784 3.277716713902379 31.9353836128081
    vertex -1 4 31.5
  endloop
endfacet
facet normal 0.941089 -0.33816 2.87972e-15
  outer loop
    vertex -1.259537197525784 3.277716713902379 31.9353836128081
    vertex -1.259537197525782 3.277716713902379 31.0646163871919
    vertex -1 4 31.5
  endloop
endfacet
facet normal 0.791767 -0.610823 2.4228e-15
  outer loop
    vertex -1.259537197525784 3.277716713902379 31.9353836128081
    vertex -1.662193551846991 2.755781226860308 31.5
    vertex -1.259537197525782 3.277716713902379 31.0646163871919
  endloop
endfacet
facet normal 0.948762 -0.187677 -0.25422
  outer loop
    vertex -1 4 31.5
    vertex -1.259537197525782 3.277716713902379 31.0646163871919
    vertex -1.200961894323341 4 30.75
  endloop
endfacet
facet normal 0.963755 0.0670068 -0.258237
  outer loop
    vertex -1.200961894323341 4 30.75
    vertex -1.133757881279112 4.496129181031104 31.12954310809155
    vertex -1 4 31.5
  endloop
endfacet
facet normal 0.960195 0.278135 0.0257984
  outer loop
    vertex -1.133757881279112 4.496129181031104 31.12954310809155
    vertex -1.153584587670236 4.488929426705289 31.94509948679201
    vertex -1 4 31.5
  endloop
endfacet
facet normal 0.930893 0.364377 0.0258473
  outer loop
    vertex -1.133757881279112 4.496129181031104 31.12954310809155
    vertex -1.306231303075951 4.905223298635336 31.57407481253449
    vertex -1.153584587670236 4.488929426705289 31.94509948679201
  endloop
endfacet
facet normal 0.963713 0.0676481 0.258226
  outer loop
    vertex -1 4 31.5
    vertex -1.153584587670236 4.488929426705289 31.94509948679201
    vertex -1.200961894323345 4 32.25000000000001
  endloop
endfacet
facet normal 0.567613 -0.739597 -0.361678
  outer loop
    vertex -1.662193551846991 2.755781226860308 31.5
    vertex -2.149716898249049 2.642666002180412 30.96619650901214
    vertex -1.259537197525782 3.277716713902379 31.0646163871919
  endloop
endfacet
facet normal 0.555584 -0.712323 -0.428861
  outer loop
    vertex -2.149716898249049 2.642666002180412 30.96619650901214
    vertex -1.799820506086431 3.255016417380337 30.40238980601941
    vertex -1.259537197525782 3.277716713902379 31.0646163871919
  endloop
endfacet
facet normal 0.203832 -0.723614 -0.65942
  outer loop
    vertex -2.149716898249049 2.642666002180412 30.96619650901214
    vertex -2.72059520483872 2.852548149580392 30.5594193247941
    vertex -1.799820506086431 3.255016417380337 30.40238980601941
  endloop
endfacet
facet normal 0.739882 -0.318188 -0.592732
  outer loop
    vertex -1.259537197525782 3.277716713902379 31.0646163871919
    vertex -1.799820506086431 3.255016417380337 30.40238980601941
    vertex -1.200961894323341 4 30.75
  endloop
endfacet
facet normal 0.468737 0.766455 -0.439126
  outer loop
    vertex -2.158730033255037 5.367008764765698 30.98539155967702
    vertex -1.670939577159035 5.227211874112282 31.26207179377682
    vertex -1.508535515610906 4.826272005180635 30.73562263923515
  endloop
endfacet
facet normal 0.765802 0.603136 -0.223102
  outer loop
    vertex -1.670939577159035 5.227211874112282 31.26207179377682
    vertex -1.133757881279112 4.496129181031104 31.12954310809155
    vertex -1.508535515610906 4.826272005180635 30.73562263923515
  endloop
endfacet
facet normal 0.754714 0.601871 -0.26107
  outer loop
    vertex -1.670939577159035 5.227211874112282 31.26207179377682
    vertex -1.306231303075951 4.905223298635336 31.57407481253449
    vertex -1.133757881279112 4.496129181031104 31.12954310809155
  endloop
endfacet
facet normal 0.80287 0.289797 -0.520977
  outer loop
    vertex -1.508535515610906 4.826272005180635 30.73562263923515
    vertex -1.133757881279112 4.496129181031104 31.12954310809155
    vertex -1.200961894323341 4 30.75
  endloop
endfacet
facet normal 0.454069 -0.659409 0.599168
  outer loop
    vertex -2.24215457718727 2.928043611642738 32.51706697881436
    vertex -1.903830120899036 2.739714773827576 32.05340999624534
    vertex -1.597482163140276 3.378592076334145 32.52436016447114
  endloop
endfacet
facet normal 0.616582 -0.636856 0.462861
  outer loop
    vertex -1.903830120899036 2.739714773827576 32.05340999624534
    vertex -1.259537197525784 3.277716713902379 31.9353836128081
    vertex -1.597482163140276 3.378592076334145 32.52436016447114
  endloop
endfacet
facet normal 0.646427 -0.716785 0.261441
  outer loop
    vertex -1.903830120899036 2.739714773827576 32.05340999624534
    vertex -1.662193551846991 2.755781226860308 31.5
    vertex -1.259537197525784 3.277716713902379 31.9353836128081
  endloop
endfacet
facet normal 0.808122 -0.289078 0.513198
  outer loop
    vertex -1.597482163140276 3.378592076334145 32.52436016447114
    vertex -1.259537197525784 3.277716713902379 31.9353836128081
    vertex -1.200961894323345 4 32.25000000000001
  endloop
endfacet
facet normal 0.807275 0.253987 0.532726
  outer loop
    vertex -1.200961894323345 4 32.25000000000001
    vertex -1.153584587670236 4.488929426705289 31.94509948679201
    vertex -1.49999999999995 4.707106781186368 32.36602540378453
  endloop
endfacet
facet normal 0.759085 0.557835 0.335574
  outer loop
    vertex -1.153584587670236 4.488929426705289 31.94509948679201
    vertex -1.629745726705006 5.139436376206786 31.94084265264213
    vertex -1.49999999999995 4.707106781186368 32.36602540378453
  endloop
endfacet
facet normal 0.764662 0.561787 0.315735
  outer loop
    vertex -1.153584587670236 4.488929426705289 31.94509948679201
    vertex -1.306231303075951 4.905223298635336 31.57407481253449
    vertex -1.629745726705006 5.139436376206786 31.94084265264213
  endloop
endfacet
facet normal 0.508598 0.676474 0.532645
  outer loop
    vertex -1.49999999999995 4.707106781186368 32.36602540378453
    vertex -1.629745726705006 5.139436376206786 31.94084265264213
    vertex -2.066987298107574 5.224744871391361 32.25000000000026
  endloop
endfacet
facet normal 0.140144 -0.877482 0.458678
  outer loop
    vertex -2.24215457718727 2.928043611642738 32.51706697881436
    vertex -2.68776407563727 2.634276948278035 32.09122347542645
    vertex -1.903830120899036 2.739714773827576 32.05340999624534
  endloop
endfacet
facet normal 0.141324 -0.945214 0.294275
  outer loop
    vertex -2.68776407563727 2.634276948278035 32.09122347542645
    vertex -2.36133760425228 2.506622683978805 31.52443219185493
    vertex -1.903830120899036 2.739714773827576 32.05340999624534
  endloop
endfacet
facet normal -0.152783 -0.979327 0.132576
  outer loop
    vertex -2.68776407563727 2.634276948278035 32.09122347542645
    vertex -3.094468075933271 2.623493786881465 31.54287600660351
    vertex -2.36133760425228 2.506622683978805 31.52443219185493
  endloop
endfacet
facet normal 0.336988 -0.933826 0.120029
  outer loop
    vertex -1.903830120899036 2.739714773827576 32.05340999624534
    vertex -2.36133760425228 2.506622683978805 31.52443219185493
    vertex -1.662193551846991 2.755781226860308 31.5
  endloop
endfacet
facet normal -0.169693 -0.719231 0.673729
  outer loop
    vertex -2.24215457718727 2.928043611642738 32.51706697881436
    vertex -3.024911925113692 3.302824229280377 32.72000549818226
    vertex -2.68776407563727 2.634276948278035 32.09122347542645
  endloop
endfacet
facet normal -0.390617 -0.727498 0.564061
  outer loop
    vertex -3.024911925113692 3.302824229280377 32.72000549818226
    vertex -3.540173177936447 3.119809243857556 32.12713953208436
    vertex -2.68776407563727 2.634276948278035 32.09122347542645
  endloop
endfacet
facet normal -0.641335 -0.37064 0.6718
  outer loop
    vertex -3.024911925113692 3.302824229280377 32.72000549818226
    vertex -3.622351189593438 3.923740001167436 32.49222589151677
    vertex -3.540173177936447 3.119809243857556 32.12713953208436
  endloop
endfacet
facet normal -0.452138 -0.819781 0.351468
  outer loop
    vertex -2.68776407563727 2.634276948278035 32.09122347542645
    vertex -3.540173177936447 3.119809243857556 32.12713953208436
    vertex -3.094468075933271 2.623493786881465 31.54287600660351
  endloop
endfacet
facet normal -0.159033 -0.98281 -0.0937751
  outer loop
    vertex -3.094468075933271 2.623493786881465 31.54287600660351
    vertex -2.936625279093981 2.64792842480886 31.01910414722494
    vertex -2.36133760425228 2.506622683978805 31.52443219185493
  endloop
endfacet
facet normal -0.0229487 -0.969273 -0.244914
  outer loop
    vertex -2.936625279093981 2.64792842480886 31.01910414722494
    vertex -2.149716898249049 2.642666002180412 30.96619650901214
    vertex -2.36133760425228 2.506622683978805 31.52443219185493
  endloop
endfacet
facet normal -0.0342924 -0.906955 -0.419829
  outer loop
    vertex -2.936625279093981 2.64792842480886 31.01910414722494
    vertex -2.72059520483872 2.852548149580392 30.5594193247941
    vertex -2.149716898249049 2.642666002180412 30.96619650901214
  endloop
endfacet
facet normal 0.330699 -0.938072 -0.103246
  outer loop
    vertex -2.36133760425228 2.506622683978805 31.52443219185493
    vertex -2.149716898249049 2.642666002180412 30.96619650901214
    vertex -1.662193551846991 2.755781226860308 31.5
  endloop
endfacet
facet normal -0.530639 -0.824061 -0.198356
  outer loop
    vertex -3.094468075933271 2.623493786881465 31.54287600660351
    vertex -3.617076564346537 3.026879577388481 31.26510301729457
    vertex -2.936625279093981 2.64792842480886 31.01910414722494
  endloop
endfacet
facet normal -0.5478 -0.767503 -0.332948
  outer loop
    vertex -3.617076564346537 3.026879577388481 31.26510301729457
    vertex -3.425409510797222 3.138147698630297 30.69326097903362
    vertex -2.936625279093981 2.64792842480886 31.01910414722494
  endloop
endfacet
facet normal -0.803125 -0.473716 -0.361362
  outer loop
    vertex -3.617076564346537 3.026879577388481 31.26510301729457
    vertex -3.884992806635273 3.652135769705926 31.04088628549077
    vertex -3.425409510797222 3.138147698630297 30.69326097903362
  endloop
endfacet
facet normal -0.403484 -0.750348 -0.523621
  outer loop
    vertex -2.936625279093981 2.64792842480886 31.01910414722494
    vertex -3.425409510797222 3.138147698630297 30.69326097903362
    vertex -2.72059520483872 2.852548149580392 30.5594193247941
  endloop
endfacet
facet normal -0.650224 -0.747005 0.138536
  outer loop
    vertex -3.094468075933271 2.623493786881465 31.54287600660351
    vertex -3.540173177936447 3.119809243857556 32.12713953208436
    vertex -3.617076564346537 3.026879577388481 31.26510301729457
  endloop
endfacet
facet normal -0.863055 -0.488194 0.129623
  outer loop
    vertex -3.540173177936447 3.119809243857556 32.12713953208436
    vertex -3.947523106551255 3.755147429857069 31.80777276503064
    vertex -3.617076564346537 3.026879577388481 31.26510301729457
  endloop
endfacet
facet normal -0.831762 -0.297784 0.468505
  outer loop
    vertex -3.540173177936447 3.119809243857556 32.12713953208436
    vertex -3.622351189593438 3.923740001167436 32.49222589151677
    vertex -3.947523106551255 3.755147429857069 31.80777276503064
  endloop
endfacet
facet normal -0.916227 -0.400111 -0.0209624
  outer loop
    vertex -3.617076564346537 3.026879577388481 31.26510301729457
    vertex -3.947523106551255 3.755147429857069 31.80777276503064
    vertex -3.884992806635273 3.652135769705926 31.04088628549077
  endloop
endfacet
facet normal -0.349137 -0.486207 -0.801066
  outer loop
    vertex -2.72059520483872 2.852548149580392 30.5594193247941
    vertex -3.425409510797222 3.138147698630297 30.69326097903362
    vertex -3.161834970682098 3.816902621900883 30.16641467400265
  endloop
endfacet
facet normal -0.75328 -0.195028 -0.628119
  outer loop
    vertex -3.425409510797222 3.138147698630297 30.69326097903362
    vertex -3.715966430434459 4.309478960747635 30.67802164693281
    vertex -3.161834970682098 3.816902621900883 30.16641467400265
  endloop
endfacet
facet normal -0.716814 -0.186552 -0.671845
  outer loop
    vertex -3.425409510797222 3.138147698630297 30.69326097903362
    vertex -3.884992806635273 3.652135769705926 31.04088628549077
    vertex -3.715966430434459 4.309478960747635 30.67802164693281
  endloop
endfacet
facet normal -0.531175 0.244884 -0.811101
  outer loop
    vertex -3.161834970682098 3.816902621900883 30.16641467400265
    vertex -3.715966430434459 4.309478960747635 30.67802164693281
    vertex -3.226821633703997 4.885347932088811 30.53155312384937
  endloop
endfacet
facet normal -0.920172 0.0207908 -0.390963
  outer loop
    vertex -3.884992806635273 3.652135769705926 31.04088628549077
    vertex -3.959335609441779 4.237318044172487 31.24697880538315
    vertex -3.715966430434459 4.309478960747635 30.67802164693281
  endloop
endfacet
facet normal -0.871857 0.364918 -0.326651
  outer loop
    vertex -3.959335609441779 4.237318044172487 31.24697880538315
    vertex -3.58150107239219 4.89798962843787 30.97657850862564
    vertex -3.715966430434459 4.309478960747635 30.67802164693281
  endloop
endfacet
facet normal -0.881315 0.403116 -0.246537
  outer loop
    vertex -3.959335609441779 4.237318044172487 31.24697880538315
    vertex -3.78044199667155 4.781318858754773 31.49697773033764
    vertex -3.58150107239219 4.89798962843787 30.97657850862564
  endloop
endfacet
facet normal -0.693905 0.445525 -0.565689
  outer loop
    vertex -3.715966430434459 4.309478960747635 30.67802164693281
    vertex -3.58150107239219 4.89798962843787 30.97657850862564
    vertex -3.226821633703997 4.885347932088811 30.53155312384937
  endloop
endfacet
facet normal -0.446895 0.810249 -0.379186
  outer loop
    vertex -3.226821633703997 4.885347932088811 30.53155312384937
    vertex -3.58150107239219 4.89798962843787 30.97657850862564
    vertex -2.712293340586505 5.240197795379876 30.68339669001558
  endloop
endfacet
facet normal -0.457994 0.735307 -0.499566
  outer loop
    vertex -3.58150107239219 4.89798962843787 30.97657850862564
    vertex -3.086712793064421 5.342087775454377 31.17662946728177
    vertex -2.712293340586505 5.240197795379876 30.68339669001558
  endloop
endfacet
facet normal -0.648267 0.757405 -0.0780167
  outer loop
    vertex -3.58150107239219 4.89798962843787 30.97657850862564
    vertex -3.78044199667155 4.781318858754773 31.49697773033764
    vertex -3.086712793064421 5.342087775454377 31.17662946728177
  endloop
endfacet
facet normal -0.0792248 0.962624 -0.258995
  outer loop
    vertex -2.712293340586505 5.240197795379876 30.68339669001558
    vertex -3.086712793064421 5.342087775454377 31.17662946728177
    vertex -2.158730033255037 5.367008764765698 30.98539155967702
  endloop
endfacet
facet normal 0.0986946 0.988721 -0.112647
  outer loop
    vertex -2.158730033255037 5.367008764765698 30.98539155967702
    vertex -2.625608287547217 5.488175613439769 31.63984241725107
    vertex -2.072245190435934 5.431822160015999 31.63004278135263
  endloop
endfacet
facet normal 0.101818 0.946621 0.305847
  outer loop
    vertex -2.625608287547217 5.488175613439769 31.63984241725107
    vertex -2.564924531054551 5.269580641035284 32.29620964649757
    vertex -2.072245190435934 5.431822160015999 31.63004278135263
  endloop
endfacet
facet normal -0.211492 0.921277 0.326373
  outer loop
    vertex -2.625608287547217 5.488175613439769 31.63984241725107
    vertex -3.055587704214619 5.172174251403009 32.25321300259178
    vertex -2.564924531054551 5.269580641035284 32.29620964649757
  endloop
endfacet
facet normal 0.114003 0.942595 0.313877
  outer loop
    vertex -2.072245190435934 5.431822160015999 31.63004278135263
    vertex -2.564924531054551 5.269580641035284 32.29620964649757
    vertex -2.066987298107574 5.224744871391361 32.25000000000026
  endloop
endfacet
facet normal 0.377026 0.879448 0.290555
  outer loop
    vertex -2.066987298107574 5.224744871391361 32.25000000000026
    vertex -1.629745726705006 5.139436376206786 31.94084265264213
    vertex -2.072245190435934 5.431822160015999 31.63004278135263
  endloop
endfacet
facet normal 0.509896 0.856525 0.0798168
  outer loop
    vertex -1.629745726705006 5.139436376206786 31.94084265264213
    vertex -1.670939577159035 5.227211874112282 31.26207179377682
    vertex -2.072245190435934 5.431822160015999 31.63004278135263
  endloop
endfacet
facet normal 0.630331 0.773861 0.061818
  outer loop
    vertex -1.629745726705006 5.139436376206786 31.94084265264213
    vertex -1.306231303075951 4.905223298635336 31.57407481253449
    vertex -1.670939577159035 5.227211874112282 31.26207179377682
  endloop
endfacet
facet normal 0.345178 0.928094 -0.139619
  outer loop
    vertex -2.072245190435934 5.431822160015999 31.63004278135263
    vertex -1.670939577159035 5.227211874112282 31.26207179377682
    vertex -2.158730033255037 5.367008764765698 30.98539155967702
  endloop
endfacet
facet normal -0.902192 -0.0105124 0.431206
  outer loop
    vertex -3.622351189593438 3.923740001167436 32.49222589151677
    vertex -3.838650473890976 4.392804250632584 32.05110772942905
    vertex -3.947523106551255 3.755147429857069 31.80777276503064
  endloop
endfacet
facet normal -0.984859 0.120651 0.12448
  outer loop
    vertex -3.838650473890976 4.392804250632584 32.05110772942905
    vertex -3.959335609441779 4.237318044172487 31.24697880538315
    vertex -3.947523106551255 3.755147429857069 31.80777276503064
  endloop
endfacet
facet normal -0.957667 0.273147 0.0909126
  outer loop
    vertex -3.838650473890976 4.392804250632584 32.05110772942905
    vertex -3.78044199667155 4.781318858754773 31.49697773033764
    vertex -3.959335609441779 4.237318044172487 31.24697880538315
  endloop
endfacet
facet normal -0.99247 -0.102431 -0.0671649
  outer loop
    vertex -3.947523106551255 3.755147429857069 31.80777276503064
    vertex -3.959335609441779 4.237318044172487 31.24697880538315
    vertex -3.884992806635273 3.652135769705926 31.04088628549077
  endloop
endfacet
facet normal -0.585424 0.628487 0.512136
  outer loop
    vertex -3.055587704214619 5.172174251403009 32.25321300259178
    vertex -3.48928669611981 5.052578149421025 31.90421661549442
    vertex -3.44704547175572 4.618544950688841 32.48514314614899
  endloop
endfacet
facet normal -0.757206 0.495664 0.425389
  outer loop
    vertex -3.48928669611981 5.052578149421025 31.90421661549442
    vertex -3.838650473890976 4.392804250632584 32.05110772942905
    vertex -3.44704547175572 4.618544950688841 32.48514314614899
  endloop
endfacet
facet normal -0.827828 0.496493 0.261145
  outer loop
    vertex -3.48928669611981 5.052578149421025 31.90421661549442
    vertex -3.78044199667155 4.781318858754773 31.49697773033764
    vertex -3.838650473890976 4.392804250632584 32.05110772942905
  endloop
endfacet
facet normal -0.777116 0.202149 0.596009
  outer loop
    vertex -3.44704547175572 4.618544950688841 32.48514314614899
    vertex -3.838650473890976 4.392804250632584 32.05110772942905
    vertex -3.622351189593438 3.923740001167436 32.49222589151677
  endloop
endfacet
facet normal -0.0739146 0.969835 -0.232288
  outer loop
    vertex -2.158730033255037 5.367008764765698 30.98539155967702
    vertex -3.086712793064421 5.342087775454377 31.17662946728177
    vertex -2.625608287547217 5.488175613439769 31.63984241725107
  endloop
endfacet
facet normal -0.414833 0.900725 0.128875
  outer loop
    vertex -3.086712793064421 5.342087775454377 31.17662946728177
    vertex -3.48928669611981 5.052578149421025 31.90421661549442
    vertex -2.625608287547217 5.488175613439769 31.63984241725107
  endloop
endfacet
facet normal -0.641893 0.765115 -0.0507172
  outer loop
    vertex -3.086712793064421 5.342087775454377 31.17662946728177
    vertex -3.78044199667155 4.781318858754773 31.49697773033764
    vertex -3.48928669611981 5.052578149421025 31.90421661549442
  endloop
endfacet
facet normal -0.396808 0.899061 0.185019
  outer loop
    vertex -2.625608287547217 5.488175613439769 31.63984241725107
    vertex -3.48928669611981 5.052578149421025 31.90421661549442
    vertex -3.055587704214619 5.172174251403009 32.25321300259178
  endloop
endfacet
facet normal 0.423279 0.219737 0.878948
  outer loop
    vertex 0 9 30
    vertex -1.22464679914735e-16 7 30.5
    vertex 0.3909157412340135 7 30.31174490092937
  endloop
endfacet
facet normal 0.418379 0.264939 0.868773
  outer loop
    vertex -1.22464679914735e-16 7 30.5
    vertex 0.4338837391175577 5 30.90096886790242
    vertex 0.3909157412340135 7 30.31174490092937
  endloop
endfacet
facet normal 0.216192 0.2368 0.947199
  outer loop
    vertex -1.22464679914735e-16 7 30.5
    vertex -2.449293598294703e-16 5 31
    vertex 0.4338837391175577 5 30.90096886790242
  endloop
endfacet
facet normal 0.605757 0.2368 0.759595
  outer loop
    vertex 0.3909157412340135 7 30.31174490092937
    vertex 0.4338837391175577 5 30.90096886790242
    vertex 0.7818314824680291 5 30.62348980185874
  endloop
endfacet
facet normal -0.605757 0.2368 0.759595
  outer loop
    vertex -0.7818314824680349 5 30.62348980185873
    vertex -0.4338837391175623 5 30.90096886790242
    vertex -0.3909157412340182 7 30.31174490092936
  endloop
endfacet
facet normal -0.418379 0.264939 0.868773
  outer loop
    vertex -0.4338837391175623 5 30.90096886790242
    vertex -1.22464679914735e-16 7 30.5
    vertex -0.3909157412340182 7 30.31174490092936
  endloop
endfacet
facet normal -0.216192 0.2368 0.947199
  outer loop
    vertex -0.4338837391175623 5 30.90096886790242
    vertex -2.449293598294703e-16 5 31
    vertex -1.22464679914735e-16 7 30.5
  endloop
endfacet
facet normal -0.423279 0.219737 0.878948
  outer loop
    vertex -0.3909157412340182 7 30.31174490092936
    vertex -1.22464679914735e-16 7 30.5
    vertex 0 9 30
  endloop
endfacet
facet normal 0.95274 0.219032 0.210505
  outer loop
    vertex 0.7818314824680291 5 30.62348980185874
    vertex 0.8522469520431762 5.4918813971917 29.79298275206225
    vertex 0.3909157412340135 7 30.31174490092937
  endloop
endfacet
facet normal 0.883263 0.369484 -0.288667
  outer loop
    vertex 0.8522469520431762 5.4918813971917 29.79298275206225
    vertex 1.855923130080574e-15 7.37319480356296 29.59329870089074
    vertex 0.3909157412340135 7 30.31174490092937
  endloop
endfacet
facet normal 0.606442 0.192847 -0.771387
  outer loop
    vertex 0.8522469520431762 5.4918813971917 29.79298275206225
    vertex 3.711846260161151e-15 5.746389607125919 29.18659740178148
    vertex 1.855923130080574e-15 7.37319480356296 29.59329870089074
  endloop
endfacet
facet normal 0.895715 0.107838 -0.431354
  outer loop
    vertex 0.3909157412340135 7 30.31174490092937
    vertex 1.855923130080574e-15 7.37319480356296 29.59329870089074
    vertex 0 9 30
  endloop
endfacet
facet normal -0.895715 0.107838 -0.431354
  outer loop
    vertex 0 9 30
    vertex 1.855923130080574e-15 7.37319480356296 29.59329870089074
    vertex -0.3909157412340182 7 30.31174490092936
  endloop
endfacet
facet normal -0.883263 0.369484 -0.288667
  outer loop
    vertex 1.855923130080574e-15 7.37319480356296 29.59329870089074
    vertex -0.8522469520431745 5.491881397191699 29.79298275206224
    vertex -0.3909157412340182 7 30.31174490092936
  endloop
endfacet
facet normal -0.606442 0.192847 -0.771387
  outer loop
    vertex 1.855923130080574e-15 7.37319480356296 29.59329870089074
    vertex 3.711846260161151e-15 5.746389607125919 29.18659740178148
    vertex -0.8522469520431745 5.491881397191699 29.79298275206224
  endloop
endfacet
facet normal -0.95274 0.219032 0.210505
  outer loop
    vertex -0.3909157412340182 7 30.31174490092936
    vertex -0.8522469520431745 5.491881397191699 29.79298275206224
    vertex -0.7818314824680349 5 30.62348980185873
  endloop
endfacet
facet normal 0.75737 0.652986 1.70043e-15
  outer loop
    vertex 0.9749279121818242 5 29.77747906604369
    vertex 0.6135224831802344 5.419178558142598 29.34809295138305
    vertex 0.9749279121818232 5 30.22252093395632
  endloop
endfacet
facet normal 0.879748 -0.168735 -0.444491
  outer loop
    vertex 0.6135224831802344 5.419178558142598 29.34809295138305
    vertex 0.8522469520431762 5.4918813971917 29.79298275206225
    vertex 0.9749279121818232 5 30.22252093395632
  endloop
endfacet
facet normal 0.511069 0.761489 -0.398676
  outer loop
    vertex 0.6135224831802344 5.419178558142598 29.34809295138305
    vertex 3.711846260161151e-15 5.746389607125919 29.18659740178148
    vertex 0.8522469520431762 5.4918813971917 29.79298275206225
  endloop
endfacet
facet normal 0.771345 0.516762 0.37146
  outer loop
    vertex 0.9749279121818232 5 30.22252093395632
    vertex 0.8522469520431762 5.4918813971917 29.79298275206225
    vertex 0.7818314824680291 5 30.62348980185874
  endloop
endfacet
facet normal 0.579518 0.368885 -0.726693
  outer loop
    vertex 0.433883739117561 5 29.09903113209758
    vertex 0.2221350170217986 5.378486364131207 29.12229498256151
    vertex 0.7818314824680316 5 29.37651019814127
  endloop
endfacet
facet normal 0.48444 0.135926 -0.8642
  outer loop
    vertex 0.2221350170217986 5.378486364131207 29.12229498256151
    vertex 0.6135224831802344 5.419178558142598 29.34809295138305
    vertex 0.7818314824680316 5 29.37651019814127
  endloop
endfacet
facet normal 0.426618 0.399414 -0.811459
  outer loop
    vertex 0.2221350170217986 5.378486364131207 29.12229498256151
    vertex 3.711846260161151e-15 5.746389607125919 29.18659740178148
    vertex 0.6135224831802344 5.419178558142598 29.34809295138305
  endloop
endfacet
facet normal 0.854988 0.315382 -0.41174
  outer loop
    vertex 0.7818314824680316 5 29.37651019814127
    vertex 0.6135224831802344 5.419178558142598 29.34809295138305
    vertex 0.9749279121818242 5 29.77747906604369
  endloop
endfacet
facet normal -0.218831 0.181358 -0.958761
  outer loop
    vertex -0.4338837391175532 5 29.09903113209758
    vertex -0.2221350170217909 5.378486364131208 29.12229498256151
    vertex 4.119267568565299e-15 5 29
  endloop
endfacet
facet normal 8.22406e-15 0.307464 -0.95156
  outer loop
    vertex -0.2221350170217909 5.378486364131208 29.12229498256151
    vertex 0.2221350170217986 5.378486364131207 29.12229498256151
    vertex 4.119267568565299e-15 5 29
  endloop
endfacet
facet normal 8.22153e-15 0.172171 -0.985067
  outer loop
    vertex -0.2221350170217909 5.378486364131208 29.12229498256151
    vertex 3.711846260161151e-15 5.746389607125919 29.18659740178148
    vertex 0.2221350170217986 5.378486364131207 29.12229498256151
  endloop
endfacet
facet normal 0.218831 0.181358 -0.958761
  outer loop
    vertex 4.119267568565299e-15 5 29
    vertex 0.2221350170217986 5.378486364131207 29.12229498256151
    vertex 0.433883739117561 5 29.09903113209758
  endloop
endfacet
facet normal -0.854988 0.315382 -0.41174
  outer loop
    vertex -0.974927912181822 5 29.77747906604368
    vertex -0.6135224831802288 5.419178558142598 29.34809295138304
    vertex -0.7818314824680258 5 29.37651019814126
  endloop
endfacet
facet normal -0.48444 0.135926 -0.8642
  outer loop
    vertex -0.6135224831802288 5.419178558142598 29.34809295138304
    vertex -0.2221350170217909 5.378486364131208 29.12229498256151
    vertex -0.7818314824680258 5 29.37651019814126
  endloop
endfacet
facet normal -0.426618 0.399414 -0.811459
  outer loop
    vertex -0.6135224831802288 5.419178558142598 29.34809295138304
    vertex 3.711846260161151e-15 5.746389607125919 29.18659740178148
    vertex -0.2221350170217909 5.378486364131208 29.12229498256151
  endloop
endfacet
facet normal -0.579518 0.368885 -0.726693
  outer loop
    vertex -0.7818314824680258 5 29.37651019814126
    vertex -0.2221350170217909 5.378486364131208 29.12229498256151
    vertex -0.4338837391175532 5 29.09903113209758
  endloop
endfacet
facet normal -0.771345 0.516762 0.37146
  outer loop
    vertex -0.7818314824680349 5 30.62348980185873
    vertex -0.8522469520431745 5.491881397191699 29.79298275206224
    vertex -0.9749279121818253 5 30.22252093395631
  endloop
endfacet
facet normal -0.879748 -0.168735 -0.444491
  outer loop
    vertex -0.8522469520431745 5.491881397191699 29.79298275206224
    vertex -0.6135224831802288 5.419178558142598 29.34809295138304
    vertex -0.9749279121818253 5 30.22252093395631
  endloop
endfacet
facet normal -0.511069 0.761489 -0.398676
  outer loop
    vertex -0.8522469520431745 5.491881397191699 29.79298275206224
    vertex 3.711846260161151e-15 5.746389607125919 29.18659740178148
    vertex -0.6135224831802288 5.419178558142598 29.34809295138304
  endloop
endfacet
facet normal -0.75737 0.652986 -5.66812e-15
  outer loop
    vertex -0.9749279121818253 5 30.22252093395631
    vertex -0.6135224831802288 5.419178558142598 29.34809295138304
    vertex -0.974927912181822 5 29.77747906604368
  endloop
endfacet
facet normal -0 -1 0
  outer loop
    vertex 0.7818314824680291 5 30.62348980185874
    vertex 0.4338837391175577 5 30.90096886790242
    vertex 0.3909157412340149 5 30.31174490092937
  endloop
endfacet
facet normal 0 -1 0
  outer loop
    vertex 0.4338837391175577 5 30.90096886790242
    vertex 3.33066907387547e-16 5 30.5
    vertex 0.3909157412340149 5 30.31174490092937
  endloop
endfacet
facet normal -0 -1 0
  outer loop
    vertex 0.4338837391175577 5 30.90096886790242
    vertex -2.449293598294703e-16 5 31
    vertex 3.33066907387547e-16 5 30.5
  endloop
endfacet
facet normal -0 -1 0
  outer loop
    vertex 0.3909157412340149 5 30.31174490092937
    vertex 3.33066907387547e-16 5 30.5
    vertex 6.661338147750939e-16 5 30
  endloop
endfacet
facet normal 0 -1 -0
  outer loop
    vertex -2.449293598294703e-16 5 31
    vertex -0.4338837391175623 5 30.90096886790242
    vertex 3.33066907387547e-16 5 30.5
  endloop
endfacet
facet normal 0 -1 0
  outer loop
    vertex -0.4338837391175623 5 30.90096886790242
    vertex -0.3909157412340171 5 30.31174490092936
    vertex 3.33066907387547e-16 5 30.5
  endloop
endfacet
facet normal 0 -1 -0
  outer loop
    vertex -0.4338837391175623 5 30.90096886790242
    vertex -0.7818314824680349 5 30.62348980185873
    vertex -0.3909157412340171 5 30.31174490092936
  endloop
endfacet
facet normal 0 -1 -0
  outer loop
    vertex 3.33066907387547e-16 5 30.5
    vertex -0.3909157412340171 5 30.31174490092936
    vertex 6.661338147750939e-16 5 30
  endloop
endfacet
facet normal 0 -1 0
  outer loop
    vertex 0.9749279121818242 5 29.77747906604369
    vertex 0.9749279121818232 5 30.22252093395632
    vertex 0.4874639560909124 5 29.88873953302184
  endloop
endfacet
facet normal -0 -1 0
  outer loop
    vertex 0.9749279121818232 5 30.22252093395632
    vertex 0.3909157412340149 5 30.31174490092937
    vertex 0.4874639560909124 5 29.88873953302184
  endloop
endfacet
facet normal 0 -1 0
  outer loop
    vertex 0.9749279121818232 5 30.22252093395632
    vertex 0.7818314824680291 5 30.62348980185874
    vertex 0.3909157412340149 5 30.31174490092937
  endloop
endfacet
facet normal 0 -1 0
  outer loop
    vertex 0.4874639560909124 5 29.88873953302184
    vertex 0.3909157412340149 5 30.31174490092937
    vertex 6.661338147750939e-16 5 30
  endloop
endfacet
facet normal 0 -1 0
  outer loop
    vertex 0.433883739117561 5 29.09903113209758
    vertex 0.7818314824680316 5 29.37651019814127
    vertex 0.2169418695587808 5 29.54951556604879
  endloop
endfacet
facet normal 0 -1 0
  outer loop
    vertex 0.7818314824680316 5 29.37651019814127
    vertex 0.4874639560909124 5 29.88873953302184
    vertex 0.2169418695587808 5 29.54951556604879
  endloop
endfacet
facet normal 0 -1 0
  outer loop
    vertex 0.7818314824680316 5 29.37651019814127
    vertex 0.9749279121818242 5 29.77747906604369
    vertex 0.4874639560909124 5 29.88873953302184
  endloop
endfacet
facet normal 0 -1 0
  outer loop
    vertex 0.2169418695587808 5 29.54951556604879
    vertex 0.4874639560909124 5 29.88873953302184
    vertex 6.661338147750939e-16 5 30
  endloop
endfacet
facet normal 0 -1 0
  outer loop
    vertex -0.4338837391175532 5 29.09903113209758
    vertex 4.119267568565299e-15 5 29
    vertex -0.2169418695587763 5 29.54951556604879
  endloop
endfacet
facet normal 0 -1 0
  outer loop
    vertex 4.119267568565299e-15 5 29
    vertex 0.2169418695587808 5 29.54951556604879
    vertex -0.2169418695587763 5 29.54951556604879
  endloop
endfacet
facet normal 0 -1 0
  outer loop
    vertex 4.119267568565299e-15 5 29
    vertex 0.433883739117561 5 29.09903113209758
    vertex 0.2169418695587808 5 29.54951556604879
  endloop
endfacet
facet normal 0 -1 0
  outer loop
    vertex -0.2169418695587763 5 29.54951556604879
    vertex 0.2169418695587808 5 29.54951556604879
    vertex 6.661338147750939e-16 5 30
  endloop
endfacet
facet normal 0 -1 0
  outer loop
    vertex -0.974927912181822 5 29.77747906604368
    vertex -0.7818314824680258 5 29.37651019814126
    vertex -0.4874639560909106 5 29.88873953302184
  endloop
endfacet
facet normal 0 -1 0
  outer loop
    vertex -0.7818314824680258 5 29.37651019814126
    vertex -0.2169418695587763 5 29.54951556604879
    vertex -0.4874639560909106 5 29.88873953302184
  endloop
endfacet
facet normal 0 -1 0
  outer loop
    vertex -0.7818314824680258 5 29.37651019814126
    vertex -0.4338837391175532 5 29.09903113209758
    vertex -0.2169418695587763 5 29.54951556604879
  endloop
endfacet
facet normal 0 -1 0
  outer loop
    vertex -0.4874639560909106 5 29.88873953302184
    vertex -0.2169418695587763 5 29.54951556604879
    vertex 6.661338147750939e-16 5 30
  endloop
endfacet
facet normal 0 -1 -0
  outer loop
    vertex -0.7818314824680349 5 30.62348980185873
    vertex -0.9749279121818253 5 30.22252093395631
    vertex -0.3909157412340171 5 30.31174490092936
  endloop
endfacet
facet normal 0 -1 0
  outer loop
    vertex -0.9749279121818253 5 30.22252093395631
    vertex -0.4874639560909106 5 29.88873953302184
    vertex -0.3909157412340171 5 30.31174490092936
  endloop
endfacet
facet normal 0 -1 0
  outer loop
    vertex -0.9749279121818253 5 30.22252093395631
    vertex -0.974927912181822 5 29.77747906604368
    vertex -0.4874639560909106 5 29.88873953302184
  endloop
endfacet
facet normal 0 -1 -0
  outer loop
    vertex -0.3909157412340171 5 30.31174490092936
    vertex -0.4874639560909106 5 29.88873953302184
    vertex 6.661338147750939e-16 5 30
  endloop
endfacet
endsolid Created by Gmsh
