solid Created by Gmsh
facet normal 0.997204 0.0747301 -0
  outer loop
    vertex 7 -1.714505518806294e-15 0
    vertex 6.9218157835759 1.043295863233222 0
    vertex 7 -1.714505518806294e-15 0.25
  endloop
endfacet
facet normal 0.997204 0.0747301 3.31868e-16
  outer loop
    vertex 6.9218157835759 1.043295863233222 0
    vertex 6.9218157835759 1.043295863233221 0.25
    vertex 7 -1.714505518806294e-15 0.25
  endloop
endfacet
facet normal 0.974928 0.222521 9.88191e-16
  outer loop
    vertex 6.9218157835759 1.043295863233222 0
    vertex 6.689009640502984 2.063286220876331 0
    vertex 6.9218157835759 1.043295863233221 0.25
  endloop
endfacet
facet normal 0.997204 0.0747301 -0
  outer loop
    vertex 7 -1.714505518806294e-15 0.25
    vertex 6.9218157835759 1.043295863233221 0.25
    vertex 7 -1.714505518806294e-15 0.5
  endloop
endfacet
facet normal 0.974928 -0.222521 0
  outer loop
    vertex 6.689009640502985 -2.063286220876327 0
    vertex 6.9218157835759 -1.043295863233221 0
    vertex 6.9218157835759 -1.043295863233221 0.25
  endloop
endfacet
facet normal 0.997204 -0.0747301 0
  outer loop
    vertex 6.9218157835759 -1.043295863233221 0
    vertex 7 -1.714505518806294e-15 0.25
    vertex 6.9218157835759 -1.043295863233221 0.25
  endloop
endfacet
facet normal 0.997204 -0.0747301 0
  outer loop
    vertex 6.9218157835759 -1.043295863233221 0
    vertex 7 -1.714505518806294e-15 0
    vertex 7 -1.714505518806294e-15 0.25
  endloop
endfacet
facet normal 0.997204 -0.0747301 0
  outer loop
    vertex 6.9218157835759 -1.043295863233221 0.25
    vertex 7 -1.714505518806294e-15 0.25
    vertex 7 -1.714505518806294e-15 0.5
  endloop
endfacet
facet normal 0.997204 0.0747301 -3.18352e-16
  outer loop
    vertex 7 -1.714505518806294e-15 0.5
    vertex 6.9218157835759 1.043295863233221 0.25
    vertex 6.9218157835759 1.043295863233222 0.5
  endloop
endfacet
facet normal 0.974928 0.222521 -9.88191e-16
  outer loop
    vertex 6.9218157835759 1.043295863233221 0.25
    vertex 6.689009640502984 2.063286220876331 0.25
    vertex 6.9218157835759 1.043295863233222 0.5
  endloop
endfacet
facet normal 0.974928 0.222521 0
  outer loop
    vertex 6.9218157835759 1.043295863233221 0.25
    vertex 6.689009640502984 2.063286220876331 0
    vertex 6.689009640502984 2.063286220876331 0.25
  endloop
endfacet
facet normal 0.974928 0.222521 0
  outer loop
    vertex 6.9218157835759 1.043295863233222 0.5
    vertex 6.689009640502984 2.063286220876331 0.25
    vertex 6.689009640502984 2.063286220876331 0.5
  endloop
endfacet
facet normal 0.974928 -0.222521 0
  outer loop
    vertex 6.689009640502985 -2.063286220876327 0.5
    vertex 6.689009640502985 -2.063286220876327 0.25
    vertex 6.9218157835759 -1.043295863233221 0.5
  endloop
endfacet
facet normal 0.974928 -0.222521 0
  outer loop
    vertex 6.689009640502985 -2.063286220876327 0.25
    vertex 6.9218157835759 -1.043295863233221 0.25
    vertex 6.9218157835759 -1.043295863233221 0.5
  endloop
endfacet
facet normal 0.974928 -0.222521 0
  outer loop
    vertex 6.689009640502985 -2.063286220876327 0.25
    vertex 6.689009640502985 -2.063286220876327 0
    vertex 6.9218157835759 -1.043295863233221 0.25
  endloop
endfacet
facet normal 0.997204 -0.0747301 0
  outer loop
    vertex 6.9218157835759 -1.043295863233221 0.5
    vertex 6.9218157835759 -1.043295863233221 0.25
    vertex 7 -1.714505518806294e-15 0.5
  endloop
endfacet
facet normal 0.930874 0.365341 0
  outer loop
    vertex 6.689009640502984 2.063286220876331 0.5
    vertex 6.306782075316932 3.03718617382291 0.25
    vertex 6.306782075316932 3.03718617382291 0.5
  endloop
endfacet
facet normal 0.866025 0.5 -0
  outer loop
    vertex 6.306782075316932 3.03718617382291 0.25
    vertex 5.783671420211962 3.943240406445358 0.25
    vertex 6.306782075316932 3.03718617382291 0.5
  endloop
endfacet
facet normal 0.866025 0.5 0
  outer loop
    vertex 6.306782075316932 3.03718617382291 0.25
    vertex 5.783671420211962 3.943240406445358 0
    vertex 5.783671420211962 3.943240406445358 0.25
  endloop
endfacet
facet normal 0.866025 0.5 0
  outer loop
    vertex 6.306782075316932 3.03718617382291 0.5
    vertex 5.783671420211962 3.943240406445358 0.25
    vertex 5.783671420211962 3.943240406445358 0.5
  endloop
endfacet
facet normal 0.930874 0.365341 0
  outer loop
    vertex 6.689009640502984 2.063286220876331 0.5
    vertex 6.689009640502984 2.063286220876331 0.25
    vertex 6.306782075316932 3.03718617382291 0.25
  endloop
endfacet
facet normal 0.930874 0.365341 0
  outer loop
    vertex 6.689009640502984 2.063286220876331 0.25
    vertex 6.306782075316932 3.03718617382291 0
    vertex 6.306782075316932 3.03718617382291 0.25
  endloop
endfacet
facet normal 0.930874 0.365341 0
  outer loop
    vertex 6.689009640502984 2.063286220876331 0.25
    vertex 6.689009640502984 2.063286220876331 0
    vertex 6.306782075316932 3.03718617382291 0
  endloop
endfacet
facet normal 0.866025 0.5 0
  outer loop
    vertex 6.306782075316932 3.03718617382291 0.25
    vertex 6.306782075316932 3.03718617382291 0
    vertex 5.783671420211962 3.943240406445358 0
  endloop
endfacet
facet normal 0.781831 0.62349 -0
  outer loop
    vertex 5.783671420211962 3.943240406445358 0
    vertex 5.131363102808781 4.76120916439644 0.25
    vertex 5.783671420211962 3.943240406445358 0.25
  endloop
endfacet
facet normal 0.781831 0.62349 2.21508e-15
  outer loop
    vertex 5.131363102808781 4.76120916439644 0.25
    vertex 5.131363102808781 4.761209164396439 0.5
    vertex 5.783671420211962 3.943240406445358 0.25
  endloop
endfacet
facet normal 0.680173 0.733052 2.60432e-15
  outer loop
    vertex 5.131363102808781 4.76120916439644 0.25
    vertex 4.364428613011131 5.472820377276212 0.5
    vertex 5.131363102808781 4.761209164396439 0.5
  endloop
endfacet
facet normal 0.781831 0.62349 -0
  outer loop
    vertex 5.783671420211962 3.943240406445358 0.25
    vertex 5.131363102808781 4.761209164396439 0.5
    vertex 5.783671420211962 3.943240406445358 0.5
  endloop
endfacet
facet normal 0.56332 0.826239 0
  outer loop
    vertex 4.364428613011131 5.472820377276212 0.5
    vertex 4.364428613011131 5.472820377276212 0.25
    vertex 3.499999999999996 6.062177826491072 0.5
  endloop
endfacet
facet normal 0.56332 0.826239 0
  outer loop
    vertex 4.364428613011131 5.472820377276212 0.25
    vertex 3.499999999999996 6.062177826491072 0.25
    vertex 3.499999999999996 6.062177826491072 0.5
  endloop
endfacet
facet normal 0.56332 0.826239 0
  outer loop
    vertex 4.364428613011131 5.472820377276212 0.25
    vertex 4.364428613011131 5.472820377276212 0
    vertex 3.499999999999996 6.062177826491072 0.25
  endloop
endfacet
facet normal 0.433884 0.900969 0
  outer loop
    vertex 3.499999999999996 6.062177826491072 0.5
    vertex 3.499999999999996 6.062177826491072 0.25
    vertex 2.557387170564762 6.516116240509431 0.5
  endloop
endfacet
facet normal 0.781831 0.62349 -2.12235e-15
  outer loop
    vertex 5.783671420211962 3.943240406445358 0
    vertex 5.131363102808781 4.761209164396439 0
    vertex 5.131363102808781 4.76120916439644 0.25
  endloop
endfacet
facet normal 0.680173 0.733052 -2.60432e-15
  outer loop
    vertex 5.131363102808781 4.761209164396439 0
    vertex 4.364428613011131 5.472820377276212 0.25
    vertex 5.131363102808781 4.76120916439644 0.25
  endloop
endfacet
facet normal 0.680173 0.733052 0
  outer loop
    vertex 5.131363102808781 4.761209164396439 0
    vertex 4.364428613011131 5.472820377276212 0
    vertex 4.364428613011131 5.472820377276212 0.25
  endloop
endfacet
facet normal 0.680173 0.733052 0
  outer loop
    vertex 5.131363102808781 4.76120916439644 0.25
    vertex 4.364428613011131 5.472820377276212 0.25
    vertex 4.364428613011131 5.472820377276212 0.5
  endloop
endfacet
facet normal 0.294755 0.955573 1.91011e-15
  outer loop
    vertex 2.557387170564762 6.516116240509431 0.5
    vertex 1.557646537694198 6.824495385272766 0.25
    vertex 1.557646537694197 6.824495385272766 0.5
  endloop
endfacet
facet normal 0.149042 0.988831 9.26633e-16
  outer loop
    vertex 1.557646537694198 6.824495385272766 0.25
    vertex 0.5231106551049661 6.980426580268261 0.25
    vertex 1.557646537694197 6.824495385272766 0.5
  endloop
endfacet
facet normal 0.149042 0.988831 0
  outer loop
    vertex 1.557646537694198 6.824495385272766 0.25
    vertex 0.5231106551049661 6.980426580268261 0
    vertex 0.5231106551049661 6.980426580268261 0.25
  endloop
endfacet
facet normal 0.149042 0.988831 0
  outer loop
    vertex 1.557646537694197 6.824495385272766 0.5
    vertex 0.5231106551049661 6.980426580268261 0.25
    vertex 0.5231106551049661 6.980426580268261 0.5
  endloop
endfacet
facet normal 0.56332 0.826239 0
  outer loop
    vertex 4.364428613011131 5.472820377276212 0
    vertex 3.499999999999996 6.062177826491072 0
    vertex 3.499999999999996 6.062177826491072 0.25
  endloop
endfacet
facet normal 0.433884 0.900969 -0
  outer loop
    vertex 3.499999999999996 6.062177826491072 0
    vertex 2.557387170564762 6.516116240509431 0.25
    vertex 3.499999999999996 6.062177826491072 0.25
  endloop
endfacet
facet normal 0.433884 0.900969 0
  outer loop
    vertex 3.499999999999996 6.062177826491072 0
    vertex 2.557387170564762 6.516116240509431 0
    vertex 2.557387170564762 6.516116240509431 0.25
  endloop
endfacet
facet normal 0.433884 0.900969 0
  outer loop
    vertex 3.499999999999996 6.062177826491072 0.25
    vertex 2.557387170564762 6.516116240509431 0.25
    vertex 2.557387170564762 6.516116240509431 0.5
  endloop
endfacet
facet normal 0.294755 0.955573 0
  outer loop
    vertex 2.557387170564762 6.516116240509431 0.5
    vertex 2.557387170564762 6.516116240509431 0.25
    vertex 1.557646537694198 6.824495385272766 0.25
  endloop
endfacet
facet normal 0.294755 0.955573 -1.91011e-15
  outer loop
    vertex 2.557387170564762 6.516116240509431 0.25
    vertex 1.557646537694197 6.824495385272766 0
    vertex 1.557646537694198 6.824495385272766 0.25
  endloop
endfacet
facet normal 0.294755 0.955573 0
  outer loop
    vertex 2.557387170564762 6.516116240509431 0.25
    vertex 2.557387170564762 6.516116240509431 0
    vertex 1.557646537694197 6.824495385272766 0
  endloop
endfacet
facet normal 0.149042 0.988831 -9.26633e-16
  outer loop
    vertex 1.557646537694198 6.824495385272766 0.25
    vertex 1.557646537694197 6.824495385272766 0
    vertex 0.5231106551049661 6.980426580268261 0
  endloop
endfacet
facet normal -8.48939e-16 1 0
  outer loop
    vertex 0.5231106551049661 6.980426580268261 0
    vertex -0.523110655104973 6.980426580268261 0.25
    vertex 0.5231106551049661 6.980426580268261 0.25
  endloop
endfacet
facet normal -8.48939e-16 1 0
  outer loop
    vertex -0.523110655104973 6.980426580268261 0.25
    vertex -0.523110655104973 6.980426580268261 0.5
    vertex 0.5231106551049661 6.980426580268261 0.25
  endloop
endfacet
facet normal -0.149042 0.988831 0
  outer loop
    vertex -0.523110655104973 6.980426580268261 0.25
    vertex -1.557646537694203 6.824495385272765 0.5
    vertex -0.523110655104973 6.980426580268261 0.5
  endloop
endfacet
facet normal -8.48939e-16 1 0
  outer loop
    vertex 0.5231106551049661 6.980426580268261 0.25
    vertex -0.523110655104973 6.980426580268261 0.5
    vertex 0.5231106551049661 6.980426580268261 0.5
  endloop
endfacet
facet normal -0.294755 0.955573 0
  outer loop
    vertex -1.557646537694203 6.824495385272765 0.5
    vertex -2.557387170564768 6.516116240509428 0.25
    vertex -2.557387170564768 6.516116240509428 0.5
  endloop
endfacet
facet normal -0.433884 0.900969 0
  outer loop
    vertex -2.557387170564768 6.516116240509428 0.25
    vertex -3.500000000000004 6.062177826491068 0.25
    vertex -2.557387170564768 6.516116240509428 0.5
  endloop
endfacet
facet normal -0.433884 0.900969 0
  outer loop
    vertex -2.557387170564768 6.516116240509428 0.25
    vertex -3.500000000000004 6.062177826491068 0
    vertex -3.500000000000004 6.062177826491068 0.25
  endloop
endfacet
facet normal -0.433884 0.900969 0
  outer loop
    vertex -2.557387170564768 6.516116240509428 0.5
    vertex -3.500000000000004 6.062177826491068 0.25
    vertex -3.500000000000004 6.062177826491068 0.5
  endloop
endfacet
facet normal -8.48939e-16 1 0
  outer loop
    vertex 0.5231106551049661 6.980426580268261 0
    vertex -0.523110655104973 6.980426580268261 0
    vertex -0.523110655104973 6.980426580268261 0.25
  endloop
endfacet
facet normal -0.149042 0.988831 0
  outer loop
    vertex -0.523110655104973 6.980426580268261 0
    vertex -1.557646537694203 6.824495385272765 0.25
    vertex -0.523110655104973 6.980426580268261 0.25
  endloop
endfacet
facet normal -0.149042 0.988831 0
  outer loop
    vertex -0.523110655104973 6.980426580268261 0
    vertex -1.557646537694203 6.824495385272765 0
    vertex -1.557646537694203 6.824495385272765 0.25
  endloop
endfacet
facet normal -0.149042 0.988831 0
  outer loop
    vertex -0.523110655104973 6.980426580268261 0.25
    vertex -1.557646537694203 6.824495385272765 0.25
    vertex -1.557646537694203 6.824495385272765 0.5
  endloop
endfacet
facet normal -0.294755 0.955573 0
  outer loop
    vertex -1.557646537694203 6.824495385272765 0.5
    vertex -1.557646537694203 6.824495385272765 0.25
    vertex -2.557387170564768 6.516116240509428 0.25
  endloop
endfacet
facet normal -0.294755 0.955573 0
  outer loop
    vertex -1.557646537694203 6.824495385272765 0.25
    vertex -2.557387170564768 6.516116240509428 0
    vertex -2.557387170564768 6.516116240509428 0.25
  endloop
endfacet
facet normal -0.294755 0.955573 0
  outer loop
    vertex -1.557646537694203 6.824495385272765 0.25
    vertex -1.557646537694203 6.824495385272765 0
    vertex -2.557387170564768 6.516116240509428 0
  endloop
endfacet
facet normal -0.433884 0.900969 0
  outer loop
    vertex -2.557387170564768 6.516116240509428 0.25
    vertex -2.557387170564768 6.516116240509428 0
    vertex -3.500000000000004 6.062177826491068 0
  endloop
endfacet
facet normal -0.56332 0.826239 0
  outer loop
    vertex -3.500000000000004 6.062177826491068 0
    vertex -4.364428613011139 5.472820377276205 0.25
    vertex -3.500000000000004 6.062177826491068 0.25
  endloop
endfacet
facet normal -0.56332 0.826239 -1.86815e-15
  outer loop
    vertex -4.364428613011139 5.472820377276205 0.25
    vertex -4.364428613011137 5.472820377276207 0.5
    vertex -3.500000000000004 6.062177826491068 0.25
  endloop
endfacet
facet normal -0.680173 0.733052 -3.75729e-16
  outer loop
    vertex -4.364428613011139 5.472820377276205 0.25
    vertex -5.131363102808787 4.761209164396433 0.5
    vertex -4.364428613011137 5.472820377276207 0.5
  endloop
endfacet
facet normal -0.56332 0.826239 0
  outer loop
    vertex -3.500000000000004 6.062177826491068 0.25
    vertex -4.364428613011137 5.472820377276207 0.5
    vertex -3.500000000000004 6.062177826491068 0.5
  endloop
endfacet
facet normal -0.781831 0.62349 0
  outer loop
    vertex -5.131363102808787 4.761209164396433 0.5
    vertex -5.783671420211967 3.943240406445351 0.25
    vertex -5.783671420211967 3.943240406445351 0.5
  endloop
endfacet
facet normal -0.866025 0.5 0
  outer loop
    vertex -5.783671420211967 3.943240406445351 0.25
    vertex -6.306782075316937 3.037186173822902 0.25
    vertex -5.783671420211967 3.943240406445351 0.5
  endloop
endfacet
facet normal -0.866025 0.5 0
  outer loop
    vertex -5.783671420211967 3.943240406445351 0.25
    vertex -6.306782075316937 3.037186173822902 0
    vertex -6.306782075316937 3.037186173822902 0.25
  endloop
endfacet
facet normal -0.866025 0.5 0
  outer loop
    vertex -5.783671420211967 3.943240406445351 0.5
    vertex -6.306782075316937 3.037186173822902 0.25
    vertex -6.306782075316937 3.037186173822902 0.5
  endloop
endfacet
facet normal -0.56332 0.826239 2.12235e-15
  outer loop
    vertex -3.500000000000004 6.062177826491068 0
    vertex -4.364428613011137 5.472820377276207 0
    vertex -4.364428613011139 5.472820377276205 0.25
  endloop
endfacet
facet normal -0.680173 0.733052 3.75729e-16
  outer loop
    vertex -4.364428613011137 5.472820377276207 0
    vertex -5.131363102808787 4.761209164396433 0.25
    vertex -4.364428613011139 5.472820377276205 0.25
  endloop
endfacet
facet normal -0.680173 0.733052 0
  outer loop
    vertex -4.364428613011137 5.472820377276207 0
    vertex -5.131363102808787 4.761209164396433 0
    vertex -5.131363102808787 4.761209164396433 0.25
  endloop
endfacet
facet normal -0.680173 0.733052 0
  outer loop
    vertex -4.364428613011139 5.472820377276205 0.25
    vertex -5.131363102808787 4.761209164396433 0.25
    vertex -5.131363102808787 4.761209164396433 0.5
  endloop
endfacet
facet normal -0.781831 0.62349 0
  outer loop
    vertex -5.131363102808787 4.761209164396433 0
    vertex -5.783671420211967 3.943240406445351 0
    vertex -5.131363102808787 4.761209164396433 0.25
  endloop
endfacet
facet normal -0.781831 0.62349 0
  outer loop
    vertex -5.783671420211967 3.943240406445351 0
    vertex -5.783671420211967 3.943240406445351 0.25
    vertex -5.131363102808787 4.761209164396433 0.25
  endloop
endfacet
facet normal -0.866025 0.5 0
  outer loop
    vertex -5.783671420211967 3.943240406445351 0
    vertex -6.306782075316937 3.037186173822902 0
    vertex -5.783671420211967 3.943240406445351 0.25
  endloop
endfacet
facet normal -0.781831 0.62349 0
  outer loop
    vertex -5.131363102808787 4.761209164396433 0.25
    vertex -5.783671420211967 3.943240406445351 0.25
    vertex -5.131363102808787 4.761209164396433 0.5
  endloop
endfacet
facet normal -0.930874 0.365341 0
  outer loop
    vertex -6.306782075316937 3.037186173822902 0.5
    vertex -6.306782075316937 3.037186173822902 0.25
    vertex -6.689009640502986 2.063286220876326 0.5
  endloop
endfacet
facet normal -0.930874 0.365341 0
  outer loop
    vertex -6.306782075316937 3.037186173822902 0.25
    vertex -6.689009640502986 2.063286220876326 0.25
    vertex -6.689009640502986 2.063286220876326 0.5
  endloop
endfacet
facet normal -0.930874 0.365341 0
  outer loop
    vertex -6.306782075316937 3.037186173822902 0.25
    vertex -6.306782075316937 3.037186173822902 0
    vertex -6.689009640502986 2.063286220876326 0.25
  endloop
endfacet
facet normal -0.974928 0.222521 0
  outer loop
    vertex -6.689009640502986 2.063286220876326 0.5
    vertex -6.689009640502986 2.063286220876326 0.25
    vertex -6.921815783575901 1.043295863233217 0.5
  endloop
endfacet
facet normal -0.997204 0.0747301 0
  outer loop
    vertex -6.921815783575901 1.043295863233217 0.5
    vertex -7 -2.251371709547291e-15 0.25
    vertex -7 -2.251371709547291e-15 0.5
  endloop
endfacet
facet normal -0.997204 -0.0747301 0
  outer loop
    vertex -7 -2.251371709547291e-15 0.25
    vertex -6.9218157835759 -1.043295863233224 0.25
    vertex -7 -2.251371709547291e-15 0.5
  endloop
endfacet
facet normal -0.997204 -0.0747301 0
  outer loop
    vertex -7 -2.251371709547291e-15 0.25
    vertex -6.9218157835759 -1.043295863233224 0
    vertex -6.9218157835759 -1.043295863233224 0.25
  endloop
endfacet
facet normal -0.997204 -0.0747301 0
  outer loop
    vertex -7 -2.251371709547291e-15 0.5
    vertex -6.9218157835759 -1.043295863233224 0.25
    vertex -6.9218157835759 -1.043295863233224 0.5
  endloop
endfacet
facet normal -0.930874 0.365341 0
  outer loop
    vertex -6.306782075316937 3.037186173822902 0
    vertex -6.689009640502986 2.063286220876326 0
    vertex -6.689009640502986 2.063286220876326 0.25
  endloop
endfacet
facet normal -0.974928 0.222521 0
  outer loop
    vertex -6.689009640502986 2.063286220876326 0
    vertex -6.921815783575901 1.043295863233217 0.25
    vertex -6.689009640502986 2.063286220876326 0.25
  endloop
endfacet
facet normal -0.974928 0.222521 0
  outer loop
    vertex -6.689009640502986 2.063286220876326 0
    vertex -6.921815783575901 1.043295863233217 0
    vertex -6.921815783575901 1.043295863233217 0.25
  endloop
endfacet
facet normal -0.974928 0.222521 0
  outer loop
    vertex -6.689009640502986 2.063286220876326 0.25
    vertex -6.921815783575901 1.043295863233217 0.25
    vertex -6.921815783575901 1.043295863233217 0.5
  endloop
endfacet
facet normal -0.997204 0.0747301 0
  outer loop
    vertex -6.921815783575901 1.043295863233217 0.5
    vertex -6.921815783575901 1.043295863233217 0.25
    vertex -7 -2.251371709547291e-15 0.25
  endloop
endfacet
facet normal -0.997204 0.0747301 0
  outer loop
    vertex -6.921815783575901 1.043295863233217 0.25
    vertex -7 -2.251371709547291e-15 0
    vertex -7 -2.251371709547291e-15 0.25
  endloop
endfacet
facet normal -0.997204 0.0747301 0
  outer loop
    vertex -6.921815783575901 1.043295863233217 0.25
    vertex -6.921815783575901 1.043295863233217 0
    vertex -7 -2.251371709547291e-15 0
  endloop
endfacet
facet normal -0.997204 -0.0747301 -0
  outer loop
    vertex -7 -2.251371709547291e-15 0.25
    vertex -7 -2.251371709547291e-15 0
    vertex -6.9218157835759 -1.043295863233224 0
  endloop
endfacet
facet normal -0.974928 -0.222521 -0
  outer loop
    vertex -6.9218157835759 -1.043295863233224 0.5
    vertex -6.9218157835759 -1.043295863233224 0.25
    vertex -6.689009640502984 -2.063286220876331 0.5
  endloop
endfacet
facet normal -0.974928 -0.222521 0
  outer loop
    vertex -6.9218157835759 -1.043295863233224 0.25
    vertex -6.689009640502984 -2.063286220876331 0.25
    vertex -6.689009640502984 -2.063286220876331 0.5
  endloop
endfacet
facet normal -0.974928 -0.222521 -0
  outer loop
    vertex -6.9218157835759 -1.043295863233224 0.25
    vertex -6.9218157835759 -1.043295863233224 0
    vertex -6.689009640502984 -2.063286220876331 0.25
  endloop
endfacet
facet normal -0.930874 -0.365341 -0
  outer loop
    vertex -6.689009640502984 -2.063286220876331 0.5
    vertex -6.689009640502984 -2.063286220876331 0.25
    vertex -6.306782075316933 -3.037186173822909 0.5
  endloop
endfacet
facet normal -0.866025 -0.5 -0
  outer loop
    vertex -6.306782075316933 -3.037186173822909 0.5
    vertex -6.306782075316933 -3.037186173822909 0.25
    vertex -5.783671420211962 -3.943240406445357 0.5
  endloop
endfacet
facet normal -0.866025 -0.5 4.66917e-15
  outer loop
    vertex -6.306782075316933 -3.037186173822909 0.25
    vertex -5.783671420211965 -3.943240406445355 0.25
    vertex -5.783671420211962 -3.943240406445357 0.5
  endloop
endfacet
facet normal -0.866025 -0.5 -0
  outer loop
    vertex -6.306782075316933 -3.037186173822909 0.25
    vertex -6.306782075316933 -3.037186173822909 0
    vertex -5.783671420211965 -3.943240406445355 0.25
  endloop
endfacet
facet normal -0.781831 -0.62349 2.79517e-15
  outer loop
    vertex -5.783671420211962 -3.943240406445357 0.5
    vertex -5.783671420211965 -3.943240406445355 0.25
    vertex -5.131363102808784 -4.761209164396436 0.5
  endloop
endfacet
facet normal -0.974928 -0.222521 0
  outer loop
    vertex -6.9218157835759 -1.043295863233224 0
    vertex -6.689009640502984 -2.063286220876331 0
    vertex -6.689009640502984 -2.063286220876331 0.25
  endloop
endfacet
facet normal -0.930874 -0.365341 0
  outer loop
    vertex -6.689009640502984 -2.063286220876331 0
    vertex -6.306782075316933 -3.037186173822909 0.25
    vertex -6.689009640502984 -2.063286220876331 0.25
  endloop
endfacet
facet normal -0.930874 -0.365341 0
  outer loop
    vertex -6.689009640502984 -2.063286220876331 0
    vertex -6.306782075316933 -3.037186173822909 0
    vertex -6.306782075316933 -3.037186173822909 0.25
  endloop
endfacet
facet normal -0.930874 -0.365341 0
  outer loop
    vertex -6.689009640502984 -2.063286220876331 0.25
    vertex -6.306782075316933 -3.037186173822909 0.25
    vertex -6.306782075316933 -3.037186173822909 0.5
  endloop
endfacet
facet normal -0.680173 -0.733052 -0
  outer loop
    vertex -5.131363102808784 -4.761209164396436 0.5
    vertex -5.131363102808784 -4.761209164396436 0.25
    vertex -4.364428613011136 -5.472820377276208 0.5
  endloop
endfacet
facet normal -0.680173 -0.733052 0
  outer loop
    vertex -5.131363102808784 -4.761209164396436 0.25
    vertex -4.364428613011136 -5.472820377276208 0.25
    vertex -4.364428613011136 -5.472820377276208 0.5
  endloop
endfacet
facet normal -0.680173 -0.733052 -0
  outer loop
    vertex -5.131363102808784 -4.761209164396436 0.25
    vertex -5.131363102808784 -4.761209164396436 0
    vertex -4.364428613011136 -5.472820377276208 0.25
  endloop
endfacet
facet normal -0.56332 -0.826239 -0
  outer loop
    vertex -4.364428613011136 -5.472820377276208 0.5
    vertex -4.364428613011136 -5.472820377276208 0.25
    vertex -3.499999999999997 -6.062177826491071 0.5
  endloop
endfacet
facet normal -0.866025 -0.5 -4.66917e-15
  outer loop
    vertex -6.306782075316933 -3.037186173822909 0
    vertex -5.783671420211962 -3.943240406445357 0
    vertex -5.783671420211965 -3.943240406445355 0.25
  endloop
endfacet
facet normal -0.781831 -0.62349 -2.79517e-15
  outer loop
    vertex -5.783671420211962 -3.943240406445357 0
    vertex -5.131363102808784 -4.761209164396436 0.25
    vertex -5.783671420211965 -3.943240406445355 0.25
  endloop
endfacet
facet normal -0.781831 -0.62349 0
  outer loop
    vertex -5.783671420211962 -3.943240406445357 0
    vertex -5.131363102808784 -4.761209164396436 0
    vertex -5.131363102808784 -4.761209164396436 0.25
  endloop
endfacet
facet normal -0.781831 -0.62349 0
  outer loop
    vertex -5.783671420211965 -3.943240406445355 0.25
    vertex -5.131363102808784 -4.761209164396436 0.25
    vertex -5.131363102808784 -4.761209164396436 0.5
  endloop
endfacet
facet normal -0.433884 -0.900969 2.97129e-15
  outer loop
    vertex -3.499999999999997 -6.062177826491071 0.5
    vertex -2.557387170564764 -6.51611624050943 0.25
    vertex -2.557387170564759 -6.516116240509432 0.5
  endloop
endfacet
facet normal -0.294755 -0.955573 -5.06669e-16
  outer loop
    vertex -2.557387170564764 -6.51611624050943 0.25
    vertex -1.557646537694196 -6.824495385272766 0.25
    vertex -2.557387170564759 -6.516116240509432 0.5
  endloop
endfacet
facet normal -0.294755 -0.955573 0
  outer loop
    vertex -2.557387170564764 -6.51611624050943 0.25
    vertex -1.557646537694196 -6.824495385272766 0
    vertex -1.557646537694196 -6.824495385272766 0.25
  endloop
endfacet
facet normal -0.294755 -0.955573 0
  outer loop
    vertex -2.557387170564759 -6.516116240509432 0.5
    vertex -1.557646537694196 -6.824495385272766 0.25
    vertex -1.557646537694196 -6.824495385272766 0.5
  endloop
endfacet
facet normal -0.680173 -0.733052 0
  outer loop
    vertex -5.131363102808784 -4.761209164396436 0
    vertex -4.364428613011136 -5.472820377276208 0
    vertex -4.364428613011136 -5.472820377276208 0.25
  endloop
endfacet
facet normal -0.56332 -0.826239 0
  outer loop
    vertex -4.364428613011136 -5.472820377276208 0
    vertex -3.499999999999997 -6.062177826491071 0.25
    vertex -4.364428613011136 -5.472820377276208 0.25
  endloop
endfacet
facet normal -0.56332 -0.826239 0
  outer loop
    vertex -4.364428613011136 -5.472820377276208 0
    vertex -3.499999999999997 -6.062177826491071 0
    vertex -3.499999999999997 -6.062177826491071 0.25
  endloop
endfacet
facet normal -0.56332 -0.826239 0
  outer loop
    vertex -4.364428613011136 -5.472820377276208 0.25
    vertex -3.499999999999997 -6.062177826491071 0.25
    vertex -3.499999999999997 -6.062177826491071 0.5
  endloop
endfacet
facet normal -0.433884 -0.900969 0
  outer loop
    vertex -3.499999999999997 -6.062177826491071 0
    vertex -2.557387170564759 -6.516116240509432 0
    vertex -3.499999999999997 -6.062177826491071 0.25
  endloop
endfacet
facet normal -0.433884 -0.900969 -2.84702e-15
  outer loop
    vertex -2.557387170564759 -6.516116240509432 0
    vertex -2.557387170564764 -6.51611624050943 0.25
    vertex -3.499999999999997 -6.062177826491071 0.25
  endloop
endfacet
facet normal -0.294755 -0.955573 5.06669e-16
  outer loop
    vertex -2.557387170564759 -6.516116240509432 0
    vertex -1.557646537694196 -6.824495385272766 0
    vertex -2.557387170564764 -6.51611624050943 0.25
  endloop
endfacet
facet normal -0.433884 -0.900969 0
  outer loop
    vertex -3.499999999999997 -6.062177826491071 0.25
    vertex -2.557387170564764 -6.51611624050943 0.25
    vertex -3.499999999999997 -6.062177826491071 0.5
  endloop
endfacet
facet normal -0.149042 -0.988831 0
  outer loop
    vertex -1.557646537694196 -6.824495385272766 0
    vertex -0.5231106551049669 -6.980426580268261 0.25
    vertex -1.557646537694196 -6.824495385272766 0.25
  endloop
endfacet
facet normal -0.149042 -0.988831 0
  outer loop
    vertex -0.5231106551049669 -6.980426580268261 0.25
    vertex -0.5231106551049669 -6.980426580268261 0.5
    vertex -1.557646537694196 -6.824495385272766 0.25
  endloop
endfacet
facet normal 0 -1 0
  outer loop
    vertex -0.5231106551049669 -6.980426580268261 0.25
    vertex 0.5231106551049706 -6.980426580268261 0.5
    vertex -0.5231106551049669 -6.980426580268261 0.5
  endloop
endfacet
facet normal -0.149042 -0.988831 0
  outer loop
    vertex -1.557646537694196 -6.824495385272766 0.25
    vertex -0.5231106551049669 -6.980426580268261 0.5
    vertex -1.557646537694196 -6.824495385272766 0.5
  endloop
endfacet
facet normal 0.149042 -0.988831 0
  outer loop
    vertex 0.5231106551049706 -6.980426580268261 0.5
    vertex 1.557646537694199 -6.824495385272765 0.25
    vertex 1.557646537694199 -6.824495385272765 0.5
  endloop
endfacet
facet normal 0.294755 -0.955573 0
  outer loop
    vertex 1.557646537694199 -6.824495385272765 0.25
    vertex 2.557387170564767 -6.516116240509429 0.25
    vertex 1.557646537694199 -6.824495385272765 0.5
  endloop
endfacet
facet normal 0.294755 -0.955573 0
  outer loop
    vertex 1.557646537694199 -6.824495385272765 0.25
    vertex 2.557387170564767 -6.516116240509429 0
    vertex 2.557387170564767 -6.516116240509429 0.25
  endloop
endfacet
facet normal 0.294755 -0.955573 0
  outer loop
    vertex 1.557646537694199 -6.824495385272765 0.5
    vertex 2.557387170564767 -6.516116240509429 0.25
    vertex 2.557387170564767 -6.516116240509429 0.5
  endloop
endfacet
facet normal -0.149042 -0.988831 0
  outer loop
    vertex -1.557646537694196 -6.824495385272766 0
    vertex -0.5231106551049669 -6.980426580268261 0
    vertex -0.5231106551049669 -6.980426580268261 0.25
  endloop
endfacet
facet normal 0 -1 0
  outer loop
    vertex -0.5231106551049669 -6.980426580268261 0
    vertex 0.5231106551049706 -6.980426580268261 0.25
    vertex -0.5231106551049669 -6.980426580268261 0.25
  endloop
endfacet
facet normal 0 -1 0
  outer loop
    vertex -0.5231106551049669 -6.980426580268261 0
    vertex 0.5231106551049706 -6.980426580268261 0
    vertex 0.5231106551049706 -6.980426580268261 0.25
  endloop
endfacet
facet normal 0 -1 0
  outer loop
    vertex -0.5231106551049669 -6.980426580268261 0.25
    vertex 0.5231106551049706 -6.980426580268261 0.25
    vertex 0.5231106551049706 -6.980426580268261 0.5
  endloop
endfacet
facet normal 0.149042 -0.988831 0
  outer loop
    vertex 0.5231106551049706 -6.980426580268261 0.5
    vertex 0.5231106551049706 -6.980426580268261 0.25
    vertex 1.557646537694199 -6.824495385272765 0.25
  endloop
endfacet
facet normal 0.149042 -0.988831 0
  outer loop
    vertex 0.5231106551049706 -6.980426580268261 0.25
    vertex 1.557646537694199 -6.824495385272765 0
    vertex 1.557646537694199 -6.824495385272765 0.25
  endloop
endfacet
facet normal 0.149042 -0.988831 0
  outer loop
    vertex 0.5231106551049706 -6.980426580268261 0.25
    vertex 0.5231106551049706 -6.980426580268261 0
    vertex 1.557646537694199 -6.824495385272765 0
  endloop
endfacet
facet normal 0.294755 -0.955573 0
  outer loop
    vertex 1.557646537694199 -6.824495385272765 0.25
    vertex 1.557646537694199 -6.824495385272765 0
    vertex 2.557387170564767 -6.516116240509429 0
  endloop
endfacet
facet normal 0.433884 -0.900969 3.39576e-15
  outer loop
    vertex 2.557387170564767 -6.516116240509429 0.5
    vertex 3.500000000000001 -6.06217782649107 0.25
    vertex 3.500000000000006 -6.062177826491067 0.5
  endloop
endfacet
facet normal 0.56332 -0.826239 -2.6633e-16
  outer loop
    vertex 3.500000000000001 -6.06217782649107 0.25
    vertex 4.364428613011138 -5.472820377276205 0.25
    vertex 3.500000000000006 -6.062177826491067 0.5
  endloop
endfacet
facet normal 0.56332 -0.826239 0
  outer loop
    vertex 3.500000000000001 -6.06217782649107 0.25
    vertex 4.364428613011138 -5.472820377276205 0
    vertex 4.364428613011138 -5.472820377276205 0.25
  endloop
endfacet
facet normal 0.56332 -0.826239 0
  outer loop
    vertex 3.500000000000006 -6.062177826491067 0.5
    vertex 4.364428613011138 -5.472820377276205 0.25
    vertex 4.364428613011138 -5.472820377276205 0.5
  endloop
endfacet
facet normal 0.433884 -0.900969 0
  outer loop
    vertex 2.557387170564767 -6.516116240509429 0
    vertex 3.500000000000006 -6.062177826491067 0
    vertex 2.557387170564767 -6.516116240509429 0.25
  endloop
endfacet
facet normal 0.433884 -0.900969 -3.55475e-15
  outer loop
    vertex 3.500000000000006 -6.062177826491067 0
    vertex 3.500000000000001 -6.06217782649107 0.25
    vertex 2.557387170564767 -6.516116240509429 0.25
  endloop
endfacet
facet normal 0.56332 -0.826239 2.6633e-16
  outer loop
    vertex 3.500000000000006 -6.062177826491067 0
    vertex 4.364428613011138 -5.472820377276205 0
    vertex 3.500000000000001 -6.06217782649107 0.25
  endloop
endfacet
facet normal 0.433884 -0.900969 0
  outer loop
    vertex 2.557387170564767 -6.516116240509429 0.25
    vertex 3.500000000000001 -6.06217782649107 0.25
    vertex 2.557387170564767 -6.516116240509429 0.5
  endloop
endfacet
facet normal 0.680173 -0.733052 0
  outer loop
    vertex 4.364428613011138 -5.472820377276205 0.5
    vertex 5.131363102808786 -4.761209164396434 0.25
    vertex 5.131363102808786 -4.761209164396434 0.5
  endloop
endfacet
facet normal 0.781831 -0.62349 0
  outer loop
    vertex 5.131363102808786 -4.761209164396434 0.25
    vertex 5.783671420211965 -3.943240406445354 0.25
    vertex 5.131363102808786 -4.761209164396434 0.5
  endloop
endfacet
facet normal 0.781831 -0.62349 0
  outer loop
    vertex 5.131363102808786 -4.761209164396434 0.25
    vertex 5.783671420211965 -3.943240406445354 0
    vertex 5.783671420211965 -3.943240406445354 0.25
  endloop
endfacet
facet normal 0.781831 -0.62349 0
  outer loop
    vertex 5.131363102808786 -4.761209164396434 0.5
    vertex 5.783671420211965 -3.943240406445354 0.25
    vertex 5.783671420211965 -3.943240406445354 0.5
  endloop
endfacet
facet normal 0.680173 -0.733052 0
  outer loop
    vertex 4.364428613011138 -5.472820377276205 0.5
    vertex 4.364428613011138 -5.472820377276205 0.25
    vertex 5.131363102808786 -4.761209164396434 0.25
  endloop
endfacet
facet normal 0.680173 -0.733052 0
  outer loop
    vertex 4.364428613011138 -5.472820377276205 0.25
    vertex 5.131363102808786 -4.761209164396434 0
    vertex 5.131363102808786 -4.761209164396434 0.25
  endloop
endfacet
facet normal 0.680173 -0.733052 0
  outer loop
    vertex 4.364428613011138 -5.472820377276205 0.25
    vertex 4.364428613011138 -5.472820377276205 0
    vertex 5.131363102808786 -4.761209164396434 0
  endloop
endfacet
facet normal 0.781831 -0.62349 0
  outer loop
    vertex 5.131363102808786 -4.761209164396434 0.25
    vertex 5.131363102808786 -4.761209164396434 0
    vertex 5.783671420211965 -3.943240406445354 0
  endloop
endfacet
facet normal 0.866025 -0.5 0
  outer loop
    vertex 5.783671420211965 -3.943240406445354 0
    vertex 6.306782075316933 -3.037186173822908 0.25
    vertex 5.783671420211965 -3.943240406445354 0.25
  endloop
endfacet
facet normal 0.866025 -0.5 0
  outer loop
    vertex 6.306782075316933 -3.037186173822908 0.25
    vertex 6.306782075316933 -3.037186173822908 0.5
    vertex 5.783671420211965 -3.943240406445354 0.25
  endloop
endfacet
facet normal 0.930874 -0.365341 0
  outer loop
    vertex 6.306782075316933 -3.037186173822908 0.25
    vertex 6.689009640502985 -2.063286220876327 0.5
    vertex 6.306782075316933 -3.037186173822908 0.5
  endloop
endfacet
facet normal 0.866025 -0.5 0
  outer loop
    vertex 5.783671420211965 -3.943240406445354 0.25
    vertex 6.306782075316933 -3.037186173822908 0.5
    vertex 5.783671420211965 -3.943240406445354 0.5
  endloop
endfacet
facet normal 0.866025 -0.5 0
  outer loop
    vertex 5.783671420211965 -3.943240406445354 0
    vertex 6.306782075316933 -3.037186173822908 0
    vertex 6.306782075316933 -3.037186173822908 0.25
  endloop
endfacet
facet normal 0.930874 -0.365341 0
  outer loop
    vertex 6.306782075316933 -3.037186173822908 0
    vertex 6.689009640502985 -2.063286220876327 0.25
    vertex 6.306782075316933 -3.037186173822908 0.25
  endloop
endfacet
facet normal 0.930874 -0.365341 0
  outer loop
    vertex 6.306782075316933 -3.037186173822908 0
    vertex 6.689009640502985 -2.063286220876327 0
    vertex 6.689009640502985 -2.063286220876327 0.25
  endloop
endfacet
facet normal 0.930874 -0.365341 0
  outer loop
    vertex 6.306782075316933 -3.037186173822908 0.25
    vertex 6.689009640502985 -2.063286220876327 0.25
    vertex 6.689009640502985 -2.063286220876327 0.5
  endloop
endfacet
facet normal 0 0 1
  outer loop
    vertex 6.689009640502984 2.063286220876331 0.5
    vertex 5.870412160267138 1.555280995583997 0.5
    vertex 6.9218157835759 1.043295863233222 0.5
  endloop
endfacet
facet normal 0 0 1
  outer loop
    vertex 5.870412160267138 1.555280995583997 0.5
    vertex 6.025907340015646 0.5236378851458314 0.5
    vertex 6.9218157835759 1.043295863233222 0.5
  endloop
endfacet
facet normal 0 0 1
  outer loop
    vertex 5.870412160267138 1.555280995583997 0.5
    vertex 5.051814680031292 1.047275770291663 0.5
    vertex 6.025907340015646 0.5236378851458314 0.5
  endloop
endfacet
facet normal 0 0 1
  outer loop
    vertex 6.9218157835759 1.043295863233222 0.5
    vertex 6.025907340015646 0.5236378851458314 0.5
    vertex 7 -1.714505518806294e-15 0.5
  endloop
endfacet
facet normal 0 0 1
  outer loop
    vertex 7 -1.714505518806294e-15 0.5
    vertex 6.028823268847102 -0.3811587793908471 0.5
    vertex 6.9218157835759 -1.043295863233221 0.5
  endloop
endfacet
facet normal 0 0 1
  outer loop
    vertex 6.028823268847102 -0.3811587793908471 0.5
    vertex 5.873328089098594 -1.412801889829011 0.5
    vertex 6.9218157835759 -1.043295863233221 0.5
  endloop
endfacet
facet normal 0 0 1
  outer loop
    vertex 6.028823268847102 -0.3811587793908471 0.5
    vertex 5.057646537694204 -0.7623175587816942 0.5
    vertex 5.873328089098594 -1.412801889829011 0.5
  endloop
endfacet
facet normal 0 0 1
  outer loop
    vertex 6.9218157835759 -1.043295863233221 0.5
    vertex 5.873328089098594 -1.412801889829011 0.5
    vertex 6.689009640502985 -2.063286220876327 0.5
  endloop
endfacet
facet normal 0 0 1
  outer loop
    vertex 7 -1.714505518806294e-15 0.5
    vertex 6.025907340015646 0.5236378851458314 0.5
    vertex 6.028823268847102 -0.3811587793908471 0.5
  endloop
endfacet
facet normal 0 0 1
  outer loop
    vertex 6.025907340015646 0.5236378851458314 0.5
    vertex 5.054730608862748 0.1424791057549843 0.5
    vertex 6.028823268847102 -0.3811587793908471 0.5
  endloop
endfacet
facet normal 0 0 1
  outer loop
    vertex 6.025907340015646 0.5236378851458314 0.5
    vertex 5.051814680031292 1.047275770291663 0.5
    vertex 5.054730608862748 0.1424791057549843 0.5
  endloop
endfacet
facet normal 0 0 1
  outer loop
    vertex 6.028823268847102 -0.3811587793908471 0.5
    vertex 5.054730608862748 0.1424791057549843 0.5
    vertex 5.057646537694204 -0.7623175587816942 0.5
  endloop
endfacet
facet normal 0 0 1
  outer loop
    vertex 5.783671420211962 3.943240406445358 0.5
    vertex 5.387185750944248 3.268452237031095 0.5
    vertex 6.306782075316932 3.03718617382291 0.5
  endloop
endfacet
facet normal 0 0 1
  outer loop
    vertex 5.387185750944248 3.268452237031095 0.5
    vertex 5.839854861089758 2.328475144246582 0.5
    vertex 6.306782075316932 3.03718617382291 0.5
  endloop
endfacet
facet normal 0 0 1
  outer loop
    vertex 5.387185750944248 3.268452237031095 0.5
    vertex 4.990700081676533 2.593664067616832 0.5
    vertex 5.839854861089758 2.328475144246582 0.5
  endloop
endfacet
facet normal 0 0 1
  outer loop
    vertex 6.306782075316932 3.03718617382291 0.5
    vertex 5.839854861089758 2.328475144246582 0.5
    vertex 6.689009640502984 2.063286220876331 0.5
  endloop
endfacet
facet normal 0 0 1
  outer loop
    vertex 6.689009640502984 2.063286220876331 0.5
    vertex 5.839854861089758 2.328475144246582 0.5
    vertex 5.870412160267138 1.555280995583997 0.5
  endloop
endfacet
facet normal 0 0 1
  outer loop
    vertex 5.839854861089758 2.328475144246582 0.5
    vertex 5.021257380853912 1.820469918954247 0.5
    vertex 5.870412160267138 1.555280995583997 0.5
  endloop
endfacet
facet normal 0 0 1
  outer loop
    vertex 5.839854861089758 2.328475144246582 0.5
    vertex 4.990700081676533 2.593664067616832 0.5
    vertex 5.021257380853912 1.820469918954247 0.5
  endloop
endfacet
facet normal 0 0 1
  outer loop
    vertex 5.870412160267138 1.555280995583997 0.5
    vertex 5.021257380853912 1.820469918954247 0.5
    vertex 5.051814680031292 1.047275770291663 0.5
  endloop
endfacet
facet normal 0 0 1
  outer loop
    vertex 4.364428613011131 5.472820377276212 0.5
    vertex 4.078568632000927 4.545173019146853 0.5
    vertex 5.131363102808781 4.761209164396439 0.5
  endloop
endfacet
facet normal -0 0 1
  outer loop
    vertex 4.078568632000927 4.545173019146853 0.5
    vertex 4.788190035601342 3.780383033731426 0.5
    vertex 5.131363102808781 4.761209164396439 0.5
  endloop
endfacet
facet normal 0 0 1
  outer loop
    vertex 4.078568632000927 4.545173019146853 0.5
    vertex 3.792708650990723 3.617525661017495 0.5
    vertex 4.788190035601342 3.780383033731426 0.5
  endloop
endfacet
facet normal 0 0 1
  outer loop
    vertex 5.131363102808781 4.761209164396439 0.5
    vertex 4.788190035601342 3.780383033731426 0.5
    vertex 5.783671420211962 3.943240406445358 0.5
  endloop
endfacet
facet normal -0 0 1
  outer loop
    vertex 3.792708650990723 3.617525661017495 0.5
    vertex 4.391704366333627 3.105594864317164 0.5
    vertex 4.788190035601342 3.780383033731426 0.5
  endloop
endfacet
facet normal 0 0 1
  outer loop
    vertex 4.391704366333627 3.105594864317164 0.5
    vertex 5.387185750944248 3.268452237031095 0.5
    vertex 4.788190035601342 3.780383033731426 0.5
  endloop
endfacet
facet normal -0 0 1
  outer loop
    vertex 4.391704366333627 3.105594864317164 0.5
    vertex 4.990700081676533 2.593664067616832 0.5
    vertex 5.387185750944248 3.268452237031095 0.5
  endloop
endfacet
facet normal -0 0 1
  outer loop
    vertex 4.788190035601342 3.780383033731426 0.5
    vertex 5.387185750944248 3.268452237031095 0.5
    vertex 5.783671420211962 3.943240406445358 0.5
  endloop
endfacet
facet normal 0 0 1
  outer loop
    vertex 2.557387170564762 6.516116240509431 0.5
    vertex 2.69507708078117 5.697445206185995 0.5
    vertex 3.499999999999996 6.062177826491072 0.5
  endloop
endfacet
facet normal -0 0 1
  outer loop
    vertex 2.69507708078117 5.697445206185995 0.5
    vertex 3.598597802004354 5.175797274569385 0.5
    vertex 3.499999999999996 6.062177826491072 0.5
  endloop
endfacet
facet normal 0 0 1
  outer loop
    vertex 2.69507708078117 5.697445206185995 0.5
    vertex 2.832766990997577 4.878774171862558 0.5
    vertex 3.598597802004354 5.175797274569385 0.5
  endloop
endfacet
facet normal 0 0 1
  outer loop
    vertex 3.499999999999996 6.062177826491072 0.5
    vertex 3.598597802004354 5.175797274569385 0.5
    vertex 4.364428613011131 5.472820377276212 0.5
  endloop
endfacet
facet normal 0 0 1
  outer loop
    vertex 4.364428613011131 5.472820377276212 0.5
    vertex 3.598597802004354 5.175797274569385 0.5
    vertex 4.078568632000927 4.545173019146853 0.5
  endloop
endfacet
facet normal 0 0 1
  outer loop
    vertex 3.598597802004354 5.175797274569385 0.5
    vertex 3.31273782099415 4.248149916440026 0.5
    vertex 4.078568632000927 4.545173019146853 0.5
  endloop
endfacet
facet normal 0 0 1
  outer loop
    vertex 3.598597802004354 5.175797274569385 0.5
    vertex 2.832766990997577 4.878774171862558 0.5
    vertex 3.31273782099415 4.248149916440026 0.5
  endloop
endfacet
facet normal 0 0 1
  outer loop
    vertex 4.078568632000927 4.545173019146853 0.5
    vertex 3.31273782099415 4.248149916440026 0.5
    vertex 3.792708650990723 3.617525661017495 0.5
  endloop
endfacet
facet normal 0 0 1
  outer loop
    vertex 0.5231106551049661 6.980426580268261 0.5
    vertex 0.9882541012650503 6.168368495115895 0.5
    vertex 1.557646537694197 6.824495385272766 0.5
  endloop
endfacet
facet normal -0 0 1
  outer loop
    vertex 0.9882541012650503 6.168368495115895 0.5
    vertex 2.005392358994948 5.93621332523648 0.5
    vertex 1.557646537694197 6.824495385272766 0.5
  endloop
endfacet
facet normal 0 0 1
  outer loop
    vertex 0.9882541012650503 6.168368495115895 0.5
    vertex 1.453397547425135 5.356310409963529 0.5
    vertex 2.005392358994948 5.93621332523648 0.5
  endloop
endfacet
facet normal 0 0 1
  outer loop
    vertex 1.557646537694197 6.824495385272766 0.5
    vertex 2.005392358994948 5.93621332523648 0.5
    vertex 2.557387170564762 6.516116240509431 0.5
  endloop
endfacet
facet normal -0 0 1
  outer loop
    vertex 1.453397547425135 5.356310409963529 0.5
    vertex 2.143082269211356 5.117542290913043 0.5
    vertex 2.005392358994948 5.93621332523648 0.5
  endloop
endfacet
facet normal 0 -0 1
  outer loop
    vertex 2.143082269211356 5.117542290913043 0.5
    vertex 2.69507708078117 5.697445206185995 0.5
    vertex 2.005392358994948 5.93621332523648 0.5
  endloop
endfacet
facet normal -0 0 1
  outer loop
    vertex 2.143082269211356 5.117542290913043 0.5
    vertex 2.832766990997577 4.878774171862558 0.5
    vertex 2.69507708078117 5.697445206185995 0.5
  endloop
endfacet
facet normal -0 0 1
  outer loop
    vertex 2.005392358994948 5.93621332523648 0.5
    vertex 2.69507708078117 5.697445206185995 0.5
    vertex 2.557387170564762 6.516116240509431 0.5
  endloop
endfacet
facet normal -0 0 1
  outer loop
    vertex -1.557646537694203 6.824495385272765 0.5
    vertex -0.8889551238395874 5.883149553837873 0.5
    vertex -0.523110655104973 6.980426580268261 0.5
  endloop
endfacet
facet normal 0 0 1
  outer loop
    vertex -0.8889551238395874 5.883149553837873 0.5
    vertex 0.1514234725599974 5.961115151335622 0.5
    vertex -0.523110655104973 6.980426580268261 0.5
  endloop
endfacet
facet normal -0 0 1
  outer loop
    vertex -0.8889551238395874 5.883149553837873 0.5
    vertex -0.2202637099849713 4.941803722402982 0.5
    vertex 0.1514234725599974 5.961115151335622 0.5
  endloop
endfacet
facet normal -0 0 1
  outer loop
    vertex -0.523110655104973 6.980426580268261 0.5
    vertex 0.1514234725599974 5.961115151335622 0.5
    vertex 0.5231106551049661 6.980426580268261 0.5
  endloop
endfacet
facet normal 0 0 1
  outer loop
    vertex -0.2202637099849713 4.941803722402982 0.5
    vertex 0.6165669187200817 5.149057066183255 0.5
    vertex 0.1514234725599974 5.961115151335622 0.5
  endloop
endfacet
facet normal 0 -0 1
  outer loop
    vertex 0.6165669187200817 5.149057066183255 0.5
    vertex 0.9882541012650503 6.168368495115895 0.5
    vertex 0.1514234725599974 5.961115151335622 0.5
  endloop
endfacet
facet normal 0 0 1
  outer loop
    vertex 0.6165669187200817 5.149057066183255 0.5
    vertex 1.453397547425135 5.356310409963529 0.5
    vertex 0.9882541012650503 6.168368495115895 0.5
  endloop
endfacet
facet normal 0 0 1
  outer loop
    vertex 0.1514234725599974 5.961115151335622 0.5
    vertex 0.9882541012650503 6.168368495115895 0.5
    vertex 0.5231106551049661 6.980426580268261 0.5
  endloop
endfacet
facet normal -0 0 1
  outer loop
    vertex -3.500000000000004 6.062177826491068 0.5
    vertex -2.783866191251475 5.602180099602625 0.5
    vertex -2.557387170564768 6.516116240509428 0.5
  endloop
endfacet
facet normal 0 0 1
  outer loop
    vertex -2.783866191251475 5.602180099602625 0.5
    vertex -1.812689460098575 5.983338878993473 0.5
    vertex -2.557387170564768 6.516116240509428 0.5
  endloop
endfacet
facet normal -0 0 1
  outer loop
    vertex -2.783866191251475 5.602180099602625 0.5
    vertex -2.067732382502946 5.142182372714181 0.5
    vertex -1.812689460098575 5.983338878993473 0.5
  endloop
endfacet
facet normal -0 0 1
  outer loop
    vertex -2.557387170564768 6.516116240509428 0.5
    vertex -1.812689460098575 5.983338878993473 0.5
    vertex -1.557646537694203 6.824495385272765 0.5
  endloop
endfacet
facet normal 0 0 1
  outer loop
    vertex -1.557646537694203 6.824495385272765 0.5
    vertex -1.812689460098575 5.983338878993473 0.5
    vertex -0.8889551238395874 5.883149553837873 0.5
  endloop
endfacet
facet normal 0 0 1
  outer loop
    vertex -1.812689460098575 5.983338878993473 0.5
    vertex -1.143998046243959 5.041993047558582 0.5
    vertex -0.8889551238395874 5.883149553837873 0.5
  endloop
endfacet
facet normal 0 0 1
  outer loop
    vertex -1.812689460098575 5.983338878993473 0.5
    vertex -2.067732382502946 5.142182372714181 0.5
    vertex -1.143998046243959 5.041993047558582 0.5
  endloop
endfacet
facet normal 0 0 1
  outer loop
    vertex -0.8889551238395874 5.883149553837873 0.5
    vertex -1.143998046243959 5.041993047558582 0.5
    vertex -0.2202637099849713 4.941803722402982 0.5
  endloop
endfacet
facet normal -0 0 1
  outer loop
    vertex -5.131363102808787 4.761209164396433 0.5
    vertex -4.244475368357086 4.505264826593602 0.5
    vertex -4.364428613011137 5.472820377276207 0.5
  endloop
endfacet
facet normal 0 -0 1
  outer loop
    vertex -4.244475368357086 4.505264826593602 0.5
    vertex -3.428793816952694 5.155749157640919 0.5
    vertex -4.364428613011137 5.472820377276207 0.5
  endloop
endfacet
facet normal -0 0 1
  outer loop
    vertex -4.244475368357086 4.505264826593602 0.5
    vertex -3.357587633905384 4.249320488790771 0.5
    vertex -3.428793816952694 5.155749157640919 0.5
  endloop
endfacet
facet normal -0 0 1
  outer loop
    vertex -4.364428613011137 5.472820377276207 0.5
    vertex -3.428793816952694 5.155749157640919 0.5
    vertex -3.500000000000004 6.062177826491068 0.5
  endloop
endfacet
facet normal 0 -0 1
  outer loop
    vertex -3.357587633905384 4.249320488790771 0.5
    vertex -2.712660008204165 4.695751430752476 0.5
    vertex -3.428793816952694 5.155749157640919 0.5
  endloop
endfacet
facet normal 0 0 1
  outer loop
    vertex -2.712660008204165 4.695751430752476 0.5
    vertex -2.783866191251475 5.602180099602625 0.5
    vertex -3.428793816952694 5.155749157640919 0.5
  endloop
endfacet
facet normal 0 -0 1
  outer loop
    vertex -2.712660008204165 4.695751430752476 0.5
    vertex -2.067732382502946 5.142182372714181 0.5
    vertex -2.783866191251475 5.602180099602625 0.5
  endloop
endfacet
facet normal 0 -0 1
  outer loop
    vertex -3.428793816952694 5.155749157640919 0.5
    vertex -2.783866191251475 5.602180099602625 0.5
    vertex -3.500000000000004 6.062177826491068 0.5
  endloop
endfacet
facet normal 0 0 1
  outer loop
    vertex -6.306782075316937 3.037186173822902 0.5
    vertex -5.469716815649869 3.123738127615912 0.5
    vertex -5.783671420211967 3.943240406445351 0.5
  endloop
endfacet
facet normal 0 -0 1
  outer loop
    vertex -5.469716815649869 3.123738127615912 0.5
    vertex -4.882007329395794 3.985749622902678 0.5
    vertex -5.783671420211967 3.943240406445351 0.5
  endloop
endfacet
facet normal 0 0 1
  outer loop
    vertex -5.469716815649869 3.123738127615912 0.5
    vertex -4.632651555982801 3.210290081408922 0.5
    vertex -4.882007329395794 3.985749622902678 0.5
  endloop
endfacet
facet normal 0 0 1
  outer loop
    vertex -5.783671420211967 3.943240406445351 0.5
    vertex -4.882007329395794 3.985749622902678 0.5
    vertex -5.131363102808787 4.761209164396433 0.5
  endloop
endfacet
facet normal 0 0 1
  outer loop
    vertex -5.131363102808787 4.761209164396433 0.5
    vertex -4.882007329395794 3.985749622902678 0.5
    vertex -4.244475368357086 4.505264826593602 0.5
  endloop
endfacet
facet normal -0 0 1
  outer loop
    vertex -4.882007329395794 3.985749622902678 0.5
    vertex -3.995119594944093 3.729805285099846 0.5
    vertex -4.244475368357086 4.505264826593602 0.5
  endloop
endfacet
facet normal 0 0 1
  outer loop
    vertex -4.882007329395794 3.985749622902678 0.5
    vertex -4.632651555982801 3.210290081408922 0.5
    vertex -3.995119594944093 3.729805285099846 0.5
  endloop
endfacet
facet normal 0 0 1
  outer loop
    vertex -4.244475368357086 4.505264826593602 0.5
    vertex -3.995119594944093 3.729805285099846 0.5
    vertex -3.357587633905384 4.249320488790771 0.5
  endloop
endfacet
facet normal 0 0 1
  outer loop
    vertex -6.921815783575901 1.043295863233217 0.5
    vertex -5.970817097610036 1.412285176751013 0.5
    vertex -6.689009640502986 2.063286220876326 0.5
  endloop
endfacet
facet normal 0 -0 1
  outer loop
    vertex -5.970817097610036 1.412285176751013 0.5
    vertex -5.663300243480554 2.409230332045855 0.5
    vertex -6.689009640502986 2.063286220876326 0.5
  endloop
endfacet
facet normal 0 0 1
  outer loop
    vertex -5.970817097610036 1.412285176751013 0.5
    vertex -5.019818411644172 1.781274490268808 0.5
    vertex -5.663300243480554 2.409230332045855 0.5
  endloop
endfacet
facet normal 0 0 1
  outer loop
    vertex -6.689009640502986 2.063286220876326 0.5
    vertex -5.663300243480554 2.409230332045855 0.5
    vertex -6.306782075316937 3.037186173822902 0.5
  endloop
endfacet
facet normal 0 -0 1
  outer loop
    vertex -5.019818411644172 1.781274490268808 0.5
    vertex -4.826234983813487 2.495782285838865 0.5
    vertex -5.663300243480554 2.409230332045855 0.5
  endloop
endfacet
facet normal 0 0 1
  outer loop
    vertex -4.826234983813487 2.495782285838865 0.5
    vertex -5.469716815649869 3.123738127615912 0.5
    vertex -5.663300243480554 2.409230332045855 0.5
  endloop
endfacet
facet normal 0 -0 1
  outer loop
    vertex -4.826234983813487 2.495782285838865 0.5
    vertex -4.632651555982801 3.210290081408922 0.5
    vertex -5.469716815649869 3.123738127615912 0.5
  endloop
endfacet
facet normal 0 -0 1
  outer loop
    vertex -5.663300243480554 2.409230332045855 0.5
    vertex -5.469716815649869 3.123738127615912 0.5
    vertex -6.306782075316937 3.037186173822902 0.5
  endloop
endfacet
facet normal 0 -0 1
  outer loop
    vertex -6.9218157835759 -1.043295863233224 0.5
    vertex -6.172486659817683 -0.5087484156043052 0.5
    vertex -7 -2.251371709547291e-15 0.5
  endloop
endfacet
facet normal 0 0 1
  outer loop
    vertex -6.172486659817683 -0.5087484156043052 0.5
    vertex -6.172486659817684 0.5345474476289154 0.5
    vertex -7 -2.251371709547291e-15 0.5
  endloop
endfacet
facet normal 0 -0 1
  outer loop
    vertex -6.172486659817683 -0.5087484156043052 0.5
    vertex -5.423157536059467 0.02579903202461393 0.5
    vertex -6.172486659817684 0.5345474476289154 0.5
  endloop
endfacet
facet normal 0 0 1
  outer loop
    vertex -7 -2.251371709547291e-15 0.5
    vertex -6.172486659817684 0.5345474476289154 0.5
    vertex -6.921815783575901 1.043295863233217 0.5
  endloop
endfacet
facet normal -0 0 1
  outer loop
    vertex -6.921815783575901 1.043295863233217 0.5
    vertex -6.172486659817684 0.5345474476289154 0.5
    vertex -5.970817097610036 1.412285176751013 0.5
  endloop
endfacet
facet normal 0 0 1
  outer loop
    vertex -6.172486659817684 0.5345474476289154 0.5
    vertex -5.221487973851819 0.9035367611467112 0.5
    vertex -5.970817097610036 1.412285176751013 0.5
  endloop
endfacet
facet normal -0 0 1
  outer loop
    vertex -6.172486659817684 0.5345474476289154 0.5
    vertex -5.423157536059467 0.02579903202461393 0.5
    vertex -5.221487973851819 0.9035367611467112 0.5
  endloop
endfacet
facet normal -0 0 1
  outer loop
    vertex -5.970817097610036 1.412285176751013 0.5
    vertex -5.221487973851819 0.9035367611467112 0.5
    vertex -5.019818411644172 1.781274490268808 0.5
  endloop
endfacet
facet normal 0 -0 1
  outer loop
    vertex -6.306782075316933 -3.037186173822909 0.5
    vertex -5.811103944931027 -2.310159885582626 0.5
    vertex -6.689009640502984 -2.063286220876331 0.5
  endloop
endfacet
facet normal 0 0 1
  outer loop
    vertex -5.811103944931027 -2.310159885582626 0.5
    vertex -6.11862079906051 -1.313214730287784 0.5
    vertex -6.689009640502984 -2.063286220876331 0.5
  endloop
endfacet
facet normal 0 -0 1
  outer loop
    vertex -5.811103944931027 -2.310159885582626 0.5
    vertex -5.315425814545121 -1.583133597342344 0.5
    vertex -6.11862079906051 -1.313214730287784 0.5
  endloop
endfacet
facet normal 0 -0 1
  outer loop
    vertex -6.689009640502984 -2.063286220876331 0.5
    vertex -6.11862079906051 -1.313214730287784 0.5
    vertex -6.9218157835759 -1.043295863233224 0.5
  endloop
endfacet
facet normal 0 0 1
  outer loop
    vertex -5.315425814545121 -1.583133597342344 0.5
    vertex -5.369291675302294 -0.7786672826588651 0.5
    vertex -6.11862079906051 -1.313214730287784 0.5
  endloop
endfacet
facet normal 0 0 1
  outer loop
    vertex -5.369291675302294 -0.7786672826588651 0.5
    vertex -6.172486659817683 -0.5087484156043052 0.5
    vertex -6.11862079906051 -1.313214730287784 0.5
  endloop
endfacet
facet normal 0 0 1
  outer loop
    vertex -5.369291675302294 -0.7786672826588651 0.5
    vertex -5.423157536059467 0.02579903202461393 0.5
    vertex -6.172486659817683 -0.5087484156043052 0.5
  endloop
endfacet
facet normal 0 0 1
  outer loop
    vertex -6.11862079906051 -1.313214730287784 0.5
    vertex -6.172486659817683 -0.5087484156043052 0.5
    vertex -6.9218157835759 -1.043295863233224 0.5
  endloop
endfacet
facet normal 0 -0 1
  outer loop
    vertex -5.131363102808784 -4.761209164396436 0.5
    vertex -4.651237341942074 -3.800677380132892 0.5
    vertex -5.783671420211962 -3.943240406445357 0.5
  endloop
endfacet
facet normal 0 0 1
  outer loop
    vertex -4.651237341942074 -3.800677380132892 0.5
    vertex -5.238946828196148 -2.938665884846128 0.5
    vertex -5.783671420211962 -3.943240406445357 0.5
  endloop
endfacet
facet normal 0 -0 1
  outer loop
    vertex -4.651237341942074 -3.800677380132892 0.5
    vertex -4.171111581075364 -2.840145595869347 0.5
    vertex -5.238946828196148 -2.938665884846128 0.5
  endloop
endfacet
facet normal 0 -0 1
  outer loop
    vertex -5.783671420211962 -3.943240406445357 0.5
    vertex -5.238946828196148 -2.938665884846128 0.5
    vertex -6.306782075316933 -3.037186173822909 0.5
  endloop
endfacet
facet normal 0 0 1
  outer loop
    vertex -4.171111581075364 -2.840145595869347 0.5
    vertex -4.743268697810242 -2.211639596605846 0.5
    vertex -5.238946828196148 -2.938665884846128 0.5
  endloop
endfacet
facet normal 0 0 1
  outer loop
    vertex -4.743268697810242 -2.211639596605846 0.5
    vertex -5.811103944931027 -2.310159885582626 0.5
    vertex -5.238946828196148 -2.938665884846128 0.5
  endloop
endfacet
facet normal 0 0 1
  outer loop
    vertex -4.743268697810242 -2.211639596605846 0.5
    vertex -5.315425814545121 -1.583133597342344 0.5
    vertex -5.811103944931027 -2.310159885582626 0.5
  endloop
endfacet
facet normal 0 0 1
  outer loop
    vertex -5.238946828196148 -2.938665884846128 0.5
    vertex -5.811103944931027 -2.310159885582626 0.5
    vertex -6.306782075316933 -3.037186173822909 0.5
  endloop
endfacet
facet normal 0 -0 1
  outer loop
    vertex -3.499999999999997 -6.062177826491071 0.5
    vertex -2.945160973645602 -5.196452661276577 0.5
    vertex -4.364428613011136 -5.472820377276208 0.5
  endloop
endfacet
facet normal 0 0 1
  outer loop
    vertex -2.945160973645602 -5.196452661276577 0.5
    vertex -3.760842525049996 -4.545968330229259 0.5
    vertex -4.364428613011136 -5.472820377276208 0.5
  endloop
endfacet
facet normal 0 -0 1
  outer loop
    vertex -2.945160973645602 -5.196452661276577 0.5
    vertex -2.390321947291207 -4.330727496062083 0.5
    vertex -3.760842525049996 -4.545968330229259 0.5
  endloop
endfacet
facet normal 0 -0 1
  outer loop
    vertex -4.364428613011136 -5.472820377276208 0.5
    vertex -3.760842525049996 -4.545968330229259 0.5
    vertex -5.131363102808784 -4.761209164396436 0.5
  endloop
endfacet
facet normal 0 0 1
  outer loop
    vertex -5.131363102808784 -4.761209164396436 0.5
    vertex -3.760842525049996 -4.545968330229259 0.5
    vertex -4.651237341942074 -3.800677380132892 0.5
  endloop
endfacet
facet normal 0 -0 1
  outer loop
    vertex -3.760842525049996 -4.545968330229259 0.5
    vertex -3.280716764183286 -3.585436545965715 0.5
    vertex -4.651237341942074 -3.800677380132892 0.5
  endloop
endfacet
facet normal 0 0 1
  outer loop
    vertex -3.760842525049996 -4.545968330229259 0.5
    vertex -2.390321947291207 -4.330727496062083 0.5
    vertex -3.280716764183286 -3.585436545965715 0.5
  endloop
endfacet
facet normal 0 0 1
  outer loop
    vertex -4.651237341942074 -3.800677380132892 0.5
    vertex -3.280716764183286 -3.585436545965715 0.5
    vertex -4.171111581075364 -2.840145595869347 0.5
  endloop
endfacet
facet normal 0 0 1
  outer loop
    vertex -1.557646537694196 -6.824495385272766 0.5
    vertex -1.973984242492702 -5.577611440667425 0.5
    vertex -2.557387170564759 -6.516116240509432 0.5
  endloop
endfacet
facet normal 0 0 1
  outer loop
    vertex -1.973984242492702 -5.577611440667425 0.5
    vertex -2.945160973645602 -5.196452661276577 0.5
    vertex -2.557387170564759 -6.516116240509432 0.5
  endloop
endfacet
facet normal 0 0 1
  outer loop
    vertex -1.973984242492702 -5.577611440667425 0.5
    vertex -2.390321947291207 -4.330727496062083 0.5
    vertex -2.945160973645602 -5.196452661276577 0.5
  endloop
endfacet
facet normal 0 0 1
  outer loop
    vertex -2.557387170564759 -6.516116240509432 0.5
    vertex -2.945160973645602 -5.196452661276577 0.5
    vertex -3.499999999999997 -6.062177826491071 0.5
  endloop
endfacet
facet normal 0 0 1
  outer loop
    vertex 0.5231106551049706 -6.980426580268261 0.5
    vertex 0.0704415449594607 -6.04044948748375 0.5
    vertex -0.5231106551049669 -6.980426580268261 0.5
  endloop
endfacet
facet normal 0 0 1
  outer loop
    vertex 0.0704415449594607 -6.04044948748375 0.5
    vertex -0.9699370514401225 -5.962483889986004 0.5
    vertex -0.5231106551049669 -6.980426580268261 0.5
  endloop
endfacet
facet normal 0 0 1
  outer loop
    vertex 0.0704415449594607 -6.04044948748375 0.5
    vertex -0.3822275651860492 -5.10047239469924 0.5
    vertex -0.9699370514401225 -5.962483889986004 0.5
  endloop
endfacet
facet normal 0 0 1
  outer loop
    vertex -0.5231106551049669 -6.980426580268261 0.5
    vertex -0.9699370514401225 -5.962483889986004 0.5
    vertex -1.557646537694196 -6.824495385272766 0.5
  endloop
endfacet
facet normal 0 0 1
  outer loop
    vertex -0.3822275651860492 -5.10047239469924 0.5
    vertex -1.386274756238628 -4.715599945380662 0.5
    vertex -0.9699370514401225 -5.962483889986004 0.5
  endloop
endfacet
facet normal 0 0 1
  outer loop
    vertex -1.386274756238628 -4.715599945380662 0.5
    vertex -1.973984242492702 -5.577611440667425 0.5
    vertex -0.9699370514401225 -5.962483889986004 0.5
  endloop
endfacet
facet normal 0 0 1
  outer loop
    vertex -1.386274756238628 -4.715599945380662 0.5
    vertex -2.390321947291207 -4.330727496062083 0.5
    vertex -1.973984242492702 -5.577611440667425 0.5
  endloop
endfacet
facet normal 0 0 1
  outer loop
    vertex -0.9699370514401225 -5.962483889986004 0.5
    vertex -1.973984242492702 -5.577611440667425 0.5
    vertex -1.557646537694196 -6.824495385272766 0.5
  endloop
endfacet
facet normal 0 0 1
  outer loop
    vertex 2.557387170564767 -6.516116240509429 0.5
    vertex 1.885034119117053 -5.952117505620988 0.5
    vertex 1.557646537694199 -6.824495385272765 0.5
  endloop
endfacet
facet normal 0 0 1
  outer loop
    vertex 1.885034119117053 -5.952117505620988 0.5
    vertex 0.867895861387155 -6.184272675500404 0.5
    vertex 1.557646537694199 -6.824495385272765 0.5
  endloop
endfacet
facet normal 0 0 1
  outer loop
    vertex 1.885034119117053 -5.952117505620988 0.5
    vertex 1.212681067669339 -5.388118770732547 0.5
    vertex 0.867895861387155 -6.184272675500404 0.5
  endloop
endfacet
facet normal 0 0 1
  outer loop
    vertex 1.557646537694199 -6.824495385272765 0.5
    vertex 0.867895861387155 -6.184272675500404 0.5
    vertex 0.5231106551049706 -6.980426580268261 0.5
  endloop
endfacet
facet normal 0 -0 1
  outer loop
    vertex 0.5231106551049706 -6.980426580268261 0.5
    vertex 0.867895861387155 -6.184272675500404 0.5
    vertex 0.0704415449594607 -6.04044948748375 0.5
  endloop
endfacet
facet normal 0 0 1
  outer loop
    vertex 0.867895861387155 -6.184272675500404 0.5
    vertex 0.4152267512416451 -5.244295582715893 0.5
    vertex 0.0704415449594607 -6.04044948748375 0.5
  endloop
endfacet
facet normal 0 -0 1
  outer loop
    vertex 0.867895861387155 -6.184272675500404 0.5
    vertex 1.212681067669339 -5.388118770732547 0.5
    vertex 0.4152267512416451 -5.244295582715893 0.5
  endloop
endfacet
facet normal 0 -0 1
  outer loop
    vertex 0.0704415449594607 -6.04044948748375 0.5
    vertex 0.4152267512416451 -5.244295582715893 0.5
    vertex -0.3822275651860492 -5.10047239469924 0.5
  endloop
endfacet
facet normal 0 0 1
  outer loop
    vertex 4.364428613011138 -5.472820377276205 0.5
    vertex 3.444478713591373 -4.835010446412452 0.5
    vertex 3.500000000000006 -6.062177826491067 0.5
  endloop
endfacet
facet normal 0 0 1
  outer loop
    vertex 3.444478713591373 -4.835010446412452 0.5
    vertex 2.540957992368188 -5.356658378029064 0.5
    vertex 3.500000000000006 -6.062177826491067 0.5
  endloop
endfacet
facet normal 0 0 1
  outer loop
    vertex 3.444478713591373 -4.835010446412452 0.5
    vertex 2.524528814171608 -4.197200515548698 0.5
    vertex 2.540957992368188 -5.356658378029064 0.5
  endloop
endfacet
facet normal 0 0 1
  outer loop
    vertex 3.500000000000006 -6.062177826491067 0.5
    vertex 2.540957992368188 -5.356658378029064 0.5
    vertex 2.557387170564767 -6.516116240509429 0.5
  endloop
endfacet
facet normal 0 0 1
  outer loop
    vertex 2.524528814171608 -4.197200515548698 0.5
    vertex 1.868604940920474 -4.792659643140622 0.5
    vertex 2.540957992368188 -5.356658378029064 0.5
  endloop
endfacet
facet normal 0 0 1
  outer loop
    vertex 1.868604940920474 -4.792659643140622 0.5
    vertex 1.885034119117053 -5.952117505620988 0.5
    vertex 2.540957992368188 -5.356658378029064 0.5
  endloop
endfacet
facet normal 0 0 1
  outer loop
    vertex 1.868604940920474 -4.792659643140622 0.5
    vertex 1.212681067669339 -5.388118770732547 0.5
    vertex 1.885034119117053 -5.952117505620988 0.5
  endloop
endfacet
facet normal 0 0 1
  outer loop
    vertex 2.540957992368188 -5.356658378029064 0.5
    vertex 1.885034119117053 -5.952117505620988 0.5
    vertex 2.557387170564767 -6.516116240509429 0.5
  endloop
endfacet
facet normal 0 0 1
  outer loop
    vertex 5.783671420211965 -3.943240406445354 0.5
    vertex 4.981220403000142 -3.80344868937622 0.5
    vertex 5.131363102808786 -4.761209164396434 0.5
  endloop
endfacet
facet normal 0 0 1
  outer loop
    vertex 4.981220403000142 -3.80344868937622 0.5
    vertex 4.271598999399728 -4.568238674791647 0.5
    vertex 5.131363102808786 -4.761209164396434 0.5
  endloop
endfacet
facet normal 0 0 1
  outer loop
    vertex 4.981220403000142 -3.80344868937622 0.5
    vertex 4.178769385788319 -3.663656972307088 0.5
    vertex 4.271598999399728 -4.568238674791647 0.5
  endloop
endfacet
facet normal 0 0 1
  outer loop
    vertex 5.131363102808786 -4.761209164396434 0.5
    vertex 4.271598999399728 -4.568238674791647 0.5
    vertex 4.364428613011138 -5.472820377276205 0.5
  endloop
endfacet
facet normal 0 0 1
  outer loop
    vertex 4.364428613011138 -5.472820377276205 0.5
    vertex 4.271598999399728 -4.568238674791647 0.5
    vertex 3.444478713591373 -4.835010446412452 0.5
  endloop
endfacet
facet normal 0 0 1
  outer loop
    vertex 4.271598999399728 -4.568238674791647 0.5
    vertex 3.351649099979964 -3.930428743927893 0.5
    vertex 3.444478713591373 -4.835010446412452 0.5
  endloop
endfacet
facet normal 0 0 1
  outer loop
    vertex 4.271598999399728 -4.568238674791647 0.5
    vertex 4.178769385788319 -3.663656972307088 0.5
    vertex 3.351649099979964 -3.930428743927893 0.5
  endloop
endfacet
facet normal 0 0 1
  outer loop
    vertex 3.444478713591373 -4.835010446412452 0.5
    vertex 3.351649099979964 -3.930428743927893 0.5
    vertex 2.524528814171608 -4.197200515548698 0.5
  endloop
endfacet
facet normal 0 0 1
  outer loop
    vertex 6.689009640502985 -2.063286220876327 0.5
    vertex 5.873328089098594 -2.249460212164815 0.5
    vertex 6.306782075316933 -3.037186173822908 0.5
  endloop
endfacet
facet normal 0 0 1
  outer loop
    vertex 5.873328089098594 -2.249460212164815 0.5
    vertex 5.420658978953083 -3.189437304949328 0.5
    vertex 6.306782075316933 -3.037186173822908 0.5
  endloop
endfacet
facet normal 0 0 1
  outer loop
    vertex 5.873328089098594 -2.249460212164815 0.5
    vertex 5.057646537694202 -2.435634203453302 0.5
    vertex 5.420658978953083 -3.189437304949328 0.5
  endloop
endfacet
facet normal 0 0 1
  outer loop
    vertex 6.306782075316933 -3.037186173822908 0.5
    vertex 5.420658978953083 -3.189437304949328 0.5
    vertex 5.783671420211965 -3.943240406445354 0.5
  endloop
endfacet
facet normal 0 0 1
  outer loop
    vertex 5.057646537694202 -2.435634203453302 0.5
    vertex 4.618207961741261 -3.049645587880195 0.5
    vertex 5.420658978953083 -3.189437304949328 0.5
  endloop
endfacet
facet normal 0 0 1
  outer loop
    vertex 4.618207961741261 -3.049645587880195 0.5
    vertex 4.981220403000142 -3.80344868937622 0.5
    vertex 5.420658978953083 -3.189437304949328 0.5
  endloop
endfacet
facet normal 0 0 1
  outer loop
    vertex 4.618207961741261 -3.049645587880195 0.5
    vertex 4.178769385788319 -3.663656972307088 0.5
    vertex 4.981220403000142 -3.80344868937622 0.5
  endloop
endfacet
facet normal 0 0 1
  outer loop
    vertex 5.420658978953083 -3.189437304949328 0.5
    vertex 4.981220403000142 -3.80344868937622 0.5
    vertex 5.783671420211965 -3.943240406445354 0.5
  endloop
endfacet
facet normal 0 0 1
  outer loop
    vertex 5.057646537694204 -0.7623175587816942 0.5
    vertex 5.057646537694203 -1.598975881117498 0.5
    vertex 5.873328089098594 -1.412801889829011 0.5
  endloop
endfacet
facet normal -0 0 1
  outer loop
    vertex 5.057646537694203 -1.598975881117498 0.5
    vertex 5.873328089098594 -2.249460212164815 0.5
    vertex 5.873328089098594 -1.412801889829011 0.5
  endloop
endfacet
facet normal 0 0 1
  outer loop
    vertex 5.057646537694203 -1.598975881117498 0.5
    vertex 5.057646537694202 -2.435634203453302 0.5
    vertex 5.873328089098594 -2.249460212164815 0.5
  endloop
endfacet
facet normal 0 0 1
  outer loop
    vertex 5.873328089098594 -1.412801889829011 0.5
    vertex 5.873328089098594 -2.249460212164815 0.5
    vertex 6.689009640502985 -2.063286220876327 0.5
  endloop
endfacet
facet normal 0 0 1
  outer loop
    vertex 3.291042898911373 -1.96031670944741 0.5
    vertex 2.32922857481129 -2.24240961778493 0.5
    vertex 2.907785856541491 -3.078758612498055 0.5
  endloop
endfacet
facet normal 0 0 1
  outer loop
    vertex 2.32922857481129 -2.24240961778493 0.5
    vertex 1.945971532441408 -3.360851520835574 0.5
    vertex 2.907785856541491 -3.078758612498055 0.5
  endloop
endfacet
facet normal 0 0 1
  outer loop
    vertex 2.32922857481129 -2.24240961778493 0.5
    vertex 1.367414250711207 -2.524502526122451 0.5
    vertex 1.945971532441408 -3.360851520835574 0.5
  endloop
endfacet
facet normal 0 0 1
  outer loop
    vertex 2.907785856541491 -3.078758612498055 0.5
    vertex 1.945971532441408 -3.360851520835574 0.5
    vertex 2.524528814171608 -4.197200515548698 0.5
  endloop
endfacet
facet normal 0 0 1
  outer loop
    vertex 2.524528814171608 -4.197200515548698 0.5
    vertex 3.351649099979964 -3.930428743927893 0.5
    vertex 2.907785856541491 -3.078758612498055 0.5
  endloop
endfacet
facet normal 0 -0 1
  outer loop
    vertex 3.351649099979964 -3.930428743927893 0.5
    vertex 3.734906142349846 -2.811986840877249 0.5
    vertex 2.907785856541491 -3.078758612498055 0.5
  endloop
endfacet
facet normal 0 0 1
  outer loop
    vertex 3.351649099979964 -3.930428743927893 0.5
    vertex 4.178769385788319 -3.663656972307088 0.5
    vertex 3.734906142349846 -2.811986840877249 0.5
  endloop
endfacet
facet normal 0 0 1
  outer loop
    vertex 2.907785856541491 -3.078758612498055 0.5
    vertex 3.734906142349846 -2.811986840877249 0.5
    vertex 3.291042898911373 -1.96031670944741 0.5
  endloop
endfacet
facet normal 0 0 1
  outer loop
    vertex 1.367414250711207 -2.524502526122451 0.5
    vertex 1.074637417017852 -3.265054722226086 0.5
    vertex 1.945971532441408 -3.360851520835574 0.5
  endloop
endfacet
facet normal 0 0 1
  outer loop
    vertex 1.074637417017852 -3.265054722226086 0.5
    vertex 1.653194698748053 -4.10140371693921 0.5
    vertex 1.945971532441408 -3.360851520835574 0.5
  endloop
endfacet
facet normal 0 0 1
  outer loop
    vertex 1.074637417017852 -3.265054722226086 0.5
    vertex 0.7818605833244971 -4.005606918329722 0.5
    vertex 1.653194698748053 -4.10140371693921 0.5
  endloop
endfacet
facet normal 0 0 1
  outer loop
    vertex 1.945971532441408 -3.360851520835574 0.5
    vertex 1.653194698748053 -4.10140371693921 0.5
    vertex 2.524528814171608 -4.197200515548698 0.5
  endloop
endfacet
facet normal 0 0 1
  outer loop
    vertex 2.524528814171608 -4.197200515548698 0.5
    vertex 1.653194698748053 -4.10140371693921 0.5
    vertex 1.868604940920474 -4.792659643140622 0.5
  endloop
endfacet
facet normal 0 0 1
  outer loop
    vertex 1.653194698748053 -4.10140371693921 0.5
    vertex 0.9972708254969183 -4.696862844531134 0.5
    vertex 1.868604940920474 -4.792659643140622 0.5
  endloop
endfacet
facet normal 0 0 1
  outer loop
    vertex 1.653194698748053 -4.10140371693921 0.5
    vertex 0.7818605833244971 -4.005606918329722 0.5
    vertex 0.9972708254969183 -4.696862844531134 0.5
  endloop
endfacet
facet normal 0 0 1
  outer loop
    vertex 1.868604940920474 -4.792659643140622 0.5
    vertex 0.9972708254969183 -4.696862844531134 0.5
    vertex 1.212681067669339 -5.388118770732547 0.5
  endloop
endfacet
facet normal 0 0 1
  outer loop
    vertex -1.703164030930164 3.633114440613323 0.5
    vertex -1.885448206716555 4.387648406663752 0.5
    vertex -2.530375832417774 3.941217464702047 0.5
  endloop
endfacet
facet normal 0 0 1
  outer loop
    vertex -1.885448206716555 4.387648406663752 0.5
    vertex -2.712660008204165 4.695751430752476 0.5
    vertex -2.530375832417774 3.941217464702047 0.5
  endloop
endfacet
facet normal 0 0 1
  outer loop
    vertex -1.885448206716555 4.387648406663752 0.5
    vertex -2.067732382502946 5.142182372714181 0.5
    vertex -2.712660008204165 4.695751430752476 0.5
  endloop
endfacet
facet normal 0 0 1
  outer loop
    vertex -2.530375832417774 3.941217464702047 0.5
    vertex -2.712660008204165 4.695751430752476 0.5
    vertex -3.357587633905384 4.249320488790771 0.5
  endloop
endfacet
facet normal 0 0 1
  outer loop
    vertex -3.357587633905384 4.249320488790771 0.5
    vertex -3.338604292963542 3.368304569125945 0.5
    vertex -2.530375832417774 3.941217464702047 0.5
  endloop
endfacet
facet normal -0 0 1
  outer loop
    vertex -3.338604292963542 3.368304569125945 0.5
    vertex -2.511392491475932 3.060201545037221 0.5
    vertex -2.530375832417774 3.941217464702047 0.5
  endloop
endfacet
facet normal 0 0 1
  outer loop
    vertex -3.338604292963542 3.368304569125945 0.5
    vertex -3.319620952021699 2.48728864946112 0.5
    vertex -2.511392491475932 3.060201545037221 0.5
  endloop
endfacet
facet normal 0 0 1
  outer loop
    vertex -2.530375832417774 3.941217464702047 0.5
    vertex -2.511392491475932 3.060201545037221 0.5
    vertex -1.703164030930164 3.633114440613323 0.5
  endloop
endfacet
facet normal -0 0 1
  outer loop
    vertex -4.632651555982801 3.210290081408922 0.5
    vertex -3.97613625400225 2.848789365435021 0.5
    vertex -3.995119594944093 3.729805285099846 0.5
  endloop
endfacet
facet normal 0 -0 1
  outer loop
    vertex -3.97613625400225 2.848789365435021 0.5
    vertex -3.338604292963542 3.368304569125945 0.5
    vertex -3.995119594944093 3.729805285099846 0.5
  endloop
endfacet
facet normal -0 0 1
  outer loop
    vertex -3.97613625400225 2.848789365435021 0.5
    vertex -3.319620952021699 2.48728864946112 0.5
    vertex -3.338604292963542 3.368304569125945 0.5
  endloop
endfacet
facet normal -0 0 1
  outer loop
    vertex -3.995119594944093 3.729805285099846 0.5
    vertex -3.338604292963542 3.368304569125945 0.5
    vertex -3.357587633905384 4.249320488790771 0.5
  endloop
endfacet
facet normal -0 0 1
  outer loop
    vertex -4.171111581075364 -2.840145595869347 0.5
    vertex -3.280716764183286 -3.585436545965715 0.5
    vertex -3.196805132872641 -2.53216612288349 0.5
  endloop
endfacet
facet normal 0 0 1
  outer loop
    vertex -3.280716764183286 -3.585436545965715 0.5
    vertex -2.306410315980563 -3.277457072979859 0.5
    vertex -3.196805132872641 -2.53216612288349 0.5
  endloop
endfacet
facet normal -0 0 1
  outer loop
    vertex -3.280716764183286 -3.585436545965715 0.5
    vertex -2.390321947291207 -4.330727496062083 0.5
    vertex -2.306410315980563 -3.277457072979859 0.5
  endloop
endfacet
facet normal -0 0 1
  outer loop
    vertex -3.196805132872641 -2.53216612288349 0.5
    vertex -2.306410315980563 -3.277457072979859 0.5
    vertex -2.222498684669919 -2.224186649897633 0.5
  endloop
endfacet
facet normal 0 0 1
  outer loop
    vertex -2.222498684669919 -2.224186649897633 0.5
    vertex -2.997531155019726 -1.599021633932697 0.5
    vertex -3.196805132872641 -2.53216612288349 0.5
  endloop
endfacet
facet normal 0 0 1
  outer loop
    vertex -2.997531155019726 -1.599021633932697 0.5
    vertex -3.971837603222448 -1.907001106918554 0.5
    vertex -3.196805132872641 -2.53216612288349 0.5
  endloop
endfacet
facet normal 0 0 1
  outer loop
    vertex -2.997531155019726 -1.599021633932697 0.5
    vertex -3.772563625369533 -0.9738566179677611 0.5
    vertex -3.971837603222448 -1.907001106918554 0.5
  endloop
endfacet
facet normal 0 0 1
  outer loop
    vertex -3.196805132872641 -2.53216612288349 0.5
    vertex -3.971837603222448 -1.907001106918554 0.5
    vertex -4.171111581075364 -2.840145595869347 0.5
  endloop
endfacet
facet normal 0 0 1
  outer loop
    vertex -3.772563625369533 -0.9738566179677611 0.5
    vertex -4.543994719957327 -1.278495107655053 0.5
    vertex -3.971837603222448 -1.907001106918554 0.5
  endloop
endfacet
facet normal 0 0 1
  outer loop
    vertex -4.543994719957327 -1.278495107655053 0.5
    vertex -4.743268697810242 -2.211639596605846 0.5
    vertex -3.971837603222448 -1.907001106918554 0.5
  endloop
endfacet
facet normal 0 0 1
  outer loop
    vertex -4.543994719957327 -1.278495107655053 0.5
    vertex -5.315425814545121 -1.583133597342344 0.5
    vertex -4.743268697810242 -2.211639596605846 0.5
  endloop
endfacet
facet normal 0 0 1
  outer loop
    vertex -3.971837603222448 -1.907001106918554 0.5
    vertex -4.743268697810242 -2.211639596605846 0.5
    vertex -4.171111581075364 -2.840145595869347 0.5
  endloop
endfacet
facet normal 0 0 1
  outer loop
    vertex 3.792708650990723 3.617525661017495 0.5
    vertex 3.31273782099415 4.248149916440026 0.5
    vertex 2.778695172686301 3.620695329363127 0.5
  endloop
endfacet
facet normal 0 0 1
  outer loop
    vertex 3.31273782099415 4.248149916440026 0.5
    vertex 2.298724342689728 4.251319584785659 0.5
    vertex 2.778695172686301 3.620695329363127 0.5
  endloop
endfacet
facet normal 0 0 1
  outer loop
    vertex 3.31273782099415 4.248149916440026 0.5
    vertex 2.832766990997577 4.878774171862558 0.5
    vertex 2.298724342689728 4.251319584785659 0.5
  endloop
endfacet
facet normal 0 0 1
  outer loop
    vertex 2.778695172686301 3.620695329363127 0.5
    vertex 2.298724342689728 4.251319584785659 0.5
    vertex 1.764681694381879 3.62386499770876 0.5
  endloop
endfacet
facet normal 0 0 1
  outer loop
    vertex 1.764681694381879 3.62386499770876 0.5
    vertex 2.510136162858355 2.833376907851267 0.5
    vertex 2.778695172686301 3.620695329363127 0.5
  endloop
endfacet
facet normal -0 0 1
  outer loop
    vertex 2.510136162858355 2.833376907851267 0.5
    vertex 3.524149641162778 2.830207239505635 0.5
    vertex 2.778695172686301 3.620695329363127 0.5
  endloop
endfacet
facet normal 0 0 1
  outer loop
    vertex 2.510136162858355 2.833376907851267 0.5
    vertex 3.255590631334832 2.042888817993774 0.5
    vertex 3.524149641162778 2.830207239505635 0.5
  endloop
endfacet
facet normal 0 0 1
  outer loop
    vertex 2.778695172686301 3.620695329363127 0.5
    vertex 3.524149641162778 2.830207239505635 0.5
    vertex 3.792708650990723 3.617525661017495 0.5
  endloop
endfacet
facet normal 0 0 1
  outer loop
    vertex 3.255590631334832 2.042888817993774 0.5
    vertex 4.123145356505683 2.318276442805303 0.5
    vertex 3.524149641162778 2.830207239505635 0.5
  endloop
endfacet
facet normal 0 -0 1
  outer loop
    vertex 4.123145356505683 2.318276442805303 0.5
    vertex 4.391704366333627 3.105594864317164 0.5
    vertex 3.524149641162778 2.830207239505635 0.5
  endloop
endfacet
facet normal 0 0 1
  outer loop
    vertex 4.123145356505683 2.318276442805303 0.5
    vertex 4.990700081676533 2.593664067616832 0.5
    vertex 4.391704366333627 3.105594864317164 0.5
  endloop
endfacet
facet normal 0 0 1
  outer loop
    vertex 3.524149641162778 2.830207239505635 0.5
    vertex 4.391704366333627 3.105594864317164 0.5
    vertex 3.792708650990723 3.617525661017495 0.5
  endloop
endfacet
facet normal 0 0 1
  outer loop
    vertex 5.057646537694204 -0.7623175587816942 0.5
    vertex 4.174344718302788 -1.361317134114552 0.5
    vertex 5.057646537694203 -1.598975881117498 0.5
  endloop
endfacet
facet normal 0 0 1
  outer loop
    vertex 4.174344718302788 -1.361317134114552 0.5
    vertex 4.174344718302788 -2.197975456450356 0.5
    vertex 5.057646537694203 -1.598975881117498 0.5
  endloop
endfacet
facet normal 0 0 1
  outer loop
    vertex 4.174344718302788 -1.361317134114552 0.5
    vertex 3.291042898911373 -1.96031670944741 0.5
    vertex 4.174344718302788 -2.197975456450356 0.5
  endloop
endfacet
facet normal 0 0 1
  outer loop
    vertex 5.057646537694203 -1.598975881117498 0.5
    vertex 4.174344718302788 -2.197975456450356 0.5
    vertex 5.057646537694202 -2.435634203453302 0.5
  endloop
endfacet
facet normal 0 0 1
  outer loop
    vertex 5.057646537694204 -0.7623175587816942 0.5
    vertex 4.204930628526764 -0.2022779954718509 0.5
    vertex 4.174344718302788 -1.361317134114552 0.5
  endloop
endfacet
facet normal 0 0 1
  outer loop
    vertex 4.204930628526764 -0.2022779954718509 0.5
    vertex 3.321628809135349 -0.8012775708047088 0.5
    vertex 4.174344718302788 -1.361317134114552 0.5
  endloop
endfacet
facet normal 0 0 1
  outer loop
    vertex 4.204930628526764 -0.2022779954718509 0.5
    vertex 3.352214719359324 0.3577615678379923 0.5
    vertex 3.321628809135349 -0.8012775708047088 0.5
  endloop
endfacet
facet normal 0 0 1
  outer loop
    vertex 4.174344718302788 -1.361317134114552 0.5
    vertex 3.321628809135349 -0.8012775708047088 0.5
    vertex 3.291042898911373 -1.96031670944741 0.5
  endloop
endfacet
facet normal 0 0 1
  outer loop
    vertex 5.057646537694204 -0.7623175587816942 0.5
    vertex 5.054730608862748 0.1424791057549843 0.5
    vertex 4.204930628526764 -0.2022779954718509 0.5
  endloop
endfacet
facet normal 0 0 1
  outer loop
    vertex 5.054730608862748 0.1424791057549843 0.5
    vertex 4.202014699695308 0.7025186690648276 0.5
    vertex 4.204930628526764 -0.2022779954718509 0.5
  endloop
endfacet
facet normal 0 0 1
  outer loop
    vertex 5.054730608862748 0.1424791057549843 0.5
    vertex 5.051814680031292 1.047275770291663 0.5
    vertex 4.202014699695308 0.7025186690648276 0.5
  endloop
endfacet
facet normal 0 0 1
  outer loop
    vertex 4.204930628526764 -0.2022779954718509 0.5
    vertex 4.202014699695308 0.7025186690648276 0.5
    vertex 3.352214719359324 0.3577615678379923 0.5
  endloop
endfacet
facet normal 0 0 1
  outer loop
    vertex -0.6118620592008883 -3.22454396529109 0.5
    vertex -1.501092003246048 -3.777635730676587 0.5
    vertex -0.4970448121934687 -4.162508179995165 0.5
  endloop
endfacet
facet normal 0 0 1
  outer loop
    vertex -1.501092003246048 -3.777635730676587 0.5
    vertex -1.386274756238628 -4.715599945380662 0.5
    vertex -0.4970448121934687 -4.162508179995165 0.5
  endloop
endfacet
facet normal 0 0 1
  outer loop
    vertex -1.501092003246048 -3.777635730676587 0.5
    vertex -2.390321947291207 -4.330727496062083 0.5
    vertex -1.386274756238628 -4.715599945380662 0.5
  endloop
endfacet
facet normal 0 0 1
  outer loop
    vertex -0.4970448121934687 -4.162508179995165 0.5
    vertex -1.386274756238628 -4.715599945380662 0.5
    vertex -0.3822275651860492 -5.10047239469924 0.5
  endloop
endfacet
facet normal 0 -0 1
  outer loop
    vertex -0.3822275651860492 -5.10047239469924 0.5
    vertex 0.199816509069224 -4.553039656514481 0.5
    vertex -0.4970448121934687 -4.162508179995165 0.5
  endloop
endfacet
facet normal 0 0 1
  outer loop
    vertex 0.199816509069224 -4.553039656514481 0.5
    vertex 0.08499926206180441 -3.615075441810406 0.5
    vertex -0.4970448121934687 -4.162508179995165 0.5
  endloop
endfacet
facet normal 0 -0 1
  outer loop
    vertex 0.199816509069224 -4.553039656514481 0.5
    vertex 0.7818605833244971 -4.005606918329722 0.5
    vertex 0.08499926206180441 -3.615075441810406 0.5
  endloop
endfacet
facet normal 0 -0 1
  outer loop
    vertex -0.4970448121934687 -4.162508179995165 0.5
    vertex 0.08499926206180441 -3.615075441810406 0.5
    vertex -0.6118620592008883 -3.22454396529109 0.5
  endloop
endfacet
facet normal 0 0 1
  outer loop
    vertex 1.212681067669339 -5.388118770732547 0.5
    vertex 0.9972708254969183 -4.696862844531134 0.5
    vertex 0.4152267512416451 -5.244295582715893 0.5
  endloop
endfacet
facet normal 0 0 1
  outer loop
    vertex 0.9972708254969183 -4.696862844531134 0.5
    vertex 0.199816509069224 -4.553039656514481 0.5
    vertex 0.4152267512416451 -5.244295582715893 0.5
  endloop
endfacet
facet normal 0 0 1
  outer loop
    vertex 0.9972708254969183 -4.696862844531134 0.5
    vertex 0.7818605833244971 -4.005606918329722 0.5
    vertex 0.199816509069224 -4.553039656514481 0.5
  endloop
endfacet
facet normal 0 0 1
  outer loop
    vertex 0.4152267512416451 -5.244295582715893 0.5
    vertex 0.199816509069224 -4.553039656514481 0.5
    vertex -0.3822275651860492 -5.10047239469924 0.5
  endloop
endfacet
facet normal 0 -0 1
  outer loop
    vertex -0.050419790287013 2.785054689593972 0.5
    vertex 0.8571309520474328 3.204459843651366 0.5
    vertex -0.1353417501359921 3.863429205998477 0.5
  endloop
endfacet
facet normal 0 0 1
  outer loop
    vertex 0.8571309520474328 3.204459843651366 0.5
    vertex 0.7722089921984537 4.282834360055871 0.5
    vertex -0.1353417501359921 3.863429205998477 0.5
  endloop
endfacet
facet normal 0 -0 1
  outer loop
    vertex 0.8571309520474328 3.204459843651366 0.5
    vertex 1.764681694381879 3.62386499770876 0.5
    vertex 0.7722089921984537 4.282834360055871 0.5
  endloop
endfacet
facet normal 0 -0 1
  outer loop
    vertex -0.1353417501359921 3.863429205998477 0.5
    vertex 0.7722089921984537 4.282834360055871 0.5
    vertex -0.2202637099849713 4.941803722402982 0.5
  endloop
endfacet
facet normal 0 0 1
  outer loop
    vertex -0.2202637099849713 4.941803722402982 0.5
    vertex -0.9617138704575678 4.287459081508152 0.5
    vertex -0.1353417501359921 3.863429205998477 0.5
  endloop
endfacet
facet normal 0 0 1
  outer loop
    vertex -0.9617138704575678 4.287459081508152 0.5
    vertex -0.8767919106085886 3.209084565103647 0.5
    vertex -0.1353417501359921 3.863429205998477 0.5
  endloop
endfacet
facet normal 0 0 1
  outer loop
    vertex -0.9617138704575678 4.287459081508152 0.5
    vertex -1.703164030930164 3.633114440613323 0.5
    vertex -0.8767919106085886 3.209084565103647 0.5
  endloop
endfacet
facet normal 0 0 1
  outer loop
    vertex -0.1353417501359921 3.863429205998477 0.5
    vertex -0.8767919106085886 3.209084565103647 0.5
    vertex -0.050419790287013 2.785054689593972 0.5
  endloop
endfacet
facet normal 0 0 1
  outer loop
    vertex 1.764681694381879 3.62386499770876 0.5
    vertex 1.609039620903507 4.490087703836144 0.5
    vertex 0.7722089921984537 4.282834360055871 0.5
  endloop
endfacet
facet normal 0 0 1
  outer loop
    vertex 1.609039620903507 4.490087703836144 0.5
    vertex 0.6165669187200817 5.149057066183255 0.5
    vertex 0.7722089921984537 4.282834360055871 0.5
  endloop
endfacet
facet normal 0 0 1
  outer loop
    vertex 1.609039620903507 4.490087703836144 0.5
    vertex 1.453397547425135 5.356310409963529 0.5
    vertex 0.6165669187200817 5.149057066183255 0.5
  endloop
endfacet
facet normal 0 0 1
  outer loop
    vertex 0.7722089921984537 4.282834360055871 0.5
    vertex 0.6165669187200817 5.149057066183255 0.5
    vertex -0.2202637099849713 4.941803722402982 0.5
  endloop
endfacet
facet normal 0 0 1
  outer loop
    vertex -0.2202637099849713 4.941803722402982 0.5
    vertex -1.143998046243959 5.041993047558582 0.5
    vertex -0.9617138704575678 4.287459081508152 0.5
  endloop
endfacet
facet normal 0 0 1
  outer loop
    vertex -1.143998046243959 5.041993047558582 0.5
    vertex -1.885448206716555 4.387648406663752 0.5
    vertex -0.9617138704575678 4.287459081508152 0.5
  endloop
endfacet
facet normal 0 0 1
  outer loop
    vertex -1.143998046243959 5.041993047558582 0.5
    vertex -2.067732382502946 5.142182372714181 0.5
    vertex -1.885448206716555 4.387648406663752 0.5
  endloop
endfacet
facet normal 0 0 1
  outer loop
    vertex -0.9617138704575678 4.287459081508152 0.5
    vertex -1.885448206716555 4.387648406663752 0.5
    vertex -1.703164030930164 3.633114440613323 0.5
  endloop
endfacet
facet normal 0 0 1
  outer loop
    vertex -5.019818411644172 1.781274490268808 0.5
    vertex -4.169719681832936 2.134281569864964 0.5
    vertex -4.826234983813487 2.495782285838865 0.5
  endloop
endfacet
facet normal 0 -0 1
  outer loop
    vertex -4.169719681832936 2.134281569864964 0.5
    vertex -3.97613625400225 2.848789365435021 0.5
    vertex -4.826234983813487 2.495782285838865 0.5
  endloop
endfacet
facet normal 0 0 1
  outer loop
    vertex -4.169719681832936 2.134281569864964 0.5
    vertex -3.319620952021699 2.48728864946112 0.5
    vertex -3.97613625400225 2.848789365435021 0.5
  endloop
endfacet
facet normal 0 0 1
  outer loop
    vertex -4.826234983813487 2.495782285838865 0.5
    vertex -3.97613625400225 2.848789365435021 0.5
    vertex -4.632651555982801 3.210290081408922 0.5
  endloop
endfacet
facet normal 0 0 1
  outer loop
    vertex -5.019818411644172 1.781274490268808 0.5
    vertex -5.221487973851819 0.9035367611467112 0.5
    vertex -4.23280299724061 1.331666798756933 0.5
  endloop
endfacet
facet normal -0 0 1
  outer loop
    vertex -5.221487973851819 0.9035367611467112 0.5
    vertex -4.434472559448258 0.4539290696348359 0.5
    vertex -4.23280299724061 1.331666798756933 0.5
  endloop
endfacet
facet normal 0 0 1
  outer loop
    vertex -5.221487973851819 0.9035367611467112 0.5
    vertex -5.423157536059467 0.02579903202461393 0.5
    vertex -4.434472559448258 0.4539290696348359 0.5
  endloop
endfacet
facet normal 0 0 1
  outer loop
    vertex -4.23280299724061 1.331666798756933 0.5
    vertex -4.434472559448258 0.4539290696348359 0.5
    vertex -3.445787582837049 0.8820591072450579 0.5
  endloop
endfacet
facet normal 0 -0 1
  outer loop
    vertex -3.445787582837049 0.8820591072450579 0.5
    vertex -3.382704267429374 1.684673878353089 0.5
    vertex -4.23280299724061 1.331666798756933 0.5
  endloop
endfacet
facet normal 0 0 1
  outer loop
    vertex -3.382704267429374 1.684673878353089 0.5
    vertex -4.169719681832936 2.134281569864964 0.5
    vertex -4.23280299724061 1.331666798756933 0.5
  endloop
endfacet
facet normal 0 -0 1
  outer loop
    vertex -3.382704267429374 1.684673878353089 0.5
    vertex -3.319620952021699 2.48728864946112 0.5
    vertex -4.169719681832936 2.134281569864964 0.5
  endloop
endfacet
facet normal 0 -0 1
  outer loop
    vertex -4.23280299724061 1.331666798756933 0.5
    vertex -4.169719681832936 2.134281569864964 0.5
    vertex -5.019818411644172 1.781274490268808 0.5
  endloop
endfacet
facet normal 0 0 1
  outer loop
    vertex 3.291042898911373 -1.96031670944741 0.5
    vertex 3.734906142349846 -2.811986840877249 0.5
    vertex 4.174344718302788 -2.197975456450356 0.5
  endloop
endfacet
facet normal -0 0 1
  outer loop
    vertex 3.734906142349846 -2.811986840877249 0.5
    vertex 4.618207961741261 -3.049645587880195 0.5
    vertex 4.174344718302788 -2.197975456450356 0.5
  endloop
endfacet
facet normal 0 0 1
  outer loop
    vertex 3.734906142349846 -2.811986840877249 0.5
    vertex 4.178769385788319 -3.663656972307088 0.5
    vertex 4.618207961741261 -3.049645587880195 0.5
  endloop
endfacet
facet normal 0 0 1
  outer loop
    vertex 4.174344718302788 -2.197975456450356 0.5
    vertex 4.618207961741261 -3.049645587880195 0.5
    vertex 5.057646537694202 -2.435634203453302 0.5
  endloop
endfacet
facet normal 0 0 1
  outer loop
    vertex 3.352214719359324 0.3577615678379923 0.5
    vertex 2.436157305774643 -0.08058667014700399 0.5
    vertex 3.321628809135349 -0.8012775708047088 0.5
  endloop
endfacet
facet normal 0 0 1
  outer loop
    vertex 2.436157305774643 -0.08058667014700399 0.5
    vertex 2.405571395550667 -1.239625808789705 0.5
    vertex 3.321628809135349 -0.8012775708047088 0.5
  endloop
endfacet
facet normal 0 0 1
  outer loop
    vertex 2.436157305774643 -0.08058667014700399 0.5
    vertex 1.520099892189962 -0.5189349081320004 0.5
    vertex 2.405571395550667 -1.239625808789705 0.5
  endloop
endfacet
facet normal 0 0 1
  outer loop
    vertex 3.321628809135349 -0.8012775708047088 0.5
    vertex 2.405571395550667 -1.239625808789705 0.5
    vertex 3.291042898911373 -1.96031670944741 0.5
  endloop
endfacet
facet normal 0 0 1
  outer loop
    vertex 1.520099892189962 -0.5189349081320004 0.5
    vertex 1.443757071450585 -1.521718717127226 0.5
    vertex 2.405571395550667 -1.239625808789705 0.5
  endloop
endfacet
facet normal -0 0 1
  outer loop
    vertex 1.443757071450585 -1.521718717127226 0.5
    vertex 2.32922857481129 -2.24240961778493 0.5
    vertex 2.405571395550667 -1.239625808789705 0.5
  endloop
endfacet
facet normal 0 0 1
  outer loop
    vertex 1.443757071450585 -1.521718717127226 0.5
    vertex 1.367414250711207 -2.524502526122451 0.5
    vertex 2.32922857481129 -2.24240961778493 0.5
  endloop
endfacet
facet normal 0 0 1
  outer loop
    vertex 2.405571395550667 -1.239625808789705 0.5
    vertex 2.32922857481129 -2.24240961778493 0.5
    vertex 3.291042898911373 -1.96031670944741 0.5
  endloop
endfacet
facet normal 0 0 1
  outer loop
    vertex 3.352214719359324 0.3577615678379923 0.5
    vertex 2.474019992161709 0.930151599344422 0.5
    vertex 2.436157305774643 -0.08058667014700399 0.5
  endloop
endfacet
facet normal 0 0 1
  outer loop
    vertex 2.474019992161709 0.930151599344422 0.5
    vertex 1.557962578577028 0.4918033613594257 0.5
    vertex 2.436157305774643 -0.08058667014700399 0.5
  endloop
endfacet
facet normal 0 0 1
  outer loop
    vertex 2.474019992161709 0.930151599344422 0.5
    vertex 1.595825264964093 1.502541630850852 0.5
    vertex 1.557962578577028 0.4918033613594257 0.5
  endloop
endfacet
facet normal 0 0 1
  outer loop
    vertex 2.436157305774643 -0.08058667014700399 0.5
    vertex 1.557962578577028 0.4918033613594257 0.5
    vertex 1.520099892189962 -0.5189349081320004 0.5
  endloop
endfacet
facet normal 0 0 1
  outer loop
    vertex 3.352214719359324 0.3577615678379923 0.5
    vertex 3.303902675347078 1.200325192915883 0.5
    vertex 2.474019992161709 0.930151599344422 0.5
  endloop
endfacet
facet normal 0 0 1
  outer loop
    vertex 3.303902675347078 1.200325192915883 0.5
    vertex 2.425707948149463 1.772715224422313 0.5
    vertex 2.474019992161709 0.930151599344422 0.5
  endloop
endfacet
facet normal 0 0 1
  outer loop
    vertex 3.303902675347078 1.200325192915883 0.5
    vertex 3.255590631334832 2.042888817993774 0.5
    vertex 2.425707948149463 1.772715224422313 0.5
  endloop
endfacet
facet normal 0 0 1
  outer loop
    vertex 2.474019992161709 0.930151599344422 0.5
    vertex 2.425707948149463 1.772715224422313 0.5
    vertex 1.595825264964093 1.502541630850852 0.5
  endloop
endfacet
facet normal 0 0 1
  outer loop
    vertex 5.051814680031292 1.047275770291663 0.5
    vertex 4.153702655683063 1.545082294142718 0.5
    vertex 4.202014699695308 0.7025186690648276 0.5
  endloop
endfacet
facet normal 0 0 1
  outer loop
    vertex 4.153702655683063 1.545082294142718 0.5
    vertex 3.303902675347078 1.200325192915883 0.5
    vertex 4.202014699695308 0.7025186690648276 0.5
  endloop
endfacet
facet normal 0 0 1
  outer loop
    vertex 4.153702655683063 1.545082294142718 0.5
    vertex 3.255590631334832 2.042888817993774 0.5
    vertex 3.303902675347078 1.200325192915883 0.5
  endloop
endfacet
facet normal 0 0 1
  outer loop
    vertex 4.202014699695308 0.7025186690648276 0.5
    vertex 3.303902675347078 1.200325192915883 0.5
    vertex 3.352214719359324 0.3577615678379923 0.5
  endloop
endfacet
facet normal 0 0 1
  outer loop
    vertex 1.595825264964093 1.502541630850852 0.5
    vertex 0.6888629783627123 1.098395792936132 0.5
    vertex 1.557962578577028 0.4918033613594257 0.5
  endloop
endfacet
facet normal 0 0 1
  outer loop
    vertex 0.6888629783627123 1.098395792936132 0.5
    vertex 0.6510002919756466 0.08765752344470612 0.5
    vertex 1.557962578577028 0.4918033613594257 0.5
  endloop
endfacet
facet normal 0 0 1
  outer loop
    vertex 0.6888629783627123 1.098395792936132 0.5
    vertex -0.2180993082386689 0.6942499550214127 0.5
    vertex 0.6510002919756466 0.08765752344470612 0.5
  endloop
endfacet
facet normal 0 0 1
  outer loop
    vertex 1.557962578577028 0.4918033613594257 0.5
    vertex 0.6510002919756466 0.08765752344470612 0.5
    vertex 1.520099892189962 -0.5189349081320004 0.5
  endloop
endfacet
facet normal 0 0 1
  outer loop
    vertex -0.2180993082386689 0.6942499550214127 0.5
    vertex -0.2975955928883379 -0.3204333560320483 0.5
    vertex 0.6510002919756466 0.08765752344470612 0.5
  endloop
endfacet
facet normal -0 0 1
  outer loop
    vertex -0.2975955928883379 -0.3204333560320483 0.5
    vertex 0.5715040073259776 -0.9270257876087549 0.5
    vertex 0.6510002919756466 0.08765752344470612 0.5
  endloop
endfacet
facet normal 0 0 1
  outer loop
    vertex -0.2975955928883379 -0.3204333560320483 0.5
    vertex -0.3770918775380068 -1.335116667085509 0.5
    vertex 0.5715040073259776 -0.9270257876087549 0.5
  endloop
endfacet
facet normal 0 0 1
  outer loop
    vertex 0.6510002919756466 0.08765752344470612 0.5
    vertex 0.5715040073259776 -0.9270257876087549 0.5
    vertex 1.520099892189962 -0.5189349081320004 0.5
  endloop
endfacet
facet normal -0 0 1
  outer loop
    vertex -0.3770918775380068 -1.335116667085509 0.5
    vertex 0.4951611865866001 -1.92980959660398 0.5
    vertex 0.5715040073259776 -0.9270257876087549 0.5
  endloop
endfacet
facet normal 0 0 1
  outer loop
    vertex 0.4951611865866001 -1.92980959660398 0.5
    vertex 1.443757071450585 -1.521718717127226 0.5
    vertex 0.5715040073259776 -0.9270257876087549 0.5
  endloop
endfacet
facet normal -0 0 1
  outer loop
    vertex 0.4951611865866001 -1.92980959660398 0.5
    vertex 1.367414250711207 -2.524502526122451 0.5
    vertex 1.443757071450585 -1.521718717127226 0.5
  endloop
endfacet
facet normal -0 0 1
  outer loop
    vertex 0.5715040073259776 -0.9270257876087549 0.5
    vertex 1.443757071450585 -1.521718717127226 0.5
    vertex 1.520099892189962 -0.5189349081320004 0.5
  endloop
endfacet
facet normal 0 0 1
  outer loop
    vertex 1.595825264964093 1.502541630850852 0.5
    vertex 0.7727027373385402 2.143798160222412 0.5
    vertex 0.6888629783627123 1.098395792936132 0.5
  endloop
endfacet
facet normal 0 0 1
  outer loop
    vertex 0.7727027373385402 2.143798160222412 0.5
    vertex -0.1342595492628409 1.739652322307693 0.5
    vertex 0.6888629783627123 1.098395792936132 0.5
  endloop
endfacet
facet normal 0 0 1
  outer loop
    vertex 0.7727027373385402 2.143798160222412 0.5
    vertex -0.050419790287013 2.785054689593972 0.5
    vertex -0.1342595492628409 1.739652322307693 0.5
  endloop
endfacet
facet normal 0 0 1
  outer loop
    vertex 0.6888629783627123 1.098395792936132 0.5
    vertex -0.1342595492628409 1.739652322307693 0.5
    vertex -0.2180993082386689 0.6942499550214127 0.5
  endloop
endfacet
facet normal 0 -0 1
  outer loop
    vertex 1.595825264964093 1.502541630850852 0.5
    vertex 1.680253479672986 2.563203314279806 0.5
    vertex 0.7727027373385402 2.143798160222412 0.5
  endloop
endfacet
facet normal 0 0 1
  outer loop
    vertex 1.680253479672986 2.563203314279806 0.5
    vertex 0.8571309520474328 3.204459843651366 0.5
    vertex 0.7727027373385402 2.143798160222412 0.5
  endloop
endfacet
facet normal 0 -0 1
  outer loop
    vertex 1.680253479672986 2.563203314279806 0.5
    vertex 1.764681694381879 3.62386499770876 0.5
    vertex 0.8571309520474328 3.204459843651366 0.5
  endloop
endfacet
facet normal 0 -0 1
  outer loop
    vertex 0.7727027373385402 2.143798160222412 0.5
    vertex 0.8571309520474328 3.204459843651366 0.5
    vertex -0.050419790287013 2.785054689593972 0.5
  endloop
endfacet
facet normal 0 0 1
  outer loop
    vertex 1.595825264964093 1.502541630850852 0.5
    vertex 2.425707948149463 1.772715224422313 0.5
    vertex 1.680253479672986 2.563203314279806 0.5
  endloop
endfacet
facet normal 0 -0 1
  outer loop
    vertex 2.425707948149463 1.772715224422313 0.5
    vertex 2.510136162858355 2.833376907851267 0.5
    vertex 1.680253479672986 2.563203314279806 0.5
  endloop
endfacet
facet normal 0 0 1
  outer loop
    vertex 2.425707948149463 1.772715224422313 0.5
    vertex 3.255590631334832 2.042888817993774 0.5
    vertex 2.510136162858355 2.833376907851267 0.5
  endloop
endfacet
facet normal 0 0 1
  outer loop
    vertex 1.680253479672986 2.563203314279806 0.5
    vertex 2.510136162858355 2.833376907851267 0.5
    vertex 1.764681694381879 3.62386499770876 0.5
  endloop
endfacet
facet normal 0 0 1
  outer loop
    vertex -0.2180993082386689 0.6942499550214127 0.5
    vertex -1.106808906683237 0.2533885949180008 0.5
    vertex -0.2975955928883379 -0.3204333560320483 0.5
  endloop
endfacet
facet normal 0 0 1
  outer loop
    vertex -1.106808906683237 0.2533885949180008 0.5
    vertex -1.186305191332906 -0.7612947161354603 0.5
    vertex -0.2975955928883379 -0.3204333560320483 0.5
  endloop
endfacet
facet normal 0 0 1
  outer loop
    vertex -1.106808906683237 0.2533885949180008 0.5
    vertex -1.995518505127805 -0.1874727651854112 0.5
    vertex -1.186305191332906 -0.7612947161354603 0.5
  endloop
endfacet
facet normal 0 0 1
  outer loop
    vertex -0.2975955928883379 -0.3204333560320483 0.5
    vertex -1.186305191332906 -0.7612947161354603 0.5
    vertex -0.3770918775380068 -1.335116667085509 0.5
  endloop
endfacet
facet normal 0 0 1
  outer loop
    vertex -0.2180993082386689 0.6942499550214127 0.5
    vertex -0.9737441486463785 1.222134082469337 0.5
    vertex -1.106808906683237 0.2533885949180008 0.5
  endloop
endfacet
facet normal 0 0 1
  outer loop
    vertex -0.9737441486463785 1.222134082469337 0.5
    vertex -1.862453747090946 0.7812727223659255 0.5
    vertex -1.106808906683237 0.2533885949180008 0.5
  endloop
endfacet
facet normal 0 0 1
  outer loop
    vertex -0.9737441486463785 1.222134082469337 0.5
    vertex -1.729388989054088 1.750018209917262 0.5
    vertex -1.862453747090946 0.7812727223659255 0.5
  endloop
endfacet
facet normal 0 0 1
  outer loop
    vertex -1.106808906683237 0.2533885949180008 0.5
    vertex -1.862453747090946 0.7812727223659255 0.5
    vertex -1.995518505127805 -0.1874727651854112 0.5
  endloop
endfacet
facet normal 0 -0 1
  outer loop
    vertex -0.2180993082386689 0.6942499550214127 0.5
    vertex -0.1342595492628409 1.739652322307693 0.5
    vertex -0.9737441486463785 1.222134082469337 0.5
  endloop
endfacet
facet normal 0 0 1
  outer loop
    vertex -0.1342595492628409 1.739652322307693 0.5
    vertex -0.8899043896705506 2.267536449755617 0.5
    vertex -0.9737441486463785 1.222134082469337 0.5
  endloop
endfacet
facet normal 0 -0 1
  outer loop
    vertex -0.1342595492628409 1.739652322307693 0.5
    vertex -0.050419790287013 2.785054689593972 0.5
    vertex -0.8899043896705506 2.267536449755617 0.5
  endloop
endfacet
facet normal 0 -0 1
  outer loop
    vertex -0.9737441486463785 1.222134082469337 0.5
    vertex -0.8899043896705506 2.267536449755617 0.5
    vertex -1.729388989054088 1.750018209917262 0.5
  endloop
endfacet
facet normal 0 0 1
  outer loop
    vertex -1.995518505127805 -0.1874727651854112 0.5
    vertex -2.109008594898862 -1.205829707541522 0.5
    vertex -1.186305191332906 -0.7612947161354603 0.5
  endloop
endfacet
facet normal -0 0 1
  outer loop
    vertex -2.109008594898862 -1.205829707541522 0.5
    vertex -1.299795281103963 -1.779651658491571 0.5
    vertex -1.186305191332906 -0.7612947161354603 0.5
  endloop
endfacet
facet normal 0 0 1
  outer loop
    vertex -2.109008594898862 -1.205829707541522 0.5
    vertex -2.222498684669919 -2.224186649897633 0.5
    vertex -1.299795281103963 -1.779651658491571 0.5
  endloop
endfacet
facet normal 0 0 1
  outer loop
    vertex -1.186305191332906 -0.7612947161354603 0.5
    vertex -1.299795281103963 -1.779651658491571 0.5
    vertex -0.3770918775380068 -1.335116667085509 0.5
  endloop
endfacet
facet normal 0 0 1
  outer loop
    vertex -0.3770918775380068 -1.335116667085509 0.5
    vertex -0.4944769683694475 -2.2798303161883 0.5
    vertex 0.4951611865866001 -1.92980959660398 0.5
  endloop
endfacet
facet normal -0 0 1
  outer loop
    vertex -0.4944769683694475 -2.2798303161883 0.5
    vertex 0.3777760957551594 -2.87452324570677 0.5
    vertex 0.4951611865866001 -1.92980959660398 0.5
  endloop
endfacet
facet normal 0 0 1
  outer loop
    vertex -0.4944769683694475 -2.2798303161883 0.5
    vertex -0.6118620592008883 -3.22454396529109 0.5
    vertex 0.3777760957551594 -2.87452324570677 0.5
  endloop
endfacet
facet normal 0 0 1
  outer loop
    vertex 0.4951611865866001 -1.92980959660398 0.5
    vertex 0.3777760957551594 -2.87452324570677 0.5
    vertex 1.367414250711207 -2.524502526122451 0.5
  endloop
endfacet
facet normal -0 0 1
  outer loop
    vertex -2.222498684669919 -2.224186649897633 0.5
    vertex -1.417180371935404 -2.724365307594362 0.5
    vertex -1.299795281103963 -1.779651658491571 0.5
  endloop
endfacet
facet normal 0 0 1
  outer loop
    vertex -1.417180371935404 -2.724365307594362 0.5
    vertex -0.4944769683694475 -2.2798303161883 0.5
    vertex -1.299795281103963 -1.779651658491571 0.5
  endloop
endfacet
facet normal -0 0 1
  outer loop
    vertex -1.417180371935404 -2.724365307594362 0.5
    vertex -0.6118620592008883 -3.22454396529109 0.5
    vertex -0.4944769683694475 -2.2798303161883 0.5
  endloop
endfacet
facet normal -0 0 1
  outer loop
    vertex -1.299795281103963 -1.779651658491571 0.5
    vertex -0.4944769683694475 -2.2798303161883 0.5
    vertex -0.3770918775380068 -1.335116667085509 0.5
  endloop
endfacet
facet normal 0 0 1
  outer loop
    vertex -1.729388989054088 1.750018209917262 0.5
    vertex -2.587588285945568 1.31603865858116 0.5
    vertex -1.862453747090946 0.7812727223659255 0.5
  endloop
endfacet
facet normal 0 0 1
  outer loop
    vertex -2.587588285945568 1.31603865858116 0.5
    vertex -2.720653043982427 0.3472931710298233 0.5
    vertex -1.862453747090946 0.7812727223659255 0.5
  endloop
endfacet
facet normal 0 0 1
  outer loop
    vertex -2.587588285945568 1.31603865858116 0.5
    vertex -3.445787582837049 0.8820591072450579 0.5
    vertex -2.720653043982427 0.3472931710298233 0.5
  endloop
endfacet
facet normal 0 0 1
  outer loop
    vertex -1.862453747090946 0.7812727223659255 0.5
    vertex -2.720653043982427 0.3472931710298233 0.5
    vertex -1.995518505127805 -0.1874727651854112 0.5
  endloop
endfacet
facet normal 0 0 1
  outer loop
    vertex -1.995518505127805 -0.1874727651854112 0.5
    vertex -2.884041065248669 -0.5806646915765862 0.5
    vertex -2.109008594898862 -1.205829707541522 0.5
  endloop
endfacet
facet normal 0 0 1
  outer loop
    vertex -2.884041065248669 -0.5806646915765862 0.5
    vertex -2.997531155019726 -1.599021633932697 0.5
    vertex -2.109008594898862 -1.205829707541522 0.5
  endloop
endfacet
facet normal 0 0 1
  outer loop
    vertex -2.884041065248669 -0.5806646915765862 0.5
    vertex -3.772563625369533 -0.9738566179677611 0.5
    vertex -2.997531155019726 -1.599021633932697 0.5
  endloop
endfacet
facet normal 0 0 1
  outer loop
    vertex -2.109008594898862 -1.205829707541522 0.5
    vertex -2.997531155019726 -1.599021633932697 0.5
    vertex -2.222498684669919 -2.224186649897633 0.5
  endloop
endfacet
facet normal 0 0 1
  outer loop
    vertex -1.995518505127805 -0.1874727651854112 0.5
    vertex -2.720653043982427 0.3472931710298233 0.5
    vertex -2.884041065248669 -0.5806646915765862 0.5
  endloop
endfacet
facet normal 0 0 1
  outer loop
    vertex -2.720653043982427 0.3472931710298233 0.5
    vertex -3.609175604103291 -0.04589875536135168 0.5
    vertex -2.884041065248669 -0.5806646915765862 0.5
  endloop
endfacet
facet normal 0 0 1
  outer loop
    vertex -2.720653043982427 0.3472931710298233 0.5
    vertex -3.445787582837049 0.8820591072450579 0.5
    vertex -3.609175604103291 -0.04589875536135168 0.5
  endloop
endfacet
facet normal 0 0 1
  outer loop
    vertex -2.884041065248669 -0.5806646915765862 0.5
    vertex -3.609175604103291 -0.04589875536135168 0.5
    vertex -3.772563625369533 -0.9738566179677611 0.5
  endloop
endfacet
facet normal 0 0 1
  outer loop
    vertex -0.050419790287013 2.785054689593972 0.5
    vertex -0.8767919106085886 3.209084565103647 0.5
    vertex -0.8899043896705506 2.267536449755617 0.5
  endloop
endfacet
facet normal 0 0 1
  outer loop
    vertex -0.8767919106085886 3.209084565103647 0.5
    vertex -1.716276509992126 2.691566325265292 0.5
    vertex -0.8899043896705506 2.267536449755617 0.5
  endloop
endfacet
facet normal 0 0 1
  outer loop
    vertex -0.8767919106085886 3.209084565103647 0.5
    vertex -1.703164030930164 3.633114440613323 0.5
    vertex -1.716276509992126 2.691566325265292 0.5
  endloop
endfacet
facet normal 0 0 1
  outer loop
    vertex -0.8899043896705506 2.267536449755617 0.5
    vertex -1.716276509992126 2.691566325265292 0.5
    vertex -1.729388989054088 1.750018209917262 0.5
  endloop
endfacet
facet normal 0 0 1
  outer loop
    vertex -1.703164030930164 3.633114440613323 0.5
    vertex -2.511392491475932 3.060201545037221 0.5
    vertex -1.716276509992126 2.691566325265292 0.5
  endloop
endfacet
facet normal 0 0 1
  outer loop
    vertex -2.511392491475932 3.060201545037221 0.5
    vertex -2.524504970537894 2.118653429689191 0.5
    vertex -1.716276509992126 2.691566325265292 0.5
  endloop
endfacet
facet normal 0 0 1
  outer loop
    vertex -2.511392491475932 3.060201545037221 0.5
    vertex -3.319620952021699 2.48728864946112 0.5
    vertex -2.524504970537894 2.118653429689191 0.5
  endloop
endfacet
facet normal 0 0 1
  outer loop
    vertex -1.716276509992126 2.691566325265292 0.5
    vertex -2.524504970537894 2.118653429689191 0.5
    vertex -1.729388989054088 1.750018209917262 0.5
  endloop
endfacet
facet normal 0 0 1
  outer loop
    vertex -1.729388989054088 1.750018209917262 0.5
    vertex -2.524504970537894 2.118653429689191 0.5
    vertex -2.587588285945568 1.31603865858116 0.5
  endloop
endfacet
facet normal 0 0 1
  outer loop
    vertex -2.524504970537894 2.118653429689191 0.5
    vertex -3.382704267429374 1.684673878353089 0.5
    vertex -2.587588285945568 1.31603865858116 0.5
  endloop
endfacet
facet normal 0 0 1
  outer loop
    vertex -2.524504970537894 2.118653429689191 0.5
    vertex -3.319620952021699 2.48728864946112 0.5
    vertex -3.382704267429374 1.684673878353089 0.5
  endloop
endfacet
facet normal 0 0 1
  outer loop
    vertex -2.587588285945568 1.31603865858116 0.5
    vertex -3.382704267429374 1.684673878353089 0.5
    vertex -3.445787582837049 0.8820591072450579 0.5
  endloop
endfacet
facet normal -0 0 1
  outer loop
    vertex -0.6118620592008883 -3.22454396529109 0.5
    vertex 0.08499926206180441 -3.615075441810406 0.5
    vertex 0.3777760957551594 -2.87452324570677 0.5
  endloop
endfacet
facet normal 0 0 1
  outer loop
    vertex 0.08499926206180441 -3.615075441810406 0.5
    vertex 1.074637417017852 -3.265054722226086 0.5
    vertex 0.3777760957551594 -2.87452324570677 0.5
  endloop
endfacet
facet normal -0 0 1
  outer loop
    vertex 0.08499926206180441 -3.615075441810406 0.5
    vertex 0.7818605833244971 -4.005606918329722 0.5
    vertex 1.074637417017852 -3.265054722226086 0.5
  endloop
endfacet
facet normal -0 0 1
  outer loop
    vertex 0.3777760957551594 -2.87452324570677 0.5
    vertex 1.074637417017852 -3.265054722226086 0.5
    vertex 1.367414250711207 -2.524502526122451 0.5
  endloop
endfacet
facet normal 0 0 1
  outer loop
    vertex -2.222498684669919 -2.224186649897633 0.5
    vertex -2.306410315980563 -3.277457072979859 0.5
    vertex -1.417180371935404 -2.724365307594362 0.5
  endloop
endfacet
facet normal -0 0 1
  outer loop
    vertex -2.306410315980563 -3.277457072979859 0.5
    vertex -1.501092003246048 -3.777635730676587 0.5
    vertex -1.417180371935404 -2.724365307594362 0.5
  endloop
endfacet
facet normal 0 0 1
  outer loop
    vertex -2.306410315980563 -3.277457072979859 0.5
    vertex -2.390321947291207 -4.330727496062083 0.5
    vertex -1.501092003246048 -3.777635730676587 0.5
  endloop
endfacet
facet normal 0 0 1
  outer loop
    vertex -1.417180371935404 -2.724365307594362 0.5
    vertex -1.501092003246048 -3.777635730676587 0.5
    vertex -0.6118620592008883 -3.22454396529109 0.5
  endloop
endfacet
facet normal 0 -0 1
  outer loop
    vertex 1.764681694381879 3.62386499770876 0.5
    vertex 2.298724342689728 4.251319584785659 0.5
    vertex 1.609039620903507 4.490087703836144 0.5
  endloop
endfacet
facet normal 0 0 1
  outer loop
    vertex 2.298724342689728 4.251319584785659 0.5
    vertex 2.143082269211356 5.117542290913043 0.5
    vertex 1.609039620903507 4.490087703836144 0.5
  endloop
endfacet
facet normal 0 -0 1
  outer loop
    vertex 2.298724342689728 4.251319584785659 0.5
    vertex 2.832766990997577 4.878774171862558 0.5
    vertex 2.143082269211356 5.117542290913043 0.5
  endloop
endfacet
facet normal 0 -0 1
  outer loop
    vertex 1.609039620903507 4.490087703836144 0.5
    vertex 2.143082269211356 5.117542290913043 0.5
    vertex 1.453397547425135 5.356310409963529 0.5
  endloop
endfacet
facet normal 0 0 1
  outer loop
    vertex -3.772563625369533 -0.9738566179677611 0.5
    vertex -4.597860580714499 -0.4740287929715736 0.5
    vertex -4.543994719957327 -1.278495107655053 0.5
  endloop
endfacet
facet normal 0 0 1
  outer loop
    vertex -4.597860580714499 -0.4740287929715736 0.5
    vertex -5.369291675302294 -0.7786672826588651 0.5
    vertex -4.543994719957327 -1.278495107655053 0.5
  endloop
endfacet
facet normal 0 0 1
  outer loop
    vertex -4.597860580714499 -0.4740287929715736 0.5
    vertex -5.423157536059467 0.02579903202461393 0.5
    vertex -5.369291675302294 -0.7786672826588651 0.5
  endloop
endfacet
facet normal 0 0 1
  outer loop
    vertex -4.543994719957327 -1.278495107655053 0.5
    vertex -5.369291675302294 -0.7786672826588651 0.5
    vertex -5.315425814545121 -1.583133597342344 0.5
  endloop
endfacet
facet normal 0 0 1
  outer loop
    vertex -3.445787582837049 0.8820591072450579 0.5
    vertex -4.434472559448258 0.4539290696348359 0.5
    vertex -3.609175604103291 -0.04589875536135168 0.5
  endloop
endfacet
facet normal 0 0 1
  outer loop
    vertex -4.434472559448258 0.4539290696348359 0.5
    vertex -4.597860580714499 -0.4740287929715736 0.5
    vertex -3.609175604103291 -0.04589875536135168 0.5
  endloop
endfacet
facet normal 0 0 1
  outer loop
    vertex -4.434472559448258 0.4539290696348359 0.5
    vertex -5.423157536059467 0.02579903202461393 0.5
    vertex -4.597860580714499 -0.4740287929715736 0.5
  endloop
endfacet
facet normal 0 0 1
  outer loop
    vertex -3.609175604103291 -0.04589875536135168 0.5
    vertex -4.597860580714499 -0.4740287929715736 0.5
    vertex -3.772563625369533 -0.9738566179677611 0.5
  endloop
endfacet
facet normal 0 0 1
  outer loop
    vertex 5.051814680031292 1.047275770291663 0.5
    vertex 5.021257380853912 1.820469918954247 0.5
    vertex 4.153702655683063 1.545082294142718 0.5
  endloop
endfacet
facet normal 0 0 1
  outer loop
    vertex 5.021257380853912 1.820469918954247 0.5
    vertex 4.123145356505683 2.318276442805303 0.5
    vertex 4.153702655683063 1.545082294142718 0.5
  endloop
endfacet
facet normal 0 0 1
  outer loop
    vertex 5.021257380853912 1.820469918954247 0.5
    vertex 4.990700081676533 2.593664067616832 0.5
    vertex 4.123145356505683 2.318276442805303 0.5
  endloop
endfacet
facet normal 0 0 1
  outer loop
    vertex 4.153702655683063 1.545082294142718 0.5
    vertex 4.123145356505683 2.318276442805303 0.5
    vertex 3.255590631334832 2.042888817993774 0.5
  endloop
endfacet
facet normal 0 -0 -1
  outer loop
    vertex 6.689009640502984 2.063286220876331 0
    vertex 6.9218157835759 1.043295863233222 0
    vertex 5.870412160267138 1.555280995583997 0
  endloop
endfacet
facet normal -0 0 -1
  outer loop
    vertex 6.9218157835759 1.043295863233222 0
    vertex 6.025907340015646 0.5236378851458314 0
    vertex 5.870412160267138 1.555280995583997 0
  endloop
endfacet
facet normal 0 -0 -1
  outer loop
    vertex 6.9218157835759 1.043295863233222 0
    vertex 7 -1.714505518806294e-15 0
    vertex 6.025907340015646 0.5236378851458314 0
  endloop
endfacet
facet normal 0 -0 -1
  outer loop
    vertex 5.870412160267138 1.555280995583997 0
    vertex 6.025907340015646 0.5236378851458314 0
    vertex 5.051814680031292 1.047275770291663 0
  endloop
endfacet
facet normal 0 0 -1
  outer loop
    vertex 7 -1.714505518806294e-15 0
    vertex 6.9218157835759 -1.043295863233221 0
    vertex 6.028823268847102 -0.3811587793908471 0
  endloop
endfacet
facet normal -0 0 -1
  outer loop
    vertex 6.9218157835759 -1.043295863233221 0
    vertex 5.873328089098594 -1.412801889829011 0
    vertex 6.028823268847102 -0.3811587793908471 0
  endloop
endfacet
facet normal 0 0 -1
  outer loop
    vertex 6.9218157835759 -1.043295863233221 0
    vertex 6.689009640502985 -2.063286220876327 0
    vertex 5.873328089098594 -1.412801889829011 0
  endloop
endfacet
facet normal 0 0 -1
  outer loop
    vertex 6.028823268847102 -0.3811587793908471 0
    vertex 5.873328089098594 -1.412801889829011 0
    vertex 5.057646537694204 -0.7623175587816942 0
  endloop
endfacet
facet normal -0 0 -1
  outer loop
    vertex 7 -1.714505518806294e-15 0
    vertex 6.028823268847102 -0.3811587793908471 0
    vertex 6.025907340015646 0.5236378851458314 0
  endloop
endfacet
facet normal 0 0 -1
  outer loop
    vertex 6.028823268847102 -0.3811587793908471 0
    vertex 5.054730608862748 0.1424791057549843 0
    vertex 6.025907340015646 0.5236378851458314 0
  endloop
endfacet
facet normal -0 0 -1
  outer loop
    vertex 6.028823268847102 -0.3811587793908471 0
    vertex 5.057646537694204 -0.7623175587816942 0
    vertex 5.054730608862748 0.1424791057549843 0
  endloop
endfacet
facet normal -0 0 -1
  outer loop
    vertex 6.025907340015646 0.5236378851458314 0
    vertex 5.054730608862748 0.1424791057549843 0
    vertex 5.051814680031292 1.047275770291663 0
  endloop
endfacet
facet normal 0 -0 -1
  outer loop
    vertex 5.783671420211962 3.943240406445358 0
    vertex 6.306782075316932 3.03718617382291 0
    vertex 5.387185750944248 3.268452237031095 0
  endloop
endfacet
facet normal -0 0 -1
  outer loop
    vertex 6.306782075316932 3.03718617382291 0
    vertex 5.839854861089758 2.328475144246582 0
    vertex 5.387185750944248 3.268452237031095 0
  endloop
endfacet
facet normal 0 -0 -1
  outer loop
    vertex 6.306782075316932 3.03718617382291 0
    vertex 6.689009640502984 2.063286220876331 0
    vertex 5.839854861089758 2.328475144246582 0
  endloop
endfacet
facet normal 0 -0 -1
  outer loop
    vertex 5.387185750944248 3.268452237031095 0
    vertex 5.839854861089758 2.328475144246582 0
    vertex 4.990700081676533 2.593664067616832 0
  endloop
endfacet
facet normal -0 0 -1
  outer loop
    vertex 6.689009640502984 2.063286220876331 0
    vertex 5.870412160267138 1.555280995583997 0
    vertex 5.839854861089758 2.328475144246582 0
  endloop
endfacet
facet normal 0 0 -1
  outer loop
    vertex 5.870412160267138 1.555280995583997 0
    vertex 5.021257380853912 1.820469918954247 0
    vertex 5.839854861089758 2.328475144246582 0
  endloop
endfacet
facet normal -0 0 -1
  outer loop
    vertex 5.870412160267138 1.555280995583997 0
    vertex 5.051814680031292 1.047275770291663 0
    vertex 5.021257380853912 1.820469918954247 0
  endloop
endfacet
facet normal -0 0 -1
  outer loop
    vertex 5.839854861089758 2.328475144246582 0
    vertex 5.021257380853912 1.820469918954247 0
    vertex 4.990700081676533 2.593664067616832 0
  endloop
endfacet
facet normal 0 -0 -1
  outer loop
    vertex 4.364428613011131 5.472820377276212 0
    vertex 5.131363102808781 4.761209164396439 0
    vertex 4.078568632000927 4.545173019146853 0
  endloop
endfacet
facet normal 0 0 -1
  outer loop
    vertex 5.131363102808781 4.761209164396439 0
    vertex 4.788190035601342 3.780383033731426 0
    vertex 4.078568632000927 4.545173019146853 0
  endloop
endfacet
facet normal 0 -0 -1
  outer loop
    vertex 5.131363102808781 4.761209164396439 0
    vertex 5.783671420211962 3.943240406445358 0
    vertex 4.788190035601342 3.780383033731426 0
  endloop
endfacet
facet normal 0 -0 -1
  outer loop
    vertex 4.078568632000927 4.545173019146853 0
    vertex 4.788190035601342 3.780383033731426 0
    vertex 3.792708650990723 3.617525661017495 0
  endloop
endfacet
facet normal 0 0 -1
  outer loop
    vertex 3.792708650990723 3.617525661017495 0
    vertex 4.788190035601342 3.780383033731426 0
    vertex 4.391704366333627 3.105594864317164 0
  endloop
endfacet
facet normal 0 -0 -1
  outer loop
    vertex 4.788190035601342 3.780383033731426 0
    vertex 5.387185750944248 3.268452237031095 0
    vertex 4.391704366333627 3.105594864317164 0
  endloop
endfacet
facet normal 0 0 -1
  outer loop
    vertex 4.788190035601342 3.780383033731426 0
    vertex 5.783671420211962 3.943240406445358 0
    vertex 5.387185750944248 3.268452237031095 0
  endloop
endfacet
facet normal 0 0 -1
  outer loop
    vertex 4.391704366333627 3.105594864317164 0
    vertex 5.387185750944248 3.268452237031095 0
    vertex 4.990700081676533 2.593664067616832 0
  endloop
endfacet
facet normal 0 0 -1
  outer loop
    vertex 2.557387170564762 6.516116240509431 0
    vertex 3.499999999999996 6.062177826491072 0
    vertex 2.69507708078117 5.697445206185995 0
  endloop
endfacet
facet normal 0 -0 -1
  outer loop
    vertex 3.499999999999996 6.062177826491072 0
    vertex 3.598597802004354 5.175797274569385 0
    vertex 2.69507708078117 5.697445206185995 0
  endloop
endfacet
facet normal 0 0 -1
  outer loop
    vertex 3.499999999999996 6.062177826491072 0
    vertex 4.364428613011131 5.472820377276212 0
    vertex 3.598597802004354 5.175797274569385 0
  endloop
endfacet
facet normal 0 0 -1
  outer loop
    vertex 2.69507708078117 5.697445206185995 0
    vertex 3.598597802004354 5.175797274569385 0
    vertex 2.832766990997577 4.878774171862558 0
  endloop
endfacet
facet normal 0 0 -1
  outer loop
    vertex 4.364428613011131 5.472820377276212 0
    vertex 4.078568632000927 4.545173019146853 0
    vertex 3.598597802004354 5.175797274569385 0
  endloop
endfacet
facet normal -0 0 -1
  outer loop
    vertex 4.078568632000927 4.545173019146853 0
    vertex 3.31273782099415 4.248149916440026 0
    vertex 3.598597802004354 5.175797274569385 0
  endloop
endfacet
facet normal 0 0 -1
  outer loop
    vertex 4.078568632000927 4.545173019146853 0
    vertex 3.792708650990723 3.617525661017495 0
    vertex 3.31273782099415 4.248149916440026 0
  endloop
endfacet
facet normal 0 0 -1
  outer loop
    vertex 3.598597802004354 5.175797274569385 0
    vertex 3.31273782099415 4.248149916440026 0
    vertex 2.832766990997577 4.878774171862558 0
  endloop
endfacet
facet normal 0 0 -1
  outer loop
    vertex 0.5231106551049661 6.980426580268261 0
    vertex 1.557646537694197 6.824495385272766 0
    vertex 0.9882541012650503 6.168368495115895 0
  endloop
endfacet
facet normal 0 -0 -1
  outer loop
    vertex 1.557646537694197 6.824495385272766 0
    vertex 2.005392358994948 5.93621332523648 0
    vertex 0.9882541012650503 6.168368495115895 0
  endloop
endfacet
facet normal 0 0 -1
  outer loop
    vertex 1.557646537694197 6.824495385272766 0
    vertex 2.557387170564762 6.516116240509431 0
    vertex 2.005392358994948 5.93621332523648 0
  endloop
endfacet
facet normal 0 0 -1
  outer loop
    vertex 0.9882541012650503 6.168368495115895 0
    vertex 2.005392358994948 5.93621332523648 0
    vertex 1.453397547425135 5.356310409963529 0
  endloop
endfacet
facet normal 0 0 -1
  outer loop
    vertex 1.453397547425135 5.356310409963529 0
    vertex 2.005392358994948 5.93621332523648 0
    vertex 2.143082269211356 5.117542290913043 0
  endloop
endfacet
facet normal 0 0 -1
  outer loop
    vertex 2.005392358994948 5.93621332523648 0
    vertex 2.69507708078117 5.697445206185995 0
    vertex 2.143082269211356 5.117542290913043 0
  endloop
endfacet
facet normal 0 0 -1
  outer loop
    vertex 2.005392358994948 5.93621332523648 0
    vertex 2.557387170564762 6.516116240509431 0
    vertex 2.69507708078117 5.697445206185995 0
  endloop
endfacet
facet normal 0 0 -1
  outer loop
    vertex 2.143082269211356 5.117542290913043 0
    vertex 2.69507708078117 5.697445206185995 0
    vertex 2.832766990997577 4.878774171862558 0
  endloop
endfacet
facet normal 0 0 -1
  outer loop
    vertex -1.557646537694203 6.824495385272765 0
    vertex -0.523110655104973 6.980426580268261 0
    vertex -0.8889551238395874 5.883149553837873 0
  endloop
endfacet
facet normal 0 -0 -1
  outer loop
    vertex -0.523110655104973 6.980426580268261 0
    vertex 0.1514234725599974 5.961115151335622 0
    vertex -0.8889551238395874 5.883149553837873 0
  endloop
endfacet
facet normal 0 0 -1
  outer loop
    vertex -0.523110655104973 6.980426580268261 0
    vertex 0.5231106551049661 6.980426580268261 0
    vertex 0.1514234725599974 5.961115151335622 0
  endloop
endfacet
facet normal 0 0 -1
  outer loop
    vertex -0.8889551238395874 5.883149553837873 0
    vertex 0.1514234725599974 5.961115151335622 0
    vertex -0.2202637099849713 4.941803722402982 0
  endloop
endfacet
facet normal 0 0 -1
  outer loop
    vertex -0.2202637099849713 4.941803722402982 0
    vertex 0.1514234725599974 5.961115151335622 0
    vertex 0.6165669187200816 5.149057066183255 0
  endloop
endfacet
facet normal 0 0 -1
  outer loop
    vertex 0.1514234725599974 5.961115151335622 0
    vertex 0.9882541012650503 6.168368495115895 0
    vertex 0.6165669187200816 5.149057066183255 0
  endloop
endfacet
facet normal 0 0 -1
  outer loop
    vertex 0.1514234725599974 5.961115151335622 0
    vertex 0.5231106551049661 6.980426580268261 0
    vertex 0.9882541012650503 6.168368495115895 0
  endloop
endfacet
facet normal 0 0 -1
  outer loop
    vertex 0.6165669187200816 5.149057066183255 0
    vertex 0.9882541012650503 6.168368495115895 0
    vertex 1.453397547425135 5.356310409963529 0
  endloop
endfacet
facet normal 0 0 -1
  outer loop
    vertex -3.500000000000004 6.062177826491068 0
    vertex -2.557387170564768 6.516116240509428 0
    vertex -2.783866191251475 5.602180099602625 0
  endloop
endfacet
facet normal 0 -0 -1
  outer loop
    vertex -2.557387170564768 6.516116240509428 0
    vertex -1.812689460098575 5.983338878993473 0
    vertex -2.783866191251475 5.602180099602625 0
  endloop
endfacet
facet normal 0 0 -1
  outer loop
    vertex -2.557387170564768 6.516116240509428 0
    vertex -1.557646537694203 6.824495385272765 0
    vertex -1.812689460098575 5.983338878993473 0
  endloop
endfacet
facet normal 0 0 -1
  outer loop
    vertex -2.783866191251475 5.602180099602625 0
    vertex -1.812689460098575 5.983338878993473 0
    vertex -2.067732382502946 5.142182372714181 0
  endloop
endfacet
facet normal 0 -0 -1
  outer loop
    vertex -1.557646537694203 6.824495385272765 0
    vertex -0.8889551238395874 5.883149553837873 0
    vertex -1.812689460098575 5.983338878993473 0
  endloop
endfacet
facet normal -0 0 -1
  outer loop
    vertex -0.8889551238395874 5.883149553837873 0
    vertex -1.143998046243959 5.041993047558582 0
    vertex -1.812689460098575 5.983338878993473 0
  endloop
endfacet
facet normal 0 -0 -1
  outer loop
    vertex -0.8889551238395874 5.883149553837873 0
    vertex -0.2202637099849713 4.941803722402982 0
    vertex -1.143998046243959 5.041993047558582 0
  endloop
endfacet
facet normal 0 -0 -1
  outer loop
    vertex -1.812689460098575 5.983338878993473 0
    vertex -1.143998046243959 5.041993047558582 0
    vertex -2.067732382502946 5.142182372714181 0
  endloop
endfacet
facet normal 0 0 -1
  outer loop
    vertex -5.131363102808787 4.761209164396433 0
    vertex -4.364428613011137 5.472820377276207 0
    vertex -4.244475368357086 4.505264826593602 0
  endloop
endfacet
facet normal 0 0 -1
  outer loop
    vertex -4.364428613011137 5.472820377276207 0
    vertex -3.428793816952694 5.155749157640919 0
    vertex -4.244475368357086 4.505264826593602 0
  endloop
endfacet
facet normal 0 0 -1
  outer loop
    vertex -4.364428613011137 5.472820377276207 0
    vertex -3.500000000000004 6.062177826491068 0
    vertex -3.428793816952694 5.155749157640919 0
  endloop
endfacet
facet normal 0 0 -1
  outer loop
    vertex -4.244475368357086 4.505264826593602 0
    vertex -3.428793816952694 5.155749157640919 0
    vertex -3.357587633905384 4.249320488790771 0
  endloop
endfacet
facet normal 0 0 -1
  outer loop
    vertex -3.357587633905384 4.249320488790771 0
    vertex -3.428793816952694 5.155749157640919 0
    vertex -2.712660008204165 4.695751430752476 0
  endloop
endfacet
facet normal 0 0 -1
  outer loop
    vertex -3.428793816952694 5.155749157640919 0
    vertex -2.783866191251475 5.602180099602625 0
    vertex -2.712660008204165 4.695751430752476 0
  endloop
endfacet
facet normal 0 0 -1
  outer loop
    vertex -3.428793816952694 5.155749157640919 0
    vertex -3.500000000000004 6.062177826491068 0
    vertex -2.783866191251475 5.602180099602625 0
  endloop
endfacet
facet normal 0 0 -1
  outer loop
    vertex -2.712660008204165 4.695751430752476 0
    vertex -2.783866191251475 5.602180099602625 0
    vertex -2.067732382502946 5.142182372714181 0
  endloop
endfacet
facet normal 0 0 -1
  outer loop
    vertex -6.306782075316937 3.037186173822902 0
    vertex -5.783671420211967 3.943240406445351 0
    vertex -5.469716815649869 3.123738127615912 0
  endloop
endfacet
facet normal 0 0 -1
  outer loop
    vertex -5.783671420211967 3.943240406445351 0
    vertex -4.882007329395794 3.985749622902678 0
    vertex -5.469716815649869 3.123738127615912 0
  endloop
endfacet
facet normal 0 0 -1
  outer loop
    vertex -5.783671420211967 3.943240406445351 0
    vertex -5.131363102808787 4.761209164396433 0
    vertex -4.882007329395794 3.985749622902678 0
  endloop
endfacet
facet normal 0 0 -1
  outer loop
    vertex -5.469716815649869 3.123738127615912 0
    vertex -4.882007329395794 3.985749622902678 0
    vertex -4.632651555982801 3.210290081408922 0
  endloop
endfacet
facet normal 0 0 -1
  outer loop
    vertex -5.131363102808787 4.761209164396433 0
    vertex -4.244475368357086 4.505264826593602 0
    vertex -4.882007329395794 3.985749622902678 0
  endloop
endfacet
facet normal 0 -0 -1
  outer loop
    vertex -4.244475368357086 4.505264826593602 0
    vertex -3.995119594944093 3.729805285099846 0
    vertex -4.882007329395794 3.985749622902678 0
  endloop
endfacet
facet normal 0 0 -1
  outer loop
    vertex -4.244475368357086 4.505264826593602 0
    vertex -3.357587633905384 4.249320488790771 0
    vertex -3.995119594944093 3.729805285099846 0
  endloop
endfacet
facet normal 0 0 -1
  outer loop
    vertex -4.882007329395794 3.985749622902678 0
    vertex -3.995119594944093 3.729805285099846 0
    vertex -4.632651555982801 3.210290081408922 0
  endloop
endfacet
facet normal 0 0 -1
  outer loop
    vertex -6.921815783575901 1.043295863233217 0
    vertex -6.689009640502986 2.063286220876326 0
    vertex -5.970817097610036 1.412285176751013 0
  endloop
endfacet
facet normal 0 0 -1
  outer loop
    vertex -6.689009640502986 2.063286220876326 0
    vertex -5.663300243480554 2.409230332045855 0
    vertex -5.970817097610036 1.412285176751013 0
  endloop
endfacet
facet normal 0 0 -1
  outer loop
    vertex -6.689009640502986 2.063286220876326 0
    vertex -6.306782075316937 3.037186173822902 0
    vertex -5.663300243480554 2.409230332045855 0
  endloop
endfacet
facet normal 0 0 -1
  outer loop
    vertex -5.970817097610036 1.412285176751013 0
    vertex -5.663300243480554 2.409230332045855 0
    vertex -5.019818411644172 1.781274490268808 0
  endloop
endfacet
facet normal 0 0 -1
  outer loop
    vertex -5.019818411644172 1.781274490268808 0
    vertex -5.663300243480554 2.409230332045855 0
    vertex -4.826234983813487 2.495782285838865 0
  endloop
endfacet
facet normal 0 0 -1
  outer loop
    vertex -5.663300243480554 2.409230332045855 0
    vertex -5.469716815649869 3.123738127615912 0
    vertex -4.826234983813487 2.495782285838865 0
  endloop
endfacet
facet normal 0 0 -1
  outer loop
    vertex -5.663300243480554 2.409230332045855 0
    vertex -6.306782075316937 3.037186173822902 0
    vertex -5.469716815649869 3.123738127615912 0
  endloop
endfacet
facet normal 0 0 -1
  outer loop
    vertex -4.826234983813487 2.495782285838865 0
    vertex -5.469716815649869 3.123738127615912 0
    vertex -4.632651555982801 3.210290081408922 0
  endloop
endfacet
facet normal 0 0 -1
  outer loop
    vertex -6.9218157835759 -1.043295863233224 0
    vertex -7 -2.251371709547291e-15 0
    vertex -6.172486659817683 -0.5087484156043052 0
  endloop
endfacet
facet normal 0 0 -1
  outer loop
    vertex -7 -2.251371709547291e-15 0
    vertex -6.172486659817684 0.5345474476289154 0
    vertex -6.172486659817683 -0.5087484156043052 0
  endloop
endfacet
facet normal 0 0 -1
  outer loop
    vertex -7 -2.251371709547291e-15 0
    vertex -6.921815783575901 1.043295863233217 0
    vertex -6.172486659817684 0.5345474476289154 0
  endloop
endfacet
facet normal 0 0 -1
  outer loop
    vertex -6.172486659817683 -0.5087484156043052 0
    vertex -6.172486659817684 0.5345474476289154 0
    vertex -5.423157536059467 0.02579903202461393 0
  endloop
endfacet
facet normal 0 0 -1
  outer loop
    vertex -6.921815783575901 1.043295863233217 0
    vertex -5.970817097610036 1.412285176751013 0
    vertex -6.172486659817684 0.5345474476289154 0
  endloop
endfacet
facet normal 0 -0 -1
  outer loop
    vertex -5.970817097610036 1.412285176751013 0
    vertex -5.221487973851819 0.9035367611467112 0
    vertex -6.172486659817684 0.5345474476289154 0
  endloop
endfacet
facet normal 0 0 -1
  outer loop
    vertex -5.970817097610036 1.412285176751013 0
    vertex -5.019818411644172 1.781274490268808 0
    vertex -5.221487973851819 0.9035367611467112 0
  endloop
endfacet
facet normal 0 0 -1
  outer loop
    vertex -6.172486659817684 0.5345474476289154 0
    vertex -5.221487973851819 0.9035367611467112 0
    vertex -5.423157536059467 0.02579903202461393 0
  endloop
endfacet
facet normal 0 0 -1
  outer loop
    vertex -6.306782075316933 -3.037186173822909 0
    vertex -6.689009640502984 -2.063286220876331 0
    vertex -5.811103944931027 -2.310159885582626 0
  endloop
endfacet
facet normal 0 0 -1
  outer loop
    vertex -6.689009640502984 -2.063286220876331 0
    vertex -6.11862079906051 -1.313214730287784 0
    vertex -5.811103944931027 -2.310159885582626 0
  endloop
endfacet
facet normal 0 0 -1
  outer loop
    vertex -6.689009640502984 -2.063286220876331 0
    vertex -6.9218157835759 -1.043295863233224 0
    vertex -6.11862079906051 -1.313214730287784 0
  endloop
endfacet
facet normal 0 0 -1
  outer loop
    vertex -5.811103944931027 -2.310159885582626 0
    vertex -6.11862079906051 -1.313214730287784 0
    vertex -5.315425814545121 -1.583133597342344 0
  endloop
endfacet
facet normal 0 0 -1
  outer loop
    vertex -5.315425814545121 -1.583133597342344 0
    vertex -6.11862079906051 -1.313214730287784 0
    vertex -5.369291675302294 -0.7786672826588651 0
  endloop
endfacet
facet normal 0 0 -1
  outer loop
    vertex -6.11862079906051 -1.313214730287784 0
    vertex -6.172486659817683 -0.5087484156043052 0
    vertex -5.369291675302294 -0.7786672826588651 0
  endloop
endfacet
facet normal 0 0 -1
  outer loop
    vertex -6.11862079906051 -1.313214730287784 0
    vertex -6.9218157835759 -1.043295863233224 0
    vertex -6.172486659817683 -0.5087484156043052 0
  endloop
endfacet
facet normal 0 0 -1
  outer loop
    vertex -5.369291675302294 -0.7786672826588651 0
    vertex -6.172486659817683 -0.5087484156043052 0
    vertex -5.423157536059467 0.02579903202461393 0
  endloop
endfacet
facet normal 0 0 -1
  outer loop
    vertex -5.131363102808784 -4.761209164396436 0
    vertex -5.783671420211962 -3.943240406445357 0
    vertex -4.651237341942074 -3.800677380132892 0
  endloop
endfacet
facet normal 0 0 -1
  outer loop
    vertex -5.783671420211962 -3.943240406445357 0
    vertex -5.238946828196148 -2.938665884846128 0
    vertex -4.651237341942074 -3.800677380132892 0
  endloop
endfacet
facet normal 0 0 -1
  outer loop
    vertex -5.783671420211962 -3.943240406445357 0
    vertex -6.306782075316933 -3.037186173822909 0
    vertex -5.238946828196148 -2.938665884846128 0
  endloop
endfacet
facet normal 0 0 -1
  outer loop
    vertex -4.651237341942074 -3.800677380132892 0
    vertex -5.238946828196148 -2.938665884846128 0
    vertex -4.171111581075364 -2.840145595869347 0
  endloop
endfacet
facet normal -0 0 -1
  outer loop
    vertex -4.171111581075364 -2.840145595869347 0
    vertex -5.238946828196148 -2.938665884846128 0
    vertex -4.743268697810242 -2.211639596605846 0
  endloop
endfacet
facet normal 0 0 -1
  outer loop
    vertex -5.238946828196148 -2.938665884846128 0
    vertex -5.811103944931027 -2.310159885582626 0
    vertex -4.743268697810242 -2.211639596605846 0
  endloop
endfacet
facet normal -0 0 -1
  outer loop
    vertex -5.238946828196148 -2.938665884846128 0
    vertex -6.306782075316933 -3.037186173822909 0
    vertex -5.811103944931027 -2.310159885582626 0
  endloop
endfacet
facet normal -0 0 -1
  outer loop
    vertex -4.743268697810242 -2.211639596605846 0
    vertex -5.811103944931027 -2.310159885582626 0
    vertex -5.315425814545121 -1.583133597342344 0
  endloop
endfacet
facet normal 0 0 -1
  outer loop
    vertex -3.499999999999997 -6.062177826491071 0
    vertex -4.364428613011136 -5.472820377276208 0
    vertex -2.945160973645602 -5.196452661276577 0
  endloop
endfacet
facet normal 0 0 -1
  outer loop
    vertex -4.364428613011136 -5.472820377276208 0
    vertex -3.760842525049996 -4.545968330229259 0
    vertex -2.945160973645602 -5.196452661276577 0
  endloop
endfacet
facet normal 0 0 -1
  outer loop
    vertex -4.364428613011136 -5.472820377276208 0
    vertex -5.131363102808784 -4.761209164396436 0
    vertex -3.760842525049996 -4.545968330229259 0
  endloop
endfacet
facet normal 0 0 -1
  outer loop
    vertex -2.945160973645602 -5.196452661276577 0
    vertex -3.760842525049996 -4.545968330229259 0
    vertex -2.390321947291207 -4.330727496062083 0
  endloop
endfacet
facet normal 0 0 -1
  outer loop
    vertex -5.131363102808784 -4.761209164396436 0
    vertex -4.651237341942074 -3.800677380132892 0
    vertex -3.760842525049996 -4.545968330229259 0
  endloop
endfacet
facet normal 0 0 -1
  outer loop
    vertex -4.651237341942074 -3.800677380132892 0
    vertex -3.280716764183286 -3.585436545965715 0
    vertex -3.760842525049996 -4.545968330229259 0
  endloop
endfacet
facet normal 0 0 -1
  outer loop
    vertex -4.651237341942074 -3.800677380132892 0
    vertex -4.171111581075364 -2.840145595869347 0
    vertex -3.280716764183286 -3.585436545965715 0
  endloop
endfacet
facet normal 0 0 -1
  outer loop
    vertex -3.760842525049996 -4.545968330229259 0
    vertex -3.280716764183286 -3.585436545965715 0
    vertex -2.390321947291207 -4.330727496062083 0
  endloop
endfacet
facet normal 0 0 -1
  outer loop
    vertex -1.557646537694196 -6.824495385272766 0
    vertex -2.557387170564759 -6.516116240509432 0
    vertex -1.973984242492702 -5.577611440667425 0
  endloop
endfacet
facet normal 0 0 -1
  outer loop
    vertex -2.557387170564759 -6.516116240509432 0
    vertex -2.945160973645602 -5.196452661276577 0
    vertex -1.973984242492702 -5.577611440667425 0
  endloop
endfacet
facet normal 0 0 -1
  outer loop
    vertex -2.557387170564759 -6.516116240509432 0
    vertex -3.499999999999997 -6.062177826491071 0
    vertex -2.945160973645602 -5.196452661276577 0
  endloop
endfacet
facet normal 0 0 -1
  outer loop
    vertex -1.973984242492702 -5.577611440667425 0
    vertex -2.945160973645602 -5.196452661276577 0
    vertex -2.390321947291207 -4.330727496062083 0
  endloop
endfacet
facet normal 0 0 -1
  outer loop
    vertex 0.5231106551049706 -6.980426580268261 0
    vertex -0.5231106551049669 -6.980426580268261 0
    vertex 0.0704415449594607 -6.04044948748375 0
  endloop
endfacet
facet normal 0 0 -1
  outer loop
    vertex -0.5231106551049669 -6.980426580268261 0
    vertex -0.9699370514401225 -5.962483889986004 0
    vertex 0.0704415449594607 -6.04044948748375 0
  endloop
endfacet
facet normal 0 0 -1
  outer loop
    vertex -0.5231106551049669 -6.980426580268261 0
    vertex -1.557646537694196 -6.824495385272766 0
    vertex -0.9699370514401225 -5.962483889986004 0
  endloop
endfacet
facet normal 0 0 -1
  outer loop
    vertex 0.0704415449594607 -6.04044948748375 0
    vertex -0.9699370514401225 -5.962483889986004 0
    vertex -0.3822275651860492 -5.10047239469924 0
  endloop
endfacet
facet normal -0 0 -1
  outer loop
    vertex -0.3822275651860492 -5.10047239469924 0
    vertex -0.9699370514401225 -5.962483889986004 0
    vertex -1.386274756238628 -4.715599945380662 0
  endloop
endfacet
facet normal 0 0 -1
  outer loop
    vertex -0.9699370514401225 -5.962483889986004 0
    vertex -1.973984242492702 -5.577611440667425 0
    vertex -1.386274756238628 -4.715599945380662 0
  endloop
endfacet
facet normal -0 0 -1
  outer loop
    vertex -0.9699370514401225 -5.962483889986004 0
    vertex -1.557646537694196 -6.824495385272766 0
    vertex -1.973984242492702 -5.577611440667425 0
  endloop
endfacet
facet normal -0 0 -1
  outer loop
    vertex -1.386274756238628 -4.715599945380662 0
    vertex -1.973984242492702 -5.577611440667425 0
    vertex -2.390321947291207 -4.330727496062083 0
  endloop
endfacet
facet normal -0 0 -1
  outer loop
    vertex 2.557387170564767 -6.516116240509429 0
    vertex 1.557646537694199 -6.824495385272765 0
    vertex 1.885034119117053 -5.952117505620988 0
  endloop
endfacet
facet normal 0 0 -1
  outer loop
    vertex 1.557646537694199 -6.824495385272765 0
    vertex 0.867895861387155 -6.184272675500404 0
    vertex 1.885034119117053 -5.952117505620988 0
  endloop
endfacet
facet normal -0 0 -1
  outer loop
    vertex 1.557646537694199 -6.824495385272765 0
    vertex 0.5231106551049706 -6.980426580268261 0
    vertex 0.867895861387155 -6.184272675500404 0
  endloop
endfacet
facet normal -0 0 -1
  outer loop
    vertex 1.885034119117053 -5.952117505620988 0
    vertex 0.867895861387155 -6.184272675500404 0
    vertex 1.212681067669339 -5.388118770732547 0
  endloop
endfacet
facet normal 0 0 -1
  outer loop
    vertex 0.5231106551049706 -6.980426580268261 0
    vertex 0.0704415449594607 -6.04044948748375 0
    vertex 0.867895861387155 -6.184272675500404 0
  endloop
endfacet
facet normal 0 0 -1
  outer loop
    vertex 0.0704415449594607 -6.04044948748375 0
    vertex 0.4152267512416451 -5.244295582715893 0
    vertex 0.867895861387155 -6.184272675500404 0
  endloop
endfacet
facet normal 0 0 -1
  outer loop
    vertex 0.0704415449594607 -6.04044948748375 0
    vertex -0.3822275651860492 -5.10047239469924 0
    vertex 0.4152267512416451 -5.244295582715893 0
  endloop
endfacet
facet normal 0 0 -1
  outer loop
    vertex 0.867895861387155 -6.184272675500404 0
    vertex 0.4152267512416451 -5.244295582715893 0
    vertex 1.212681067669339 -5.388118770732547 0
  endloop
endfacet
facet normal -0 0 -1
  outer loop
    vertex 4.364428613011138 -5.472820377276205 0
    vertex 3.500000000000006 -6.062177826491067 0
    vertex 3.444478713591373 -4.835010446412452 0
  endloop
endfacet
facet normal 0 0 -1
  outer loop
    vertex 3.500000000000006 -6.062177826491067 0
    vertex 2.540957992368188 -5.356658378029064 0
    vertex 3.444478713591373 -4.835010446412452 0
  endloop
endfacet
facet normal -0 0 -1
  outer loop
    vertex 3.500000000000006 -6.062177826491067 0
    vertex 2.557387170564767 -6.516116240509429 0
    vertex 2.540957992368188 -5.356658378029064 0
  endloop
endfacet
facet normal -0 0 -1
  outer loop
    vertex 3.444478713591373 -4.835010446412452 0
    vertex 2.540957992368188 -5.356658378029064 0
    vertex 2.524528814171608 -4.197200515548698 0
  endloop
endfacet
facet normal 0 -0 -1
  outer loop
    vertex 2.524528814171608 -4.197200515548698 0
    vertex 2.540957992368188 -5.356658378029064 0
    vertex 1.868604940920474 -4.792659643140622 0
  endloop
endfacet
facet normal -0 0 -1
  outer loop
    vertex 2.540957992368188 -5.356658378029064 0
    vertex 1.885034119117053 -5.952117505620988 0
    vertex 1.868604940920474 -4.792659643140622 0
  endloop
endfacet
facet normal 0 -0 -1
  outer loop
    vertex 2.540957992368188 -5.356658378029064 0
    vertex 2.557387170564767 -6.516116240509429 0
    vertex 1.885034119117053 -5.952117505620988 0
  endloop
endfacet
facet normal 0 -0 -1
  outer loop
    vertex 1.868604940920474 -4.792659643140622 0
    vertex 1.885034119117053 -5.952117505620988 0
    vertex 1.212681067669339 -5.388118770732547 0
  endloop
endfacet
facet normal -0 0 -1
  outer loop
    vertex 5.783671420211965 -3.943240406445354 0
    vertex 5.131363102808786 -4.761209164396434 0
    vertex 4.981220403000142 -3.80344868937622 0
  endloop
endfacet
facet normal 0 0 -1
  outer loop
    vertex 5.131363102808786 -4.761209164396434 0
    vertex 4.271598999399728 -4.568238674791647 0
    vertex 4.981220403000142 -3.80344868937622 0
  endloop
endfacet
facet normal -0 0 -1
  outer loop
    vertex 5.131363102808786 -4.761209164396434 0
    vertex 4.364428613011138 -5.472820377276205 0
    vertex 4.271598999399728 -4.568238674791647 0
  endloop
endfacet
facet normal -0 0 -1
  outer loop
    vertex 4.981220403000142 -3.80344868937622 0
    vertex 4.271598999399728 -4.568238674791647 0
    vertex 4.178769385788319 -3.663656972307088 0
  endloop
endfacet
facet normal 0 0 -1
  outer loop
    vertex 4.364428613011138 -5.472820377276205 0
    vertex 3.444478713591373 -4.835010446412452 0
    vertex 4.271598999399728 -4.568238674791647 0
  endloop
endfacet
facet normal 0 0 -1
  outer loop
    vertex 3.444478713591373 -4.835010446412452 0
    vertex 3.351649099979964 -3.930428743927893 0
    vertex 4.271598999399728 -4.568238674791647 0
  endloop
endfacet
facet normal 0 0 -1
  outer loop
    vertex 3.444478713591373 -4.835010446412452 0
    vertex 2.524528814171608 -4.197200515548698 0
    vertex 3.351649099979964 -3.930428743927893 0
  endloop
endfacet
facet normal 0 0 -1
  outer loop
    vertex 4.271598999399728 -4.568238674791647 0
    vertex 3.351649099979964 -3.930428743927893 0
    vertex 4.178769385788319 -3.663656972307088 0
  endloop
endfacet
facet normal 0 0 -1
  outer loop
    vertex 6.689009640502985 -2.063286220876327 0
    vertex 6.306782075316933 -3.037186173822908 0
    vertex 5.873328089098594 -2.249460212164815 0
  endloop
endfacet
facet normal -0 0 -1
  outer loop
    vertex 6.306782075316933 -3.037186173822908 0
    vertex 5.420658978953083 -3.189437304949328 0
    vertex 5.873328089098594 -2.249460212164815 0
  endloop
endfacet
facet normal 0 0 -1
  outer loop
    vertex 6.306782075316933 -3.037186173822908 0
    vertex 5.783671420211965 -3.943240406445354 0
    vertex 5.420658978953083 -3.189437304949328 0
  endloop
endfacet
facet normal 0 0 -1
  outer loop
    vertex 5.873328089098594 -2.249460212164815 0
    vertex 5.420658978953083 -3.189437304949328 0
    vertex 5.057646537694202 -2.435634203453302 0
  endloop
endfacet
facet normal 0 -0 -1
  outer loop
    vertex 5.057646537694202 -2.435634203453302 0
    vertex 5.420658978953083 -3.189437304949328 0
    vertex 4.618207961741261 -3.049645587880195 0
  endloop
endfacet
facet normal -0 0 -1
  outer loop
    vertex 5.420658978953083 -3.189437304949328 0
    vertex 4.981220403000142 -3.80344868937622 0
    vertex 4.618207961741261 -3.049645587880195 0
  endloop
endfacet
facet normal 0 -0 -1
  outer loop
    vertex 5.420658978953083 -3.189437304949328 0
    vertex 5.783671420211965 -3.943240406445354 0
    vertex 4.981220403000142 -3.80344868937622 0
  endloop
endfacet
facet normal 0 -0 -1
  outer loop
    vertex 4.618207961741261 -3.049645587880195 0
    vertex 4.981220403000142 -3.80344868937622 0
    vertex 4.178769385788319 -3.663656972307088 0
  endloop
endfacet
facet normal 0 -0 -1
  outer loop
    vertex 5.057646537694204 -0.7623175587816942 0
    vertex 5.873328089098594 -1.412801889829011 0
    vertex 5.057646537694203 -1.598975881117498 0
  endloop
endfacet
facet normal 0 -0 -1
  outer loop
    vertex 5.873328089098594 -1.412801889829011 0
    vertex 5.873328089098594 -2.249460212164815 0
    vertex 5.057646537694203 -1.598975881117498 0
  endloop
endfacet
facet normal 0 0 -1
  outer loop
    vertex 5.873328089098594 -1.412801889829011 0
    vertex 6.689009640502985 -2.063286220876327 0
    vertex 5.873328089098594 -2.249460212164815 0
  endloop
endfacet
facet normal 0 -0 -1
  outer loop
    vertex 5.057646537694203 -1.598975881117498 0
    vertex 5.873328089098594 -2.249460212164815 0
    vertex 5.057646537694202 -2.435634203453302 0
  endloop
endfacet
facet normal 0 0 -1
  outer loop
    vertex 3.291042898911373 -1.96031670944741 0
    vertex 2.907785856541491 -3.078758612498055 0
    vertex 2.32922857481129 -2.24240961778493 0
  endloop
endfacet
facet normal -0 0 -1
  outer loop
    vertex 2.907785856541491 -3.078758612498055 0
    vertex 1.945971532441408 -3.360851520835574 0
    vertex 2.32922857481129 -2.24240961778493 0
  endloop
endfacet
facet normal 0 0 -1
  outer loop
    vertex 2.907785856541491 -3.078758612498055 0
    vertex 2.524528814171608 -4.197200515548698 0
    vertex 1.945971532441408 -3.360851520835574 0
  endloop
endfacet
facet normal 0 0 -1
  outer loop
    vertex 2.32922857481129 -2.24240961778493 0
    vertex 1.945971532441408 -3.360851520835574 0
    vertex 1.367414250711207 -2.524502526122451 0
  endloop
endfacet
facet normal 0 0 -1
  outer loop
    vertex 2.524528814171608 -4.197200515548698 0
    vertex 2.907785856541491 -3.078758612498055 0
    vertex 3.351649099979964 -3.930428743927893 0
  endloop
endfacet
facet normal 0 0 -1
  outer loop
    vertex 2.907785856541491 -3.078758612498055 0
    vertex 3.734906142349846 -2.811986840877249 0
    vertex 3.351649099979964 -3.930428743927893 0
  endloop
endfacet
facet normal 0 0 -1
  outer loop
    vertex 2.907785856541491 -3.078758612498055 0
    vertex 3.291042898911373 -1.96031670944741 0
    vertex 3.734906142349846 -2.811986840877249 0
  endloop
endfacet
facet normal 0 0 -1
  outer loop
    vertex 3.351649099979964 -3.930428743927893 0
    vertex 3.734906142349846 -2.811986840877249 0
    vertex 4.178769385788319 -3.663656972307088 0
  endloop
endfacet
facet normal 0 -0 -1
  outer loop
    vertex 1.367414250711207 -2.524502526122451 0
    vertex 1.945971532441408 -3.360851520835574 0
    vertex 1.074637417017852 -3.265054722226086 0
  endloop
endfacet
facet normal -0 0 -1
  outer loop
    vertex 1.945971532441408 -3.360851520835574 0
    vertex 1.653194698748053 -4.10140371693921 0
    vertex 1.074637417017852 -3.265054722226086 0
  endloop
endfacet
facet normal 0 -0 -1
  outer loop
    vertex 1.945971532441408 -3.360851520835574 0
    vertex 2.524528814171608 -4.197200515548698 0
    vertex 1.653194698748053 -4.10140371693921 0
  endloop
endfacet
facet normal 0 -0 -1
  outer loop
    vertex 1.074637417017852 -3.265054722226086 0
    vertex 1.653194698748053 -4.10140371693921 0
    vertex 0.7818605833244971 -4.005606918329722 0
  endloop
endfacet
facet normal -0 0 -1
  outer loop
    vertex 2.524528814171608 -4.197200515548698 0
    vertex 1.868604940920474 -4.792659643140622 0
    vertex 1.653194698748053 -4.10140371693921 0
  endloop
endfacet
facet normal 0 0 -1
  outer loop
    vertex 1.868604940920474 -4.792659643140622 0
    vertex 0.9972708254969183 -4.696862844531134 0
    vertex 1.653194698748053 -4.10140371693921 0
  endloop
endfacet
facet normal -0 0 -1
  outer loop
    vertex 1.868604940920474 -4.792659643140622 0
    vertex 1.212681067669339 -5.388118770732547 0
    vertex 0.9972708254969183 -4.696862844531134 0
  endloop
endfacet
facet normal -0 0 -1
  outer loop
    vertex 1.653194698748053 -4.10140371693921 0
    vertex 0.9972708254969183 -4.696862844531134 0
    vertex 0.7818605833244971 -4.005606918329722 0
  endloop
endfacet
facet normal 0 0 -1
  outer loop
    vertex -1.703164030930164 3.633114440613323 0
    vertex -2.530375832417774 3.941217464702047 0
    vertex -1.885448206716555 4.387648406663752 0
  endloop
endfacet
facet normal 0 0 -1
  outer loop
    vertex -2.530375832417774 3.941217464702047 0
    vertex -2.712660008204165 4.695751430752476 0
    vertex -1.885448206716555 4.387648406663752 0
  endloop
endfacet
facet normal 0 0 -1
  outer loop
    vertex -2.530375832417774 3.941217464702047 0
    vertex -3.357587633905384 4.249320488790771 0
    vertex -2.712660008204165 4.695751430752476 0
  endloop
endfacet
facet normal 0 0 -1
  outer loop
    vertex -1.885448206716555 4.387648406663752 0
    vertex -2.712660008204165 4.695751430752476 0
    vertex -2.067732382502946 5.142182372714181 0
  endloop
endfacet
facet normal 0 0 -1
  outer loop
    vertex -3.357587633905384 4.249320488790771 0
    vertex -2.530375832417774 3.941217464702047 0
    vertex -3.338604292963542 3.368304569125945 0
  endloop
endfacet
facet normal 0 -0 -1
  outer loop
    vertex -2.530375832417774 3.941217464702047 0
    vertex -2.511392491475932 3.060201545037221 0
    vertex -3.338604292963542 3.368304569125945 0
  endloop
endfacet
facet normal 0 0 -1
  outer loop
    vertex -2.530375832417774 3.941217464702047 0
    vertex -1.703164030930164 3.633114440613323 0
    vertex -2.511392491475932 3.060201545037221 0
  endloop
endfacet
facet normal 0 0 -1
  outer loop
    vertex -3.338604292963542 3.368304569125945 0
    vertex -2.511392491475932 3.060201545037221 0
    vertex -3.319620952021699 2.48728864946112 0
  endloop
endfacet
facet normal 0 0 -1
  outer loop
    vertex -4.632651555982801 3.210290081408922 0
    vertex -3.995119594944093 3.729805285099846 0
    vertex -3.97613625400225 2.848789365435021 0
  endloop
endfacet
facet normal 0 0 -1
  outer loop
    vertex -3.995119594944093 3.729805285099846 0
    vertex -3.338604292963542 3.368304569125945 0
    vertex -3.97613625400225 2.848789365435021 0
  endloop
endfacet
facet normal 0 0 -1
  outer loop
    vertex -3.995119594944093 3.729805285099846 0
    vertex -3.357587633905384 4.249320488790771 0
    vertex -3.338604292963542 3.368304569125945 0
  endloop
endfacet
facet normal 0 0 -1
  outer loop
    vertex -3.97613625400225 2.848789365435021 0
    vertex -3.338604292963542 3.368304569125945 0
    vertex -3.319620952021699 2.48728864946112 0
  endloop
endfacet
facet normal 0 0 -1
  outer loop
    vertex -4.171111581075364 -2.840145595869347 0
    vertex -3.196805132872641 -2.53216612288349 0
    vertex -3.280716764183286 -3.585436545965715 0
  endloop
endfacet
facet normal 0 -0 -1
  outer loop
    vertex -3.196805132872641 -2.53216612288349 0
    vertex -2.306410315980563 -3.277457072979859 0
    vertex -3.280716764183286 -3.585436545965715 0
  endloop
endfacet
facet normal 0 0 -1
  outer loop
    vertex -3.196805132872641 -2.53216612288349 0
    vertex -2.222498684669919 -2.224186649897633 0
    vertex -2.306410315980563 -3.277457072979859 0
  endloop
endfacet
facet normal 0 0 -1
  outer loop
    vertex -3.280716764183286 -3.585436545965715 0
    vertex -2.306410315980563 -3.277457072979859 0
    vertex -2.390321947291207 -4.330727496062083 0
  endloop
endfacet
facet normal -0 0 -1
  outer loop
    vertex -2.222498684669919 -2.224186649897633 0
    vertex -3.196805132872641 -2.53216612288349 0
    vertex -2.997531155019726 -1.599021633932697 0
  endloop
endfacet
facet normal 0 0 -1
  outer loop
    vertex -3.196805132872641 -2.53216612288349 0
    vertex -3.971837603222448 -1.907001106918554 0
    vertex -2.997531155019726 -1.599021633932697 0
  endloop
endfacet
facet normal -0 0 -1
  outer loop
    vertex -3.196805132872641 -2.53216612288349 0
    vertex -4.171111581075364 -2.840145595869347 0
    vertex -3.971837603222448 -1.907001106918554 0
  endloop
endfacet
facet normal -0 0 -1
  outer loop
    vertex -2.997531155019726 -1.599021633932697 0
    vertex -3.971837603222448 -1.907001106918554 0
    vertex -3.772563625369533 -0.9738566179677611 0
  endloop
endfacet
facet normal 0 0 -1
  outer loop
    vertex -3.772563625369533 -0.9738566179677611 0
    vertex -3.971837603222448 -1.907001106918554 0
    vertex -4.543994719957327 -1.278495107655053 0
  endloop
endfacet
facet normal -0 0 -1
  outer loop
    vertex -3.971837603222448 -1.907001106918554 0
    vertex -4.743268697810242 -2.211639596605846 0
    vertex -4.543994719957327 -1.278495107655053 0
  endloop
endfacet
facet normal 0 0 -1
  outer loop
    vertex -3.971837603222448 -1.907001106918554 0
    vertex -4.171111581075364 -2.840145595869347 0
    vertex -4.743268697810242 -2.211639596605846 0
  endloop
endfacet
facet normal 0 0 -1
  outer loop
    vertex -4.543994719957327 -1.278495107655053 0
    vertex -4.743268697810242 -2.211639596605846 0
    vertex -5.315425814545121 -1.583133597342344 0
  endloop
endfacet
facet normal 0 0 -1
  outer loop
    vertex 3.792708650990723 3.617525661017495 0
    vertex 2.778695172686301 3.620695329363127 0
    vertex 3.31273782099415 4.248149916440026 0
  endloop
endfacet
facet normal 0 0 -1
  outer loop
    vertex 2.778695172686301 3.620695329363127 0
    vertex 2.298724342689728 4.251319584785659 0
    vertex 3.31273782099415 4.248149916440026 0
  endloop
endfacet
facet normal 0 0 -1
  outer loop
    vertex 2.778695172686301 3.620695329363127 0
    vertex 1.764681694381879 3.62386499770876 0
    vertex 2.298724342689728 4.251319584785659 0
  endloop
endfacet
facet normal 0 0 -1
  outer loop
    vertex 3.31273782099415 4.248149916440026 0
    vertex 2.298724342689728 4.251319584785659 0
    vertex 2.832766990997577 4.878774171862558 0
  endloop
endfacet
facet normal 0 0 -1
  outer loop
    vertex 1.764681694381879 3.62386499770876 0
    vertex 2.778695172686301 3.620695329363127 0
    vertex 2.510136162858355 2.833376907851267 0
  endloop
endfacet
facet normal 0 -0 -1
  outer loop
    vertex 2.778695172686301 3.620695329363127 0
    vertex 3.524149641162778 2.830207239505635 0
    vertex 2.510136162858355 2.833376907851267 0
  endloop
endfacet
facet normal 0 0 -1
  outer loop
    vertex 2.778695172686301 3.620695329363127 0
    vertex 3.792708650990723 3.617525661017495 0
    vertex 3.524149641162778 2.830207239505635 0
  endloop
endfacet
facet normal 0 0 -1
  outer loop
    vertex 2.510136162858355 2.833376907851267 0
    vertex 3.524149641162778 2.830207239505635 0
    vertex 3.255590631334832 2.042888817993774 0
  endloop
endfacet
facet normal 0 0 -1
  outer loop
    vertex 3.255590631334832 2.042888817993774 0
    vertex 3.524149641162778 2.830207239505635 0
    vertex 4.123145356505683 2.318276442805303 0
  endloop
endfacet
facet normal 0 0 -1
  outer loop
    vertex 3.524149641162778 2.830207239505635 0
    vertex 4.391704366333627 3.105594864317164 0
    vertex 4.123145356505683 2.318276442805303 0
  endloop
endfacet
facet normal 0 0 -1
  outer loop
    vertex 3.524149641162778 2.830207239505635 0
    vertex 3.792708650990723 3.617525661017495 0
    vertex 4.391704366333627 3.105594864317164 0
  endloop
endfacet
facet normal 0 0 -1
  outer loop
    vertex 4.123145356505683 2.318276442805303 0
    vertex 4.391704366333627 3.105594864317164 0
    vertex 4.990700081676533 2.593664067616832 0
  endloop
endfacet
facet normal 0 0 -1
  outer loop
    vertex 5.057646537694204 -0.7623175587816942 0
    vertex 5.057646537694203 -1.598975881117498 0
    vertex 4.174344718302788 -1.361317134114552 0
  endloop
endfacet
facet normal -0 0 -1
  outer loop
    vertex 5.057646537694203 -1.598975881117498 0
    vertex 4.174344718302788 -2.197975456450356 0
    vertex 4.174344718302788 -1.361317134114552 0
  endloop
endfacet
facet normal 0 0 -1
  outer loop
    vertex 5.057646537694203 -1.598975881117498 0
    vertex 5.057646537694202 -2.435634203453302 0
    vertex 4.174344718302788 -2.197975456450356 0
  endloop
endfacet
facet normal 0 0 -1
  outer loop
    vertex 4.174344718302788 -1.361317134114552 0
    vertex 4.174344718302788 -2.197975456450356 0
    vertex 3.291042898911373 -1.96031670944741 0
  endloop
endfacet
facet normal -0 0 -1
  outer loop
    vertex 5.057646537694204 -0.7623175587816942 0
    vertex 4.174344718302788 -1.361317134114552 0
    vertex 4.204930628526764 -0.2022779954718509 0
  endloop
endfacet
facet normal 0 0 -1
  outer loop
    vertex 4.174344718302788 -1.361317134114552 0
    vertex 3.321628809135349 -0.8012775708047091 0
    vertex 4.204930628526764 -0.2022779954718509 0
  endloop
endfacet
facet normal -0 0 -1
  outer loop
    vertex 4.174344718302788 -1.361317134114552 0
    vertex 3.291042898911373 -1.96031670944741 0
    vertex 3.321628809135349 -0.8012775708047091 0
  endloop
endfacet
facet normal -0 0 -1
  outer loop
    vertex 4.204930628526764 -0.2022779954718509 0
    vertex 3.321628809135349 -0.8012775708047091 0
    vertex 3.352214719359324 0.3577615678379923 0
  endloop
endfacet
facet normal 0 0 -1
  outer loop
    vertex 5.057646537694204 -0.7623175587816942 0
    vertex 4.204930628526764 -0.2022779954718509 0
    vertex 5.054730608862748 0.1424791057549843 0
  endloop
endfacet
facet normal 0 0 -1
  outer loop
    vertex 4.204930628526764 -0.2022779954718509 0
    vertex 4.202014699695308 0.7025186690648275 0
    vertex 5.054730608862748 0.1424791057549843 0
  endloop
endfacet
facet normal 0 0 -1
  outer loop
    vertex 4.204930628526764 -0.2022779954718509 0
    vertex 3.352214719359324 0.3577615678379923 0
    vertex 4.202014699695308 0.7025186690648275 0
  endloop
endfacet
facet normal 0 0 -1
  outer loop
    vertex 5.054730608862748 0.1424791057549843 0
    vertex 4.202014699695308 0.7025186690648275 0
    vertex 5.051814680031292 1.047275770291663 0
  endloop
endfacet
facet normal 0 -0 -1
  outer loop
    vertex -0.6118620592008883 -3.22454396529109 0
    vertex -0.4970448121934687 -4.162508179995165 0
    vertex -1.501092003246048 -3.777635730676587 0
  endloop
endfacet
facet normal -0 0 -1
  outer loop
    vertex -0.4970448121934687 -4.162508179995165 0
    vertex -1.386274756238628 -4.715599945380662 0
    vertex -1.501092003246048 -3.777635730676587 0
  endloop
endfacet
facet normal 0 -0 -1
  outer loop
    vertex -0.4970448121934687 -4.162508179995165 0
    vertex -0.3822275651860492 -5.10047239469924 0
    vertex -1.386274756238628 -4.715599945380662 0
  endloop
endfacet
facet normal 0 -0 -1
  outer loop
    vertex -1.501092003246048 -3.777635730676587 0
    vertex -1.386274756238628 -4.715599945380662 0
    vertex -2.390321947291207 -4.330727496062083 0
  endloop
endfacet
facet normal 0 0 -1
  outer loop
    vertex -0.3822275651860492 -5.10047239469924 0
    vertex -0.4970448121934687 -4.162508179995165 0
    vertex 0.199816509069224 -4.553039656514481 0
  endloop
endfacet
facet normal 0 0 -1
  outer loop
    vertex -0.4970448121934687 -4.162508179995165 0
    vertex 0.08499926206180441 -3.615075441810406 0
    vertex 0.199816509069224 -4.553039656514481 0
  endloop
endfacet
facet normal 0 0 -1
  outer loop
    vertex -0.4970448121934687 -4.162508179995165 0
    vertex -0.6118620592008883 -3.22454396529109 0
    vertex 0.08499926206180441 -3.615075441810406 0
  endloop
endfacet
facet normal 0 0 -1
  outer loop
    vertex 0.199816509069224 -4.553039656514481 0
    vertex 0.08499926206180441 -3.615075441810406 0
    vertex 0.7818605833244971 -4.005606918329722 0
  endloop
endfacet
facet normal 0 0 -1
  outer loop
    vertex 1.212681067669339 -5.388118770732547 0
    vertex 0.4152267512416451 -5.244295582715893 0
    vertex 0.9972708254969183 -4.696862844531134 0
  endloop
endfacet
facet normal 0 0 -1
  outer loop
    vertex 0.4152267512416451 -5.244295582715893 0
    vertex 0.199816509069224 -4.553039656514481 0
    vertex 0.9972708254969183 -4.696862844531134 0
  endloop
endfacet
facet normal 0 0 -1
  outer loop
    vertex 0.4152267512416451 -5.244295582715893 0
    vertex -0.3822275651860492 -5.10047239469924 0
    vertex 0.199816509069224 -4.553039656514481 0
  endloop
endfacet
facet normal 0 0 -1
  outer loop
    vertex 0.9972708254969183 -4.696862844531134 0
    vertex 0.199816509069224 -4.553039656514481 0
    vertex 0.7818605833244971 -4.005606918329722 0
  endloop
endfacet
facet normal 0 0 -1
  outer loop
    vertex -0.050419790287013 2.785054689593972 0
    vertex -0.1353417501359921 3.863429205998477 0
    vertex 0.8571309520474329 3.204459843651366 0
  endloop
endfacet
facet normal 0 0 -1
  outer loop
    vertex -0.1353417501359921 3.863429205998477 0
    vertex 0.7722089921984538 4.282834360055871 0
    vertex 0.8571309520474329 3.204459843651366 0
  endloop
endfacet
facet normal 0 0 -1
  outer loop
    vertex -0.1353417501359921 3.863429205998477 0
    vertex -0.2202637099849713 4.941803722402982 0
    vertex 0.7722089921984538 4.282834360055871 0
  endloop
endfacet
facet normal 0 0 -1
  outer loop
    vertex 0.8571309520474329 3.204459843651366 0
    vertex 0.7722089921984538 4.282834360055871 0
    vertex 1.764681694381879 3.62386499770876 0
  endloop
endfacet
facet normal 0 -0 -1
  outer loop
    vertex -0.2202637099849713 4.941803722402982 0
    vertex -0.1353417501359921 3.863429205998477 0
    vertex -0.9617138704575678 4.287459081508152 0
  endloop
endfacet
facet normal -0 0 -1
  outer loop
    vertex -0.1353417501359921 3.863429205998477 0
    vertex -0.8767919106085887 3.209084565103647 0
    vertex -0.9617138704575678 4.287459081508152 0
  endloop
endfacet
facet normal 0 -0 -1
  outer loop
    vertex -0.1353417501359921 3.863429205998477 0
    vertex -0.050419790287013 2.785054689593972 0
    vertex -0.8767919106085887 3.209084565103647 0
  endloop
endfacet
facet normal 0 -0 -1
  outer loop
    vertex -0.9617138704575678 4.287459081508152 0
    vertex -0.8767919106085887 3.209084565103647 0
    vertex -1.703164030930164 3.633114440613323 0
  endloop
endfacet
facet normal 0 0 -1
  outer loop
    vertex 1.764681694381879 3.62386499770876 0
    vertex 0.7722089921984538 4.282834360055871 0
    vertex 1.609039620903507 4.490087703836144 0
  endloop
endfacet
facet normal 0 0 -1
  outer loop
    vertex 0.7722089921984538 4.282834360055871 0
    vertex 0.6165669187200816 5.149057066183255 0
    vertex 1.609039620903507 4.490087703836144 0
  endloop
endfacet
facet normal 0 0 -1
  outer loop
    vertex 0.7722089921984538 4.282834360055871 0
    vertex -0.2202637099849713 4.941803722402982 0
    vertex 0.6165669187200816 5.149057066183255 0
  endloop
endfacet
facet normal 0 0 -1
  outer loop
    vertex 1.609039620903507 4.490087703836144 0
    vertex 0.6165669187200816 5.149057066183255 0
    vertex 1.453397547425135 5.356310409963529 0
  endloop
endfacet
facet normal -0 0 -1
  outer loop
    vertex -0.2202637099849713 4.941803722402982 0
    vertex -0.9617138704575678 4.287459081508152 0
    vertex -1.143998046243959 5.041993047558582 0
  endloop
endfacet
facet normal 0 0 -1
  outer loop
    vertex -0.9617138704575678 4.287459081508152 0
    vertex -1.885448206716555 4.387648406663752 0
    vertex -1.143998046243959 5.041993047558582 0
  endloop
endfacet
facet normal -0 0 -1
  outer loop
    vertex -0.9617138704575678 4.287459081508152 0
    vertex -1.703164030930164 3.633114440613323 0
    vertex -1.885448206716555 4.387648406663752 0
  endloop
endfacet
facet normal -0 0 -1
  outer loop
    vertex -1.143998046243959 5.041993047558582 0
    vertex -1.885448206716555 4.387648406663752 0
    vertex -2.067732382502946 5.142182372714181 0
  endloop
endfacet
facet normal 0 0 -1
  outer loop
    vertex -5.019818411644172 1.781274490268808 0
    vertex -4.826234983813487 2.495782285838865 0
    vertex -4.169719681832936 2.134281569864964 0
  endloop
endfacet
facet normal 0 0 -1
  outer loop
    vertex -4.826234983813487 2.495782285838865 0
    vertex -3.97613625400225 2.848789365435021 0
    vertex -4.169719681832936 2.134281569864964 0
  endloop
endfacet
facet normal 0 0 -1
  outer loop
    vertex -4.826234983813487 2.495782285838865 0
    vertex -4.632651555982801 3.210290081408922 0
    vertex -3.97613625400225 2.848789365435021 0
  endloop
endfacet
facet normal 0 0 -1
  outer loop
    vertex -4.169719681832936 2.134281569864964 0
    vertex -3.97613625400225 2.848789365435021 0
    vertex -3.319620952021699 2.48728864946112 0
  endloop
endfacet
facet normal 0 -0 -1
  outer loop
    vertex -5.019818411644172 1.781274490268808 0
    vertex -4.23280299724061 1.331666798756933 0
    vertex -5.221487973851819 0.9035367611467112 0
  endloop
endfacet
facet normal 0 0 -1
  outer loop
    vertex -4.23280299724061 1.331666798756933 0
    vertex -4.434472559448258 0.4539290696348359 0
    vertex -5.221487973851819 0.9035367611467112 0
  endloop
endfacet
facet normal 0 -0 -1
  outer loop
    vertex -4.23280299724061 1.331666798756933 0
    vertex -3.445787582837049 0.8820591072450579 0
    vertex -4.434472559448258 0.4539290696348359 0
  endloop
endfacet
facet normal 0 -0 -1
  outer loop
    vertex -5.221487973851819 0.9035367611467112 0
    vertex -4.434472559448258 0.4539290696348359 0
    vertex -5.423157536059467 0.02579903202461393 0
  endloop
endfacet
facet normal 0 0 -1
  outer loop
    vertex -3.445787582837049 0.8820591072450579 0
    vertex -4.23280299724061 1.331666798756933 0
    vertex -3.382704267429374 1.684673878353089 0
  endloop
endfacet
facet normal 0 0 -1
  outer loop
    vertex -4.23280299724061 1.331666798756933 0
    vertex -4.169719681832936 2.134281569864964 0
    vertex -3.382704267429374 1.684673878353089 0
  endloop
endfacet
facet normal 0 0 -1
  outer loop
    vertex -4.23280299724061 1.331666798756933 0
    vertex -5.019818411644172 1.781274490268808 0
    vertex -4.169719681832936 2.134281569864964 0
  endloop
endfacet
facet normal 0 0 -1
  outer loop
    vertex -3.382704267429374 1.684673878353089 0
    vertex -4.169719681832936 2.134281569864964 0
    vertex -3.319620952021699 2.48728864946112 0
  endloop
endfacet
facet normal 0 0 -1
  outer loop
    vertex 3.291042898911373 -1.96031670944741 0
    vertex 4.174344718302788 -2.197975456450356 0
    vertex 3.734906142349846 -2.811986840877249 0
  endloop
endfacet
facet normal 0 -0 -1
  outer loop
    vertex 4.174344718302788 -2.197975456450356 0
    vertex 4.618207961741261 -3.049645587880195 0
    vertex 3.734906142349846 -2.811986840877249 0
  endloop
endfacet
facet normal 0 0 -1
  outer loop
    vertex 4.174344718302788 -2.197975456450356 0
    vertex 5.057646537694202 -2.435634203453302 0
    vertex 4.618207961741261 -3.049645587880195 0
  endloop
endfacet
facet normal 0 0 -1
  outer loop
    vertex 3.734906142349846 -2.811986840877249 0
    vertex 4.618207961741261 -3.049645587880195 0
    vertex 4.178769385788319 -3.663656972307088 0
  endloop
endfacet
facet normal 0 0 -1
  outer loop
    vertex 3.352214719359324 0.3577615678379923 0
    vertex 3.321628809135349 -0.8012775708047091 0
    vertex 2.436157305774643 -0.08058667014700405 0
  endloop
endfacet
facet normal -0 0 -1
  outer loop
    vertex 3.321628809135349 -0.8012775708047091 0
    vertex 2.405571395550667 -1.239625808789705 0
    vertex 2.436157305774643 -0.08058667014700405 0
  endloop
endfacet
facet normal 0 0 -1
  outer loop
    vertex 3.321628809135349 -0.8012775708047091 0
    vertex 3.291042898911373 -1.96031670944741 0
    vertex 2.405571395550667 -1.239625808789705 0
  endloop
endfacet
facet normal 0 0 -1
  outer loop
    vertex 2.436157305774643 -0.08058667014700405 0
    vertex 2.405571395550667 -1.239625808789705 0
    vertex 1.520099892189962 -0.5189349081320004 0
  endloop
endfacet
facet normal 0 -0 -1
  outer loop
    vertex 1.520099892189962 -0.5189349081320004 0
    vertex 2.405571395550667 -1.239625808789705 0
    vertex 1.443757071450585 -1.521718717127226 0
  endloop
endfacet
facet normal 0 0 -1
  outer loop
    vertex 2.405571395550667 -1.239625808789705 0
    vertex 2.32922857481129 -2.24240961778493 0
    vertex 1.443757071450585 -1.521718717127226 0
  endloop
endfacet
facet normal 0 -0 -1
  outer loop
    vertex 2.405571395550667 -1.239625808789705 0
    vertex 3.291042898911373 -1.96031670944741 0
    vertex 2.32922857481129 -2.24240961778493 0
  endloop
endfacet
facet normal 0 -0 -1
  outer loop
    vertex 1.443757071450585 -1.521718717127226 0
    vertex 2.32922857481129 -2.24240961778493 0
    vertex 1.367414250711207 -2.524502526122451 0
  endloop
endfacet
facet normal -0 0 -1
  outer loop
    vertex 3.352214719359324 0.3577615678379923 0
    vertex 2.436157305774643 -0.08058667014700405 0
    vertex 2.474019992161709 0.9301515993444222 0
  endloop
endfacet
facet normal 0 0 -1
  outer loop
    vertex 2.436157305774643 -0.08058667014700405 0
    vertex 1.557962578577028 0.4918033613594258 0
    vertex 2.474019992161709 0.9301515993444222 0
  endloop
endfacet
facet normal -0 0 -1
  outer loop
    vertex 2.436157305774643 -0.08058667014700405 0
    vertex 1.520099892189962 -0.5189349081320004 0
    vertex 1.557962578577028 0.4918033613594258 0
  endloop
endfacet
facet normal -0 0 -1
  outer loop
    vertex 2.474019992161709 0.9301515993444222 0
    vertex 1.557962578577028 0.4918033613594258 0
    vertex 1.595825264964093 1.502541630850852 0
  endloop
endfacet
facet normal 0 0 -1
  outer loop
    vertex 3.352214719359324 0.3577615678379923 0
    vertex 2.474019992161709 0.9301515993444222 0
    vertex 3.303902675347078 1.200325192915883 0
  endloop
endfacet
facet normal 0 0 -1
  outer loop
    vertex 2.474019992161709 0.9301515993444222 0
    vertex 2.425707948149463 1.772715224422313 0
    vertex 3.303902675347078 1.200325192915883 0
  endloop
endfacet
facet normal 0 0 -1
  outer loop
    vertex 2.474019992161709 0.9301515993444222 0
    vertex 1.595825264964093 1.502541630850852 0
    vertex 2.425707948149463 1.772715224422313 0
  endloop
endfacet
facet normal 0 0 -1
  outer loop
    vertex 3.303902675347078 1.200325192915883 0
    vertex 2.425707948149463 1.772715224422313 0
    vertex 3.255590631334832 2.042888817993774 0
  endloop
endfacet
facet normal -0 0 -1
  outer loop
    vertex 5.051814680031292 1.047275770291663 0
    vertex 4.202014699695308 0.7025186690648275 0
    vertex 4.153702655683063 1.545082294142718 0
  endloop
endfacet
facet normal 0 0 -1
  outer loop
    vertex 4.202014699695308 0.7025186690648275 0
    vertex 3.303902675347078 1.200325192915883 0
    vertex 4.153702655683063 1.545082294142718 0
  endloop
endfacet
facet normal -0 0 -1
  outer loop
    vertex 4.202014699695308 0.7025186690648275 0
    vertex 3.352214719359324 0.3577615678379923 0
    vertex 3.303902675347078 1.200325192915883 0
  endloop
endfacet
facet normal -0 0 -1
  outer loop
    vertex 4.153702655683063 1.545082294142718 0
    vertex 3.303902675347078 1.200325192915883 0
    vertex 3.255590631334832 2.042888817993774 0
  endloop
endfacet
facet normal 0 0 -1
  outer loop
    vertex 1.595825264964093 1.502541630850852 0
    vertex 1.557962578577028 0.4918033613594258 0
    vertex 0.6888629783627123 1.098395792936132 0
  endloop
endfacet
facet normal -0 0 -1
  outer loop
    vertex 1.557962578577028 0.4918033613594258 0
    vertex 0.6510002919756466 0.08765752344470623 0
    vertex 0.6888629783627123 1.098395792936132 0
  endloop
endfacet
facet normal 0 0 -1
  outer loop
    vertex 1.557962578577028 0.4918033613594258 0
    vertex 1.520099892189962 -0.5189349081320004 0
    vertex 0.6510002919756466 0.08765752344470623 0
  endloop
endfacet
facet normal 0 0 -1
  outer loop
    vertex 0.6888629783627123 1.098395792936132 0
    vertex 0.6510002919756466 0.08765752344470623 0
    vertex -0.2180993082386689 0.6942499550214127 0
  endloop
endfacet
facet normal 0 -0 -1
  outer loop
    vertex -0.2180993082386689 0.6942499550214127 0
    vertex 0.6510002919756466 0.08765752344470623 0
    vertex -0.2975955928883379 -0.3204333560320483 0
  endloop
endfacet
facet normal 0 0 -1
  outer loop
    vertex 0.6510002919756466 0.08765752344470623 0
    vertex 0.5715040073259776 -0.9270257876087549 0
    vertex -0.2975955928883379 -0.3204333560320483 0
  endloop
endfacet
facet normal 0 -0 -1
  outer loop
    vertex 0.6510002919756466 0.08765752344470623 0
    vertex 1.520099892189962 -0.5189349081320004 0
    vertex 0.5715040073259776 -0.9270257876087549 0
  endloop
endfacet
facet normal 0 -0 -1
  outer loop
    vertex -0.2975955928883379 -0.3204333560320483 0
    vertex 0.5715040073259776 -0.9270257876087549 0
    vertex -0.3770918775380068 -1.335116667085509 0
  endloop
endfacet
facet normal 0 0 -1
  outer loop
    vertex -0.3770918775380068 -1.335116667085509 0
    vertex 0.5715040073259776 -0.9270257876087549 0
    vertex 0.4951611865866001 -1.92980959660398 0
  endloop
endfacet
facet normal 0 -0 -1
  outer loop
    vertex 0.5715040073259776 -0.9270257876087549 0
    vertex 1.443757071450585 -1.521718717127226 0
    vertex 0.4951611865866001 -1.92980959660398 0
  endloop
endfacet
facet normal 0 0 -1
  outer loop
    vertex 0.5715040073259776 -0.9270257876087549 0
    vertex 1.520099892189962 -0.5189349081320004 0
    vertex 1.443757071450585 -1.521718717127226 0
  endloop
endfacet
facet normal 0 0 -1
  outer loop
    vertex 0.4951611865866001 -1.92980959660398 0
    vertex 1.443757071450585 -1.521718717127226 0
    vertex 1.367414250711207 -2.524502526122451 0
  endloop
endfacet
facet normal -0 0 -1
  outer loop
    vertex 1.595825264964093 1.502541630850852 0
    vertex 0.6888629783627123 1.098395792936132 0
    vertex 0.7727027373385401 2.143798160222412 0
  endloop
endfacet
facet normal 0 0 -1
  outer loop
    vertex 0.6888629783627123 1.098395792936132 0
    vertex -0.1342595492628409 1.739652322307693 0
    vertex 0.7727027373385401 2.143798160222412 0
  endloop
endfacet
facet normal -0 0 -1
  outer loop
    vertex 0.6888629783627123 1.098395792936132 0
    vertex -0.2180993082386689 0.6942499550214127 0
    vertex -0.1342595492628409 1.739652322307693 0
  endloop
endfacet
facet normal -0 0 -1
  outer loop
    vertex 0.7727027373385401 2.143798160222412 0
    vertex -0.1342595492628409 1.739652322307693 0
    vertex -0.050419790287013 2.785054689593972 0
  endloop
endfacet
facet normal 0 0 -1
  outer loop
    vertex 1.595825264964093 1.502541630850852 0
    vertex 0.7727027373385401 2.143798160222412 0
    vertex 1.680253479672986 2.563203314279806 0
  endloop
endfacet
facet normal 0 0 -1
  outer loop
    vertex 0.7727027373385401 2.143798160222412 0
    vertex 0.8571309520474329 3.204459843651366 0
    vertex 1.680253479672986 2.563203314279806 0
  endloop
endfacet
facet normal 0 0 -1
  outer loop
    vertex 0.7727027373385401 2.143798160222412 0
    vertex -0.050419790287013 2.785054689593972 0
    vertex 0.8571309520474329 3.204459843651366 0
  endloop
endfacet
facet normal 0 0 -1
  outer loop
    vertex 1.680253479672986 2.563203314279806 0
    vertex 0.8571309520474329 3.204459843651366 0
    vertex 1.764681694381879 3.62386499770876 0
  endloop
endfacet
facet normal 0 0 -1
  outer loop
    vertex 1.595825264964093 1.502541630850852 0
    vertex 1.680253479672986 2.563203314279806 0
    vertex 2.425707948149463 1.772715224422313 0
  endloop
endfacet
facet normal 0 0 -1
  outer loop
    vertex 1.680253479672986 2.563203314279806 0
    vertex 2.510136162858355 2.833376907851267 0
    vertex 2.425707948149463 1.772715224422313 0
  endloop
endfacet
facet normal 0 0 -1
  outer loop
    vertex 1.680253479672986 2.563203314279806 0
    vertex 1.764681694381879 3.62386499770876 0
    vertex 2.510136162858355 2.833376907851267 0
  endloop
endfacet
facet normal 0 0 -1
  outer loop
    vertex 2.425707948149463 1.772715224422313 0
    vertex 2.510136162858355 2.833376907851267 0
    vertex 3.255590631334832 2.042888817993774 0
  endloop
endfacet
facet normal 0 0 -1
  outer loop
    vertex -0.2180993082386689 0.6942499550214127 0
    vertex -0.2975955928883379 -0.3204333560320483 0
    vertex -1.106808906683237 0.2533885949180008 0
  endloop
endfacet
facet normal -0 0 -1
  outer loop
    vertex -0.2975955928883379 -0.3204333560320483 0
    vertex -1.186305191332906 -0.7612947161354602 0
    vertex -1.106808906683237 0.2533885949180008 0
  endloop
endfacet
facet normal 0 0 -1
  outer loop
    vertex -0.2975955928883379 -0.3204333560320483 0
    vertex -0.3770918775380068 -1.335116667085509 0
    vertex -1.186305191332906 -0.7612947161354602 0
  endloop
endfacet
facet normal 0 0 -1
  outer loop
    vertex -1.106808906683237 0.2533885949180008 0
    vertex -1.186305191332906 -0.7612947161354602 0
    vertex -1.995518505127805 -0.1874727651854112 0
  endloop
endfacet
facet normal -0 0 -1
  outer loop
    vertex -0.2180993082386689 0.6942499550214127 0
    vertex -1.106808906683237 0.2533885949180008 0
    vertex -0.9737441486463785 1.222134082469337 0
  endloop
endfacet
facet normal 0 0 -1
  outer loop
    vertex -1.106808906683237 0.2533885949180008 0
    vertex -1.862453747090946 0.7812727223659254 0
    vertex -0.9737441486463785 1.222134082469337 0
  endloop
endfacet
facet normal -0 0 -1
  outer loop
    vertex -1.106808906683237 0.2533885949180008 0
    vertex -1.995518505127805 -0.1874727651854112 0
    vertex -1.862453747090946 0.7812727223659254 0
  endloop
endfacet
facet normal -0 0 -1
  outer loop
    vertex -0.9737441486463785 1.222134082469337 0
    vertex -1.862453747090946 0.7812727223659254 0
    vertex -1.729388989054088 1.750018209917262 0
  endloop
endfacet
facet normal 0 0 -1
  outer loop
    vertex -0.2180993082386689 0.6942499550214127 0
    vertex -0.9737441486463785 1.222134082469337 0
    vertex -0.1342595492628409 1.739652322307693 0
  endloop
endfacet
facet normal 0 0 -1
  outer loop
    vertex -0.9737441486463785 1.222134082469337 0
    vertex -0.8899043896705505 2.267536449755617 0
    vertex -0.1342595492628409 1.739652322307693 0
  endloop
endfacet
facet normal 0 0 -1
  outer loop
    vertex -0.9737441486463785 1.222134082469337 0
    vertex -1.729388989054088 1.750018209917262 0
    vertex -0.8899043896705505 2.267536449755617 0
  endloop
endfacet
facet normal 0 0 -1
  outer loop
    vertex -0.1342595492628409 1.739652322307693 0
    vertex -0.8899043896705505 2.267536449755617 0
    vertex -0.050419790287013 2.785054689593972 0
  endloop
endfacet
facet normal 0 -0 -1
  outer loop
    vertex -1.995518505127805 -0.1874727651854112 0
    vertex -1.186305191332906 -0.7612947161354602 0
    vertex -2.109008594898862 -1.205829707541522 0
  endloop
endfacet
facet normal 0 0 -1
  outer loop
    vertex -1.186305191332906 -0.7612947161354602 0
    vertex -1.299795281103963 -1.779651658491571 0
    vertex -2.109008594898862 -1.205829707541522 0
  endloop
endfacet
facet normal 0 -0 -1
  outer loop
    vertex -1.186305191332906 -0.7612947161354602 0
    vertex -0.3770918775380068 -1.335116667085509 0
    vertex -1.299795281103963 -1.779651658491571 0
  endloop
endfacet
facet normal 0 -0 -1
  outer loop
    vertex -2.109008594898862 -1.205829707541522 0
    vertex -1.299795281103963 -1.779651658491571 0
    vertex -2.222498684669919 -2.224186649897633 0
  endloop
endfacet
facet normal 0 -0 -1
  outer loop
    vertex -0.3770918775380068 -1.335116667085509 0
    vertex 0.4951611865866001 -1.92980959660398 0
    vertex -0.4944769683694475 -2.2798303161883 0
  endloop
endfacet
facet normal 0 0 -1
  outer loop
    vertex 0.4951611865866001 -1.92980959660398 0
    vertex 0.3777760957551594 -2.87452324570677 0
    vertex -0.4944769683694475 -2.2798303161883 0
  endloop
endfacet
facet normal 0 -0 -1
  outer loop
    vertex 0.4951611865866001 -1.92980959660398 0
    vertex 1.367414250711207 -2.524502526122451 0
    vertex 0.3777760957551594 -2.87452324570677 0
  endloop
endfacet
facet normal 0 -0 -1
  outer loop
    vertex -0.4944769683694475 -2.2798303161883 0
    vertex 0.3777760957551594 -2.87452324570677 0
    vertex -0.6118620592008883 -3.22454396529109 0
  endloop
endfacet
facet normal 0 0 -1
  outer loop
    vertex -2.222498684669919 -2.224186649897633 0
    vertex -1.299795281103963 -1.779651658491571 0
    vertex -1.417180371935404 -2.724365307594362 0
  endloop
endfacet
facet normal 0 -0 -1
  outer loop
    vertex -1.299795281103963 -1.779651658491571 0
    vertex -0.4944769683694475 -2.2798303161883 0
    vertex -1.417180371935404 -2.724365307594362 0
  endloop
endfacet
facet normal 0 0 -1
  outer loop
    vertex -1.299795281103963 -1.779651658491571 0
    vertex -0.3770918775380068 -1.335116667085509 0
    vertex -0.4944769683694475 -2.2798303161883 0
  endloop
endfacet
facet normal 0 0 -1
  outer loop
    vertex -1.417180371935404 -2.724365307594362 0
    vertex -0.4944769683694475 -2.2798303161883 0
    vertex -0.6118620592008883 -3.22454396529109 0
  endloop
endfacet
facet normal 0 0 -1
  outer loop
    vertex -1.729388989054088 1.750018209917262 0
    vertex -1.862453747090946 0.7812727223659254 0
    vertex -2.587588285945568 1.31603865858116 0
  endloop
endfacet
facet normal -0 0 -1
  outer loop
    vertex -1.862453747090946 0.7812727223659254 0
    vertex -2.720653043982427 0.3472931710298234 0
    vertex -2.587588285945568 1.31603865858116 0
  endloop
endfacet
facet normal 0 0 -1
  outer loop
    vertex -1.862453747090946 0.7812727223659254 0
    vertex -1.995518505127805 -0.1874727651854112 0
    vertex -2.720653043982427 0.3472931710298234 0
  endloop
endfacet
facet normal 0 0 -1
  outer loop
    vertex -2.587588285945568 1.31603865858116 0
    vertex -2.720653043982427 0.3472931710298234 0
    vertex -3.445787582837049 0.8820591072450579 0
  endloop
endfacet
facet normal 0 0 -1
  outer loop
    vertex -1.995518505127805 -0.1874727651854112 0
    vertex -2.109008594898862 -1.205829707541522 0
    vertex -2.884041065248669 -0.5806646915765862 0
  endloop
endfacet
facet normal -0 0 -1
  outer loop
    vertex -2.109008594898862 -1.205829707541522 0
    vertex -2.997531155019726 -1.599021633932697 0
    vertex -2.884041065248669 -0.5806646915765862 0
  endloop
endfacet
facet normal 0 0 -1
  outer loop
    vertex -2.109008594898862 -1.205829707541522 0
    vertex -2.222498684669919 -2.224186649897633 0
    vertex -2.997531155019726 -1.599021633932697 0
  endloop
endfacet
facet normal 0 0 -1
  outer loop
    vertex -2.884041065248669 -0.5806646915765862 0
    vertex -2.997531155019726 -1.599021633932697 0
    vertex -3.772563625369533 -0.9738566179677611 0
  endloop
endfacet
facet normal -0 0 -1
  outer loop
    vertex -1.995518505127805 -0.1874727651854112 0
    vertex -2.884041065248669 -0.5806646915765862 0
    vertex -2.720653043982427 0.3472931710298234 0
  endloop
endfacet
facet normal 0 0 -1
  outer loop
    vertex -2.884041065248669 -0.5806646915765862 0
    vertex -3.609175604103291 -0.04589875536135157 0
    vertex -2.720653043982427 0.3472931710298234 0
  endloop
endfacet
facet normal -0 0 -1
  outer loop
    vertex -2.884041065248669 -0.5806646915765862 0
    vertex -3.772563625369533 -0.9738566179677611 0
    vertex -3.609175604103291 -0.04589875536135157 0
  endloop
endfacet
facet normal -0 0 -1
  outer loop
    vertex -2.720653043982427 0.3472931710298234 0
    vertex -3.609175604103291 -0.04589875536135157 0
    vertex -3.445787582837049 0.8820591072450579 0
  endloop
endfacet
facet normal -0 0 -1
  outer loop
    vertex -0.050419790287013 2.785054689593972 0
    vertex -0.8899043896705505 2.267536449755617 0
    vertex -0.8767919106085887 3.209084565103647 0
  endloop
endfacet
facet normal 0 0 -1
  outer loop
    vertex -0.8899043896705505 2.267536449755617 0
    vertex -1.716276509992126 2.691566325265292 0
    vertex -0.8767919106085887 3.209084565103647 0
  endloop
endfacet
facet normal -0 0 -1
  outer loop
    vertex -0.8899043896705505 2.267536449755617 0
    vertex -1.729388989054088 1.750018209917262 0
    vertex -1.716276509992126 2.691566325265292 0
  endloop
endfacet
facet normal -0 0 -1
  outer loop
    vertex -0.8767919106085887 3.209084565103647 0
    vertex -1.716276509992126 2.691566325265292 0
    vertex -1.703164030930164 3.633114440613323 0
  endloop
endfacet
facet normal 0 0 -1
  outer loop
    vertex -1.703164030930164 3.633114440613323 0
    vertex -1.716276509992126 2.691566325265292 0
    vertex -2.511392491475932 3.060201545037221 0
  endloop
endfacet
facet normal -0 0 -1
  outer loop
    vertex -1.716276509992126 2.691566325265292 0
    vertex -2.524504970537894 2.118653429689191 0
    vertex -2.511392491475932 3.060201545037221 0
  endloop
endfacet
facet normal 0 0 -1
  outer loop
    vertex -1.716276509992126 2.691566325265292 0
    vertex -1.729388989054088 1.750018209917262 0
    vertex -2.524504970537894 2.118653429689191 0
  endloop
endfacet
facet normal 0 0 -1
  outer loop
    vertex -2.511392491475932 3.060201545037221 0
    vertex -2.524504970537894 2.118653429689191 0
    vertex -3.319620952021699 2.48728864946112 0
  endloop
endfacet
facet normal -0 0 -1
  outer loop
    vertex -1.729388989054088 1.750018209917262 0
    vertex -2.587588285945568 1.31603865858116 0
    vertex -2.524504970537894 2.118653429689191 0
  endloop
endfacet
facet normal 0 0 -1
  outer loop
    vertex -2.587588285945568 1.31603865858116 0
    vertex -3.382704267429374 1.684673878353089 0
    vertex -2.524504970537894 2.118653429689191 0
  endloop
endfacet
facet normal -0 0 -1
  outer loop
    vertex -2.587588285945568 1.31603865858116 0
    vertex -3.445787582837049 0.8820591072450579 0
    vertex -3.382704267429374 1.684673878353089 0
  endloop
endfacet
facet normal -0 0 -1
  outer loop
    vertex -2.524504970537894 2.118653429689191 0
    vertex -3.382704267429374 1.684673878353089 0
    vertex -3.319620952021699 2.48728864946112 0
  endloop
endfacet
facet normal 0 0 -1
  outer loop
    vertex -0.6118620592008883 -3.22454396529109 0
    vertex 0.3777760957551594 -2.87452324570677 0
    vertex 0.08499926206180441 -3.615075441810406 0
  endloop
endfacet
facet normal 0 -0 -1
  outer loop
    vertex 0.3777760957551594 -2.87452324570677 0
    vertex 1.074637417017852 -3.265054722226086 0
    vertex 0.08499926206180441 -3.615075441810406 0
  endloop
endfacet
facet normal 0 0 -1
  outer loop
    vertex 0.3777760957551594 -2.87452324570677 0
    vertex 1.367414250711207 -2.524502526122451 0
    vertex 1.074637417017852 -3.265054722226086 0
  endloop
endfacet
facet normal 0 0 -1
  outer loop
    vertex 0.08499926206180441 -3.615075441810406 0
    vertex 1.074637417017852 -3.265054722226086 0
    vertex 0.7818605833244971 -4.005606918329722 0
  endloop
endfacet
facet normal 0 -0 -1
  outer loop
    vertex -2.222498684669919 -2.224186649897633 0
    vertex -1.417180371935404 -2.724365307594362 0
    vertex -2.306410315980563 -3.277457072979859 0
  endloop
endfacet
facet normal 0 0 -1
  outer loop
    vertex -1.417180371935404 -2.724365307594362 0
    vertex -1.501092003246048 -3.777635730676587 0
    vertex -2.306410315980563 -3.277457072979859 0
  endloop
endfacet
facet normal 0 -0 -1
  outer loop
    vertex -1.417180371935404 -2.724365307594362 0
    vertex -0.6118620592008883 -3.22454396529109 0
    vertex -1.501092003246048 -3.777635730676587 0
  endloop
endfacet
facet normal 0 -0 -1
  outer loop
    vertex -2.306410315980563 -3.277457072979859 0
    vertex -1.501092003246048 -3.777635730676587 0
    vertex -2.390321947291207 -4.330727496062083 0
  endloop
endfacet
facet normal 0 0 -1
  outer loop
    vertex 1.764681694381879 3.62386499770876 0
    vertex 1.609039620903507 4.490087703836144 0
    vertex 2.298724342689728 4.251319584785659 0
  endloop
endfacet
facet normal 0 0 -1
  outer loop
    vertex 1.609039620903507 4.490087703836144 0
    vertex 2.143082269211356 5.117542290913043 0
    vertex 2.298724342689728 4.251319584785659 0
  endloop
endfacet
facet normal 0 0 -1
  outer loop
    vertex 1.609039620903507 4.490087703836144 0
    vertex 1.453397547425135 5.356310409963529 0
    vertex 2.143082269211356 5.117542290913043 0
  endloop
endfacet
facet normal 0 0 -1
  outer loop
    vertex 2.298724342689728 4.251319584785659 0
    vertex 2.143082269211356 5.117542290913043 0
    vertex 2.832766990997577 4.878774171862558 0
  endloop
endfacet
facet normal -0 0 -1
  outer loop
    vertex -3.772563625369533 -0.9738566179677611 0
    vertex -4.543994719957327 -1.278495107655053 0
    vertex -4.597860580714499 -0.4740287929715736 0
  endloop
endfacet
facet normal 0 0 -1
  outer loop
    vertex -4.543994719957327 -1.278495107655053 0
    vertex -5.369291675302294 -0.7786672826588651 0
    vertex -4.597860580714499 -0.4740287929715736 0
  endloop
endfacet
facet normal -0 0 -1
  outer loop
    vertex -4.543994719957327 -1.278495107655053 0
    vertex -5.315425814545121 -1.583133597342344 0
    vertex -5.369291675302294 -0.7786672826588651 0
  endloop
endfacet
facet normal -0 0 -1
  outer loop
    vertex -4.597860580714499 -0.4740287929715736 0
    vertex -5.369291675302294 -0.7786672826588651 0
    vertex -5.423157536059467 0.02579903202461393 0
  endloop
endfacet
facet normal 0 0 -1
  outer loop
    vertex -3.445787582837049 0.8820591072450579 0
    vertex -3.609175604103291 -0.04589875536135157 0
    vertex -4.434472559448258 0.4539290696348359 0
  endloop
endfacet
facet normal -0 0 -1
  outer loop
    vertex -3.609175604103291 -0.04589875536135157 0
    vertex -4.597860580714499 -0.4740287929715736 0
    vertex -4.434472559448258 0.4539290696348359 0
  endloop
endfacet
facet normal 0 0 -1
  outer loop
    vertex -3.609175604103291 -0.04589875536135157 0
    vertex -3.772563625369533 -0.9738566179677611 0
    vertex -4.597860580714499 -0.4740287929715736 0
  endloop
endfacet
facet normal 0 0 -1
  outer loop
    vertex -4.434472559448258 0.4539290696348359 0
    vertex -4.597860580714499 -0.4740287929715736 0
    vertex -5.423157536059467 0.02579903202461393 0
  endloop
endfacet
facet normal 0 0 -1
  outer loop
    vertex 5.051814680031292 1.047275770291663 0
    vertex 4.153702655683063 1.545082294142718 0
    vertex 5.021257380853912 1.820469918954247 0
  endloop
endfacet
facet normal 0 0 -1
  outer loop
    vertex 4.153702655683063 1.545082294142718 0
    vertex 4.123145356505683 2.318276442805303 0
    vertex 5.021257380853912 1.820469918954247 0
  endloop
endfacet
facet normal 0 0 -1
  outer loop
    vertex 4.153702655683063 1.545082294142718 0
    vertex 3.255590631334832 2.042888817993774 0
    vertex 4.123145356505683 2.318276442805303 0
  endloop
endfacet
facet normal 0 0 -1
  outer loop
    vertex 5.021257380853912 1.820469918954247 0
    vertex 4.123145356505683 2.318276442805303 0
    vertex 4.990700081676533 2.593664067616832 0
  endloop
endfacet
facet normal 0.9884 0.14211 0.0535755
  outer loop
    vertex 3.5 -8.572527594031472e-16 7
    vertex 3.437486594881857 0.658548335361602 6.406475900134961
    vertex 3.358225407650741 0.9860639489450048 7
  endloop
endfacet
facet normal 0.944007 0.325546 -0.0535755
  outer loop
    vertex 3.437486594881857 0.658548335361602 6.406475900134961
    vertex 3.112709728358074 1.600324388049187 6.406475900134961
    vertex 3.358225407650741 0.9860639489450048 7
  endloop
endfacet
facet normal 0.944007 0.325546 0.0535755
  outer loop
    vertex 3.437486594881857 0.658548335361602 6.406475900134961
    vertex 3.252179479995692 1.293572042792726 5.812951800269921
    vertex 3.112709728358074 1.600324388049187 6.406475900134961
  endloop
endfacet
facet normal 0.908326 0.414818 0.0535755
  outer loop
    vertex 3.358225407650741 0.9860639489450048 7
    vertex 3.112709728358074 1.600324388049187 6.406475900134961
    vertex 2.944387364909133 1.892242861094593 7
  endloop
endfacet
facet normal 0.908344 -0.414827 0.0532009
  outer loop
    vertex 2.944387364909134 -1.892242861094591 7
    vertex 3.110594700903222 -1.604431552517213 6.406371217722686
    vertex 3.358225407650741 -0.9860639489450043 7
  endloop
endfacet
facet normal 0.943595 -0.326799 -0.0532009
  outer loop
    vertex 3.110594700903222 -1.604431552517213 6.406371217722686
    vertex 3.436614362846869 -0.6630850029027994 6.406371217722686
    vertex 3.358225407650741 -0.9860639489450043 7
  endloop
endfacet
facet normal 0.943595 -0.326799 0.0532009
  outer loop
    vertex 3.110594700903222 -1.604431552517213 6.406371217722686
    vertex 3.248753302243083 -1.302152825579495 5.812742435445372
    vertex 3.436614362846869 -0.6630850029027994 6.406371217722686
  endloop
endfacet
facet normal 0.98842 -0.142113 0.0532009
  outer loop
    vertex 3.358225407650741 -0.9860639489450043 7
    vertex 3.436614362846869 -0.6630850029027994 6.406371217722686
    vertex 3.5 -8.572527594031472e-16 7
  endloop
endfacet
facet normal 0.995462 -0.0951582 0
  outer loop
    vertex 3.5 -8.572527594031472e-16 7
    vertex 3.436614362846869 -0.6630850029027994 6.406371217722686
    vertex 3.5 -8.572527594031472e-16 6.187500000000001
  endloop
endfacet
facet normal 0.995462 -0.0951582 0
  outer loop
    vertex 3.436614362846869 -0.6630850029027994 6.406371217722686
    vertex 3.436614362846869 -0.6630850029027994 5.593871217722687
    vertex 3.5 -8.572527594031472e-16 6.187500000000001
  endloop
endfacet
facet normal 0.959406 -0.282028 0
  outer loop
    vertex 3.436614362846869 -0.6630850029027994 6.406371217722686
    vertex 3.248753302243083 -1.302152825579495 5.812742435445372
    vertex 3.436614362846869 -0.6630850029027994 5.593871217722687
  endloop
endfacet
facet normal 0.995462 -0.0951582 0
  outer loop
    vertex 3.5 -8.572527594031472e-16 6.187500000000001
    vertex 3.436614362846869 -0.6630850029027994 5.593871217722687
    vertex 3.5 -8.572527594031472e-16 5.375000000000002
  endloop
endfacet
facet normal 0.995525 0.0945013 -0
  outer loop
    vertex 3.5 -8.572527594031472e-16 5.375000000000002
    vertex 3.437486594881857 0.658548335361602 5.593975900134962
    vertex 3.5 -8.572527594031472e-16 6.187500000000001
  endloop
endfacet
facet normal 0.995525 0.0945013 -0
  outer loop
    vertex 3.437486594881857 0.658548335361602 5.593975900134962
    vertex 3.437486594881857 0.658548335361602 6.406475900134961
    vertex 3.5 -8.572527594031472e-16 6.187500000000001
  endloop
endfacet
facet normal 0.959963 0.280128 -0
  outer loop
    vertex 3.437486594881857 0.658548335361602 5.593975900134962
    vertex 3.252179479995692 1.293572042792726 5.812951800269921
    vertex 3.437486594881857 0.658548335361602 6.406475900134961
  endloop
endfacet
facet normal 0.995525 0.0945013 -0
  outer loop
    vertex 3.5 -8.572527594031472e-16 6.187500000000001
    vertex 3.437486594881857 0.658548335361602 6.406475900134961
    vertex 3.5 -8.572527594031472e-16 7
  endloop
endfacet
facet normal 0.995462 0.0951582 -0
  outer loop
    vertex 3.5 -8.572527594031472e-16 0.5
    vertex 3.436614362846893 0.6630850029026765 1.093628782277278
    vertex 3.5 -8.572527594031472e-16 1.312500000000002
  endloop
endfacet
facet normal 0.995462 0.0951582 -0
  outer loop
    vertex 3.436614362846893 0.6630850029026765 1.093628782277278
    vertex 3.436614362846893 0.6630850029026765 1.90612878227728
    vertex 3.5 -8.572527594031472e-16 1.312500000000002
  endloop
endfacet
facet normal 0.959406 0.282028 -0
  outer loop
    vertex 3.436614362846893 0.6630850029026765 1.093628782277278
    vertex 3.248753302243175 1.302152825579265 1.687257564554556
    vertex 3.436614362846893 0.6630850029026765 1.90612878227728
  endloop
endfacet
facet normal 0.995462 0.0951582 -0
  outer loop
    vertex 3.5 -8.572527594031472e-16 1.312500000000002
    vertex 3.436614362846893 0.6630850029026765 1.90612878227728
    vertex 3.5 -8.572527594031472e-16 2.125000000000004
  endloop
endfacet
facet normal 0.995528 -0.0944625 0
  outer loop
    vertex 3.5 -8.572527594031472e-16 2.125000000000004
    vertex 3.437537864549693 -0.6582806618662995 1.906393443763023
    vertex 3.5 -8.572527594031472e-16 1.312500000000002
  endloop
endfacet
facet normal 0.995528 -0.0944625 0
  outer loop
    vertex 3.437537864549693 -0.6582806618662995 1.906393443763023
    vertex 3.437537864549693 -0.6582806618662995 1.093893443763022
    vertex 3.5 -8.572527594031472e-16 1.312500000000002
  endloop
endfacet
facet normal 0.959995 -0.280016 0
  outer loop
    vertex 3.437537864549693 -0.6582806618662995 1.906393443763023
    vertex 3.252380897264496 -1.29306554323785 1.687786887526043
    vertex 3.437537864549693 -0.6582806618662995 1.093893443763022
  endloop
endfacet
facet normal 0.995528 -0.0944625 0
  outer loop
    vertex 3.5 -8.572527594031472e-16 1.312500000000002
    vertex 3.437537864549693 -0.6582806618662995 1.093893443763022
    vertex 3.5 -8.572527594031472e-16 0.5
  endloop
endfacet
facet normal 0.908344 0.414827 -0.0532009
  outer loop
    vertex 2.944387364909133 1.892242861094593 0.5
    vertex 3.110594700903278 1.604431552517104 1.093628782277278
    vertex 3.358225407650741 0.9860639489450048 0.5
  endloop
endfacet
facet normal 0.943595 0.326799 0.0532009
  outer loop
    vertex 3.110594700903278 1.604431552517104 1.093628782277278
    vertex 3.436614362846893 0.6630850029026765 1.093628782277278
    vertex 3.358225407650741 0.9860639489450048 0.5
  endloop
endfacet
facet normal 0.943595 0.326799 -0.0532009
  outer loop
    vertex 3.110594700903278 1.604431552517104 1.093628782277278
    vertex 3.248753302243175 1.302152825579265 1.687257564554556
    vertex 3.436614362846893 0.6630850029026765 1.093628782277278
  endloop
endfacet
facet normal 0.98842 0.142113 -0.0532009
  outer loop
    vertex 3.358225407650741 0.9860639489450048 0.5
    vertex 3.436614362846893 0.6630850029026765 1.093628782277278
    vertex 3.5 -8.572527594031472e-16 0.5
  endloop
endfacet
facet normal 0.9884 -0.142111 -0.0535635
  outer loop
    vertex 3.5 -8.572527594031472e-16 0.5
    vertex 3.437537864549693 -0.6582806618662995 1.093893443763022
    vertex 3.358225407650741 -0.9860639489450043 0.5
  endloop
endfacet
facet normal 0.944033 -0.325473 0.0535635
  outer loop
    vertex 3.437537864549693 -0.6582806618662995 1.093893443763022
    vertex 3.112834333582354 -1.600082001545828 1.093893443763022
    vertex 3.358225407650741 -0.9860639489450043 0.5
  endloop
endfacet
facet normal 0.944033 -0.325473 -0.0535635
  outer loop
    vertex 3.437537864549693 -0.6582806618662995 1.093893443763022
    vertex 3.252380897264496 -1.29306554323785 1.687786887526043
    vertex 3.112834333582354 -1.600082001545828 1.093893443763022
  endloop
endfacet
facet normal 0.908326 -0.414819 -0.0535635
  outer loop
    vertex 3.358225407650741 -0.9860639489450043 0.5
    vertex 3.112834333582354 -1.600082001545828 1.093893443763022
    vertex 2.944387364909134 -1.892242861094591 0.5
  endloop
endfacet
facet normal 0.755055 0.654259 0.0428768
  outer loop
    vertex 2.944387364909133 1.892242861094593 7
    vertex 2.64638195105769 2.290559444571586 6.169908433077094
    vertex 2.292012568808496 2.645123510239905 7
  endloop
endfacet
facet normal 0.654673 0.754695 -0.0428768
  outer loop
    vertex 2.64638195105769 2.290559444571586 6.169908433077094
    vertex 1.893859718623641 2.943347646163257 6.169908433077094
    vertex 2.292012568808496 2.645123510239905 7
  endloop
endfacet
facet normal 0.654673 0.754695 0.0428768
  outer loop
    vertex 2.64638195105769 2.290559444571586 6.169908433077094
    vertex 2.294916742670107 2.642604235259685 5.339816866154188
    vertex 1.893859718623641 2.943347646163257 6.169908433077094
  endloop
endfacet
facet normal 0.540144 0.84048 0.0428768
  outer loop
    vertex 2.292012568808496 2.645123510239905 7
    vertex 1.893859718623641 2.943347646163257 6.169908433077094
    vertex 1.453952545506601 3.183711983740815 7
  endloop
endfacet
facet normal 0.833597 0.55128 -0.0347343
  outer loop
    vertex 2.944387364909133 1.892242861094593 7
    vertex 3.112709728358074 1.600324388049187 6.406475900134961
    vertex 2.64638195105769 2.290559444571586 6.169908433077094
  endloop
endfacet
facet normal 0.822553 0.567627 0.0347343
  outer loop
    vertex 3.112709728358074 1.600324388049187 6.406475900134961
    vertex 2.854389792925337 2.025452766678022 5.576384333212054
    vertex 2.64638195105769 2.290559444571586 6.169908433077094
  endloop
endfacet
facet normal 0.882748 0.468561 -0.0347343
  outer loop
    vertex 3.112709728358074 1.600324388049187 6.406475900134961
    vertex 3.252179479995692 1.293572042792726 5.812951800269921
    vertex 2.854389792925337 2.025452766678022 5.576384333212054
  endloop
endfacet
facet normal 0.747022 0.663891 -0.0347343
  outer loop
    vertex 2.64638195105769 2.290559444571586 6.169908433077094
    vertex 2.854389792925337 2.025452766678022 5.576384333212054
    vertex 2.294916742670107 2.642604235259685 5.339816866154188
  endloop
endfacet
facet normal 0.281486 0.958653 0.0418254
  outer loop
    vertex 1.453952545506601 3.183711983740815 7
    vertex 0.9860639489450029 3.358225407650741 6.148990849169168
    vertex 0.4981019339564964 3.464375046583265 7
  endloop
endfacet
facet normal 0.14219 0.988955 -0.0418254
  outer loop
    vertex 0.9860639489450029 3.358225407650741 6.148990849169168
    vertex -1.339999044624432e-15 3.5 6.148990849169168
    vertex 0.4981019339564964 3.464375046583265 7
  endloop
endfacet
facet normal 0.14219 0.988955 0.0418254
  outer loop
    vertex 0.9860639489450029 3.358225407650741 6.148990849169168
    vertex 0.4981019339564964 3.464375046583265 5.297981698338337
    vertex -1.339999044624432e-15 3.5 6.148990849169168
  endloop
endfacet
facet normal -4.45391e-16 0.999125 0.0418254
  outer loop
    vertex 0.4981019339564964 3.464375046583265 7
    vertex -1.339999044624432e-15 3.5 6.148990849169168
    vertex -0.4981019339564998 3.464375046583264 7
  endloop
endfacet
facet normal 0.416099 0.908325 -0.0425061
  outer loop
    vertex 1.453952545506601 3.183711983740815 7
    vertex 1.893859718623641 2.943347646163257 6.169908433077094
    vertex 0.9860639489450029 3.358225407650741 6.148990849169168
  endloop
endfacet
facet normal 0.414479 0.909066 0.0425061
  outer loop
    vertex 1.893859718623641 2.943347646163257 6.169908433077094
    vertex 1.455700913162491 3.182912950650377 5.318899282246262
    vertex 0.9860639489450029 3.358225407650741 6.148990849169168
  endloop
endfacet
facet normal 0.541593 0.839565 -0.0425061
  outer loop
    vertex 1.893859718623641 2.943347646163257 6.169908433077094
    vertex 2.294916742670107 2.642604235259685 5.339816866154188
    vertex 1.455700913162491 3.182912950650377 5.318899282246262
  endloop
endfacet
facet normal 0.282596 0.958297 -0.0425061
  outer loop
    vertex 0.9860639489450029 3.358225407650741 6.148990849169168
    vertex 1.455700913162491 3.182912950650377 5.318899282246262
    vertex 0.4981019339564964 3.464375046583265 5.297981698338337
  endloop
endfacet
facet normal -0.281486 0.958653 0.0418254
  outer loop
    vertex -0.4981019339564998 3.464375046583264 7
    vertex -0.9860639489424485 3.358225407651491 6.148990849167977
    vertex -1.453952545506604 3.183711983740814 7
  endloop
endfacet
facet normal -0.415051 0.908836 -0.0418254
  outer loop
    vertex -0.9860639489424485 3.358225407651491 6.148990849167977
    vertex -1.892242861092351 2.944387364910575 6.148990849167977
    vertex -1.453952545506604 3.183711983740814 7
  endloop
endfacet
facet normal -0.415051 0.908836 0.0418254
  outer loop
    vertex -0.9860639489424485 3.358225407651491 6.148990849167977
    vertex -1.453952545501755 3.183711983743028 5.297981698335954
    vertex -1.892242861092351 2.944387364910575 6.148990849167977
  endloop
endfacet
facet normal -0.540168 0.840517 0.0418254
  outer loop
    vertex -1.453952545506604 3.183711983740814 7
    vertex -1.892242861092351 2.944387364910575 6.148990849167977
    vertex -2.292012568808499 2.645123510239903 7
  endloop
endfacet
facet normal 4.29925e-13 0.999125 -0.0418254
  outer loop
    vertex 0.4981019339564964 3.464375046583265 5.297981698338337
    vertex -0.4981019339538613 3.464375046583644 5.297981698337145
    vertex -1.339999044624432e-15 3.5 6.148990849169168
  endloop
endfacet
facet normal -0.14219 0.988955 0.0418254
  outer loop
    vertex -0.4981019339538613 3.464375046583644 5.297981698337145
    vertex -0.9860639489424485 3.358225407651491 6.148990849167977
    vertex -1.339999044624432e-15 3.5 6.148990849169168
  endloop
endfacet
facet normal -0.281486 0.958653 -0.0418254
  outer loop
    vertex -0.4981019339538613 3.464375046583644 5.297981698337145
    vertex -1.453952545501755 3.183711983743028 5.297981698335954
    vertex -0.9860639489424485 3.358225407651491 6.148990849167977
  endloop
endfacet
facet normal -0.14219 0.988955 -0.0418254
  outer loop
    vertex -1.339999044624432e-15 3.5 6.148990849169168
    vertex -0.9860639489424485 3.358225407651491 6.148990849167977
    vertex -0.4981019339564998 3.464375046583264 7
  endloop
endfacet
facet normal -0.755088 0.654288 0.0418254
  outer loop
    vertex -2.292012568808499 2.645123510239903 7
    vertex -2.645123510239905 2.292012568808497 6.148990849169169
    vertex -2.944387364909135 1.892242861094591 7
  endloop
endfacet
facet normal -0.840517 0.540168 -0.0418254
  outer loop
    vertex -2.645123510239905 2.292012568808497 6.148990849169169
    vertex -3.183711983740815 1.453952545506602 6.148990849169169
    vertex -2.944387364909135 1.892242861094591 7
  endloop
endfacet
facet normal -0.840517 0.540168 0.0418254
  outer loop
    vertex -2.645123510239905 2.292012568808497 6.148990849169169
    vertex -2.944387364909135 1.892242861094591 5.297981698338338
    vertex -3.183711983740815 1.453952545506602 6.148990849169169
  endloop
endfacet
facet normal -0.908836 0.415051 0.0418254
  outer loop
    vertex -2.944387364909135 1.892242861094591 7
    vertex -3.183711983740815 1.453952545506602 6.148990849169169
    vertex -3.358225407650741 0.9860639489450023 7
  endloop
endfacet
facet normal -0.654288 0.755088 -0.0418254
  outer loop
    vertex -2.292012568808499 2.645123510239903 7
    vertex -1.892242861092351 2.944387364910575 6.148990849167977
    vertex -2.645123510239905 2.292012568808497 6.148990849169169
  endloop
endfacet
facet normal -0.654288 0.755088 0.0418254
  outer loop
    vertex -1.892242861092351 2.944387364910575 6.148990849167977
    vertex -2.292012568806484 2.645123510241649 5.297981698337146
    vertex -2.645123510239905 2.292012568808497 6.148990849169169
  endloop
endfacet
facet normal -0.540168 0.840517 -0.0418254
  outer loop
    vertex -1.892242861092351 2.944387364910575 6.148990849167977
    vertex -1.453952545501755 3.183711983743028 5.297981698335954
    vertex -2.292012568806484 2.645123510241649 5.297981698337146
  endloop
endfacet
facet normal -0.755088 0.654288 -0.0418254
  outer loop
    vertex -2.645123510239905 2.292012568808497 6.148990849169169
    vertex -2.292012568806484 2.645123510241649 5.297981698337146
    vertex -2.944387364909135 1.892242861094591 5.297981698338338
  endloop
endfacet
facet normal -0.988955 0.14219 0.0418254
  outer loop
    vertex -3.358225407650741 0.9860639489450023 7
    vertex -3.464375046582624 0.4981019339609536 6.148990849167333
    vertex -3.5 -1.125685854773646e-15 7
  endloop
endfacet
facet normal -0.999125 1.28495e-12 -0.0418254
  outer loop
    vertex -3.464375046582624 0.4981019339609536 6.148990849167333
    vertex -3.464375046583905 -0.4981019339520418 6.148990849167333
    vertex -3.5 -1.125685854773646e-15 7
  endloop
endfacet
facet normal -0.999125 1.28495e-12 0.0418254
  outer loop
    vertex -3.464375046582624 0.4981019339609536 6.148990849167333
    vertex -3.5 9.004559400694646e-12 5.297981698334666
    vertex -3.464375046583905 -0.4981019339520418 6.148990849167333
  endloop
endfacet
facet normal -0.988955 -0.14219 0.0418254
  outer loop
    vertex -3.5 -1.125685854773646e-15 7
    vertex -3.464375046583905 -0.4981019339520418 6.148990849167333
    vertex -3.358225407650741 -0.9860639489450045 7
  endloop
endfacet
facet normal -0.908836 0.415051 -0.0418254
  outer loop
    vertex -2.944387364909135 1.892242861094591 5.297981698338338
    vertex -3.358225407649472 0.9860639489493243 5.297981698336502
    vertex -3.183711983740815 1.453952545506602 6.148990849169169
  endloop
endfacet
facet normal -0.958653 0.281486 0.0418254
  outer loop
    vertex -3.358225407649472 0.9860639489493243 5.297981698336502
    vertex -3.464375046582624 0.4981019339609536 6.148990849167333
    vertex -3.183711983740815 1.453952545506602 6.148990849169169
  endloop
endfacet
facet normal -0.988955 0.14219 -0.0418254
  outer loop
    vertex -3.358225407649472 0.9860639489493243 5.297981698336502
    vertex -3.5 9.004559400694646e-12 5.297981698334666
    vertex -3.464375046582624 0.4981019339609536 6.148990849167333
  endloop
endfacet
facet normal -0.958653 0.281486 -0.0418254
  outer loop
    vertex -3.183711983740815 1.453952545506602 6.148990849169169
    vertex -3.464375046582624 0.4981019339609536 6.148990849167333
    vertex -3.358225407650741 0.9860639489450023 7
  endloop
endfacet
facet normal -0.908836 -0.415051 0.0418254
  outer loop
    vertex -3.358225407650741 -0.9860639489450045 7
    vertex -3.183711983740814 -1.453952545506603 6.148990849169168
    vertex -2.944387364909134 -1.892242861094591 7
  endloop
endfacet
facet normal -0.840517 -0.540168 -0.0418254
  outer loop
    vertex -3.183711983740814 -1.453952545506603 6.148990849169168
    vertex -2.645123510239904 -2.292012568808497 6.148990849169168
    vertex -2.944387364909134 -1.892242861094591 7
  endloop
endfacet
facet normal -0.840517 -0.540168 0.0418254
  outer loop
    vertex -3.183711983740814 -1.453952545506603 6.148990849169168
    vertex -2.944387364909134 -1.892242861094591 5.297981698338337
    vertex -2.645123510239904 -2.292012568808497 6.148990849169168
  endloop
endfacet
facet normal -0.755088 -0.654288 0.0418254
  outer loop
    vertex -2.944387364909134 -1.892242861094591 7
    vertex -2.645123510239904 -2.292012568808497 6.148990849169168
    vertex -2.292012568808498 -2.645123510239904 7
  endloop
endfacet
facet normal -0.958653 -0.281486 -0.0418254
  outer loop
    vertex -3.358225407650741 -0.9860639489450045 7
    vertex -3.464375046583905 -0.4981019339520418 6.148990849167333
    vertex -3.183711983740814 -1.453952545506603 6.148990849169168
  endloop
endfacet
facet normal -0.958653 -0.281486 0.0418254
  outer loop
    vertex -3.464375046583905 -0.4981019339520418 6.148990849167333
    vertex -3.358225407652009 -0.9860639489406841 5.297981698336502
    vertex -3.183711983740814 -1.453952545506603 6.148990849169168
  endloop
endfacet
facet normal -0.988955 -0.14219 -0.0418254
  outer loop
    vertex -3.464375046583905 -0.4981019339520418 6.148990849167333
    vertex -3.5 9.004559400694646e-12 5.297981698334666
    vertex -3.358225407652009 -0.9860639489406841 5.297981698336502
  endloop
endfacet
facet normal -0.908836 -0.415051 -0.0418254
  outer loop
    vertex -3.183711983740814 -1.453952545506603 6.148990849169168
    vertex -3.358225407652009 -0.9860639489406841 5.297981698336502
    vertex -2.944387364909134 -1.892242861094591 5.297981698338337
  endloop
endfacet
facet normal -0.54016 -0.840506 0.0421531
  outer loop
    vertex -2.292012568808498 -2.645123510239904 7
    vertex -1.892379558664432 -2.944299510231425 6.155619499355655
    vertex -1.453952545506602 -3.183711983740815 7
  endloop
endfacet
facet normal -0.415088 -0.908804 -0.0421531
  outer loop
    vertex -1.892379558664432 -2.944299510231425 6.155619499355655
    vertex -0.9862198608257577 -3.358179623860645 6.155619499355655
    vertex -1.453952545506602 -3.183711983740815 7
  endloop
endfacet
facet normal -0.415088 -0.908804 0.0421531
  outer loop
    vertex -1.892379558664432 -2.944299510231425 6.155619499355655
    vertex -1.454248160792173 -3.183576964176079 5.31123899871131
    vertex -0.9862198608257577 -3.358179623860645 6.155619499355655
  endloop
endfacet
facet normal -0.281482 -0.95864 0.0421531
  outer loop
    vertex -1.453952545506602 -3.183711983740815 7
    vertex -0.9862198608257577 -3.358179623860645 6.155619499355655
    vertex -0.4981019339564983 -3.464375046583264 7
  endloop
endfacet
facet normal -0.754916 -0.654477 -0.041975
  outer loop
    vertex -2.944387364909134 -1.892242861094591 5.297981698338337
    vertex -2.292135371969929 -2.645017095703595 5.304610348524823
    vertex -2.645123510239904 -2.292012568808497 6.148990849169168
  endloop
endfacet
facet normal -0.654512 -0.754885 0.041975
  outer loop
    vertex -2.292135371969929 -2.645017095703595 5.304610348524823
    vertex -1.892379558664432 -2.944299510231425 6.155619499355655
    vertex -2.645123510239904 -2.292012568808497 6.148990849169168
  endloop
endfacet
facet normal -0.539988 -0.840625 -0.041975
  outer loop
    vertex -2.292135371969929 -2.645017095703595 5.304610348524823
    vertex -1.454248160792173 -3.183576964176079 5.31123899871131
    vertex -1.892379558664432 -2.944299510231425 6.155619499355655
  endloop
endfacet
facet normal -0.65409 -0.755251 -0.041975
  outer loop
    vertex -2.645123510239904 -2.292012568808497 6.148990849169168
    vertex -1.892379558664432 -2.944299510231425 6.155619499355655
    vertex -2.292012568808498 -2.645123510239904 7
  endloop
endfacet
facet normal -4.45387e-16 -0.999115 0.0420583
  outer loop
    vertex -0.4981019339564983 -3.464375046583264 7
    vertex -0.001299568525902091 -3.499999758731655 6.153716834711931
    vertex 0.498101933956497 -3.464375046583265 7
  endloop
endfacet
facet normal 0.141822 -0.988998 -0.0420583
  outer loop
    vertex -0.001299568525902091 -3.499999758731655 6.153716834711931
    vertex 0.9848169541025251 -3.358591306919052 6.153716834711931
    vertex 0.498101933956497 -3.464375046583265 7
  endloop
endfacet
facet normal 0.141822 -0.988998 0.0420583
  outer loop
    vertex -0.001299568525902091 -3.499999758731655 6.153716834711931
    vertex 0.4955291152053262 -3.464743987076654 5.307433669423863
    vertex 0.9848169541025251 -3.358591306919052 6.153716834711931
  endloop
endfacet
facet normal 0.281483 -0.958644 0.0420583
  outer loop
    vertex 0.498101933956497 -3.464375046583265 7
    vertex 0.9848169541025251 -3.358591306919052 6.153716834711931
    vertex 1.453952545506604 -3.183711983740814 7
  endloop
endfacet
facet normal -0.142475 -0.988906 -0.0420102
  outer loop
    vertex -0.4981019339564983 -3.464375046583264 7
    vertex -0.9862198608257577 -3.358179623860645 6.155619499355655
    vertex -0.001299568525902091 -3.499999758731655 6.153716834711931
  endloop
endfacet
facet normal -0.142316 -0.988929 0.0420102
  outer loop
    vertex -0.9862198608257577 -3.358179623860645 6.155619499355655
    vertex -0.4995490724487749 -3.464166670963678 5.309336334067586
    vertex -0.001299568525902091 -3.499999758731655 6.153716834711931
  endloop
endfacet
facet normal -0.281806 -0.958551 -0.0420102
  outer loop
    vertex -0.9862198608257577 -3.358179623860645 6.155619499355655
    vertex -1.454248160792173 -3.183576964176079 5.31123899871131
    vertex -0.4995490724487749 -3.464166670963678 5.309336334067586
  endloop
endfacet
facet normal -0.000659986 -0.999117 -0.0420102
  outer loop
    vertex -0.001299568525902091 -3.499999758731655 6.153716834711931
    vertex -0.4995490724487749 -3.464166670963678 5.309336334067586
    vertex 0.4955291152053262 -3.464743987076654 5.307433669423863
  endloop
endfacet
facet normal 0.540146 -0.840483 0.0427881
  outer loop
    vertex 1.453952545506604 -3.183711983740814 7
    vertex 1.880087145736065 -2.952164007035858 6.168867328903691
    vertex 2.292012568808499 -2.645123510239904 7
  endloop
endfacet
facet normal 0.651142 -0.757749 -0.0427881
  outer loop
    vertex 1.880087145736065 -2.952164007035858 6.168867328903691
    vertex 2.635651120034142 -2.302898863055599 6.168867328903691
    vertex 2.292012568808499 -2.645123510239904 7
  endloop
endfacet
facet normal 0.651142 -0.757749 0.0427881
  outer loop
    vertex 1.880087145736065 -2.952164007035858 6.168867328903691
    vertex 2.270123280363783 -2.663933237142099 5.33773465780738
    vertex 2.635651120034142 -2.302898863055599 6.168867328903691
  endloop
endfacet
facet normal 0.755057 -0.654261 0.0427881
  outer loop
    vertex 2.292012568808499 -2.645123510239904 7
    vertex 2.635651120034142 -2.302898863055599 6.168867328903691
    vertex 2.944387364909134 -1.892242861094591 7
  endloop
endfacet
facet normal 0.413597 -0.909522 -0.0413293
  outer loop
    vertex 1.453952545506604 -3.183711983740814 7
    vertex 0.9848169541025251 -3.358591306919052 6.153716834711931
    vertex 1.880087145736065 -2.952164007035858 6.168867328903691
  endloop
endfacet
facet normal 0.412437 -0.910048 0.0413293
  outer loop
    vertex 0.9848169541025251 -3.358591306919052 6.153716834711931
    vertex 1.439629382022322 -3.190214294121639 5.322584163615621
    vertex 1.880087145736065 -2.952164007035858 6.168867328903691
  endloop
endfacet
facet normal 0.279592 -0.959229 -0.0413293
  outer loop
    vertex 0.9848169541025251 -3.358591306919052 6.153716834711931
    vertex 0.4955291152053262 -3.464743987076654 5.307433669423863
    vertex 1.439629382022322 -3.190214294121639 5.322584163615621
  endloop
endfacet
facet normal 0.535351 -0.843618 -0.0413293
  outer loop
    vertex 1.880087145736065 -2.952164007035858 6.168867328903691
    vertex 1.439629382022322 -3.190214294121639 5.322584163615621
    vertex 2.270123280363783 -2.663933237142099 5.33773465780738
  endloop
endfacet
facet normal 0.741967 -0.669497 -0.0354916
  outer loop
    vertex 2.270123280363783 -2.663933237142099 5.33773465780738
    vertex 2.842201814762722 -2.042520218788418 5.575238546626377
    vertex 2.635651120034142 -2.302898863055599 6.168867328903691
  endloop
endfacet
facet normal 0.82076 -0.570169 0.0354916
  outer loop
    vertex 2.842201814762722 -2.042520218788418 5.575238546626377
    vertex 3.110594700903222 -1.604431552517213 6.406371217722686
    vertex 2.635651120034142 -2.302898863055599 6.168867328903691
  endloop
endfacet
facet normal 0.880749 -0.472252 -0.0354916
  outer loop
    vertex 2.842201814762722 -2.042520218788418 5.575238546626377
    vertex 3.248753302243083 -1.302152825579495 5.812742435445372
    vertex 3.110594700903222 -1.604431552517213 6.406371217722686
  endloop
endfacet
facet normal 0.831984 -0.553664 -0.0354916
  outer loop
    vertex 2.635651120034142 -2.302898863055599 6.168867328903691
    vertex 3.110594700903222 -1.604431552517213 6.406371217722686
    vertex 2.944387364909134 -1.892242861094591 7
  endloop
endfacet
facet normal 0.994916 -0.100713 0
  outer loop
    vertex 3.5 -8.572527594031472e-16 3.750000000000004
    vertex 3.428998636802455 -0.7014045543100663 3.347649700498097
    vertex 3.5 -8.572527594031472e-16 2.937500000000004
  endloop
endfacet
facet normal 0.994916 -0.100713 0
  outer loop
    vertex 3.428998636802455 -0.7014045543100663 3.347649700498097
    vertex 3.428998636802455 -0.7014045543100663 2.535149700498097
    vertex 3.5 -8.572527594031472e-16 2.937500000000004
  endloop
endfacet
facet normal 0.95455 -0.298052 0
  outer loop
    vertex 3.428998636802455 -0.7014045543100663 3.347649700498097
    vertex 3.2188752292532 -1.37435157747214 2.945299400996192
    vertex 3.428998636802455 -0.7014045543100663 2.535149700498097
  endloop
endfacet
facet normal 0.994916 -0.100713 0
  outer loop
    vertex 3.5 -8.572527594031472e-16 2.937500000000004
    vertex 3.428998636802455 -0.7014045543100663 2.535149700498097
    vertex 3.5 -8.572527594031472e-16 2.125000000000004
  endloop
endfacet
facet normal 0.994883 0.101038 -0
  outer loop
    vertex 3.5 -8.572527594031472e-16 2.125000000000004
    vertex 3.42853945762627 0.7036456405746875 2.531250000000004
    vertex 3.5 -8.572527594031472e-16 2.937500000000004
  endloop
endfacet
facet normal 0.994883 0.101038 -0
  outer loop
    vertex 3.42853945762627 0.7036456405746875 2.531250000000004
    vertex 3.42853945762627 0.7036456405746875 3.343750000000004
    vertex 3.5 -8.572527594031472e-16 2.937500000000004
  endloop
endfacet
facet normal 0.954257 0.298988 -0
  outer loop
    vertex 3.42853945762627 0.7036456405746875 2.531250000000004
    vertex 3.217075892857278 1.37855819594116 2.937500000000004
    vertex 3.42853945762627 0.7036456405746875 3.343750000000004
  endloop
endfacet
facet normal 0.994883 0.101038 -0
  outer loop
    vertex 3.5 -8.572527594031472e-16 2.937500000000004
    vertex 3.42853945762627 0.7036456405746875 3.343750000000004
    vertex 3.5 -8.572527594031472e-16 3.750000000000004
  endloop
endfacet
facet normal 0.955713 -0.29422 0.00688313
  outer loop
    vertex 3.2188752292532 -1.37435157747214 2.945299400996192
    vertex 3.23588331350013 -1.333813773137546 2.316543144261118
    vertex 3.428998636802455 -0.7014045543100663 2.535149700498097
  endloop
endfacet
facet normal 0.957042 -0.289867 -0.00688313
  outer loop
    vertex 3.23588331350013 -1.333813773137546 2.316543144261118
    vertex 3.437537864549693 -0.6582806618662995 1.906393443763023
    vertex 3.428998636802455 -0.7014045543100663 2.535149700498097
  endloop
endfacet
facet normal 0.959333 -0.282193 0.00688313
  outer loop
    vertex 3.23588331350013 -1.333813773137546 2.316543144261118
    vertex 3.252380897264496 -1.29306554323785 1.687786887526043
    vertex 3.437537864549693 -0.6582806618662995 1.906393443763023
  endloop
endfacet
facet normal 0.995287 -0.0967254 0.00688313
  outer loop
    vertex 3.428998636802455 -0.7014045543100663 2.535149700498097
    vertex 3.437537864549693 -0.6582806618662995 1.906393443763023
    vertex 3.5 -8.572527594031472e-16 2.125000000000004
  endloop
endfacet
facet normal 0.995234 0.0972961 0.00654278
  outer loop
    vertex 3.5 -8.572527594031472e-16 2.125000000000004
    vertex 3.436614362846893 0.6630850029026765 1.90612878227728
    vertex 3.42853945762627 0.7036456405746875 2.531250000000004
  endloop
endfacet
facet normal 0.956615 0.291282 -0.00654278
  outer loop
    vertex 3.436614362846893 0.6630850029026765 1.90612878227728
    vertex 3.233140306297947 1.340449088847324 2.31237878227728
    vertex 3.42853945762627 0.7036456405746875 2.531250000000004
  endloop
endfacet
facet normal 0.958777 0.284084 0.00654278
  outer loop
    vertex 3.436614362846893 0.6630850029026765 1.90612878227728
    vertex 3.248753302243175 1.302152825579265 1.687257564554556
    vertex 3.233140306297947 1.340449088847324 2.31237878227728
  endloop
endfacet
facet normal 0.955353 0.295393 0.00654278
  outer loop
    vertex 3.42853945762627 0.7036456405746875 2.531250000000004
    vertex 3.233140306297947 1.340449088847324 2.31237878227728
    vertex 3.217075892857278 1.37855819594116 2.937500000000004
  endloop
endfacet
facet normal 0.994883 0.101038 -0
  outer loop
    vertex 3.5 -8.572527594031472e-16 3.750000000000004
    vertex 3.428539457626237 0.7036456405748481 4.156250000000004
    vertex 3.5 -8.572527594031472e-16 4.562500000000003
  endloop
endfacet
facet normal 0.994883 0.101038 -0
  outer loop
    vertex 3.428539457626237 0.7036456405748481 4.156250000000004
    vertex 3.428539457626237 0.7036456405748481 4.968750000000002
    vertex 3.5 -8.572527594031472e-16 4.562500000000003
  endloop
endfacet
facet normal 0.954257 0.298988 -0
  outer loop
    vertex 3.428539457626237 0.7036456405748481 4.156250000000004
    vertex 3.217075892857149 1.378558195941461 4.562500000000003
    vertex 3.428539457626237 0.7036456405748481 4.968750000000002
  endloop
endfacet
facet normal 0.994883 0.101038 -0
  outer loop
    vertex 3.5 -8.572527594031472e-16 4.562500000000003
    vertex 3.428539457626237 0.7036456405748481 4.968750000000002
    vertex 3.5 -8.572527594031472e-16 5.375000000000002
  endloop
endfacet
facet normal 0.994883 -0.101038 0
  outer loop
    vertex 3.5 -8.572527594031472e-16 5.375000000000002
    vertex 3.42853945762614 -0.7036456405753216 4.968750000000002
    vertex 3.5 -8.572527594031472e-16 4.562500000000003
  endloop
endfacet
facet normal 0.994883 -0.101038 0
  outer loop
    vertex 3.42853945762614 -0.7036456405753216 4.968750000000002
    vertex 3.42853945762614 -0.7036456405753216 4.156250000000004
    vertex 3.5 -8.572527594031472e-16 4.562500000000003
  endloop
endfacet
facet normal 0.954257 -0.298988 0
  outer loop
    vertex 3.42853945762614 -0.7036456405753216 4.968750000000002
    vertex 3.21707589285677 -1.378558195942345 4.562500000000003
    vertex 3.42853945762614 -0.7036456405753216 4.156250000000004
  endloop
endfacet
facet normal 0.994883 -0.101038 0
  outer loop
    vertex 3.5 -8.572527594031472e-16 4.562500000000003
    vertex 3.42853945762614 -0.7036456405753216 4.156250000000004
    vertex 3.5 -8.572527594031472e-16 3.750000000000004
  endloop
endfacet
facet normal 0.994883 0.101038 2.02617e-14
  outer loop
    vertex 3.5 -8.572527594031472e-16 3.750000000000004
    vertex 3.42853945762627 0.7036456405746875 3.343750000000004
    vertex 3.428539457626237 0.7036456405748481 4.156250000000004
  endloop
endfacet
facet normal 0.954257 0.298988 -2.05204e-14
  outer loop
    vertex 3.42853945762627 0.7036456405746875 3.343750000000004
    vertex 3.217075892857214 1.37855819594131 3.750000000000003
    vertex 3.428539457626237 0.7036456405748481 4.156250000000004
  endloop
endfacet
facet normal 0.954257 0.298988 2.0141e-14
  outer loop
    vertex 3.42853945762627 0.7036456405746875 3.343750000000004
    vertex 3.217075892857278 1.37855819594116 2.937500000000004
    vertex 3.217075892857214 1.37855819594131 3.750000000000003
  endloop
endfacet
facet normal 0.954257 0.298988 2.0141e-14
  outer loop
    vertex 3.428539457626237 0.7036456405748481 4.156250000000004
    vertex 3.217075892857214 1.37855819594131 3.750000000000003
    vertex 3.217075892857149 1.378558195941461 4.562500000000003
  endloop
endfacet
facet normal 0.994899 -0.100875 0.000285392
  outer loop
    vertex 3.5 -8.572527594031472e-16 3.750000000000004
    vertex 3.42853945762614 -0.7036456405753216 4.156250000000004
    vertex 3.428998636802455 -0.7014045543100663 3.347649700498097
  endloop
endfacet
facet normal 0.954403 -0.29852 -0.000285392
  outer loop
    vertex 3.42853945762614 -0.7036456405753216 4.156250000000004
    vertex 3.217976248429576 -1.376455180724427 3.753899700498097
    vertex 3.428998636802455 -0.7014045543100663 3.347649700498097
  endloop
endfacet
facet normal 0.954306 -0.298831 0.000285392
  outer loop
    vertex 3.42853945762614 -0.7036456405753216 4.156250000000004
    vertex 3.21707589285677 -1.378558195942345 4.562500000000003
    vertex 3.217976248429576 -1.376455180724427 3.753899700498097
  endloop
endfacet
facet normal 0.954501 -0.298207 0.000285392
  outer loop
    vertex 3.428998636802455 -0.7014045543100663 3.347649700498097
    vertex 3.217976248429576 -1.376455180724427 3.753899700498097
    vertex 3.2188752292532 -1.37435157747214 2.945299400996192
  endloop
endfacet
facet normal 0.955469 0.295001 -0.00725398
  outer loop
    vertex 3.217075892857149 1.378558195941461 4.562500000000003
    vertex 3.234906788665339 1.336180402732694 5.187725900134962
    vertex 3.428539457626237 0.7036456405748481 4.968750000000002
  endloop
endfacet
facet normal 0.956875 0.290409 0.00725398
  outer loop
    vertex 3.234906788665339 1.336180402732694 5.187725900134962
    vertex 3.437486594881857 0.658548335361602 5.593975900134962
    vertex 3.428539457626237 0.7036456405748481 4.968750000000002
  endloop
endfacet
facet normal 0.959262 0.282425 -0.00725398
  outer loop
    vertex 3.234906788665339 1.336180402732694 5.187725900134962
    vertex 3.252179479995692 1.293572042792726 5.812951800269921
    vertex 3.437486594881857 0.658548335361602 5.593975900134962
  endloop
endfacet
facet normal 0.995269 0.096889 -0.00725398
  outer loop
    vertex 3.428539457626237 0.7036456405748481 4.968750000000002
    vertex 3.437486594881857 0.658548335361602 5.593975900134962
    vertex 3.5 -8.572527594031472e-16 5.375000000000002
  endloop
endfacet
facet normal 0.995234 -0.0972961 -0.00654278
  outer loop
    vertex 3.5 -8.572527594031472e-16 5.375000000000002
    vertex 3.436614362846869 -0.6630850029027994 5.593871217722687
    vertex 3.42853945762614 -0.7036456405753216 4.968750000000002
  endloop
endfacet
facet normal 0.956615 -0.291282 0.00654278
  outer loop
    vertex 3.436614362846869 -0.6630850029027994 5.593871217722687
    vertex 3.233140306297651 -1.340449088848036 5.187621217722688
    vertex 3.42853945762614 -0.7036456405753216 4.968750000000002
  endloop
endfacet
facet normal 0.958777 -0.284084 -0.00654278
  outer loop
    vertex 3.436614362846869 -0.6630850029027994 5.593871217722687
    vertex 3.248753302243083 -1.302152825579495 5.812742435445372
    vertex 3.233140306297651 -1.340449088848036 5.187621217722688
  endloop
endfacet
facet normal 0.955353 -0.295393 -0.00654278
  outer loop
    vertex 3.42853945762614 -0.7036456405753216 4.968750000000002
    vertex 3.233140306297651 -1.340449088848036 5.187621217722688
    vertex 3.21707589285677 -1.378558195942345 4.562500000000003
  endloop
endfacet
facet normal 0.540146 0.840483 -0.0427881
  outer loop
    vertex 1.453952545506601 3.183711983740815 0.5
    vertex 1.880087145736218 2.952164007035761 1.331132671096334
    vertex 2.292012568808496 2.645123510239905 0.5
  endloop
endfacet
facet normal 0.651142 0.757749 0.0427881
  outer loop
    vertex 1.880087145736218 2.952164007035761 1.331132671096334
    vertex 2.635651120034262 2.302898863055463 1.331132671096334
    vertex 2.292012568808496 2.645123510239905 0.5
  endloop
endfacet
facet normal 0.651142 0.757749 -0.0427881
  outer loop
    vertex 1.880087145736218 2.952164007035761 1.331132671096334
    vertex 2.270123280364061 2.663933237141861 2.162265342192669
    vertex 2.635651120034262 2.302898863055463 1.331132671096334
  endloop
endfacet
facet normal 0.755057 0.654261 -0.0427881
  outer loop
    vertex 2.292012568808496 2.645123510239905 0.5
    vertex 2.635651120034262 2.302898863055463 1.331132671096334
    vertex 2.944387364909133 1.892242861094593 0.5
  endloop
endfacet
facet normal 0.741967 0.669497 0.0354916
  outer loop
    vertex 2.270123280364061 2.663933237141861 2.162265342192669
    vertex 2.842201814762901 2.042520218788169 1.924761453373613
    vertex 2.635651120034262 2.302898863055463 1.331132671096334
  endloop
endfacet
facet normal 0.82076 0.570169 -0.0354916
  outer loop
    vertex 2.842201814762901 2.042520218788169 1.924761453373613
    vertex 3.110594700903278 1.604431552517104 1.093628782277278
    vertex 2.635651120034262 2.302898863055463 1.331132671096334
  endloop
endfacet
facet normal 0.880749 0.472252 0.0354916
  outer loop
    vertex 2.842201814762901 2.042520218788169 1.924761453373613
    vertex 3.248753302243175 1.302152825579265 1.687257564554556
    vertex 3.110594700903278 1.604431552517104 1.093628782277278
  endloop
endfacet
facet normal 0.831984 0.553664 0.0354916
  outer loop
    vertex 2.635651120034262 2.302898863055463 1.331132671096334
    vertex 3.110594700903278 1.604431552517104 1.093628782277278
    vertex 2.944387364909133 1.892242861094593 0.5
  endloop
endfacet
facet normal -4.45387e-16 0.999115 -0.0420588
  outer loop
    vertex -0.4981019339564998 3.464375046583264 0.5
    vertex -0.00127816144148922 3.499999766614754 1.346271999996262
    vertex 0.4981019339564964 3.464375046583265 0.5
  endloop
endfacet
facet normal 0.141828 0.988997 0.0420588
  outer loop
    vertex -0.00127816144148922 3.499999766614754 1.346271999996262
    vertex 0.9848374962705281 3.358585283410204 1.346271999996262
    vertex 0.4981019339564964 3.464375046583265 0.5
  endloop
endfacet
facet normal 0.141828 0.988997 -0.0420588
  outer loop
    vertex -0.00127816144148922 3.499999766614754 1.346271999996262
    vertex 0.4955714980665513 3.464737925197817 2.192543999992523
    vertex 0.9848374962705281 3.358585283410204 1.346271999996262
  endloop
endfacet
facet normal 0.281483 0.958644 -0.0420588
  outer loop
    vertex 0.4981019339564964 3.464375046583265 0.5
    vertex 0.9848374962705281 3.358585283410204 1.346271999996262
    vertex 1.453952545506601 3.183711983740815 0.5
  endloop
endfacet
facet normal 0.413599 0.909521 0.0413278
  outer loop
    vertex 1.453952545506601 3.183711983740815 0.5
    vertex 0.9848374962705281 3.358585283410204 1.346271999996262
    vertex 1.880087145736218 2.952164007035761 1.331132671096334
  endloop
endfacet
facet normal 0.41244 0.910047 -0.0413278
  outer loop
    vertex 0.9848374962705281 3.358585283410204 1.346271999996262
    vertex 1.439648894335937 3.190205488841951 2.177404671092596
    vertex 1.880087145736218 2.952164007035761 1.331132671096334
  endloop
endfacet
facet normal 0.2796 0.959227 0.0413278
  outer loop
    vertex 0.9848374962705281 3.358585283410204 1.346271999996262
    vertex 0.4955714980665513 3.464737925197817 2.192543999992523
    vertex 1.439648894335937 3.190205488841951 2.177404671092596
  endloop
endfacet
facet normal 0.535354 0.843616 0.0413278
  outer loop
    vertex 1.880087145736218 2.952164007035761 1.331132671096334
    vertex 1.439648894335937 3.190205488841951 2.177404671092596
    vertex 2.270123280364061 2.663933237141861 2.162265342192669
  endloop
endfacet
facet normal -0.540168 0.840517 -0.0418323
  outer loop
    vertex -2.292012568808499 2.645123510239903 0.5
    vertex -1.892021188495284 2.944529813448133 1.350868856780207
    vertex -1.453952545506604 3.183711983740814 0.5
  endloop
endfacet
facet normal -0.414983 0.908867 0.0418323
  outer loop
    vertex -1.892021188495284 2.944529813448133 1.350868856780207
    vertex -0.9858111232524145 3.358299633634827 1.350868856780207
    vertex -1.453952545506604 3.183711983740814 0.5
  endloop
endfacet
facet normal -0.414983 0.908867 -0.0418323
  outer loop
    vertex -1.892021188495284 2.944529813448133 1.350868856780207
    vertex -1.453473159601949 3.1839308683319 2.201737713560415
    vertex -0.9858111232524145 3.358299633634827 1.350868856780207
  endloop
endfacet
facet normal -0.281486 0.958653 -0.0418323
  outer loop
    vertex -1.453952545506604 3.183711983740814 0.5
    vertex -0.9858111232524145 3.358299633634827 1.350868856780207
    vertex -0.4981019339564998 3.464375046583264 0.5
  endloop
endfacet
facet normal -0.142142 0.988963 0.0418166
  outer loop
    vertex -0.4981019339564998 3.464375046583264 0.5
    vertex -0.9858111232524145 3.358299633634827 1.350868856780207
    vertex -0.00127816144148922 3.499999766614754 1.346271999996262
  endloop
endfacet
facet normal -0.142525 0.988907 -0.0418166
  outer loop
    vertex -0.9858111232524145 3.358299633634827 1.350868856780207
    vertex -0.4991062503009688 3.464230499102291 2.197140856776469
    vertex -0.00127816144148922 3.499999766614754 1.346271999996262
  endloop
endfacet
facet normal -0.281367 0.958689 0.0418166
  outer loop
    vertex -0.9858111232524145 3.358299633634827 1.350868856780207
    vertex -1.453473159601949 3.1839308683319 2.201737713560415
    vertex -0.4991062503009688 3.464230499102291 2.197140856776469
  endloop
endfacet
facet normal -0.000316441 0.999125 0.0418166
  outer loop
    vertex -0.00127816144148922 3.499999766614754 1.346271999996262
    vertex -0.4991062503009688 3.464230499102291 2.197140856776469
    vertex 0.4955714980665513 3.464737925197817 2.192543999992523
  endloop
endfacet
facet normal -0.908836 0.415051 -0.0418254
  outer loop
    vertex -3.358225407650741 0.9860639489450023 0.5
    vertex -3.183711983740815 1.453952545506602 1.351009150830832
    vertex -2.944387364909135 1.892242861094591 0.5
  endloop
endfacet
facet normal -0.840517 0.540168 0.0418254
  outer loop
    vertex -3.183711983740815 1.453952545506602 1.351009150830832
    vertex -2.645123510239905 2.292012568808497 1.351009150830832
    vertex -2.944387364909135 1.892242861094591 0.5
  endloop
endfacet
facet normal -0.840517 0.540168 -0.0418254
  outer loop
    vertex -3.183711983740815 1.453952545506602 1.351009150830832
    vertex -2.944387364909135 1.892242861094591 2.202018301661663
    vertex -2.645123510239905 2.292012568808497 1.351009150830832
  endloop
endfacet
facet normal -0.755088 0.654288 -0.0418254
  outer loop
    vertex -2.944387364909135 1.892242861094591 0.5
    vertex -2.645123510239905 2.292012568808497 1.351009150830832
    vertex -2.292012568808499 2.645123510239903 0.5
  endloop
endfacet
facet normal -0.755059 0.65432 0.0418508
  outer loop
    vertex -2.944387364909135 1.892242861094591 2.202018301661663
    vertex -2.291813425057415 2.64529605615829 2.201878007611039
    vertex -2.645123510239905 2.292012568808497 1.351009150830832
  endloop
endfacet
facet normal -0.654263 0.755108 -0.0418508
  outer loop
    vertex -2.291813425057415 2.64529605615829 2.201878007611039
    vertex -1.892021188495284 2.944529813448133 1.350868856780207
    vertex -2.645123510239905 2.292012568808497 1.351009150830832
  endloop
endfacet
facet normal -0.540067 0.840581 0.0418508
  outer loop
    vertex -2.291813425057415 2.64529605615829 2.201878007611039
    vertex -1.453473159601949 3.1839308683319 2.201737713560415
    vertex -1.892021188495284 2.944529813448133 1.350868856780207
  endloop
endfacet
facet normal -0.654254 0.755116 0.0418508
  outer loop
    vertex -2.645123510239905 2.292012568808497 1.351009150830832
    vertex -1.892021188495284 2.944529813448133 1.350868856780207
    vertex -2.292012568808499 2.645123510239903 0.5
  endloop
endfacet
facet normal -0.988955 -0.14219 -0.0418254
  outer loop
    vertex -3.358225407650741 -0.9860639489450045 0.5
    vertex -3.464375046583264 -0.4981019339564988 1.35100915083083
    vertex -3.5 -1.125685854773646e-15 0.5
  endloop
endfacet
facet normal -0.999125 -4.45391e-16 0.0418254
  outer loop
    vertex -3.464375046583264 -0.4981019339564988 1.35100915083083
    vertex -3.464375046583265 0.4981019339564965 1.35100915083083
    vertex -3.5 -1.125685854773646e-15 0.5
  endloop
endfacet
facet normal -0.999125 -4.45391e-16 -0.0418254
  outer loop
    vertex -3.464375046583264 -0.4981019339564988 1.35100915083083
    vertex -3.5 -1.125685854773646e-15 2.202018301661661
    vertex -3.464375046583265 0.4981019339564965 1.35100915083083
  endloop
endfacet
facet normal -0.988955 0.14219 -0.0418254
  outer loop
    vertex -3.5 -1.125685854773646e-15 0.5
    vertex -3.464375046583265 0.4981019339564965 1.35100915083083
    vertex -3.358225407650741 0.9860639489450023 0.5
  endloop
endfacet
facet normal -0.958653 0.281486 0.0418254
  outer loop
    vertex -3.358225407650741 0.9860639489450023 0.5
    vertex -3.464375046583265 0.4981019339564965 1.35100915083083
    vertex -3.183711983740815 1.453952545506602 1.351009150830832
  endloop
endfacet
facet normal -0.958653 0.281486 -0.0418254
  outer loop
    vertex -3.464375046583265 0.4981019339564965 1.35100915083083
    vertex -3.358225407650741 0.9860639489450038 2.202018301661662
    vertex -3.183711983740815 1.453952545506602 1.351009150830832
  endloop
endfacet
facet normal -0.988955 0.14219 0.0418254
  outer loop
    vertex -3.464375046583265 0.4981019339564965 1.35100915083083
    vertex -3.5 -1.125685854773646e-15 2.202018301661661
    vertex -3.358225407650741 0.9860639489450038 2.202018301661662
  endloop
endfacet
facet normal -0.908836 0.415051 0.0418254
  outer loop
    vertex -3.183711983740815 1.453952545506602 1.351009150830832
    vertex -3.358225407650741 0.9860639489450038 2.202018301661662
    vertex -2.944387364909135 1.892242861094591 2.202018301661663
  endloop
endfacet
facet normal -0.755088 -0.654288 -0.0418254
  outer loop
    vertex -2.292012568808498 -2.645123510239904 0.5
    vertex -2.645123510239904 -2.292012568808497 1.351009150830831
    vertex -2.944387364909134 -1.892242861094591 0.5
  endloop
endfacet
facet normal -0.840517 -0.540168 0.0418254
  outer loop
    vertex -2.645123510239904 -2.292012568808497 1.351009150830831
    vertex -3.183711983740814 -1.453952545506603 1.351009150830831
    vertex -2.944387364909134 -1.892242861094591 0.5
  endloop
endfacet
facet normal -0.840517 -0.540168 -0.0418254
  outer loop
    vertex -2.645123510239904 -2.292012568808497 1.351009150830831
    vertex -2.944387364909134 -1.892242861094591 2.202018301661662
    vertex -3.183711983740814 -1.453952545506603 1.351009150830831
  endloop
endfacet
facet normal -0.908836 -0.415051 -0.0418254
  outer loop
    vertex -2.944387364909134 -1.892242861094591 0.5
    vertex -3.183711983740814 -1.453952545506603 1.351009150830831
    vertex -3.358225407650741 -0.9860639489450045 0.5
  endloop
endfacet
facet normal -0.908836 -0.415051 0.0418254
  outer loop
    vertex -2.944387364909134 -1.892242861094591 2.202018301661662
    vertex -3.358225407650741 -0.9860639489450045 2.202018301661661
    vertex -3.183711983740814 -1.453952545506603 1.351009150830831
  endloop
endfacet
facet normal -0.958653 -0.281486 -0.0418254
  outer loop
    vertex -3.358225407650741 -0.9860639489450045 2.202018301661661
    vertex -3.464375046583264 -0.4981019339564988 1.35100915083083
    vertex -3.183711983740814 -1.453952545506603 1.351009150830831
  endloop
endfacet
facet normal -0.988955 -0.14219 0.0418254
  outer loop
    vertex -3.358225407650741 -0.9860639489450045 2.202018301661661
    vertex -3.5 -1.125685854773646e-15 2.202018301661661
    vertex -3.464375046583264 -0.4981019339564988 1.35100915083083
  endloop
endfacet
facet normal -0.958653 -0.281486 0.0418254
  outer loop
    vertex -3.183711983740814 -1.453952545506603 1.351009150830831
    vertex -3.464375046583264 -0.4981019339564988 1.35100915083083
    vertex -3.358225407650741 -0.9860639489450045 0.5
  endloop
endfacet
facet normal -0.281484 -0.958647 -0.0419737
  outer loop
    vertex -0.4981019339564983 -3.464375046583264 0.5
    vertex -0.9860915567113604 -3.358217301155863 1.347997537550928
    vertex -1.453952545506602 -3.183711983740815 0.5
  endloop
endfacet
facet normal -0.415056 -0.908827 0.0419737
  outer loop
    vertex -0.9860915567113604 -3.358217301155863 1.347997537550928
    vertex -1.892267066688898 -2.944371808777654 1.347997537550928
    vertex -1.453952545506602 -3.183711983740815 0.5
  endloop
endfacet
facet normal -0.415056 -0.908827 -0.0419737
  outer loop
    vertex -0.9860915567113604 -3.358217301155863 1.347997537550928
    vertex -1.454004891577523 -3.183688077571142 2.195995075101857
    vertex -1.892267066688898 -2.944371808777654 1.347997537550928
  endloop
endfacet
facet normal -0.540164 -0.840512 -0.0419737
  outer loop
    vertex -1.453952545506602 -3.183711983740815 0.5
    vertex -1.892267066688898 -2.944371808777654 1.347997537550928
    vertex -2.292012568808498 -2.645123510239904 0.5
  endloop
endfacet
facet normal -0.654193 -0.755166 0.041897
  outer loop
    vertex -2.292012568808498 -2.645123510239904 0.5
    vertex -1.892267066688898 -2.944371808777654 1.347997537550928
    vertex -2.645123510239904 -2.292012568808497 1.351009150830831
  endloop
endfacet
facet normal -0.654385 -0.755 -0.041897
  outer loop
    vertex -1.892267066688898 -2.944371808777654 1.347997537550928
    vertex -2.29203431415642 -2.645104667632173 2.199006688381759
    vertex -2.645123510239904 -2.292012568808497 1.351009150830831
  endloop
endfacet
facet normal -0.54007 -0.840577 0.041897
  outer loop
    vertex -1.892267066688898 -2.944371808777654 1.347997537550928
    vertex -1.454004891577523 -3.183688077571142 2.195995075101857
    vertex -2.29203431415642 -2.645104667632173 2.199006688381759
  endloop
endfacet
facet normal -0.755006 -0.654378 0.041897
  outer loop
    vertex -2.645123510239904 -2.292012568808497 1.351009150830831
    vertex -2.29203431415642 -2.645104667632173 2.199006688381759
    vertex -2.944387364909134 -1.892242861094591 2.202018301661662
  endloop
endfacet
facet normal 0.281486 -0.958653 -0.0418254
  outer loop
    vertex 1.453952545506604 -3.183711983740814 0.5
    vertex 0.9860639489450058 -3.35822540765074 1.351009150830832
    vertex 0.498101933956497 -3.464375046583265 0.5
  endloop
endfacet
facet normal 0.14219 -0.988955 0.0418254
  outer loop
    vertex 0.9860639489450058 -3.35822540765074 1.351009150830832
    vertex -6.429395695523604e-16 -3.5 1.351009150830832
    vertex 0.498101933956497 -3.464375046583265 0.5
  endloop
endfacet
facet normal 0.14219 -0.988955 -0.0418254
  outer loop
    vertex 0.9860639489450058 -3.35822540765074 1.351009150830832
    vertex 0.4981019339565002 -3.464375046583264 2.202018301661664
    vertex -6.429395695523604e-16 -3.5 1.351009150830832
  endloop
endfacet
facet normal -4.45391e-16 -0.999125 -0.0418254
  outer loop
    vertex 0.498101933956497 -3.464375046583265 0.5
    vertex -6.429395695523604e-16 -3.5 1.351009150830832
    vertex -0.4981019339564983 -3.464375046583264 0.5
  endloop
endfacet
facet normal -0.000130776 -0.999122 0.0419018
  outer loop
    vertex 0.4981019339565002 -3.464375046583264 2.202018301661664
    vertex -0.4981304143901049 -3.46437095159562 2.19900668838176
    vertex -6.429395695523604e-16 -3.5 1.351009150830832
  endloop
endfacet
facet normal -0.142069 -0.98897 -0.0419018
  outer loop
    vertex -0.4981304143901049 -3.46437095159562 2.19900668838176
    vertex -0.9860915567113604 -3.358217301155863 1.347997537550928
    vertex -6.429395695523604e-16 -3.5 1.351009150830832
  endloop
endfacet
facet normal -0.281618 -0.958611 0.0419018
  outer loop
    vertex -0.4981304143901049 -3.46437095159562 2.19900668838176
    vertex -1.454004891577523 -3.183688077571142 2.195995075101857
    vertex -0.9860915567113604 -3.358217301155863 1.347997537550928
  endloop
endfacet
facet normal -0.142319 -0.988933 0.0419018
  outer loop
    vertex -6.429395695523604e-16 -3.5 1.351009150830832
    vertex -0.9860915567113604 -3.358217301155863 1.347997537550928
    vertex -0.4981019339564983 -3.464375046583264 0.5
  endloop
endfacet
facet normal 0.755055 -0.654259 -0.0428573
  outer loop
    vertex 2.944387364909134 -1.892242861094591 0.5
    vertex 2.64629815684286 -2.290656252057493 1.330472012457337
    vertex 2.292012568808499 -2.645123510239904 0.5
  endloop
endfacet
facet normal 0.654646 -0.75472 0.0428573
  outer loop
    vertex 2.64629815684286 -2.290656252057493 1.330472012457337
    vertex 1.893752044842756 -2.943416924707385 1.330472012457337
    vertex 2.292012568808499 -2.645123510239904 0.5
  endloop
endfacet
facet normal 0.654646 -0.75472 -0.0428573
  outer loop
    vertex 2.64629815684286 -2.290656252057493 1.330472012457337
    vertex 2.294723394881117 -2.642772131869353 2.160944024914674
    vertex 1.893752044842756 -2.943416924707385 1.330472012457337
  endloop
endfacet
facet normal 0.540144 -0.840481 -0.0428573
  outer loop
    vertex 2.292012568808499 -2.645123510239904 0.5
    vertex 1.893752044842756 -2.943416924707385 1.330472012457337
    vertex 1.453952545506604 -3.183711983740814 0.5
  endloop
endfacet
facet normal 0.416068 -0.90834 0.0424858
  outer loop
    vertex 1.453952545506604 -3.183711983740814 0.5
    vertex 1.893752044842756 -2.943416924707385 1.330472012457337
    vertex 0.9860639489450058 -3.35822540765074 1.351009150830832
  endloop
endfacet
facet normal 0.414477 -0.909067 -0.0424858
  outer loop
    vertex 1.893752044842756 -2.943416924707385 1.330472012457337
    vertex 1.45558447598064 -3.182966200462105 2.181481163288169
    vertex 0.9860639489450058 -3.35822540765074 1.351009150830832
  endloop
endfacet
facet normal 0.541534 -0.839605 0.0424858
  outer loop
    vertex 1.893752044842756 -2.943416924707385 1.330472012457337
    vertex 2.294723394881117 -2.642772131869353 2.160944024914674
    vertex 1.45558447598064 -3.182966200462105 2.181481163288169
  endloop
endfacet
facet normal 0.282563 -0.958308 0.0424858
  outer loop
    vertex 0.9860639489450058 -3.35822540765074 1.351009150830832
    vertex 1.45558447598064 -3.182966200462105 2.181481163288169
    vertex 0.4981019339565002 -3.464375046583264 2.202018301661664
  endloop
endfacet
facet normal 0.833608 -0.551262 0.0347508
  outer loop
    vertex 2.944387364909134 -1.892242861094591 0.5
    vertex 3.112834333582354 -1.600082001545828 1.093893443763022
    vertex 2.64629815684286 -2.290656252057493 1.330472012457337
  endloop
endfacet
facet normal 0.822564 -0.56761 -0.0347508
  outer loop
    vertex 3.112834333582354 -1.600082001545828 1.093893443763022
    vertex 2.854473414805941 -2.025334916542474 1.924365456220358
    vertex 2.64629815684286 -2.290656252057493 1.330472012457337
  endloop
endfacet
facet normal 0.882794 -0.468474 0.0347508
  outer loop
    vertex 3.112834333582354 -1.600082001545828 1.093893443763022
    vertex 3.252380897264496 -1.29306554323785 1.687786887526043
    vertex 2.854473414805941 -2.025334916542474 1.924365456220358
  endloop
endfacet
facet normal 0.747011 -0.663903 0.0347508
  outer loop
    vertex 2.64629815684286 -2.290656252057493 1.330472012457337
    vertex 2.854473414805941 -2.025334916542474 1.924365456220358
    vertex 2.294723394881117 -2.642772131869353 2.160944024914674
  endloop
endfacet
facet normal -0.754922 0.654185 -0.0462021
  outer loop
    vertex -2.944387364909135 1.892242861094591 2.202018301661663
    vertex -2.644965443116612 2.292194975284376 2.972597176114012
    vertex -2.291813425057415 2.64529605615829 2.201878007611039
  endloop
endfacet
facet normal -0.654076 0.755017 0.0462021
  outer loop
    vertex -2.644965443116612 2.292194975284376 2.972597176114012
    vertex -1.89181812453534 2.944660283238049 2.972456882063388
    vertex -2.291813425057415 2.64529605615829 2.201878007611039
  endloop
endfacet
facet normal -0.654086 0.755008 -0.0462021
  outer loop
    vertex -2.644965443116612 2.292194975284376 2.972597176114012
    vertex -2.291647723157228 2.645439606747486 3.74317605056636
    vertex -1.89181812453534 2.944660283238049 2.972456882063388
  endloop
endfacet
facet normal -0.539974 0.840413 -0.0462021
  outer loop
    vertex -2.291813425057415 2.64529605615829 2.201878007611039
    vertex -1.89181812453534 2.944660283238049 2.972456882063388
    vertex -1.453473159601949 3.1839308683319 2.201737713560415
  endloop
endfacet
facet normal -0.988766 0.142163 -0.0461726
  outer loop
    vertex -3.5 -1.125685854773646e-15 2.202018301661661
    vertex -3.464375046583265 0.4981019339564965 2.972756146739347
    vertex -3.358225407650741 0.9860639489450038 2.202018301661662
  endloop
endfacet
facet normal -0.95847 0.281432 0.0461726
  outer loop
    vertex -3.464375046583265 0.4981019339564965 2.972756146739347
    vertex -3.183711983740815 1.4539525455066 2.972756146739348
    vertex -3.358225407650741 0.9860639489450038 2.202018301661662
  endloop
endfacet
facet normal -0.95847 0.281432 -0.0461726
  outer loop
    vertex -3.464375046583265 0.4981019339564965 2.972756146739347
    vertex -3.358225407650742 0.9860639489450007 3.743493991817033
    vertex -3.183711983740815 1.4539525455066 2.972756146739348
  endloop
endfacet
facet normal -0.908662 0.414972 -0.0461726
  outer loop
    vertex -3.358225407650741 0.9860639489450038 2.202018301661662
    vertex -3.183711983740815 1.4539525455066 2.972756146739348
    vertex -2.944387364909135 1.892242861094591 2.202018301661663
  endloop
endfacet
facet normal -0.840333 0.540099 0.0461996
  outer loop
    vertex -2.944387364909135 1.892242861094591 2.202018301661663
    vertex -3.183711983740815 1.4539525455066 2.972756146739348
    vertex -2.644965443116612 2.292194975284376 2.972597176114012
  endloop
endfacet
facet normal -0.840341 0.540086 -0.0461996
  outer loop
    vertex -3.183711983740815 1.4539525455066 2.972756146739348
    vertex -2.944256865829359 1.892445906232641 3.743335021191697
    vertex -2.644965443116612 2.292194975284376 2.972597176114012
  endloop
endfacet
facet normal -0.908643 0.415009 0.0461996
  outer loop
    vertex -3.183711983740815 1.4539525455066 2.972756146739348
    vertex -3.358225407650742 0.9860639489450007 3.743493991817033
    vertex -2.944256865829359 1.892445906232641 3.743335021191697
  endloop
endfacet
facet normal -0.75487 0.654245 0.0461996
  outer loop
    vertex -2.644965443116612 2.292194975284376 2.972597176114012
    vertex -2.944256865829359 1.892445906232641 3.743335021191697
    vertex -2.291647723157228 2.645439606747486 3.74317605056636
  endloop
endfacet
facet normal 3.2511e-13 0.998951 0.0457871
  outer loop
    vertex 0.4981019339564964 3.464375046583265 5.297981698338337
    vertex 2.205140631035455e-05 3.499999999930533 4.520741553479573
    vertex -0.4981019339538613 3.464375046583644 5.297981698337145
  endloop
endfacet
facet normal -0.142159 0.988784 -0.0457871
  outer loop
    vertex 2.205140631035455e-05 3.499999999930533 4.520741553479573
    vertex -0.9860427907534624 3.358231620183921 4.520741553478382
    vertex -0.4981019339538613 3.464375046583644 5.297981698337145
  endloop
endfacet
facet normal -0.142159 0.988784 0.0457871
  outer loop
    vertex 2.205140631035455e-05 3.499999999930533 4.520741553479573
    vertex -0.4980582800073744 3.464381322792873 3.743501408620809
    vertex -0.9860427907534624 3.358231620183921 4.520741553478382
  endloop
endfacet
facet normal -0.281437 0.958487 0.0457871
  outer loop
    vertex -0.4981019339538613 3.464375046583644 5.297981698337145
    vertex -0.9860427907534624 3.358231620183921 4.520741553478382
    vertex -1.453952545501755 3.183711983743028 5.297981698335954
  endloop
endfacet
facet normal 0.540059 0.840508 0.0433914
  outer loop
    vertex 2.294916742670107 2.642604235259685 5.339816866154188
    vertex 1.813850837235201 2.993316745728918 4.533836520392369
    vertex 1.455700913162491 3.182912950650377 5.318899282246262
  endloop
endfacet
facet normal 0.391472 0.919167 -0.0433914
  outer loop
    vertex 1.813850837235201 2.993316745728918 4.533836520392369
    vertex 0.8952041283894164 3.383579401833885 4.512918936484443
    vertex 1.455700913162491 3.182912950650377 5.318899282246262
  endloop
endfacet
facet normal 0.389798 0.919878 0.0433914
  outer loop
    vertex 1.813850837235201 2.993316745728918 4.533836520392369
    vertex 1.280305611699122 3.257424986189511 3.72785617463055
    vertex 0.8952041283894164 3.383579401833885 4.512918936484443
  endloop
endfacet
facet normal 0.280858 0.958768 0.0433914
  outer loop
    vertex 1.455700913162491 3.182912950650377 5.318899282246262
    vertex 0.8952041283894164 3.383579401833885 4.512918936484443
    vertex 0.4981019339564964 3.464375046583265 5.297981698338337
  endloop
endfacet
facet normal 0.242248 0.96951 -0.0369624
  outer loop
    vertex 1.280305611699122 3.257424986189511 3.72785617463055
    vertex 0.4045805893759438 3.476537724043882 3.73567879162568
    vertex 0.8952041283894164 3.383579401833885 4.512918936484443
  endloop
endfacet
facet normal 0.129196 0.99093 0.0369624
  outer loop
    vertex 0.4045805893759438 3.476537724043882 3.73567879162568
    vertex 2.205140631035455e-05 3.499999999930533 4.520741553479573
    vertex 0.8952041283894164 3.383579401833885 4.512918936484443
  endloop
endfacet
facet normal -0.0137775 0.999222 -0.0369624
  outer loop
    vertex 0.4045805893759438 3.476537724043882 3.73567879162568
    vertex -0.4980582800073744 3.464381322792873 3.743501408620809
    vertex 2.205140631035455e-05 3.499999999930533 4.520741553479573
  endloop
endfacet
facet normal 0.128561 0.991013 -0.0369624
  outer loop
    vertex 0.8952041283894164 3.383579401833885 4.512918936484443
    vertex 2.205140631035455e-05 3.499999999930533 4.520741553479573
    vertex 0.4981019339564964 3.464375046583265 5.297981698338337
  endloop
endfacet
facet normal -0.755175 -0.65393 0.0456728
  outer loop
    vertex -2.944387364909134 -1.892242861094591 5.297981698338337
    vertex -2.645209160251688 -2.291913719693776 4.522358447420999
    vertex -2.292135371969929 -2.645017095703595 5.304610348524823
  endloop
endfacet
facet normal -0.653993 -0.75512 -0.0456728
  outer loop
    vertex -2.645209160251688 -2.291913719693776 4.522358447420999
    vertex -1.892489584979559 -2.944228790488928 4.528987097607486
    vertex -2.292135371969929 -2.645017095703595 5.304610348524823
  endloop
endfacet
facet normal -0.654453 -0.754722 0.0456728
  outer loop
    vertex -2.645209160251688 -2.291913719693776 4.522358447420999
    vertex -2.292210257435445 -2.644952199134746 3.746735196503663
    vertex -1.892489584979559 -2.944228790488928 4.528987097607486
  endloop
endfacet
facet normal -0.540391 -0.840174 0.0456728
  outer loop
    vertex -2.292135371969929 -2.645017095703595 5.304610348524823
    vertex -1.892489584979559 -2.944228790488928 4.528987097607486
    vertex -1.454248160792173 -3.183576964176079 5.31123899871131
  endloop
endfacet
facet normal -0.988782 -0.142165 0.0458091
  outer loop
    vertex -3.5 9.004559400694646e-12 5.297981698334666
    vertex -3.464376662258582 -0.4980906965584547 4.521114925217566
    vertex -3.358225407652009 -0.9860639489406841 5.297981698336502
  endloop
endfacet
facet normal -0.958487 -0.281434 -0.0458091
  outer loop
    vertex -3.464376662258582 -0.4980906965584547 4.521114925217566
    vertex -3.183716699908941 -1.453942218494572 4.521114925219401
    vertex -3.358225407652009 -0.9860639489406841 5.297981698336502
  endloop
endfacet
facet normal -0.958487 -0.281434 0.0458091
  outer loop
    vertex -3.464376662258582 -0.4980906965584547 4.521114925217566
    vertex -3.358231804569985 -0.9860421627773448 3.744248152100464
    vertex -3.183716699908941 -1.453942218494572 4.521114925219401
  endloop
endfacet
facet normal -0.908677 -0.414979 0.0458091
  outer loop
    vertex -3.358225407652009 -0.9860639489406841 5.297981698336502
    vertex -3.183716699908941 -1.453942218494572 4.521114925219401
    vertex -2.944387364909134 -1.892242861094591 5.297981698338337
  endloop
endfacet
facet normal -0.840349 -0.540104 -0.0458348
  outer loop
    vertex -2.944387364909134 -1.892242861094591 5.297981698338337
    vertex -3.183716699908941 -1.453942218494572 4.521114925219401
    vertex -2.645209160251688 -2.291913719693776 4.522358447420999
  endloop
endfacet
facet normal -0.840411 -0.540007 0.0458348
  outer loop
    vertex -3.183716699908941 -1.453942218494572 4.521114925219401
    vertex -2.94446421292599 -1.892123277907158 3.745491674302063
    vertex -2.645209160251688 -2.291913719693776 4.522358447420999
  endloop
endfacet
facet normal -0.908662 -0.415009 -0.0458348
  outer loop
    vertex -3.183716699908941 -1.453942218494572 4.521114925219401
    vertex -3.358231804569985 -0.9860421627773448 3.744248152100464
    vertex -2.94446421292599 -1.892123277907158 3.745491674302063
  endloop
endfacet
facet normal -0.754956 -0.654172 -0.0458348
  outer loop
    vertex -2.645209160251688 -2.291913719693776 4.522358447420999
    vertex -2.94446421292599 -1.892123277907158 3.745491674302063
    vertex -2.292210257435445 -2.644952199134746 3.746735196503663
  endloop
endfacet
facet normal 0.000134049 -0.998955 -0.0457012
  outer loop
    vertex 0.4981019339565002 -3.464375046583264 2.202018301661664
    vertex -1.25963584949448e-12 -3.5 2.979262154920021
    vertex -0.4981304143901049 -3.46437095159562 2.19900668838176
  endloop
endfacet
facet normal -0.142307 -0.988767 0.0457012
  outer loop
    vertex -1.25963584949448e-12 -3.5 2.979262154920021
    vertex -0.9860915567125683 -3.358217301155508 2.976250541640117
    vertex -0.4981304143901049 -3.46437095159562 2.19900668838176
  endloop
endfacet
facet normal -0.142033 -0.988806 -0.0457012
  outer loop
    vertex -1.25963584949448e-12 -3.5 2.979262154920021
    vertex -0.4981019339589937 -3.464375046582906 3.756506008178377
    vertex -0.9860915567125683 -3.358217301155508 2.976250541640117
  endloop
endfacet
facet normal -0.281317 -0.958526 -0.0457012
  outer loop
    vertex -0.4981304143901049 -3.46437095159562 2.19900668838176
    vertex -0.9860915567125683 -3.358217301155508 2.976250541640117
    vertex -1.454004891577523 -3.183688077571142 2.195995075101857
  endloop
endfacet
facet normal 0.540027 -0.840529 -0.043388
  outer loop
    vertex 2.294723394881117 -2.642772131869353 2.160944024914674
    vertex 1.81372515074169 -2.993392903974859 2.966578634652379
    vertex 1.45558447598064 -3.182966200462105 2.181481163288169
  endloop
endfacet
facet normal 0.391435 -0.919182 0.043388
  outer loop
    vertex 1.81372515074169 -2.993392903974859 2.966578634652379
    vertex 0.8951858338540684 -3.383584242023094 2.987115773025874
    vertex 1.45558447598064 -3.182966200462105 2.181481163288169
  endloop
endfacet
facet normal 0.389791 -0.919881 -0.043388
  outer loop
    vertex 1.81372515074169 -2.993392903974859 2.966578634652379
    vertex 1.280270386776932 -3.257438830851939 3.772213244390084
    vertex 0.8951858338540684 -3.383584242023094 2.987115773025874
  endloop
endfacet
facet normal 0.280856 -0.958769 -0.043388
  outer loop
    vertex 1.45558447598064 -3.182966200462105 2.181481163288169
    vertex 0.8951858338540684 -3.383584242023094 2.987115773025874
    vertex 0.4981019339565002 -3.464375046583264 2.202018301661664
  endloop
endfacet
facet normal 0.242236 -0.969513 0.0369613
  outer loop
    vertex 1.280270386776932 -3.257438830851939 3.772213244390084
    vertex 0.4045398886280129 -3.476542460334525 3.76435962628423
    vertex 0.8951858338540684 -3.383584242023094 2.987115773025874
  endloop
endfacet
facet normal 0.129191 -0.990931 -0.0369613
  outer loop
    vertex 0.4045398886280129 -3.476542460334525 3.76435962628423
    vertex -1.25963584949448e-12 -3.5 2.979262154920021
    vertex 0.8951858338540684 -3.383584242023094 2.987115773025874
  endloop
endfacet
facet normal -0.0137909 -0.999222 0.0369613
  outer loop
    vertex 0.4045398886280129 -3.476542460334525 3.76435962628423
    vertex -0.4981019339589937 -3.464375046582906 3.756506008178377
    vertex -1.25963584949448e-12 -3.5 2.979262154920021
  endloop
endfacet
facet normal 0.128554 -0.991014 0.0369613
  outer loop
    vertex 0.8951858338540684 -3.383584242023094 2.987115773025874
    vertex -1.25963584949448e-12 -3.5 2.979262154920021
    vertex 0.4981019339565002 -3.464375046583264 2.202018301661664
  endloop
endfacet
facet normal 0.7404 -0.671604 0.027518
  outer loop
    vertex 2.270123280363783 -2.663933237142099 5.33773465780738
    vertex 2.429255317078994 -2.519666367685102 4.577100004427072
    vertex 2.81786904251828 -2.075960996554875 4.950117328903691
  endloop
endfacet
facet normal 0.763332 -0.64542 -0.027518
  outer loop
    vertex 2.429255317078994 -2.519666367685102 4.577100004427072
    vertex 2.939903128674737 -1.899202357309113 4.189482675523383
    vertex 2.81786904251828 -2.075960996554875 4.950117328903691
  endloop
endfacet
facet normal 0.780202 -0.624922 0.027518
  outer loop
    vertex 2.429255317078994 -2.519666367685102 4.577100004427072
    vertex 2.579238295446759 -2.365909933894547 3.816465351046764
    vertex 2.939903128674737 -1.899202357309113 4.189482675523383
  endloop
endfacet
facet normal 0.874062 -0.485035 0.027518
  outer loop
    vertex 2.81786904251828 -2.075960996554875 4.950117328903691
    vertex 2.939903128674737 -1.899202357309113 4.189482675523383
    vertex 3.21707589285677 -1.378558195942345 4.562500000000003
  endloop
endfacet
facet normal 0.869695 -0.49353 0.00773744
  outer loop
    vertex 3.21707589285677 -1.378558195942345 4.562500000000003
    vertex 3.233140306297651 -1.340449088848036 5.187621217722688
    vertex 2.81786904251828 -2.075960996554875 4.950117328903691
  endloop
endfacet
facet normal 0.871834 -0.48974 -0.00773744
  outer loop
    vertex 3.233140306297651 -1.340449088848036 5.187621217722688
    vertex 2.842201814762722 -2.042520218788418 5.575238546626377
    vertex 2.81786904251828 -2.075960996554875 4.950117328903691
  endloop
endfacet
facet normal 0.875465 -0.483219 0.00773744
  outer loop
    vertex 3.233140306297651 -1.340449088848036 5.187621217722688
    vertex 3.248753302243083 -1.302152825579495 5.812742435445372
    vertex 2.842201814762722 -2.042520218788418 5.575238546626377
  endloop
endfacet
facet normal 0.73421 -0.678878 0.00773744
  outer loop
    vertex 2.81786904251828 -2.075960996554875 4.950117328903691
    vertex 2.842201814762722 -2.042520218788418 5.575238546626377
    vertex 2.270123280363783 -2.663933237142099 5.33773465780738
  endloop
endfacet
facet normal 0.278314 -0.959509 0.0434145
  outer loop
    vertex 0.4955291152053262 -3.464743987076654 5.307433669423863
    vertex 0.8939294294067329 -3.383916396018163 4.539823456906973
    vertex 1.439629382022322 -3.190214294121639 5.322584163615621
  endloop
endfacet
facet normal 0.388926 -0.920246 -0.0434145
  outer loop
    vertex 0.8939294294067329 -3.383916396018163 4.539823456906973
    vertex 1.799829442019282 -3.001768475355913 4.554973951098732
    vertex 1.439629382022322 -3.190214294121639 5.322584163615621
  endloop
endfacet
facet normal 0.387693 -0.920766 0.0434145
  outer loop
    vertex 0.8939294294067329 -3.383916396018163 4.539823456906973
    vertex 1.280270386776932 -3.257438830851939 3.772213244390084
    vertex 1.799829442019282 -3.001768475355913 4.554973951098732
  endloop
endfacet
facet normal 0.534201 -0.844242 0.0434145
  outer loop
    vertex 1.439629382022322 -3.190214294121639 5.322584163615621
    vertex 1.799829442019282 -3.001768475355913 4.554973951098732
    vertex 2.270123280363783 -2.663933237142099 5.33773465780738
  endloop
endfacet
facet normal 0.469297 -0.882737 -0.0231715
  outer loop
    vertex 1.280270386776932 -3.257438830851939 3.772213244390084
    vertex 1.980570059494873 -2.885713471471566 3.794339297718424
    vertex 1.799829442019282 -3.001768475355913 4.554973951098732
  endloop
endfacet
facet normal 0.607391 -0.794065 0.0231715
  outer loop
    vertex 1.980570059494873 -2.885713471471566 3.794339297718424
    vertex 2.429255317078994 -2.519666367685102 4.577100004427072
    vertex 1.799829442019282 -3.001768475355913 4.554973951098732
  endloop
endfacet
facet normal 0.655932 -0.754464 -0.0231715
  outer loop
    vertex 1.980570059494873 -2.885713471471566 3.794339297718424
    vertex 2.579238295446759 -2.365909933894547 3.816465351046764
    vertex 2.429255317078994 -2.519666367685102 4.577100004427072
  endloop
endfacet
facet normal 0.608418 -0.793279 -0.0231715
  outer loop
    vertex 1.799829442019282 -3.001768475355913 4.554973951098732
    vertex 2.429255317078994 -2.519666367685102 4.577100004427072
    vertex 2.270123280363783 -2.663933237142099 5.33773465780738
  endloop
endfacet
facet normal 0.7404 0.671604 -0.027518
  outer loop
    vertex 2.270123280364061 2.663933237141861 2.162265342192669
    vertex 2.429255317079283 2.519666367684823 2.922899995572746
    vertex 2.817869042518772 2.075960996554207 2.549882671096336
  endloop
endfacet
facet normal 0.763332 0.64542 0.027518
  outer loop
    vertex 2.429255317079283 2.519666367684823 2.922899995572746
    vertex 2.939903128675204 1.899202357308389 3.310517324476413
    vertex 2.817869042518772 2.075960996554207 2.549882671096336
  endloop
endfacet
facet normal 0.780202 0.624922 -0.027518
  outer loop
    vertex 2.429255317079283 2.519666367684823 2.922899995572746
    vertex 2.579238295447052 2.365909933894227 3.683534648952822
    vertex 2.939903128675204 1.899202357308389 3.310517324476413
  endloop
endfacet
facet normal 0.874062 0.485035 -0.027518
  outer loop
    vertex 2.817869042518772 2.075960996554207 2.549882671096336
    vertex 2.939903128675204 1.899202357308389 3.310517324476413
    vertex 3.217075892857278 1.37855819594116 2.937500000000004
  endloop
endfacet
facet normal 0.869695 0.49353 -0.00773744
  outer loop
    vertex 3.217075892857278 1.37855819594116 2.937500000000004
    vertex 3.233140306297947 1.340449088847324 2.31237878227728
    vertex 2.817869042518772 2.075960996554207 2.549882671096336
  endloop
endfacet
facet normal 0.871834 0.48974 0.00773744
  outer loop
    vertex 3.233140306297947 1.340449088847324 2.31237878227728
    vertex 2.842201814762901 2.042520218788169 1.924761453373613
    vertex 2.817869042518772 2.075960996554207 2.549882671096336
  endloop
endfacet
facet normal 0.875465 0.483219 -0.00773744
  outer loop
    vertex 3.233140306297947 1.340449088847324 2.31237878227728
    vertex 3.248753302243175 1.302152825579265 1.687257564554556
    vertex 2.842201814762901 2.042520218788169 1.924761453373613
  endloop
endfacet
facet normal 0.73421 0.678878 -0.00773744
  outer loop
    vertex 2.817869042518772 2.075960996554207 2.549882671096336
    vertex 2.842201814762901 2.042520218788169 1.924761453373613
    vertex 2.270123280364061 2.663933237141861 2.162265342192669
  endloop
endfacet
facet normal 0.278323 0.959506 -0.0434105
  outer loop
    vertex 0.4955714980665513 3.464737925197817 2.192543999992523
    vertex 0.8939684227742526 3.383906094897214 2.960200087311537
    vertex 1.439648894335937 3.190205488841951 2.177404671092596
  endloop
endfacet
facet normal 0.388933 0.920243 0.0434105
  outer loop
    vertex 0.8939684227742526 3.383906094897214 2.960200087311537
    vertex 1.799845672119184 3.001758743895625 2.94506075841161
    vertex 1.439648894335937 3.190205488841951 2.177404671092596
  endloop
endfacet
facet normal 0.387701 0.920762 -0.0434105
  outer loop
    vertex 0.8939684227742526 3.383906094897214 2.960200087311537
    vertex 1.280305611699122 3.257424986189511 3.72785617463055
    vertex 1.799845672119184 3.001758743895625 2.94506075841161
  endloop
endfacet
facet normal 0.534204 0.84424 -0.0434105
  outer loop
    vertex 1.439648894335937 3.190205488841951 2.177404671092596
    vertex 1.799845672119184 3.001758743895625 2.94506075841161
    vertex 2.270123280364061 2.663933237141861 2.162265342192669
  endloop
endfacet
facet normal 0.469305 0.882732 0.0231704
  outer loop
    vertex 1.280305611699122 3.257424986189511 3.72785617463055
    vertex 1.980585662099611 2.885702762774685 3.705695411791686
    vertex 1.799845672119184 3.001758743895625 2.94506075841161
  endloop
endfacet
facet normal 0.607392 0.794064 -0.0231704
  outer loop
    vertex 1.980585662099611 2.885702762774685 3.705695411791686
    vertex 2.429255317079283 2.519666367684823 2.922899995572746
    vertex 1.799845672119184 3.001758743895625 2.94506075841161
  endloop
endfacet
facet normal 0.655935 0.754462 0.0231704
  outer loop
    vertex 1.980585662099611 2.885702762774685 3.705695411791686
    vertex 2.579238295447052 2.365909933894227 3.683534648952822
    vertex 2.429255317079283 2.519666367684823 2.922899995572746
  endloop
endfacet
facet normal 0.608421 0.793276 0.0231704
  outer loop
    vertex 1.799845672119184 3.001758743895625 2.94506075841161
    vertex 2.429255317079283 2.519666367684823 2.922899995572746
    vertex 2.270123280364061 2.663933237141861 2.162265342192669
  endloop
endfacet
facet normal 0.882708 0.469923 -1.72422e-14
  outer loop
    vertex 3.217075892857278 1.37855819594116 2.937500000000004
    vertex 2.939903128675204 1.899202357308389 3.310517324476413
    vertex 3.217075892857214 1.37855819594131 3.750000000000003
  endloop
endfacet
facet normal 0.882708 0.469923 1.63877e-14
  outer loop
    vertex 2.939903128675204 1.899202357308389 3.310517324476413
    vertex 2.939903128675116 1.899202357308527 4.123017324476413
    vertex 3.217075892857214 1.37855819594131 3.750000000000003
  endloop
endfacet
facet normal 0.791263 0.611476 -1.7543e-14
  outer loop
    vertex 2.939903128675204 1.899202357308389 3.310517324476413
    vertex 2.579238295447052 2.365909933894227 3.683534648952822
    vertex 2.939903128675116 1.899202357308527 4.123017324476413
  endloop
endfacet
facet normal 0.882708 0.469923 -1.72422e-14
  outer loop
    vertex 3.217075892857214 1.37855819594131 3.750000000000003
    vertex 2.939903128675116 1.899202357308527 4.123017324476413
    vertex 3.217075892857149 1.378558195941461 4.562500000000003
  endloop
endfacet
facet normal 0.874336 0.484781 0.0228819
  outer loop
    vertex 3.217075892857149 1.378558195941461 4.562500000000003
    vertex 2.939903128675116 1.899202357308527 4.123017324476413
    vertex 2.827537586117239 2.062772696904412 4.951158433077095
  endloop
endfacet
facet normal 0.7662 0.642194 -0.0228819
  outer loop
    vertex 2.939903128675116 1.899202357308527 4.123017324476413
    vertex 2.441001181483276 2.508288905209535 4.511675757553506
    vertex 2.827537586117239 2.062772696904412 4.951158433077095
  endloop
endfacet
facet normal 0.780515 0.624718 0.0228819
  outer loop
    vertex 2.939903128675116 1.899202357308527 4.123017324476413
    vertex 2.579238295447052 2.365909933894227 3.683534648952822
    vertex 2.441001181483276 2.508288905209535 4.511675757553506
  endloop
endfacet
facet normal 0.743854 0.667951 0.0228819
  outer loop
    vertex 2.827537586117239 2.062772696904412 4.951158433077095
    vertex 2.441001181483276 2.508288905209535 4.511675757553506
    vertex 2.294916742670107 2.642604235259685 5.339816866154188
  endloop
endfacet
facet normal 0.73924 0.673389 0.00844591
  outer loop
    vertex 2.294916742670107 2.642604235259685 5.339816866154188
    vertex 2.854389792925337 2.025452766678022 5.576384333212054
    vertex 2.827537586117239 2.062772696904412 4.951158433077095
  endloop
endfacet
facet normal 0.873401 0.486929 -0.00844591
  outer loop
    vertex 2.854389792925337 2.025452766678022 5.576384333212054
    vertex 3.234906788665339 1.336180402732694 5.187725900134962
    vertex 2.827537586117239 2.062772696904412 4.951158433077095
  endloop
endfacet
facet normal 0.877431 0.479629 0.00844591
  outer loop
    vertex 2.854389792925337 2.025452766678022 5.576384333212054
    vertex 3.252179479995692 1.293572042792726 5.812951800269921
    vertex 3.234906788665339 1.336180402732694 5.187725900134962
  endloop
endfacet
facet normal 0.871055 0.491113 0.00844591
  outer loop
    vertex 2.827537586117239 2.062772696904412 4.951158433077095
    vertex 3.234906788665339 1.336180402732694 5.187725900134962
    vertex 3.217075892857149 1.378558195941461 4.562500000000003
  endloop
endfacet
facet normal 0.882779 -0.469789 -0.000238881
  outer loop
    vertex 3.21707589285677 -1.378558195942345 4.562500000000003
    vertex 2.939903128674737 -1.899202357309113 4.189482675523383
    vertex 3.217976248429576 -1.376455180724427 3.753899700498097
  endloop
endfacet
facet normal 0.882944 -0.469479 0.000238881
  outer loop
    vertex 2.939903128674737 -1.899202357309113 4.189482675523383
    vertex 2.941143842941878 -1.897280394439651 3.380882376021478
    vertex 3.217976248429576 -1.376455180724427 3.753899700498097
  endloop
endfacet
facet normal 0.791355 -0.611357 -0.000238881
  outer loop
    vertex 2.939903128674737 -1.899202357309113 4.189482675523383
    vertex 2.579238295446759 -2.365909933894547 3.816465351046764
    vertex 2.941143842941878 -1.897280394439651 3.380882376021478
  endloop
endfacet
facet normal 0.883085 -0.469212 -0.000238881
  outer loop
    vertex 3.217976248429576 -1.376455180724427 3.753899700498097
    vertex 2.941143842941878 -1.897280394439651 3.380882376021478
    vertex 3.2188752292532 -1.37435157747214 2.945299400996192
  endloop
endfacet
facet normal 0.874865 -0.48382 -0.0230174
  outer loop
    vertex 3.2188752292532 -1.37435157747214 2.945299400996192
    vertex 2.941143842941878 -1.897280394439651 3.380882376021478
    vertex 2.828809842092304 -2.06102762652074 2.553121712955432
  endloop
endfacet
facet normal 0.766309 -0.642059 0.0230174
  outer loop
    vertex 2.941143842941878 -1.897280394439651 3.380882376021478
    vertex 2.440909422502767 -2.508378199382463 2.988704687980719
    vertex 2.828809842092304 -2.06102762652074 2.553121712955432
  endloop
endfacet
facet normal 0.78079 -0.62437 -0.0230174
  outer loop
    vertex 2.941143842941878 -1.897280394439651 3.380882376021478
    vertex 2.579238295446759 -2.365909933894547 3.816465351046764
    vertex 2.440909422502767 -2.508378199382463 2.988704687980719
  endloop
endfacet
facet normal 0.744123 -0.667646 -0.0230174
  outer loop
    vertex 2.828809842092304 -2.06102762652074 2.553121712955432
    vertex 2.440909422502767 -2.508378199382463 2.988704687980719
    vertex 2.294723394881117 -2.642772131869353 2.160944024914674
  endloop
endfacet
facet normal 0.739309 -0.673318 -0.00804644
  outer loop
    vertex 2.294723394881117 -2.642772131869353 2.160944024914674
    vertex 2.854473414805941 -2.025334916542474 1.924365456220358
    vertex 2.828809842092304 -2.06102762652074 2.553121712955432
  endloop
endfacet
facet normal 0.873676 -0.486441 0.00804644
  outer loop
    vertex 2.854473414805941 -2.025334916542474 1.924365456220358
    vertex 3.23588331350013 -1.333813773137546 2.316543144261118
    vertex 2.828809842092304 -2.06102762652074 2.553121712955432
  endloop
endfacet
facet normal 0.877536 -0.479443 -0.00804644
  outer loop
    vertex 2.854473414805941 -2.025334916542474 1.924365456220358
    vertex 3.252380897264496 -1.29306554323785 1.687786887526043
    vertex 3.23588331350013 -1.333813773137546 2.316543144261118
  endloop
endfacet
facet normal 0.871445 -0.490428 -0.00804644
  outer loop
    vertex 2.828809842092304 -2.06102762652074 2.553121712955432
    vertex 3.23588331350013 -1.333813773137546 2.316543144261118
    vertex 3.2188752292532 -1.37435157747214 2.945299400996192
  endloop
endfacet
facet normal -0.908663 -0.414972 -0.0461501
  outer loop
    vertex -2.944387364909134 -1.892242861094591 2.202018301661662
    vertex -3.183716699908941 -1.453942218494572 2.973133226881063
    vertex -3.358225407650741 -0.9860639489450045 2.202018301661661
  endloop
endfacet
facet normal -0.958472 -0.281429 0.0461501
  outer loop
    vertex -3.183716699908941 -1.453942218494572 2.973133226881063
    vertex -3.464376662257941 -0.4980906965629117 2.973133226881063
    vertex -3.358225407650741 -0.9860639489450045 2.202018301661661
  endloop
endfacet
facet normal -0.958472 -0.281429 -0.0461501
  outer loop
    vertex -3.183716699908941 -1.453942218494572 2.973133226881063
    vertex -3.358231804569985 -0.9860421627773448 3.744248152100464
    vertex -3.464376662257941 -0.4980906965629117 2.973133226881063
  endloop
endfacet
facet normal -0.988767 -0.142163 -0.0461501
  outer loop
    vertex -3.358225407650741 -0.9860639489450045 2.202018301661661
    vertex -3.464376662257941 -0.4980906965629117 2.973133226881063
    vertex -3.5 -1.125685854773646e-15 2.202018301661661
  endloop
endfacet
facet normal -0.540196 -0.840282 -0.0459838
  outer loop
    vertex -1.454004891577523 -3.183688077571142 2.195995075101857
    vertex -1.89237709570588 -2.9443010932389 2.97136513580276
    vertex -2.29203431415642 -2.645104667632173 2.199006688381759
  endloop
endfacet
facet normal -0.654094 -0.755014 0.0459838
  outer loop
    vertex -1.89237709570588 -2.9443010932389 2.97136513580276
    vertex -2.645209160251688 -2.291913719693776 2.974376749082662
    vertex -2.29203431415642 -2.645104667632173 2.199006688381759
  endloop
endfacet
facet normal -0.654304 -0.754832 -0.0459838
  outer loop
    vertex -1.89237709570588 -2.9443010932389 2.97136513580276
    vertex -2.292210257435445 -2.644952199134746 3.746735196503663
    vertex -2.645209160251688 -2.291913719693776 2.974376749082662
  endloop
endfacet
facet normal -0.755044 -0.65406 -0.0459838
  outer loop
    vertex -2.29203431415642 -2.645104667632173 2.199006688381759
    vertex -2.645209160251688 -2.291913719693776 2.974376749082662
    vertex -2.944387364909134 -1.892242861094591 2.202018301661662
  endloop
endfacet
facet normal -0.755021 -0.654077 0.046102
  outer loop
    vertex -2.292210257435445 -2.644952199134746 3.746735196503663
    vertex -2.94446421292599 -1.892123277907158 3.745491674302063
    vertex -2.645209160251688 -2.291913719693776 2.974376749082662
  endloop
endfacet
facet normal -0.840339 -0.540097 -0.046102
  outer loop
    vertex -2.94446421292599 -1.892123277907158 3.745491674302063
    vertex -3.183716699908941 -1.453942218494572 2.973133226881063
    vertex -2.645209160251688 -2.291913719693776 2.974376749082662
  endloop
endfacet
facet normal -0.908698 -0.4149 0.046102
  outer loop
    vertex -2.94446421292599 -1.892123277907158 3.745491674302063
    vertex -3.358231804569985 -0.9860421627773448 3.744248152100464
    vertex -3.183716699908941 -1.453942218494572 2.973133226881063
  endloop
endfacet
facet normal -0.840401 -0.54 0.046102
  outer loop
    vertex -2.645209160251688 -2.291913719693776 2.974376749082662
    vertex -3.183716699908941 -1.453942218494572 2.973133226881063
    vertex -2.944387364909134 -1.892242861094591 2.202018301661662
  endloop
endfacet
facet normal -0.908678 0.414979 0.0457869
  outer loop
    vertex -2.944387364909135 1.892242861094591 5.297981698338338
    vertex -3.183711983740815 1.4539525455066 4.520737845077686
    vertex -3.358225407649472 0.9860639489493243 5.297981698336502
  endloop
endfacet
facet normal -0.958487 0.281437 -0.0457869
  outer loop
    vertex -3.183711983740815 1.4539525455066 4.520737845077686
    vertex -3.464375046582624 0.4981019339609536 4.52073784507585
    vertex -3.358225407649472 0.9860639489493243 5.297981698336502
  endloop
endfacet
facet normal -0.958487 0.281437 0.0457869
  outer loop
    vertex -3.183711983740815 1.4539525455066 4.520737845077686
    vertex -3.358225407650742 0.9860639489450007 3.743493991817033
    vertex -3.464375046582624 0.4981019339609536 4.52073784507585
  endloop
endfacet
facet normal -0.988783 0.142166 0.0457869
  outer loop
    vertex -3.358225407649472 0.9860639489493243 5.297981698336502
    vertex -3.464375046582624 0.4981019339609536 4.52073784507585
    vertex -3.5 9.004559400694646e-12 5.297981698334666
  endloop
endfacet
facet normal -0.540074 0.840372 0.0457776
  outer loop
    vertex -1.453952545501755 3.183711983743028 5.297981698335954
    vertex -1.892039806955358 2.944517849987724 4.520578874451157
    vertex -2.292012568806484 2.645123510241649 5.297981698337146
  endloop
endfacet
facet normal -0.654122 0.755002 -0.0457776
  outer loop
    vertex -1.892039806955358 2.944517849987724 4.520578874451157
    vertex -2.644965443116612 2.292194975284376 4.520578874452349
    vertex -2.292012568806484 2.645123510241649 5.297981698337146
  endloop
endfacet
facet normal -0.654122 0.755002 0.0457776
  outer loop
    vertex -1.892039806955358 2.944517849987724 4.520578874451157
    vertex -2.291647723157228 2.645439606747486 3.74317605056636
    vertex -2.644965443116612 2.292194975284376 4.520578874452349
  endloop
endfacet
facet normal -0.754957 0.654174 0.0457776
  outer loop
    vertex -2.292012568806484 2.645123510241649 5.297981698337146
    vertex -2.644965443116612 2.292194975284376 4.520578874452349
    vertex -2.944387364909135 1.892242861094591 5.297981698338338
  endloop
endfacet
facet normal -0.754893 0.654246 -0.0458043
  outer loop
    vertex -2.291647723157228 2.645439606747486 3.74317605056636
    vertex -2.944256865829359 1.892445906232641 3.743335021191697
    vertex -2.644965443116612 2.292194975284376 4.520578874452349
  endloop
endfacet
facet normal -0.840348 0.540109 0.0458043
  outer loop
    vertex -2.944256865829359 1.892445906232641 3.743335021191697
    vertex -3.183711983740815 1.4539525455066 4.520737845077686
    vertex -2.644965443116612 2.292194975284376 4.520578874452349
  endloop
endfacet
facet normal -0.908666 0.415004 -0.0458043
  outer loop
    vertex -2.944256865829359 1.892445906232641 3.743335021191697
    vertex -3.358225407650742 0.9860639489450007 3.743493991817033
    vertex -3.183711983740815 1.4539525455066 4.520737845077686
  endloop
endfacet
facet normal -0.840356 0.540096 -0.0458043
  outer loop
    vertex -2.644965443116612 2.292194975284376 4.520578874452349
    vertex -3.183711983740815 1.4539525455066 4.520737845077686
    vertex -2.944387364909135 1.892242861094591 5.297981698338338
  endloop
endfacet
facet normal -0.281599 -0.958442 0.0457318
  outer loop
    vertex -1.454248160792173 -3.183576964176079 5.31123899871131
    vertex -0.9862198608269658 -3.35817962386029 4.533872503444844
    vertex -0.4995490724487749 -3.464166670963678 5.309336334067586
  endloop
endfacet
facet normal -0.142459 -0.988744 -0.0457318
  outer loop
    vertex -0.9862198608269658 -3.35817962386029 4.533872503444844
    vertex -0.001299568527161084 -3.499999758731655 4.53196983880112
    vertex -0.4995490724487749 -3.464166670963678 5.309336334067586
  endloop
endfacet
facet normal -0.142286 -0.988769 0.0457318
  outer loop
    vertex -0.9862198608269658 -3.35817962386029 4.533872503444844
    vertex -0.4981019339589937 -3.464375046582906 3.756506008178377
    vertex -0.001299568527161084 -3.499999758731655 4.53196983880112
  endloop
endfacet
facet normal -0.000492122 -0.998954 0.0457318
  outer loop
    vertex -0.4995490724487749 -3.464166670963678 5.309336334067586
    vertex -0.001299568527161084 -3.499999758731655 4.53196983880112
    vertex 0.4955291152053262 -3.464743987076654 5.307433669423863
  endloop
endfacet
facet normal 0.128825 -0.990959 -0.0374835
  outer loop
    vertex 0.4955291152053262 -3.464743987076654 5.307433669423863
    vertex -0.001299568527161084 -3.499999758731655 4.53196983880112
    vertex 0.8939294294067329 -3.383916396018163 4.539823456906973
  endloop
endfacet
facet normal 0.128179 -0.991043 0.0374835
  outer loop
    vertex -0.001299568527161084 -3.499999758731655 4.53196983880112
    vertex 0.4045398886280129 -3.476542460334525 3.76435962628423
    vertex 0.8939294294067329 -3.383916396018163 4.539823456906973
  endloop
endfacet
facet normal -0.013143 -0.999211 -0.0374835
  outer loop
    vertex -0.001299568527161084 -3.499999758731655 4.53196983880112
    vertex -0.4981019339589937 -3.464375046582906 3.756506008178377
    vertex 0.4045398886280129 -3.476542460334525 3.76435962628423
  endloop
endfacet
facet normal 0.24286 -0.969337 -0.0374835
  outer loop
    vertex 0.8939294294067329 -3.383916396018163 4.539823456906973
    vertex 0.4045398886280129 -3.476542460334525 3.76435962628423
    vertex 1.280270386776932 -3.257438830851939 3.772213244390084
  endloop
endfacet
facet normal -0.281706 0.958403 -0.0458855
  outer loop
    vertex -1.453473159601949 3.1839308683319 2.201737713560415
    vertex -0.9857899645957814 3.358305844574351 2.972619561090612
    vertex -0.4991062503009688 3.464230499102291 2.197140856776469
  endloop
endfacet
facet normal -0.142092 0.988789 0.0458855
  outer loop
    vertex -0.9857899645957814 3.358305844574351 2.972619561090612
    vertex -0.001256110036622578 3.499999774598218 2.968022704306666
    vertex -0.4991062503009688 3.464230499102291 2.197140856776469
  endloop
endfacet
facet normal -0.142512 0.988729 -0.0458855
  outer loop
    vertex -0.9857899645957814 3.358305844574351 2.972619561090612
    vertex -0.4980582800073744 3.464381322792873 3.743501408620809
    vertex -0.001256110036622578 3.499999774598218 2.968022704306666
  endloop
endfacet
facet normal -0.000721662 0.998946 -0.0458855
  outer loop
    vertex -0.4991062503009688 3.464230499102291 2.197140856776469
    vertex -0.001256110036622578 3.499999774598218 2.968022704306666
    vertex 0.4955714980665513 3.464737925197817 2.192543999992523
  endloop
endfacet
facet normal 0.128836 0.990957 0.0374817
  outer loop
    vertex 0.4955714980665513 3.464737925197817 2.192543999992523
    vertex -0.001256110036622578 3.499999774598218 2.968022704306666
    vertex 0.8939684227742526 3.383906094897214 2.960200087311537
  endloop
endfacet
facet normal 0.128192 0.991041 -0.0374817
  outer loop
    vertex -0.001256110036622578 3.499999774598218 2.968022704306666
    vertex 0.4045805893759438 3.476537724043882 3.73567879162568
    vertex 0.8939684227742526 3.383906094897214 2.960200087311537
  endloop
endfacet
facet normal -0.0131322 0.999211 0.0374817
  outer loop
    vertex -0.001256110036622578 3.499999774598218 2.968022704306666
    vertex -0.4980582800073744 3.464381322792873 3.743501408620809
    vertex 0.4045805893759438 3.476537724043882 3.73567879162568
  endloop
endfacet
facet normal 0.242869 0.969335 0.0374817
  outer loop
    vertex 0.8939684227742526 3.383906094897214 2.960200087311537
    vertex 0.4045805893759438 3.476537724043882 3.73567879162568
    vertex 1.280305611699122 3.257424986189511 3.72785617463055
  endloop
endfacet
facet normal -0.414838 -0.90875 -0.0456485
  outer loop
    vertex -1.454248160792173 -3.183576964176079 5.31123899871131
    vertex -1.892489584979559 -2.944228790488928 4.528987097607486
    vertex -0.9862198608269658 -3.35817962386029 4.533872503444844
  endloop
endfacet
facet normal -0.415245 -0.908564 0.0456485
  outer loop
    vertex -1.892489584979559 -2.944228790488928 4.528987097607486
    vertex -1.454071518905147 -3.183657647723587 3.75162060234102
    vertex -0.9862198608269658 -3.35817962386029 4.533872503444844
  endloop
endfacet
facet normal -0.539936 -0.840467 -0.0456485
  outer loop
    vertex -1.892489584979559 -2.944228790488928 4.528987097607486
    vertex -2.292210257435445 -2.644952199134746 3.746735196503663
    vertex -1.454071518905147 -3.183657647723587 3.75162060234102
  endloop
endfacet
facet normal -0.281242 -0.958551 -0.0456485
  outer loop
    vertex -0.9862198608269658 -3.35817962386029 4.533872503444844
    vertex -1.454071518905147 -3.183657647723587 3.75162060234102
    vertex -0.4981019339589937 -3.464375046582906 3.756506008178377
  endloop
endfacet
facet normal -0.414877 0.908707 0.0461487
  outer loop
    vertex -1.453473159601949 3.1839308683319 2.201737713560415
    vertex -1.89181812453534 2.944660283238049 2.972456882063388
    vertex -0.9857899645957814 3.358305844574351 2.972619561090612
  endloop
endfacet
facet normal -0.414863 0.908713 -0.0461487
  outer loop
    vertex -1.89181812453534 2.944660283238049 2.972456882063388
    vertex -1.453712928880044 3.183821402090105 3.743338729593585
    vertex -0.9857899645957814 3.358305844574351 2.972619561090612
  endloop
endfacet
facet normal -0.539982 0.840411 0.0461487
  outer loop
    vertex -1.89181812453534 2.944660283238049 2.972456882063388
    vertex -2.291647723157228 2.645439606747486 3.74317605056636
    vertex -1.453712928880044 3.183821402090105 3.743338729593585
  endloop
endfacet
facet normal -0.281398 0.958481 0.0461487
  outer loop
    vertex -0.9857899645957814 3.358305844574351 2.972619561090612
    vertex -1.453712928880044 3.183821402090105 3.743338729593585
    vertex -0.4980582800073744 3.464381322792873 3.743501408620809
  endloop
endfacet
facet normal -0.98877 -0.142141 0.0461603
  outer loop
    vertex -3.358231804569985 -0.9860421627773448 3.744248152100464
    vertex -3.499999999981587 1.135294760109333e-05 3.743871071958749
    vertex -3.464376662257941 -0.4980906965629117 2.973133226881063
  endloop
endfacet
facet normal -0.998934 -1.58525e-05 -0.0461603
  outer loop
    vertex -3.499999999981587 1.135294760109333e-05 3.743871071958749
    vertex -3.464375046583265 0.4981019339564965 2.972756146739347
    vertex -3.464376662257941 -0.4980906965629117 2.973133226881063
  endloop
endfacet
facet normal -0.988764 0.142182 0.0461603
  outer loop
    vertex -3.499999999981587 1.135294760109333e-05 3.743871071958749
    vertex -3.358225407650742 0.9860639489450007 3.743493991817033
    vertex -3.464375046583265 0.4981019339564965 2.972756146739347
  endloop
endfacet
facet normal -0.998934 1.90928e-05 0.0461603
  outer loop
    vertex -3.464376662257941 -0.4980906965629117 2.973133226881063
    vertex -3.464375046583265 0.4981019339564965 2.972756146739347
    vertex -3.5 -1.125685854773646e-15 2.202018301661661
  endloop
endfacet
facet normal -0.998951 -1.5715e-05 -0.045797
  outer loop
    vertex -3.5 9.004559400694646e-12 5.297981698334666
    vertex -3.464375046582624 0.4981019339609536 4.52073784507585
    vertex -3.464376662258582 -0.4980906965584547 4.521114925217566
  endloop
endfacet
facet normal -0.998951 1.89553e-05 0.045797
  outer loop
    vertex -3.464375046582624 0.4981019339609536 4.52073784507585
    vertex -3.499999999981587 1.135294760109333e-05 3.743871071958749
    vertex -3.464376662258582 -0.4980906965584547 4.521114925217566
  endloop
endfacet
facet normal -0.988785 0.14215 -0.045797
  outer loop
    vertex -3.464375046582624 0.4981019339609536 4.52073784507585
    vertex -3.358225407650742 0.9860639489450007 3.743493991817033
    vertex -3.499999999981587 1.135294760109333e-05 3.743871071958749
  endloop
endfacet
facet normal -0.988781 -0.142178 -0.045797
  outer loop
    vertex -3.464376662258582 -0.4980906965584547 4.521114925217566
    vertex -3.499999999981587 1.135294760109333e-05 3.743871071958749
    vertex -3.358231804569985 -0.9860421627773448 3.744248152100464
  endloop
endfacet
facet normal -0.281671 -0.958419 0.0457654
  outer loop
    vertex -0.4981019339589937 -3.464375046582906 3.756506008178377
    vertex -1.454071518905147 -3.183657647723587 3.75162060234102
    vertex -0.9860915567125683 -3.358217301155508 2.976250541640117
  endloop
endfacet
facet normal -0.4148 -0.908761 -0.0457654
  outer loop
    vertex -1.454071518905147 -3.183657647723587 3.75162060234102
    vertex -1.89237709570588 -2.9443010932389 2.97136513580276
    vertex -0.9860915567125683 -3.358217301155508 2.976250541640117
  endloop
endfacet
facet normal -0.54031 -0.84022 0.0457654
  outer loop
    vertex -1.454071518905147 -3.183657647723587 3.75162060234102
    vertex -2.292210257435445 -2.644952199134746 3.746735196503663
    vertex -1.89237709570588 -2.9443010932389 2.97136513580276
  endloop
endfacet
facet normal -0.415208 -0.908574 0.0457654
  outer loop
    vertex -0.9860915567125683 -3.358217301155508 2.976250541640117
    vertex -1.89237709570588 -2.9443010932389 2.97136513580276
    vertex -1.454004891577523 -3.183688077571142 2.195995075101857
  endloop
endfacet
facet normal -0.281388 0.958502 -0.0457623
  outer loop
    vertex -0.4980582800073744 3.464381322792873 3.743501408620809
    vertex -1.453712928880044 3.183821402090105 3.743338729593585
    vertex -0.9860427907534624 3.358231620183921 4.520741553478382
  endloop
endfacet
facet normal -0.414952 0.908692 0.0457623
  outer loop
    vertex -1.453712928880044 3.183821402090105 3.743338729593585
    vertex -1.892039806955358 2.944517849987724 4.520578874451157
    vertex -0.9860427907534624 3.358231620183921 4.520741553478382
  endloop
endfacet
facet normal -0.539979 0.840434 -0.0457623
  outer loop
    vertex -1.453712928880044 3.183821402090105 3.743338729593585
    vertex -2.291647723157228 2.645439606747486 3.74317605056636
    vertex -1.892039806955358 2.944517849987724 4.520578874451157
  endloop
endfacet
facet normal -0.414939 0.908698 -0.0457623
  outer loop
    vertex -0.9860427907534624 3.358231620183921 4.520741553478382
    vertex -1.892039806955358 2.944517849987724 4.520578874451157
    vertex -1.453952545501755 3.183711983743028 5.297981698335954
  endloop
endfacet
facet normal 0.61119 0.791218 -0.0205126
  outer loop
    vertex 2.294916742670107 2.642604235259685 5.339816866154188
    vertex 2.441001181483276 2.508288905209535 4.511675757553506
    vertex 1.813850837235201 2.993316745728918 4.533836520392369
  endloop
endfacet
facet normal 0.612097 0.790516 0.0205126
  outer loop
    vertex 2.441001181483276 2.508288905209535 4.511675757553506
    vertex 1.980585662099611 2.885702762774685 3.705695411791686
    vertex 1.813850837235201 2.993316745728918 4.533836520392369
  endloop
endfacet
facet normal 0.655051 0.755306 -0.0205126
  outer loop
    vertex 2.441001181483276 2.508288905209535 4.511675757553506
    vertex 2.579238295447052 2.365909933894227 3.683534648952822
    vertex 1.980585662099611 2.885702762774685 3.705695411791686
  endloop
endfacet
facet normal 0.468253 0.883356 -0.0205126
  outer loop
    vertex 1.813850837235201 2.993316745728918 4.533836520392369
    vertex 1.980585662099611 2.885702762774685 3.705695411791686
    vertex 1.280305611699122 3.257424986189511 3.72785617463055
  endloop
endfacet
facet normal 0.611159 -0.791241 0.0205314
  outer loop
    vertex 2.294723394881117 -2.642772131869353 2.160944024914674
    vertex 2.440909422502767 -2.508378199382463 2.988704687980719
    vertex 1.81372515074169 -2.993392903974859 2.966578634652379
  endloop
endfacet
facet normal 0.612066 -0.79054 -0.0205314
  outer loop
    vertex 2.440909422502767 -2.508378199382463 2.988704687980719
    vertex 1.980570059494873 -2.885713471471566 3.794339297718424
    vertex 1.81372515074169 -2.993392903974859 2.966578634652379
  endloop
endfacet
facet normal 0.655049 -0.755307 0.0205314
  outer loop
    vertex 2.440909422502767 -2.508378199382463 2.988704687980719
    vertex 2.579238295446759 -2.365909933894547 3.816465351046764
    vertex 1.980570059494873 -2.885713471471566 3.794339297718424
  endloop
endfacet
facet normal 0.468246 -0.883359 0.0205314
  outer loop
    vertex 1.81372515074169 -2.993392903974859 2.966578634652379
    vertex 1.980570059494873 -2.885713471471566 3.794339297718424
    vertex 1.280270386776932 -3.257438830851939 3.772213244390084
  endloop
endfacet
facet normal 0 0 1
  outer loop
    vertex 2.944387364909133 1.892242861094593 7
    vertex 2.287221495112489 1.47705746442189 7
    vertex 3.358225407650741 0.9860639489450048 7
  endloop
endfacet
facet normal 0 0 1
  outer loop
    vertex 2.287221495112489 1.47705746442189 7
    vertex 2.565027812657923 0.5309360338745931 7
    vertex 3.358225407650741 0.9860639489450048 7
  endloop
endfacet
facet normal 0 0 1
  outer loop
    vertex 2.287221495112489 1.47705746442189 7
    vertex 1.630055625315846 1.061872067749186 7
    vertex 2.565027812657923 0.5309360338745931 7
  endloop
endfacet
facet normal 0 0 1
  outer loop
    vertex 3.358225407650741 0.9860639489450048 7
    vertex 2.565027812657923 0.5309360338745931 7
    vertex 3.5 -8.572527594031472e-16 7
  endloop
endfacet
facet normal 0 0 1
  outer loop
    vertex 3.5 -8.572527594031472e-16 7
    vertex 2.571387672037846 -0.2624030238850788 7
    vertex 3.358225407650741 -0.9860639489450043 7
  endloop
endfacet
facet normal 0 0 1
  outer loop
    vertex 2.571387672037846 -0.2624030238850788 7
    vertex 2.293581354492414 -1.208524454432375 7
    vertex 3.358225407650741 -0.9860639489450043 7
  endloop
endfacet
facet normal 0 0 1
  outer loop
    vertex 2.571387672037846 -0.2624030238850788 7
    vertex 1.642775344075693 -0.5248060477701576 7
    vertex 2.293581354492414 -1.208524454432375 7
  endloop
endfacet
facet normal 0 0 1
  outer loop
    vertex 3.358225407650741 -0.9860639489450043 7
    vertex 2.293581354492414 -1.208524454432375 7
    vertex 2.944387364909134 -1.892242861094591 7
  endloop
endfacet
facet normal 0 0 1
  outer loop
    vertex 3.5 -8.572527594031472e-16 7
    vertex 2.565027812657923 0.5309360338745931 7
    vertex 2.571387672037846 -0.2624030238850788 7
  endloop
endfacet
facet normal 0 0 1
  outer loop
    vertex 2.565027812657923 0.5309360338745931 7
    vertex 1.636415484695769 0.2685330099895142 7
    vertex 2.571387672037846 -0.2624030238850788 7
  endloop
endfacet
facet normal 0 0 1
  outer loop
    vertex 2.565027812657923 0.5309360338745931 7
    vertex 1.630055625315846 1.061872067749186 7
    vertex 1.636415484695769 0.2685330099895142 7
  endloop
endfacet
facet normal 0 0 1
  outer loop
    vertex 2.571387672037846 -0.2624030238850788 7
    vertex 1.636415484695769 0.2685330099895142 7
    vertex 1.642775344075693 -0.5248060477701576 7
  endloop
endfacet
facet normal 0 0 1
  outer loop
    vertex 1.453952545506601 3.183711983740815 7
    vertex 1.542004085411224 2.122792025745 7
    vertex 2.292012568808496 2.645123510239905 7
  endloop
endfacet
facet normal -0 0 1
  outer loop
    vertex 1.542004085411224 2.122792025745 7
    vertex 2.287221495112489 1.47705746442189 7
    vertex 2.292012568808496 2.645123510239905 7
  endloop
endfacet
facet normal 0 0 1
  outer loop
    vertex 1.542004085411224 2.122792025745 7
    vertex 1.630055625315846 1.061872067749186 7
    vertex 2.287221495112489 1.47705746442189 7
  endloop
endfacet
facet normal 0 0 1
  outer loop
    vertex 2.292012568808496 2.645123510239905 7
    vertex 2.287221495112489 1.47705746442189 7
    vertex 2.944387364909133 1.892242861094593 7
  endloop
endfacet
facet normal -0 0 1
  outer loop
    vertex -0.4981019339564998 3.464375046583264 7
    vertex -0.1189514661246904 2.637049427259615 7
    vertex 0.4981019339564964 3.464375046583265 7
  endloop
endfacet
facet normal -0 0 1
  outer loop
    vertex -0.1189514661246904 2.637049427259615 7
    vertex 0.8570757736068599 2.49671789583839 7
    vertex 0.4981019339564964 3.464375046583265 7
  endloop
endfacet
facet normal 0 0 1
  outer loop
    vertex -0.1189514661246904 2.637049427259615 7
    vertex 0.2601990017071189 1.809723807935965 7
    vertex 0.8570757736068599 2.49671789583839 7
  endloop
endfacet
facet normal 0 0 1
  outer loop
    vertex 0.4981019339564964 3.464375046583265 7
    vertex 0.8570757736068599 2.49671789583839 7
    vertex 1.453952545506601 3.183711983740815 7
  endloop
endfacet
facet normal -0 0 1
  outer loop
    vertex 0.2601990017071189 1.809723807935965 7
    vertex 0.9451273135114824 1.435797937842576 7
    vertex 0.8570757736068599 2.49671789583839 7
  endloop
endfacet
facet normal 0 -0 1
  outer loop
    vertex 0.9451273135114824 1.435797937842576 7
    vertex 1.542004085411224 2.122792025745 7
    vertex 0.8570757736068599 2.49671789583839 7
  endloop
endfacet
facet normal -0 0 1
  outer loop
    vertex 0.9451273135114824 1.435797937842576 7
    vertex 1.630055625315846 1.061872067749186 7
    vertex 1.542004085411224 2.122792025745 7
  endloop
endfacet
facet normal -0 0 1
  outer loop
    vertex 0.8570757736068599 2.49671789583839 7
    vertex 1.542004085411224 2.122792025745 7
    vertex 1.453952545506601 3.183711983740815 7
  endloop
endfacet
facet normal -0 0 1
  outer loop
    vertex -2.292012568808499 2.645123510239903 7
    vertex -1.790673576948951 2.066547470991988 7
    vertex -1.453952545506604 3.183711983740814 7
  endloop
endfacet
facet normal 0 0 1
  outer loop
    vertex -1.790673576948951 2.066547470991988 7
    vertex -0.8937182595229517 2.476173239163668 7
    vertex -1.453952545506604 3.183711983740814 7
  endloop
endfacet
facet normal -0 0 1
  outer loop
    vertex -1.790673576948951 2.066547470991988 7
    vertex -1.289334585089404 1.487971431744072 7
    vertex -0.8937182595229517 2.476173239163668 7
  endloop
endfacet
facet normal -0 0 1
  outer loop
    vertex -1.453952545506604 3.183711983740814 7
    vertex -0.8937182595229517 2.476173239163668 7
    vertex -0.4981019339564998 3.464375046583264 7
  endloop
endfacet
facet normal 0 0 1
  outer loop
    vertex -0.4981019339564998 3.464375046583264 7
    vertex -0.8937182595229517 2.476173239163668 7
    vertex -0.1189514661246904 2.637049427259615 7
  endloop
endfacet
facet normal -0 0 1
  outer loop
    vertex -0.8937182595229517 2.476173239163668 7
    vertex -0.5145677916911423 1.648847619840018 7
    vertex -0.1189514661246904 2.637049427259615 7
  endloop
endfacet
facet normal 0 0 1
  outer loop
    vertex -0.8937182595229517 2.476173239163668 7
    vertex -1.289334585089404 1.487971431744072 7
    vertex -0.5145677916911423 1.648847619840018 7
  endloop
endfacet
facet normal 0 0 1
  outer loop
    vertex -0.1189514661246904 2.637049427259615 7
    vertex -0.5145677916911423 1.648847619840018 7
    vertex 0.2601990017071189 1.809723807935965 7
  endloop
endfacet
facet normal 0 0 1
  outer loop
    vertex -3.358225407650741 0.9860639489450023 7
    vertex -2.323779996370072 1.237017690344537 7
    vertex -2.944387364909135 1.892242861094591 7
  endloop
endfacet
facet normal 0 -0 1
  outer loop
    vertex -2.323779996370072 1.237017690344537 7
    vertex -1.790673576948951 2.066547470991988 7
    vertex -2.944387364909135 1.892242861094591 7
  endloop
endfacet
facet normal 0 0 1
  outer loop
    vertex -2.323779996370072 1.237017690344537 7
    vertex -1.289334585089404 1.487971431744072 7
    vertex -1.790673576948951 2.066547470991988 7
  endloop
endfacet
facet normal 0 0 1
  outer loop
    vertex -2.944387364909135 1.892242861094591 7
    vertex -1.790673576948951 2.066547470991988 7
    vertex -2.292012568808499 2.645123510239903 7
  endloop
endfacet
facet normal 0 -0 1
  outer loop
    vertex -3.358225407650741 -0.9860639489450045 7
    vertex -2.608393831704232 -0.5088067817801695 7
    vertex -3.5 -1.125685854773646e-15 7
  endloop
endfacet
facet normal 0 0 1
  outer loop
    vertex -2.608393831704232 -0.5088067817801695 7
    vertex -2.608393831704232 0.4772571671648339 7
    vertex -3.5 -1.125685854773646e-15 7
  endloop
endfacet
facet normal 0 -0 1
  outer loop
    vertex -2.608393831704232 -0.5088067817801695 7
    vertex -1.858562255757723 -0.03154961461533445 7
    vertex -2.608393831704232 0.4772571671648339 7
  endloop
endfacet
facet normal 0 0 1
  outer loop
    vertex -3.5 -1.125685854773646e-15 7
    vertex -2.608393831704232 0.4772571671648339 7
    vertex -3.358225407650741 0.9860639489450023 7
  endloop
endfacet
facet normal 0 -0 1
  outer loop
    vertex -1.858562255757723 -0.03154961461533445 7
    vertex -1.573948420423563 0.7282109085643688 7
    vertex -2.608393831704232 0.4772571671648339 7
  endloop
endfacet
facet normal 0 0 1
  outer loop
    vertex -1.573948420423563 0.7282109085643688 7
    vertex -2.323779996370072 1.237017690344537 7
    vertex -2.608393831704232 0.4772571671648339 7
  endloop
endfacet
facet normal 0 -0 1
  outer loop
    vertex -1.573948420423563 0.7282109085643688 7
    vertex -1.289334585089404 1.487971431744072 7
    vertex -2.323779996370072 1.237017690344537 7
  endloop
endfacet
facet normal 0 -0 1
  outer loop
    vertex -2.608393831704232 0.4772571671648339 7
    vertex -2.323779996370072 1.237017690344537 7
    vertex -3.358225407650741 0.9860639489450023 7
  endloop
endfacet
facet normal 0 -0 1
  outer loop
    vertex -2.292012568808498 -2.645123510239904 7
    vertex -1.755885570247643 -2.064386329527552 7
    vertex -2.944387364909134 -1.892242861094591 7
  endloop
endfacet
facet normal 0 0 1
  outer loop
    vertex -1.755885570247643 -2.064386329527552 7
    vertex -2.288991989668764 -1.234856548880102 7
    vertex -2.944387364909134 -1.892242861094591 7
  endloop
endfacet
facet normal 0 -0 1
  outer loop
    vertex -1.755885570247643 -2.064386329527552 7
    vertex -1.219758571686788 -1.483649148815199 7
    vertex -2.288991989668764 -1.234856548880102 7
  endloop
endfacet
facet normal 0 -0 1
  outer loop
    vertex -2.944387364909134 -1.892242861094591 7
    vertex -2.288991989668764 -1.234856548880102 7
    vertex -3.358225407650741 -0.9860639489450045 7
  endloop
endfacet
facet normal -0 0 1
  outer loop
    vertex -3.358225407650741 -0.9860639489450045 7
    vertex -2.288991989668764 -1.234856548880102 7
    vertex -2.608393831704232 -0.5088067817801695 7
  endloop
endfacet
facet normal 0 -0 1
  outer loop
    vertex -2.288991989668764 -1.234856548880102 7
    vertex -1.539160413722255 -0.757599381715267 7
    vertex -2.608393831704232 -0.5088067817801695 7
  endloop
endfacet
facet normal -0 0 1
  outer loop
    vertex -2.288991989668764 -1.234856548880102 7
    vertex -1.219758571686788 -1.483649148815199 7
    vertex -1.539160413722255 -0.757599381715267 7
  endloop
endfacet
facet normal -0 0 1
  outer loop
    vertex -2.608393831704232 -0.5088067817801695 7
    vertex -1.539160413722255 -0.757599381715267 7
    vertex -1.858562255757723 -0.03154961461533445 7
  endloop
endfacet
facet normal 0 0 1
  outer loop
    vertex -0.4981019339564983 -3.464375046583264 7
    vertex -0.858930252821643 -2.474012097699232 7
    vertex -1.453952545506602 -3.183711983740815 7
  endloop
endfacet
facet normal 0 0 1
  outer loop
    vertex -0.858930252821643 -2.474012097699232 7
    vertex -1.755885570247643 -2.064386329527552 7
    vertex -1.453952545506602 -3.183711983740815 7
  endloop
endfacet
facet normal 0 0 1
  outer loop
    vertex -0.858930252821643 -2.474012097699232 7
    vertex -1.219758571686788 -1.483649148815199 7
    vertex -1.755885570247643 -2.064386329527552 7
  endloop
endfacet
facet normal 0 0 1
  outer loop
    vertex -1.453952545506602 -3.183711983740815 7
    vertex -1.755885570247643 -2.064386329527552 7
    vertex -2.292012568808498 -2.645123510239904 7
  endloop
endfacet
facet normal 0 0 1
  outer loop
    vertex 1.453952545506604 -3.183711983740814 7
    vertex 1.081641892931402 -2.484427278871204 7
    vertex 0.498101933956497 -3.464375046583265 7
  endloop
endfacet
facet normal 0 0 1
  outer loop
    vertex 1.081641892931402 -2.484427278871204 7
    vertex 0.1056146531998512 -2.62475881029243 7
    vertex 0.498101933956497 -3.464375046583265 7
  endloop
endfacet
facet normal 0 0 1
  outer loop
    vertex 1.081641892931402 -2.484427278871204 7
    vertex 0.7093312403562007 -1.785142574001594 7
    vertex 0.1056146531998512 -2.62475881029243 7
  endloop
endfacet
facet normal 0 0 1
  outer loop
    vertex 0.498101933956497 -3.464375046583265 7
    vertex 0.1056146531998512 -2.62475881029243 7
    vertex -0.4981019339564983 -3.464375046583264 7
  endloop
endfacet
facet normal 0 0 1
  outer loop
    vertex 0.7093312403562007 -1.785142574001594 7
    vertex -0.2552136656652936 -1.634395861408397 7
    vertex 0.1056146531998512 -2.62475881029243 7
  endloop
endfacet
facet normal 0 0 1
  outer loop
    vertex -0.2552136656652936 -1.634395861408397 7
    vertex -0.858930252821643 -2.474012097699232 7
    vertex 0.1056146531998512 -2.62475881029243 7
  endloop
endfacet
facet normal 0 0 1
  outer loop
    vertex -0.2552136656652936 -1.634395861408397 7
    vertex -1.219758571686788 -1.483649148815199 7
    vertex -0.858930252821643 -2.474012097699232 7
  endloop
endfacet
facet normal 0 0 1
  outer loop
    vertex 0.1056146531998512 -2.62475881029243 7
    vertex -0.858930252821643 -2.474012097699232 7
    vertex -0.4981019339564983 -3.464375046583264 7
  endloop
endfacet
facet normal 0 0 1
  outer loop
    vertex 2.944387364909134 -1.892242861094591 7
    vertex 1.826859302632668 -1.838692717548093 7
    vertex 2.292012568808499 -2.645123510239904 7
  endloop
endfacet
facet normal 0 0 1
  outer loop
    vertex 1.826859302632668 -1.838692717548093 7
    vertex 1.081641892931402 -2.484427278871204 7
    vertex 2.292012568808499 -2.645123510239904 7
  endloop
endfacet
facet normal 0 0 1
  outer loop
    vertex 1.826859302632668 -1.838692717548093 7
    vertex 0.7093312403562007 -1.785142574001594 7
    vertex 1.081641892931402 -2.484427278871204 7
  endloop
endfacet
facet normal 0 0 1
  outer loop
    vertex 2.292012568808499 -2.645123510239904 7
    vertex 1.081641892931402 -2.484427278871204 7
    vertex 1.453952545506604 -3.183711983740814 7
  endloop
endfacet
facet normal 0 0 1
  outer loop
    vertex 1.642775344075693 -0.5248060477701576 7
    vertex 1.176053292215947 -1.154974310885876 7
    vertex 2.293581354492414 -1.208524454432375 7
  endloop
endfacet
facet normal 0 0 1
  outer loop
    vertex 1.176053292215947 -1.154974310885876 7
    vertex 1.826859302632668 -1.838692717548093 7
    vertex 2.293581354492414 -1.208524454432375 7
  endloop
endfacet
facet normal 0 0 1
  outer loop
    vertex 1.176053292215947 -1.154974310885876 7
    vertex 0.7093312403562007 -1.785142574001594 7
    vertex 1.826859302632668 -1.838692717548093 7
  endloop
endfacet
facet normal 0 0 1
  outer loop
    vertex 2.293581354492414 -1.208524454432375 7
    vertex 1.826859302632668 -1.838692717548093 7
    vertex 2.944387364909134 -1.892242861094591 7
  endloop
endfacet
facet normal 0 0 1
  outer loop
    vertex 1.642775344075693 -0.5248060477701576 7
    vertex 0.8108974198861121 -0.2572231231381275 7
    vertex 1.176053292215947 -1.154974310885876 7
  endloop
endfacet
facet normal 0 0 1
  outer loop
    vertex 0.8108974198861121 -0.2572231231381275 7
    vertex 0.344175368026366 -0.8873913862538459 7
    vertex 1.176053292215947 -1.154974310885876 7
  endloop
endfacet
facet normal 0 0 1
  outer loop
    vertex 0.8108974198861121 -0.2572231231381275 7
    vertex -0.02098050430346859 0.01035980149390263 7
    vertex 0.344175368026366 -0.8873913862538459 7
  endloop
endfacet
facet normal 0 0 1
  outer loop
    vertex 1.176053292215947 -1.154974310885876 7
    vertex 0.344175368026366 -0.8873913862538459 7
    vertex 0.7093312403562007 -1.785142574001594 7
  endloop
endfacet
facet normal 0 0 1
  outer loop
    vertex 1.642775344075693 -0.5248060477701576 7
    vertex 1.636415484695769 0.2685330099895142 7
    vertex 0.8108974198861121 -0.2572231231381275 7
  endloop
endfacet
facet normal 0 0 1
  outer loop
    vertex 1.636415484695769 0.2685330099895142 7
    vertex 0.8045375605061887 0.5361159346215444 7
    vertex 0.8108974198861121 -0.2572231231381275 7
  endloop
endfacet
facet normal 0 0 1
  outer loop
    vertex 1.636415484695769 0.2685330099895142 7
    vertex 1.630055625315846 1.061872067749186 7
    vertex 0.8045375605061887 0.5361159346215444 7
  endloop
endfacet
facet normal 0 0 1
  outer loop
    vertex 0.8108974198861121 -0.2572231231381275 7
    vertex 0.8045375605061887 0.5361159346215444 7
    vertex -0.02098050430346859 0.01035980149390263 7
  endloop
endfacet
facet normal -0 0 1
  outer loop
    vertex -1.858562255757723 -0.03154961461533445 7
    vertex -1.539160413722255 -0.757599381715267 7
    vertex -0.9397713800305956 -0.01059490656071591 7
  endloop
endfacet
facet normal 0 0 1
  outer loop
    vertex -1.539160413722255 -0.757599381715267 7
    vertex -0.6203695379951282 -0.7366446736606485 7
    vertex -0.9397713800305956 -0.01059490656071591 7
  endloop
endfacet
facet normal -0 0 1
  outer loop
    vertex -1.539160413722255 -0.757599381715267 7
    vertex -1.219758571686788 -1.483649148815199 7
    vertex -0.6203695379951282 -0.7366446736606485 7
  endloop
endfacet
facet normal -0 0 1
  outer loop
    vertex -0.9397713800305956 -0.01059490656071591 7
    vertex -0.6203695379951282 -0.7366446736606485 7
    vertex -0.02098050430346859 0.01035980149390263 7
  endloop
endfacet
facet normal 0 0 1
  outer loop
    vertex -0.02098050430346859 0.01035980149390263 7
    vertex -0.6551575446964362 0.7491656166189873 7
    vertex -0.9397713800305956 -0.01059490656071591 7
  endloop
endfacet
facet normal 0 0 1
  outer loop
    vertex -0.6551575446964362 0.7491656166189873 7
    vertex -1.573948420423563 0.7282109085643688 7
    vertex -0.9397713800305956 -0.01059490656071591 7
  endloop
endfacet
facet normal 0 0 1
  outer loop
    vertex -0.6551575446964362 0.7491656166189873 7
    vertex -1.289334585089404 1.487971431744072 7
    vertex -1.573948420423563 0.7282109085643688 7
  endloop
endfacet
facet normal 0 0 1
  outer loop
    vertex -0.9397713800305956 -0.01059490656071591 7
    vertex -1.573948420423563 0.7282109085643688 7
    vertex -1.858562255757723 -0.03154961461533445 7
  endloop
endfacet
facet normal 0 0 1
  outer loop
    vertex -0.02098050430346859 0.01035980149390263 7
    vertex 0.8045375605061887 0.5361159346215444 7
    vertex 0.1196092487018252 0.9100418047149338 7
  endloop
endfacet
facet normal 0 -0 1
  outer loop
    vertex 0.8045375605061887 0.5361159346215444 7
    vertex 0.9451273135114824 1.435797937842576 7
    vertex 0.1196092487018252 0.9100418047149338 7
  endloop
endfacet
facet normal 0 0 1
  outer loop
    vertex 0.8045375605061887 0.5361159346215444 7
    vertex 1.630055625315846 1.061872067749186 7
    vertex 0.9451273135114824 1.435797937842576 7
  endloop
endfacet
facet normal 0 0 1
  outer loop
    vertex 0.1196092487018252 0.9100418047149338 7
    vertex 0.9451273135114824 1.435797937842576 7
    vertex 0.2601990017071189 1.809723807935965 7
  endloop
endfacet
facet normal 0 0 1
  outer loop
    vertex 0.2601990017071189 1.809723807935965 7
    vertex -0.5145677916911423 1.648847619840018 7
    vertex 0.1196092487018252 0.9100418047149338 7
  endloop
endfacet
facet normal 0 0 1
  outer loop
    vertex -0.5145677916911423 1.648847619840018 7
    vertex -0.6551575446964362 0.7491656166189873 7
    vertex 0.1196092487018252 0.9100418047149338 7
  endloop
endfacet
facet normal 0 0 1
  outer loop
    vertex -0.5145677916911423 1.648847619840018 7
    vertex -1.289334585089404 1.487971431744072 7
    vertex -0.6551575446964362 0.7491656166189873 7
  endloop
endfacet
facet normal 0 0 1
  outer loop
    vertex 0.1196092487018252 0.9100418047149338 7
    vertex -0.6551575446964362 0.7491656166189873 7
    vertex -0.02098050430346859 0.01035980149390263 7
  endloop
endfacet
facet normal 0 0 1
  outer loop
    vertex -0.02098050430346859 0.01035980149390263 7
    vertex -0.6203695379951282 -0.7366446736606485 7
    vertex 0.344175368026366 -0.8873913862538459 7
  endloop
endfacet
facet normal 0 0 1
  outer loop
    vertex -0.6203695379951282 -0.7366446736606485 7
    vertex -0.2552136656652936 -1.634395861408397 7
    vertex 0.344175368026366 -0.8873913862538459 7
  endloop
endfacet
facet normal 0 0 1
  outer loop
    vertex -0.6203695379951282 -0.7366446736606485 7
    vertex -1.219758571686788 -1.483649148815199 7
    vertex -0.2552136656652936 -1.634395861408397 7
  endloop
endfacet
facet normal 0 0 1
  outer loop
    vertex 0.344175368026366 -0.8873913862538459 7
    vertex -0.2552136656652936 -1.634395861408397 7
    vertex 0.7093312403562007 -1.785142574001594 7
  endloop
endfacet
facet normal 0 -0 -1
  outer loop
    vertex 2.944387364909133 1.892242861094593 0.5
    vertex 3.358225407650741 0.9860639489450048 0.5
    vertex 2.287221495112489 1.47705746442189 0.5
  endloop
endfacet
facet normal -0 0 -1
  outer loop
    vertex 3.358225407650741 0.9860639489450048 0.5
    vertex 2.565027812657923 0.5309360338745931 0.5
    vertex 2.287221495112489 1.47705746442189 0.5
  endloop
endfacet
facet normal 0 -0 -1
  outer loop
    vertex 3.358225407650741 0.9860639489450048 0.5
    vertex 3.5 -8.572527594031472e-16 0.5
    vertex 2.565027812657923 0.5309360338745931 0.5
  endloop
endfacet
facet normal 0 -0 -1
  outer loop
    vertex 2.287221495112489 1.47705746442189 0.5
    vertex 2.565027812657923 0.5309360338745931 0.5
    vertex 1.630055625315846 1.061872067749186 0.5
  endloop
endfacet
facet normal 0 0 -1
  outer loop
    vertex 3.5 -8.572527594031472e-16 0.5
    vertex 3.358225407650741 -0.9860639489450043 0.5
    vertex 2.571387672037846 -0.2624030238850788 0.5
  endloop
endfacet
facet normal -0 0 -1
  outer loop
    vertex 3.358225407650741 -0.9860639489450043 0.5
    vertex 2.293581354492414 -1.208524454432374 0.5
    vertex 2.571387672037846 -0.2624030238850788 0.5
  endloop
endfacet
facet normal 0 0 -1
  outer loop
    vertex 3.358225407650741 -0.9860639489450043 0.5
    vertex 2.944387364909134 -1.892242861094591 0.5
    vertex 2.293581354492414 -1.208524454432374 0.5
  endloop
endfacet
facet normal 0 0 -1
  outer loop
    vertex 2.571387672037846 -0.2624030238850788 0.5
    vertex 2.293581354492414 -1.208524454432374 0.5
    vertex 1.642775344075693 -0.5248060477701576 0.5
  endloop
endfacet
facet normal -0 0 -1
  outer loop
    vertex 3.5 -8.572527594031472e-16 0.5
    vertex 2.571387672037846 -0.2624030238850788 0.5
    vertex 2.565027812657923 0.5309360338745931 0.5
  endloop
endfacet
facet normal 0 0 -1
  outer loop
    vertex 2.571387672037846 -0.2624030238850788 0.5
    vertex 1.636415484695769 0.2685330099895143 0.5
    vertex 2.565027812657923 0.5309360338745931 0.5
  endloop
endfacet
facet normal -0 0 -1
  outer loop
    vertex 2.571387672037846 -0.2624030238850788 0.5
    vertex 1.642775344075693 -0.5248060477701576 0.5
    vertex 1.636415484695769 0.2685330099895143 0.5
  endloop
endfacet
facet normal -0 0 -1
  outer loop
    vertex 2.565027812657923 0.5309360338745931 0.5
    vertex 1.636415484695769 0.2685330099895143 0.5
    vertex 1.630055625315846 1.061872067749186 0.5
  endloop
endfacet
facet normal 0 0 -1
  outer loop
    vertex 1.453952545506601 3.183711983740815 0.5
    vertex 2.292012568808496 2.645123510239905 0.5
    vertex 1.542004085411224 2.122792025745 0.5
  endloop
endfacet
facet normal 0 0 -1
  outer loop
    vertex 2.292012568808496 2.645123510239905 0.5
    vertex 2.287221495112489 1.47705746442189 0.5
    vertex 1.542004085411224 2.122792025745 0.5
  endloop
endfacet
facet normal 0 -0 -1
  outer loop
    vertex 2.292012568808496 2.645123510239905 0.5
    vertex 2.944387364909133 1.892242861094593 0.5
    vertex 2.287221495112489 1.47705746442189 0.5
  endloop
endfacet
facet normal 0 0 -1
  outer loop
    vertex 1.542004085411224 2.122792025745 0.5
    vertex 2.287221495112489 1.47705746442189 0.5
    vertex 1.630055625315846 1.061872067749186 0.5
  endloop
endfacet
facet normal 0 0 -1
  outer loop
    vertex -0.4981019339564998 3.464375046583264 0.5
    vertex 0.4981019339564964 3.464375046583265 0.5
    vertex -0.1189514661246904 2.637049427259615 0.5
  endloop
endfacet
facet normal 0 -0 -1
  outer loop
    vertex 0.4981019339564964 3.464375046583265 0.5
    vertex 0.85707577360686 2.49671789583839 0.5
    vertex -0.1189514661246904 2.637049427259615 0.5
  endloop
endfacet
facet normal 0 0 -1
  outer loop
    vertex 0.4981019339564964 3.464375046583265 0.5
    vertex 1.453952545506601 3.183711983740815 0.5
    vertex 0.85707577360686 2.49671789583839 0.5
  endloop
endfacet
facet normal 0 0 -1
  outer loop
    vertex -0.1189514661246904 2.637049427259615 0.5
    vertex 0.85707577360686 2.49671789583839 0.5
    vertex 0.2601990017071189 1.809723807935965 0.5
  endloop
endfacet
facet normal 0 0 -1
  outer loop
    vertex 0.2601990017071189 1.809723807935965 0.5
    vertex 0.85707577360686 2.49671789583839 0.5
    vertex 0.9451273135114825 1.435797937842576 0.5
  endloop
endfacet
facet normal 0 0 -1
  outer loop
    vertex 0.85707577360686 2.49671789583839 0.5
    vertex 1.542004085411224 2.122792025745 0.5
    vertex 0.9451273135114825 1.435797937842576 0.5
  endloop
endfacet
facet normal 0 0 -1
  outer loop
    vertex 0.85707577360686 2.49671789583839 0.5
    vertex 1.453952545506601 3.183711983740815 0.5
    vertex 1.542004085411224 2.122792025745 0.5
  endloop
endfacet
facet normal 0 0 -1
  outer loop
    vertex 0.9451273135114825 1.435797937842576 0.5
    vertex 1.542004085411224 2.122792025745 0.5
    vertex 1.630055625315846 1.061872067749186 0.5
  endloop
endfacet
facet normal 0 0 -1
  outer loop
    vertex -2.292012568808499 2.645123510239903 0.5
    vertex -1.453952545506604 3.183711983740814 0.5
    vertex -1.790673576948951 2.066547470991988 0.5
  endloop
endfacet
facet normal 0 -0 -1
  outer loop
    vertex -1.453952545506604 3.183711983740814 0.5
    vertex -0.8937182595229516 2.476173239163668 0.5
    vertex -1.790673576948951 2.066547470991988 0.5
  endloop
endfacet
facet normal 0 0 -1
  outer loop
    vertex -1.453952545506604 3.183711983740814 0.5
    vertex -0.4981019339564998 3.464375046583264 0.5
    vertex -0.8937182595229516 2.476173239163668 0.5
  endloop
endfacet
facet normal 0 0 -1
  outer loop
    vertex -1.790673576948951 2.066547470991988 0.5
    vertex -0.8937182595229516 2.476173239163668 0.5
    vertex -1.289334585089404 1.487971431744072 0.5
  endloop
endfacet
facet normal 0 -0 -1
  outer loop
    vertex -0.4981019339564998 3.464375046583264 0.5
    vertex -0.1189514661246904 2.637049427259615 0.5
    vertex -0.8937182595229516 2.476173239163668 0.5
  endloop
endfacet
facet normal 0 0 -1
  outer loop
    vertex -0.1189514661246904 2.637049427259615 0.5
    vertex -0.5145677916911424 1.648847619840018 0.5
    vertex -0.8937182595229516 2.476173239163668 0.5
  endloop
endfacet
facet normal 0 -0 -1
  outer loop
    vertex -0.1189514661246904 2.637049427259615 0.5
    vertex 0.2601990017071189 1.809723807935965 0.5
    vertex -0.5145677916911424 1.648847619840018 0.5
  endloop
endfacet
facet normal 0 -0 -1
  outer loop
    vertex -0.8937182595229516 2.476173239163668 0.5
    vertex -0.5145677916911424 1.648847619840018 0.5
    vertex -1.289334585089404 1.487971431744072 0.5
  endloop
endfacet
facet normal 0 0 -1
  outer loop
    vertex -3.358225407650741 0.9860639489450023 0.5
    vertex -2.944387364909135 1.892242861094591 0.5
    vertex -2.323779996370073 1.237017690344537 0.5
  endloop
endfacet
facet normal 0 0 -1
  outer loop
    vertex -2.944387364909135 1.892242861094591 0.5
    vertex -1.790673576948951 2.066547470991988 0.5
    vertex -2.323779996370073 1.237017690344537 0.5
  endloop
endfacet
facet normal 0 0 -1
  outer loop
    vertex -2.944387364909135 1.892242861094591 0.5
    vertex -2.292012568808499 2.645123510239903 0.5
    vertex -1.790673576948951 2.066547470991988 0.5
  endloop
endfacet
facet normal 0 0 -1
  outer loop
    vertex -2.323779996370073 1.237017690344537 0.5
    vertex -1.790673576948951 2.066547470991988 0.5
    vertex -1.289334585089404 1.487971431744072 0.5
  endloop
endfacet
facet normal 0 0 -1
  outer loop
    vertex -3.358225407650741 -0.9860639489450045 0.5
    vertex -3.5 -1.125685854773646e-15 0.5
    vertex -2.608393831704232 -0.5088067817801695 0.5
  endloop
endfacet
facet normal 0 0 -1
  outer loop
    vertex -3.5 -1.125685854773646e-15 0.5
    vertex -2.608393831704232 0.4772571671648339 0.5
    vertex -2.608393831704232 -0.5088067817801695 0.5
  endloop
endfacet
facet normal 0 0 -1
  outer loop
    vertex -3.5 -1.125685854773646e-15 0.5
    vertex -3.358225407650741 0.9860639489450023 0.5
    vertex -2.608393831704232 0.4772571671648339 0.5
  endloop
endfacet
facet normal 0 0 -1
  outer loop
    vertex -2.608393831704232 -0.5088067817801695 0.5
    vertex -2.608393831704232 0.4772571671648339 0.5
    vertex -1.858562255757723 -0.03154961461533445 0.5
  endloop
endfacet
facet normal 0 0 -1
  outer loop
    vertex -1.858562255757723 -0.03154961461533445 0.5
    vertex -2.608393831704232 0.4772571671648339 0.5
    vertex -1.573948420423563 0.7282109085643688 0.5
  endloop
endfacet
facet normal 0 0 -1
  outer loop
    vertex -2.608393831704232 0.4772571671648339 0.5
    vertex -2.323779996370073 1.237017690344537 0.5
    vertex -1.573948420423563 0.7282109085643688 0.5
  endloop
endfacet
facet normal 0 0 -1
  outer loop
    vertex -2.608393831704232 0.4772571671648339 0.5
    vertex -3.358225407650741 0.9860639489450023 0.5
    vertex -2.323779996370073 1.237017690344537 0.5
  endloop
endfacet
facet normal 0 0 -1
  outer loop
    vertex -1.573948420423563 0.7282109085643688 0.5
    vertex -2.323779996370073 1.237017690344537 0.5
    vertex -1.289334585089404 1.487971431744072 0.5
  endloop
endfacet
facet normal 0 0 -1
  outer loop
    vertex -2.292012568808498 -2.645123510239904 0.5
    vertex -2.944387364909134 -1.892242861094591 0.5
    vertex -1.755885570247643 -2.064386329527552 0.5
  endloop
endfacet
facet normal 0 0 -1
  outer loop
    vertex -2.944387364909134 -1.892242861094591 0.5
    vertex -2.288991989668764 -1.234856548880102 0.5
    vertex -1.755885570247643 -2.064386329527552 0.5
  endloop
endfacet
facet normal 0 0 -1
  outer loop
    vertex -2.944387364909134 -1.892242861094591 0.5
    vertex -3.358225407650741 -0.9860639489450045 0.5
    vertex -2.288991989668764 -1.234856548880102 0.5
  endloop
endfacet
facet normal 0 0 -1
  outer loop
    vertex -1.755885570247643 -2.064386329527552 0.5
    vertex -2.288991989668764 -1.234856548880102 0.5
    vertex -1.219758571686788 -1.483649148815199 0.5
  endloop
endfacet
facet normal 0 0 -1
  outer loop
    vertex -3.358225407650741 -0.9860639489450045 0.5
    vertex -2.608393831704232 -0.5088067817801695 0.5
    vertex -2.288991989668764 -1.234856548880102 0.5
  endloop
endfacet
facet normal 0 0 -1
  outer loop
    vertex -2.608393831704232 -0.5088067817801695 0.5
    vertex -1.539160413722255 -0.757599381715267 0.5
    vertex -2.288991989668764 -1.234856548880102 0.5
  endloop
endfacet
facet normal 0 0 -1
  outer loop
    vertex -2.608393831704232 -0.5088067817801695 0.5
    vertex -1.858562255757723 -0.03154961461533445 0.5
    vertex -1.539160413722255 -0.757599381715267 0.5
  endloop
endfacet
facet normal 0 0 -1
  outer loop
    vertex -2.288991989668764 -1.234856548880102 0.5
    vertex -1.539160413722255 -0.757599381715267 0.5
    vertex -1.219758571686788 -1.483649148815199 0.5
  endloop
endfacet
facet normal 0 0 -1
  outer loop
    vertex -0.4981019339564983 -3.464375046583264 0.5
    vertex -1.453952545506602 -3.183711983740815 0.5
    vertex -0.858930252821643 -2.474012097699232 0.5
  endloop
endfacet
facet normal 0 0 -1
  outer loop
    vertex -1.453952545506602 -3.183711983740815 0.5
    vertex -1.755885570247643 -2.064386329527552 0.5
    vertex -0.858930252821643 -2.474012097699232 0.5
  endloop
endfacet
facet normal 0 0 -1
  outer loop
    vertex -1.453952545506602 -3.183711983740815 0.5
    vertex -2.292012568808498 -2.645123510239904 0.5
    vertex -1.755885570247643 -2.064386329527552 0.5
  endloop
endfacet
facet normal 0 0 -1
  outer loop
    vertex -0.858930252821643 -2.474012097699232 0.5
    vertex -1.755885570247643 -2.064386329527552 0.5
    vertex -1.219758571686788 -1.483649148815199 0.5
  endloop
endfacet
facet normal -0 0 -1
  outer loop
    vertex 1.453952545506604 -3.183711983740814 0.5
    vertex 0.498101933956497 -3.464375046583265 0.5
    vertex 1.081641892931402 -2.484427278871204 0.5
  endloop
endfacet
facet normal 0 0 -1
  outer loop
    vertex 0.498101933956497 -3.464375046583265 0.5
    vertex 0.1056146531998512 -2.62475881029243 0.5
    vertex 1.081641892931402 -2.484427278871204 0.5
  endloop
endfacet
facet normal 0 0 -1
  outer loop
    vertex 0.498101933956497 -3.464375046583265 0.5
    vertex -0.4981019339564983 -3.464375046583264 0.5
    vertex 0.1056146531998512 -2.62475881029243 0.5
  endloop
endfacet
facet normal -0 0 -1
  outer loop
    vertex 1.081641892931402 -2.484427278871204 0.5
    vertex 0.1056146531998512 -2.62475881029243 0.5
    vertex 0.7093312403562007 -1.785142574001594 0.5
  endloop
endfacet
facet normal -0 0 -1
  outer loop
    vertex 0.7093312403562007 -1.785142574001594 0.5
    vertex 0.1056146531998512 -2.62475881029243 0.5
    vertex -0.2552136656652936 -1.634395861408397 0.5
  endloop
endfacet
facet normal 0 0 -1
  outer loop
    vertex 0.1056146531998512 -2.62475881029243 0.5
    vertex -0.858930252821643 -2.474012097699232 0.5
    vertex -0.2552136656652936 -1.634395861408397 0.5
  endloop
endfacet
facet normal -0 0 -1
  outer loop
    vertex 0.1056146531998512 -2.62475881029243 0.5
    vertex -0.4981019339564983 -3.464375046583264 0.5
    vertex -0.858930252821643 -2.474012097699232 0.5
  endloop
endfacet
facet normal -0 0 -1
  outer loop
    vertex -0.2552136656652936 -1.634395861408397 0.5
    vertex -0.858930252821643 -2.474012097699232 0.5
    vertex -1.219758571686788 -1.483649148815199 0.5
  endloop
endfacet
facet normal -0 0 -1
  outer loop
    vertex 2.944387364909134 -1.892242861094591 0.5
    vertex 2.292012568808499 -2.645123510239904 0.5
    vertex 1.826859302632667 -1.838692717548093 0.5
  endloop
endfacet
facet normal 0 0 -1
  outer loop
    vertex 2.292012568808499 -2.645123510239904 0.5
    vertex 1.081641892931402 -2.484427278871204 0.5
    vertex 1.826859302632667 -1.838692717548093 0.5
  endloop
endfacet
facet normal -0 0 -1
  outer loop
    vertex 2.292012568808499 -2.645123510239904 0.5
    vertex 1.453952545506604 -3.183711983740814 0.5
    vertex 1.081641892931402 -2.484427278871204 0.5
  endloop
endfacet
facet normal -0 0 -1
  outer loop
    vertex 1.826859302632667 -1.838692717548093 0.5
    vertex 1.081641892931402 -2.484427278871204 0.5
    vertex 0.7093312403562007 -1.785142574001594 0.5
  endloop
endfacet
facet normal 0 -0 -1
  outer loop
    vertex 1.642775344075693 -0.5248060477701576 0.5
    vertex 2.293581354492414 -1.208524454432374 0.5
    vertex 1.176053292215947 -1.154974310885876 0.5
  endloop
endfacet
facet normal -0 0 -1
  outer loop
    vertex 2.293581354492414 -1.208524454432374 0.5
    vertex 1.826859302632667 -1.838692717548093 0.5
    vertex 1.176053292215947 -1.154974310885876 0.5
  endloop
endfacet
facet normal 0 -0 -1
  outer loop
    vertex 2.293581354492414 -1.208524454432374 0.5
    vertex 2.944387364909134 -1.892242861094591 0.5
    vertex 1.826859302632667 -1.838692717548093 0.5
  endloop
endfacet
facet normal 0 -0 -1
  outer loop
    vertex 1.176053292215947 -1.154974310885876 0.5
    vertex 1.826859302632667 -1.838692717548093 0.5
    vertex 0.7093312403562007 -1.785142574001594 0.5
  endloop
endfacet
facet normal -0 0 -1
  outer loop
    vertex 1.642775344075693 -0.5248060477701576 0.5
    vertex 1.176053292215947 -1.154974310885876 0.5
    vertex 0.8108974198861121 -0.2572231231381275 0.5
  endloop
endfacet
facet normal 0 0 -1
  outer loop
    vertex 1.176053292215947 -1.154974310885876 0.5
    vertex 0.3441753680263661 -0.8873913862538459 0.5
    vertex 0.8108974198861121 -0.2572231231381275 0.5
  endloop
endfacet
facet normal -0 0 -1
  outer loop
    vertex 1.176053292215947 -1.154974310885876 0.5
    vertex 0.7093312403562007 -1.785142574001594 0.5
    vertex 0.3441753680263661 -0.8873913862538459 0.5
  endloop
endfacet
facet normal -0 0 -1
  outer loop
    vertex 0.8108974198861121 -0.2572231231381275 0.5
    vertex 0.3441753680263661 -0.8873913862538459 0.5
    vertex -0.02098050430346859 0.01035980149390263 0.5
  endloop
endfacet
facet normal 0 0 -1
  outer loop
    vertex 1.642775344075693 -0.5248060477701576 0.5
    vertex 0.8108974198861121 -0.2572231231381275 0.5
    vertex 1.636415484695769 0.2685330099895143 0.5
  endloop
endfacet
facet normal 0 0 -1
  outer loop
    vertex 0.8108974198861121 -0.2572231231381275 0.5
    vertex 0.8045375605061886 0.5361159346215444 0.5
    vertex 1.636415484695769 0.2685330099895143 0.5
  endloop
endfacet
facet normal 0 0 -1
  outer loop
    vertex 0.8108974198861121 -0.2572231231381275 0.5
    vertex -0.02098050430346859 0.01035980149390263 0.5
    vertex 0.8045375605061886 0.5361159346215444 0.5
  endloop
endfacet
facet normal 0 0 -1
  outer loop
    vertex 1.636415484695769 0.2685330099895143 0.5
    vertex 0.8045375605061886 0.5361159346215444 0.5
    vertex 1.630055625315846 1.061872067749186 0.5
  endloop
endfacet
facet normal 0 0 -1
  outer loop
    vertex -1.858562255757723 -0.03154961461533445 0.5
    vertex -0.9397713800305956 -0.01059490656071591 0.5
    vertex -1.539160413722255 -0.757599381715267 0.5
  endloop
endfacet
facet normal 0 -0 -1
  outer loop
    vertex -0.9397713800305956 -0.01059490656071591 0.5
    vertex -0.6203695379951282 -0.7366446736606485 0.5
    vertex -1.539160413722255 -0.757599381715267 0.5
  endloop
endfacet
facet normal 0 0 -1
  outer loop
    vertex -0.9397713800305956 -0.01059490656071591 0.5
    vertex -0.02098050430346859 0.01035980149390263 0.5
    vertex -0.6203695379951282 -0.7366446736606485 0.5
  endloop
endfacet
facet normal 0 0 -1
  outer loop
    vertex -1.539160413722255 -0.757599381715267 0.5
    vertex -0.6203695379951282 -0.7366446736606485 0.5
    vertex -1.219758571686788 -1.483649148815199 0.5
  endloop
endfacet
facet normal -0 0 -1
  outer loop
    vertex -0.02098050430346859 0.01035980149390263 0.5
    vertex -0.9397713800305956 -0.01059490656071591 0.5
    vertex -0.6551575446964361 0.7491656166189873 0.5
  endloop
endfacet
facet normal 0 0 -1
  outer loop
    vertex -0.9397713800305956 -0.01059490656071591 0.5
    vertex -1.573948420423563 0.7282109085643688 0.5
    vertex -0.6551575446964361 0.7491656166189873 0.5
  endloop
endfacet
facet normal -0 0 -1
  outer loop
    vertex -0.9397713800305956 -0.01059490656071591 0.5
    vertex -1.858562255757723 -0.03154961461533445 0.5
    vertex -1.573948420423563 0.7282109085643688 0.5
  endloop
endfacet
facet normal -0 0 -1
  outer loop
    vertex -0.6551575446964361 0.7491656166189873 0.5
    vertex -1.573948420423563 0.7282109085643688 0.5
    vertex -1.289334585089404 1.487971431744072 0.5
  endloop
endfacet
facet normal 0 0 -1
  outer loop
    vertex -0.02098050430346859 0.01035980149390263 0.5
    vertex 0.1196092487018252 0.9100418047149338 0.5
    vertex 0.8045375605061886 0.5361159346215444 0.5
  endloop
endfacet
facet normal 0 0 -1
  outer loop
    vertex 0.1196092487018252 0.9100418047149338 0.5
    vertex 0.9451273135114825 1.435797937842576 0.5
    vertex 0.8045375605061886 0.5361159346215444 0.5
  endloop
endfacet
facet normal 0 0 -1
  outer loop
    vertex 0.1196092487018252 0.9100418047149338 0.5
    vertex 0.2601990017071189 1.809723807935965 0.5
    vertex 0.9451273135114825 1.435797937842576 0.5
  endloop
endfacet
facet normal 0 0 -1
  outer loop
    vertex 0.8045375605061886 0.5361159346215444 0.5
    vertex 0.9451273135114825 1.435797937842576 0.5
    vertex 1.630055625315846 1.061872067749186 0.5
  endloop
endfacet
facet normal 0 0 -1
  outer loop
    vertex 0.2601990017071189 1.809723807935965 0.5
    vertex 0.1196092487018252 0.9100418047149338 0.5
    vertex -0.5145677916911424 1.648847619840018 0.5
  endloop
endfacet
facet normal -0 0 -1
  outer loop
    vertex 0.1196092487018252 0.9100418047149338 0.5
    vertex -0.6551575446964361 0.7491656166189873 0.5
    vertex -0.5145677916911424 1.648847619840018 0.5
  endloop
endfacet
facet normal 0 0 -1
  outer loop
    vertex 0.1196092487018252 0.9100418047149338 0.5
    vertex -0.02098050430346859 0.01035980149390263 0.5
    vertex -0.6551575446964361 0.7491656166189873 0.5
  endloop
endfacet
facet normal 0 0 -1
  outer loop
    vertex -0.5145677916911424 1.648847619840018 0.5
    vertex -0.6551575446964361 0.7491656166189873 0.5
    vertex -1.289334585089404 1.487971431744072 0.5
  endloop
endfacet
facet normal 0 -0 -1
  outer loop
    vertex -0.02098050430346859 0.01035980149390263 0.5
    vertex 0.3441753680263661 -0.8873913862538459 0.5
    vertex -0.6203695379951282 -0.7366446736606485 0.5
  endloop
endfacet
facet normal -0 0 -1
  outer loop
    vertex 0.3441753680263661 -0.8873913862538459 0.5
    vertex -0.2552136656652936 -1.634395861408397 0.5
    vertex -0.6203695379951282 -0.7366446736606485 0.5
  endloop
endfacet
facet normal 0 -0 -1
  outer loop
    vertex 0.3441753680263661 -0.8873913862538459 0.5
    vertex 0.7093312403562007 -1.785142574001594 0.5
    vertex -0.2552136656652936 -1.634395861408397 0.5
  endloop
endfacet
facet normal 0 -0 -1
  outer loop
    vertex -0.6203695379951282 -0.7366446736606485 0.5
    vertex -0.2552136656652936 -1.634395861408397 0.5
    vertex -1.219758571686788 -1.483649148815199 0.5
  endloop
endfacet
facet normal 0.997847 0.0655911 -0
  outer loop
    vertex 4 -9.797174393178826e-16 0.5
    vertex 3.965582469473049 0.5235987755982978 0.875
    vertex 4 -9.797174393178826e-16 1.25
  endloop
endfacet
facet normal 0.997847 0.0655911 -0
  outer loop
    vertex 3.965582469473049 0.5235987755982978 0.875
    vertex 3.965582469473049 0.5235987755982978 1.625
    vertex 4 -9.797174393178826e-16 1.25
  endloop
endfacet
facet normal 0.980675 0.195645 -0
  outer loop
    vertex 3.965582469473049 0.5235987755982978 0.875
    vertex 3.862922161095982 1.038187062775082 1.25
    vertex 3.965582469473049 0.5235987755982978 1.625
  endloop
endfacet
facet normal 0.997847 0.0655911 -0
  outer loop
    vertex 4 -9.797174393178826e-16 1.25
    vertex 3.965582469473049 0.5235987755982978 1.625
    vertex 4 -9.797174393178826e-16 2
  endloop
endfacet
facet normal 0.997859 -0.0654031 0
  outer loop
    vertex 4 -9.797174393178826e-16 2
    vertex 3.965779445495241 -0.5221047688802103 1.618755749438458
    vertex 4 -9.797174393178826e-16 1.25
  endloop
endfacet
facet normal 0.997859 -0.0654031 0
  outer loop
    vertex 3.965779445495241 -0.5221047688802103 1.618755749438458
    vertex 3.965779445495241 -0.5221047688802103 0.8687557494384577
    vertex 4 -9.797174393178826e-16 1.25
  endloop
endfacet
facet normal 0.980785 -0.19509 0
  outer loop
    vertex 3.965779445495241 -0.5221047688802103 1.618755749438458
    vertex 3.863703305156272 -1.035276180410086 1.237511498876915
    vertex 3.965779445495241 -0.5221047688802103 0.8687557494384577
  endloop
endfacet
facet normal 0.997859 -0.0654031 0
  outer loop
    vertex 4 -9.797174393178826e-16 1.25
    vertex 3.965779445495241 -0.5221047688802103 0.8687557494384577
    vertex 4 -9.797174393178826e-16 0.5
  endloop
endfacet
facet normal 0.987342 0.129986 0.0908765
  outer loop
    vertex 4 -9.797174393178826e-16 2
    vertex 3.965582469473049 0.5235987755982978 1.625
    vertex 3.863703305156273 1.035276180410083 2
  endloop
endfacet
facet normal 0.961832 0.25811 -0.0908765
  outer loop
    vertex 3.965582469473049 0.5235987755982978 1.625
    vertex 3.694941188425998 1.532125847988041 1.625
    vertex 3.863703305156273 1.035276180410083 2
  endloop
endfacet
facet normal 0.961832 0.25811 0.0908765
  outer loop
    vertex 3.965582469473049 0.5235987755982978 1.625
    vertex 3.862922161095982 1.038187062775082 1.25
    vertex 3.694941188425998 1.532125847988041 1.625
  endloop
endfacet
facet normal 0.920057 0.3811 0.0908765
  outer loop
    vertex 3.863703305156273 1.035276180410083 2
    vertex 3.694941188425998 1.532125847988041 1.625
    vertex 3.464101615137754 2 2
  endloop
endfacet
facet normal 0.92018 -0.381151 0.0894008
  outer loop
    vertex 3.464101615137753 -2.000000000000002 2
    vertex 3.695518130045146 -1.530733729460362 1.618755749438458
    vertex 3.863703305156273 -1.035276180410083 2
  endloop
endfacet
facet normal 0.962058 -0.257783 -0.0894008
  outer loop
    vertex 3.695518130045146 -1.530733729460362 1.618755749438458
    vertex 3.965779445495241 -0.5221047688802103 1.618755749438458
    vertex 3.863703305156273 -1.035276180410083 2
  endloop
endfacet
facet normal 0.962058 -0.257783 0.0894008
  outer loop
    vertex 3.695518130045146 -1.530733729460362 1.618755749438458
    vertex 3.863703305156272 -1.035276180410086 1.237511498876915
    vertex 3.965779445495241 -0.5221047688802103 1.618755749438458
  endloop
endfacet
facet normal 0.987475 -0.130004 0.0894008
  outer loop
    vertex 3.863703305156273 -1.035276180410083 2
    vertex 3.965779445495241 -0.5221047688802103 1.618755749438458
    vertex 4 -9.797174393178826e-16 2
  endloop
endfacet
facet normal 0.920057 0.3811 -0.0908765
  outer loop
    vertex 3.464101615137754 2 0.5
    vertex 3.694941188425998 1.532125847988041 0.875
    vertex 3.863703305156273 1.035276180410083 0.5
  endloop
endfacet
facet normal 0.961832 0.25811 0.0908765
  outer loop
    vertex 3.694941188425998 1.532125847988041 0.875
    vertex 3.965582469473049 0.5235987755982978 0.875
    vertex 3.863703305156273 1.035276180410083 0.5
  endloop
endfacet
facet normal 0.961832 0.25811 -0.0908765
  outer loop
    vertex 3.694941188425998 1.532125847988041 0.875
    vertex 3.862922161095982 1.038187062775082 1.25
    vertex 3.965582469473049 0.5235987755982978 0.875
  endloop
endfacet
facet normal 0.987342 0.129986 -0.0908765
  outer loop
    vertex 3.863703305156273 1.035276180410083 0.5
    vertex 3.965582469473049 0.5235987755982978 0.875
    vertex 4 -9.797174393178826e-16 0.5
  endloop
endfacet
facet normal 0.987203 -0.129968 -0.092403
  outer loop
    vertex 4 -9.797174393178826e-16 0.5
    vertex 3.965779445495241 -0.5221047688802103 0.8687557494384577
    vertex 3.863703305156273 -1.035276180410083 0.5
  endloop
endfacet
facet normal 0.961793 -0.257712 0.092403
  outer loop
    vertex 3.965779445495241 -0.5221047688802103 0.8687557494384577
    vertex 3.695518130045146 -1.530733729460362 0.8687557494384577
    vertex 3.863703305156273 -1.035276180410083 0.5
  endloop
endfacet
facet normal 0.961793 -0.257712 -0.092403
  outer loop
    vertex 3.965779445495241 -0.5221047688802103 0.8687557494384577
    vertex 3.863703305156272 -1.035276180410086 1.237511498876915
    vertex 3.695518130045146 -1.530733729460362 0.8687557494384577
  endloop
endfacet
facet normal 0.919927 -0.381046 -0.092403
  outer loop
    vertex 3.863703305156273 -1.035276180410083 0.5
    vertex 3.695518130045146 -1.530733729460362 0.8687557494384577
    vertex 3.464101615137753 -2.000000000000002 0.5
  endloop
endfacet
facet normal 0.790071 0.606242 0.0908772
  outer loop
    vertex 3.464101615137754 2 2
    vertex 3.173513188562679 2.43491561291531 1.625
    vertex 2.82842712474619 2.82842712474619 2
  endloop
endfacet
facet normal 0.70421 0.704152 -0.0908772
  outer loop
    vertex 3.173513188562679 2.43491561291531 1.625
    vertex 2.435175815061702 3.173313528433422 1.625
    vertex 2.82842712474619 2.82842712474619 2
  endloop
endfacet
facet normal 0.70421 0.704152 0.0908772
  outer loop
    vertex 3.173513188562679 2.43491561291531 1.625
    vertex 2.828659030442669 2.828195200033961 1.25
    vertex 2.435175815061702 3.173313528433422 1.625
  endloop
endfacet
facet normal 0.606242 0.790071 0.0908772
  outer loop
    vertex 2.82842712474619 2.82842712474619 2
    vertex 2.435175815061702 3.173313528433422 1.625
    vertex 2 3.464101615137755 2
  endloop
endfacet
facet normal 0.896789 0.442458 2.61988e-16
  outer loop
    vertex 3.464101615137754 2 2
    vertex 3.694941188425998 1.532125847988041 1.625
    vertex 3.464101615137754 2 1.25
  endloop
endfacet
facet normal 0.896789 0.442458 0
  outer loop
    vertex 3.694941188425998 1.532125847988041 1.625
    vertex 3.694941188425998 1.532125847988041 0.875
    vertex 3.464101615137754 2 1.25
  endloop
endfacet
facet normal 0.946748 0.321975 0
  outer loop
    vertex 3.694941188425998 1.532125847988041 1.625
    vertex 3.862922161095982 1.038187062775082 1.25
    vertex 3.694941188425998 1.532125847988041 0.875
  endloop
endfacet
facet normal 0.896789 0.442458 -2.61988e-16
  outer loop
    vertex 3.464101615137754 2 1.25
    vertex 3.694941188425998 1.532125847988041 0.875
    vertex 3.464101615137754 2 0.5
  endloop
endfacet
facet normal 0.831481 0.555553 -3.28954e-16
  outer loop
    vertex 3.464101615137754 2 0.5
    vertex 3.173513188562679 2.43491561291531 0.875
    vertex 3.464101615137754 2 1.25
  endloop
endfacet
facet normal 0.831481 0.555553 -0
  outer loop
    vertex 3.173513188562679 2.43491561291531 0.875
    vertex 3.173513188562679 2.43491561291531 1.625
    vertex 3.464101615137754 2 1.25
  endloop
endfacet
facet normal 0.75188 0.6593 -0
  outer loop
    vertex 3.173513188562679 2.43491561291531 0.875
    vertex 2.828659030442669 2.828195200033961 1.25
    vertex 3.173513188562679 2.43491561291531 1.625
  endloop
endfacet
facet normal 0.831481 0.555553 3.28954e-16
  outer loop
    vertex 3.464101615137754 2 1.25
    vertex 3.173513188562679 2.43491561291531 1.625
    vertex 3.464101615137754 2 2
  endloop
endfacet
facet normal 0.381128 0.920126 0.0900557
  outer loop
    vertex 2 3.464101615137755 2
    vertex 1.530733729460359 3.695518130045147 1.621550701011943
    vertex 1.035276180410083 3.863703305156273 2
  endloop
endfacet
facet normal 0.257767 0.962001 -0.0900557
  outer loop
    vertex 1.530733729460359 3.695518130045147 1.621550701011943
    vertex 0.522104768880206 3.965779445495242 1.621550701011943
    vertex 1.035276180410083 3.863703305156273 2
  endloop
endfacet
facet normal 0.257767 0.962001 0.0900557
  outer loop
    vertex 1.530733729460359 3.695518130045147 1.621550701011943
    vertex 1.035276180410083 3.863703305156273 1.243101402023886
    vertex 0.522104768880206 3.965779445495242 1.621550701011943
  endloop
endfacet
facet normal 0.129996 0.987416 0.0900557
  outer loop
    vertex 1.035276180410083 3.863703305156273 2
    vertex 0.522104768880206 3.965779445495242 1.621550701011943
    vertex 2.449293598294706e-16 4 2
  endloop
endfacet
facet normal 0.555587 0.831458 0
  outer loop
    vertex 2 3.464101615137755 2
    vertex 2.435175815061702 3.173313528433422 1.625
    vertex 2 3.464101615137755 1.25
  endloop
endfacet
facet normal 0.555587 0.831458 0
  outer loop
    vertex 2.435175815061702 3.173313528433422 1.625
    vertex 2.435175815061702 3.173313528433422 0.875
    vertex 2 3.464101615137755 1.25
  endloop
endfacet
facet normal 0.659392 0.751799 0
  outer loop
    vertex 2.435175815061702 3.173313528433422 1.625
    vertex 2.828659030442669 2.828195200033961 1.25
    vertex 2.435175815061702 3.173313528433422 0.875
  endloop
endfacet
facet normal 0.555587 0.831458 0
  outer loop
    vertex 2 3.464101615137755 1.25
    vertex 2.435175815061702 3.173313528433422 0.875
    vertex 2 3.464101615137755 0.5
  endloop
endfacet
facet normal 0.442289 0.896873 -0
  outer loop
    vertex 2 3.464101615137755 0.5
    vertex 1.530733729460359 3.695518130045147 0.8715507010119431
    vertex 2 3.464101615137755 1.25
  endloop
endfacet
facet normal 0.442289 0.896873 -0
  outer loop
    vertex 1.530733729460359 3.695518130045147 0.8715507010119431
    vertex 1.530733729460359 3.695518130045147 1.621550701011943
    vertex 2 3.464101615137755 1.25
  endloop
endfacet
facet normal 0.321439 0.94693 -0
  outer loop
    vertex 1.530733729460359 3.695518130045147 0.8715507010119431
    vertex 1.035276180410083 3.863703305156273 1.243101402023886
    vertex 1.530733729460359 3.695518130045147 1.621550701011943
  endloop
endfacet
facet normal 0.442289 0.896873 -0
  outer loop
    vertex 2 3.464101615137755 1.25
    vertex 1.530733729460359 3.695518130045147 1.621550701011943
    vertex 2 3.464101615137755 2
  endloop
endfacet
facet normal -0.129976 0.987266 0.0917138
  outer loop
    vertex 2.449293598294706e-16 4 2
    vertex -0.5221047688802064 3.965779445495242 1.628449298988057
    vertex -1.035276180410083 3.863703305156273 2
  endloop
endfacet
facet normal -0.257728 0.961855 -0.0917138
  outer loop
    vertex -0.5221047688802064 3.965779445495242 1.628449298988057
    vertex -1.53073372946036 3.695518130045147 1.628449298988057
    vertex -1.035276180410083 3.863703305156273 2
  endloop
endfacet
facet normal -0.257728 0.961855 0.0917138
  outer loop
    vertex -0.5221047688802064 3.965779445495242 1.628449298988057
    vertex -1.035276180410083 3.863703305156273 1.256898597976114
    vertex -1.53073372946036 3.695518130045147 1.628449298988057
  endloop
endfacet
facet normal -0.381071 0.919986 0.0917138
  outer loop
    vertex -1.035276180410083 3.863703305156273 2
    vertex -1.53073372946036 3.695518130045147 1.628449298988057
    vertex -2.000000000000001 3.464101615137754 2
  endloop
endfacet
facet normal -0.0654031 0.997859 0
  outer loop
    vertex 2.449293598294706e-16 4 0.5
    vertex -0.5221047688802064 3.965779445495242 0.878449298988057
    vertex 2.449293598294706e-16 4 1.25
  endloop
endfacet
facet normal -0.0654031 0.997859 0
  outer loop
    vertex -0.5221047688802064 3.965779445495242 0.878449298988057
    vertex -0.5221047688802064 3.965779445495242 1.628449298988057
    vertex 2.449293598294706e-16 4 1.25
  endloop
endfacet
facet normal -0.19509 0.980785 0
  outer loop
    vertex -0.5221047688802064 3.965779445495242 0.878449298988057
    vertex -1.035276180410083 3.863703305156273 1.256898597976114
    vertex -0.5221047688802064 3.965779445495242 1.628449298988057
  endloop
endfacet
facet normal -0.0654031 0.997859 0
  outer loop
    vertex 2.449293598294706e-16 4 1.25
    vertex -0.5221047688802064 3.965779445495242 1.628449298988057
    vertex 2.449293598294706e-16 4 2
  endloop
endfacet
facet normal 0.0654031 0.997859 0
  outer loop
    vertex 2.449293598294706e-16 4 2
    vertex 0.522104768880206 3.965779445495242 1.621550701011943
    vertex 2.449293598294706e-16 4 1.25
  endloop
endfacet
facet normal 0.0654031 0.997859 0
  outer loop
    vertex 0.522104768880206 3.965779445495242 1.621550701011943
    vertex 0.522104768880206 3.965779445495242 0.8715507010119431
    vertex 2.449293598294706e-16 4 1.25
  endloop
endfacet
facet normal 0.19509 0.980785 0
  outer loop
    vertex 0.522104768880206 3.965779445495242 1.621550701011943
    vertex 1.035276180410083 3.863703305156273 1.243101402023886
    vertex 0.522104768880206 3.965779445495242 0.8715507010119431
  endloop
endfacet
facet normal 0.0654031 0.997859 0
  outer loop
    vertex 2.449293598294706e-16 4 1.25
    vertex 0.522104768880206 3.965779445495242 0.8715507010119431
    vertex 2.449293598294706e-16 4 0.5
  endloop
endfacet
facet normal -0.606196 0.79001 0.0917138
  outer loop
    vertex -2.000000000000001 3.464101615137754 2
    vertex -2.435045716034884 3.173413361164939 1.628449298988057
    vertex -2.82842712474619 2.82842712474619 2
  endloop
endfacet
facet normal -0.704127 0.704127 -0.0917138
  outer loop
    vertex -2.435045716034884 3.173413361164939 1.628449298988057
    vertex -3.173413361164941 2.435045716034882 1.628449298988057
    vertex -2.82842712474619 2.82842712474619 2
  endloop
endfacet
facet normal -0.704127 0.704127 0.0917138
  outer loop
    vertex -2.435045716034884 3.173413361164939 1.628449298988057
    vertex -2.828427124746191 2.828427124746189 1.256898597976115
    vertex -3.173413361164941 2.435045716034882 1.628449298988057
  endloop
endfacet
facet normal -0.79001 0.606196 0.0917138
  outer loop
    vertex -2.82842712474619 2.82842712474619 2
    vertex -3.173413361164941 2.435045716034882 1.628449298988057
    vertex -3.464101615137755 2 2
  endloop
endfacet
facet normal -0.442289 0.896873 0
  outer loop
    vertex -2.000000000000001 3.464101615137754 2
    vertex -1.53073372946036 3.695518130045147 1.628449298988057
    vertex -2.000000000000001 3.464101615137754 1.25
  endloop
endfacet
facet normal -0.442289 0.896873 0
  outer loop
    vertex -1.53073372946036 3.695518130045147 1.628449298988057
    vertex -1.53073372946036 3.695518130045147 0.878449298988057
    vertex -2.000000000000001 3.464101615137754 1.25
  endloop
endfacet
facet normal -0.321439 0.94693 0
  outer loop
    vertex -1.53073372946036 3.695518130045147 1.628449298988057
    vertex -1.035276180410083 3.863703305156273 1.256898597976114
    vertex -1.53073372946036 3.695518130045147 0.878449298988057
  endloop
endfacet
facet normal -0.442289 0.896873 0
  outer loop
    vertex -2.000000000000001 3.464101615137754 1.25
    vertex -1.53073372946036 3.695518130045147 0.878449298988057
    vertex -2.000000000000001 3.464101615137754 0.5
  endloop
endfacet
facet normal -0.55557 0.83147 0
  outer loop
    vertex -2.000000000000001 3.464101615137754 0.5
    vertex -2.435045716034884 3.173413361164939 0.8784492989880575
    vertex -2.000000000000001 3.464101615137754 1.25
  endloop
endfacet
facet normal -0.55557 0.83147 0
  outer loop
    vertex -2.435045716034884 3.173413361164939 0.8784492989880575
    vertex -2.435045716034884 3.173413361164939 1.628449298988057
    vertex -2.000000000000001 3.464101615137754 1.25
  endloop
endfacet
facet normal -0.659346 0.75184 0
  outer loop
    vertex -2.435045716034884 3.173413361164939 0.8784492989880575
    vertex -2.828427124746191 2.828427124746189 1.256898597976115
    vertex -2.435045716034884 3.173413361164939 1.628449298988057
  endloop
endfacet
facet normal -0.55557 0.83147 0
  outer loop
    vertex -2.000000000000001 3.464101615137754 1.25
    vertex -2.435045716034884 3.173413361164939 1.628449298988057
    vertex -2.000000000000001 3.464101615137754 2
  endloop
endfacet
facet normal -0.920126 0.381128 0.0900557
  outer loop
    vertex -3.464101615137755 2 2
    vertex -3.695518130045147 1.530733729460358 1.621550701011943
    vertex -3.863703305156273 1.035276180410084 2
  endloop
endfacet
facet normal -0.962001 0.257767 -0.0900557
  outer loop
    vertex -3.695518130045147 1.530733729460358 1.621550701011943
    vertex -3.965779445495242 0.5221047688802063 1.621550701011943
    vertex -3.863703305156273 1.035276180410084 2
  endloop
endfacet
facet normal -0.962001 0.257767 0.0900557
  outer loop
    vertex -3.695518130045147 1.530733729460358 1.621550701011943
    vertex -3.863703305156274 1.035276180410081 1.243101402023886
    vertex -3.965779445495242 0.5221047688802063 1.621550701011943
  endloop
endfacet
facet normal -0.987416 0.129996 0.0900557
  outer loop
    vertex -3.863703305156273 1.035276180410084 2
    vertex -3.965779445495242 0.5221047688802063 1.621550701011943
    vertex -4 4.898587196589413e-16 2
  endloop
endfacet
facet normal -0.83147 0.55557 0
  outer loop
    vertex -3.464101615137755 2 2
    vertex -3.173413361164941 2.435045716034882 1.628449298988057
    vertex -3.464101615137755 2 1.25
  endloop
endfacet
facet normal -0.83147 0.55557 0
  outer loop
    vertex -3.173413361164941 2.435045716034882 1.628449298988057
    vertex -3.173413361164941 2.435045716034882 0.8784492989880575
    vertex -3.464101615137755 2 1.25
  endloop
endfacet
facet normal -0.75184 0.659346 0
  outer loop
    vertex -3.173413361164941 2.435045716034882 1.628449298988057
    vertex -2.828427124746191 2.828427124746189 1.256898597976115
    vertex -3.173413361164941 2.435045716034882 0.8784492989880575
  endloop
endfacet
facet normal -0.83147 0.55557 0
  outer loop
    vertex -3.464101615137755 2 1.25
    vertex -3.173413361164941 2.435045716034882 0.8784492989880575
    vertex -3.464101615137755 2 0.5
  endloop
endfacet
facet normal -0.896873 0.442289 0
  outer loop
    vertex -3.464101615137755 2 0.5
    vertex -3.695518130045147 1.530733729460358 0.8715507010119431
    vertex -3.464101615137755 2 1.25
  endloop
endfacet
facet normal -0.896873 0.442289 0
  outer loop
    vertex -3.695518130045147 1.530733729460358 0.8715507010119431
    vertex -3.695518130045147 1.530733729460358 1.621550701011943
    vertex -3.464101615137755 2 1.25
  endloop
endfacet
facet normal -0.94693 0.321439 0
  outer loop
    vertex -3.695518130045147 1.530733729460358 0.8715507010119431
    vertex -3.863703305156274 1.035276180410081 1.243101402023886
    vertex -3.695518130045147 1.530733729460358 1.621550701011943
  endloop
endfacet
facet normal -0.896873 0.442289 0
  outer loop
    vertex -3.464101615137755 2 1.25
    vertex -3.695518130045147 1.530733729460358 1.621550701011943
    vertex -3.464101615137755 2 2
  endloop
endfacet
facet normal -0.987416 -0.129996 0.0900557
  outer loop
    vertex -4 4.898587196589413e-16 2
    vertex -3.965779445495242 -0.5221047688802053 1.621550701011943
    vertex -3.863703305156274 -1.035276180410081 2
  endloop
endfacet
facet normal -0.962001 -0.257767 -0.0900557
  outer loop
    vertex -3.965779445495242 -0.5221047688802053 1.621550701011943
    vertex -3.695518130045148 -1.530733729460357 1.621550701011943
    vertex -3.863703305156274 -1.035276180410081 2
  endloop
endfacet
facet normal -0.962001 -0.257767 0.0900557
  outer loop
    vertex -3.965779445495242 -0.5221047688802053 1.621550701011943
    vertex -3.863703305156274 -1.035276180410081 1.243101402023886
    vertex -3.695518130045148 -1.530733729460357 1.621550701011943
  endloop
endfacet
facet normal -0.920126 -0.381128 0.0900557
  outer loop
    vertex -3.863703305156274 -1.035276180410081 2
    vertex -3.695518130045148 -1.530733729460357 1.621550701011943
    vertex -3.464101615137755 -1.999999999999999 2
  endloop
endfacet
facet normal -0.997859 0.0654031 0
  outer loop
    vertex -4 4.898587196589413e-16 2
    vertex -3.965779445495242 0.5221047688802063 1.621550701011943
    vertex -4 4.898587196589413e-16 1.25
  endloop
endfacet
facet normal -0.997859 0.0654031 0
  outer loop
    vertex -3.965779445495242 0.5221047688802063 1.621550701011943
    vertex -3.965779445495242 0.5221047688802063 0.8715507010119431
    vertex -4 4.898587196589413e-16 1.25
  endloop
endfacet
facet normal -0.980785 0.19509 0
  outer loop
    vertex -3.965779445495242 0.5221047688802063 1.621550701011943
    vertex -3.863703305156274 1.035276180410081 1.243101402023886
    vertex -3.965779445495242 0.5221047688802063 0.8715507010119431
  endloop
endfacet
facet normal -0.997859 0.0654031 0
  outer loop
    vertex -4 4.898587196589413e-16 1.25
    vertex -3.965779445495242 0.5221047688802063 0.8715507010119431
    vertex -4 4.898587196589413e-16 0.5
  endloop
endfacet
facet normal -0.997859 -0.0654031 0
  outer loop
    vertex -4 4.898587196589413e-16 0.5
    vertex -3.965779445495242 -0.5221047688802053 0.8715507010119432
    vertex -4 4.898587196589413e-16 1.25
  endloop
endfacet
facet normal -0.997859 -0.0654031 0
  outer loop
    vertex -3.965779445495242 -0.5221047688802053 0.8715507010119432
    vertex -3.965779445495242 -0.5221047688802053 1.621550701011943
    vertex -4 4.898587196589413e-16 1.25
  endloop
endfacet
facet normal -0.980785 -0.19509 0
  outer loop
    vertex -3.965779445495242 -0.5221047688802053 0.8715507010119432
    vertex -3.863703305156274 -1.035276180410081 1.243101402023886
    vertex -3.965779445495242 -0.5221047688802053 1.621550701011943
  endloop
endfacet
facet normal -0.997859 -0.0654031 0
  outer loop
    vertex -4 4.898587196589413e-16 1.25
    vertex -3.965779445495242 -0.5221047688802053 1.621550701011943
    vertex -4 4.898587196589413e-16 2
  endloop
endfacet
facet normal -0.79013 -0.606288 0.0900557
  outer loop
    vertex -3.464101615137755 -1.999999999999999 2
    vertex -3.173413361164942 -2.435045716034881 1.621550701011943
    vertex -2.828427124746191 -2.82842712474619 2
  endloop
endfacet
facet normal -0.704234 -0.704234 -0.0900557
  outer loop
    vertex -3.173413361164942 -2.435045716034881 1.621550701011943
    vertex -2.435045716034884 -3.17341336116494 1.621550701011943
    vertex -2.828427124746191 -2.82842712474619 2
  endloop
endfacet
facet normal -0.704234 -0.704234 0.0900557
  outer loop
    vertex -3.173413361164942 -2.435045716034881 1.621550701011943
    vertex -2.828427124746192 -2.828427124746189 1.243101402023886
    vertex -2.435045716034884 -3.17341336116494 1.621550701011943
  endloop
endfacet
facet normal -0.606288 -0.79013 0.0900557
  outer loop
    vertex -2.828427124746191 -2.82842712474619 2
    vertex -2.435045716034884 -3.17341336116494 1.621550701011943
    vertex -1.999999999999998 -3.464101615137755 2
  endloop
endfacet
facet normal -0.83147 -0.55557 0
  outer loop
    vertex -3.464101615137755 -1.999999999999999 0.5
    vertex -3.173413361164942 -2.435045716034881 0.871550701011943
    vertex -3.464101615137755 -1.999999999999999 1.25
  endloop
endfacet
facet normal -0.83147 -0.55557 0
  outer loop
    vertex -3.173413361164942 -2.435045716034881 0.871550701011943
    vertex -3.173413361164942 -2.435045716034881 1.621550701011943
    vertex -3.464101615137755 -1.999999999999999 1.25
  endloop
endfacet
facet normal -0.75184 -0.659346 0
  outer loop
    vertex -3.173413361164942 -2.435045716034881 0.871550701011943
    vertex -2.828427124746192 -2.828427124746189 1.243101402023886
    vertex -3.173413361164942 -2.435045716034881 1.621550701011943
  endloop
endfacet
facet normal -0.83147 -0.55557 0
  outer loop
    vertex -3.464101615137755 -1.999999999999999 1.25
    vertex -3.173413361164942 -2.435045716034881 1.621550701011943
    vertex -3.464101615137755 -1.999999999999999 2
  endloop
endfacet
facet normal -0.896873 -0.442289 -0
  outer loop
    vertex -3.464101615137755 -1.999999999999999 2
    vertex -3.695518130045148 -1.530733729460357 1.621550701011943
    vertex -3.464101615137755 -1.999999999999999 1.25
  endloop
endfacet
facet normal -0.896873 -0.442289 -0
  outer loop
    vertex -3.695518130045148 -1.530733729460357 1.621550701011943
    vertex -3.695518130045148 -1.530733729460357 0.8715507010119432
    vertex -3.464101615137755 -1.999999999999999 1.25
  endloop
endfacet
facet normal -0.94693 -0.321439 -0
  outer loop
    vertex -3.695518130045148 -1.530733729460357 1.621550701011943
    vertex -3.863703305156274 -1.035276180410081 1.243101402023886
    vertex -3.695518130045148 -1.530733729460357 0.8715507010119432
  endloop
endfacet
facet normal -0.896873 -0.442289 -0
  outer loop
    vertex -3.464101615137755 -1.999999999999999 1.25
    vertex -3.695518130045148 -1.530733729460357 0.8715507010119432
    vertex -3.464101615137755 -1.999999999999999 0.5
  endloop
endfacet
facet normal -0.381128 -0.920126 0.0900557
  outer loop
    vertex -1.999999999999998 -3.464101615137755 2
    vertex -1.530733729460358 -3.695518130045147 1.621550701011943
    vertex -1.035276180410083 -3.863703305156273 2
  endloop
endfacet
facet normal -0.257767 -0.962001 -0.0900557
  outer loop
    vertex -1.530733729460358 -3.695518130045147 1.621550701011943
    vertex -0.5221047688802065 -3.965779445495242 1.621550701011943
    vertex -1.035276180410083 -3.863703305156273 2
  endloop
endfacet
facet normal -0.257767 -0.962001 0.0900557
  outer loop
    vertex -1.530733729460358 -3.695518130045147 1.621550701011943
    vertex -1.035276180410079 -3.863703305156274 1.243101402023886
    vertex -0.5221047688802065 -3.965779445495242 1.621550701011943
  endloop
endfacet
facet normal -0.129996 -0.987416 0.0900557
  outer loop
    vertex -1.035276180410083 -3.863703305156273 2
    vertex -0.5221047688802065 -3.965779445495242 1.621550701011943
    vertex -7.347880794884119e-16 -4 2
  endloop
endfacet
facet normal -0.55557 -0.83147 -0
  outer loop
    vertex -1.999999999999998 -3.464101615137755 2
    vertex -2.435045716034884 -3.17341336116494 1.621550701011943
    vertex -1.999999999999998 -3.464101615137755 1.25
  endloop
endfacet
facet normal -0.55557 -0.83147 -0
  outer loop
    vertex -2.435045716034884 -3.17341336116494 1.621550701011943
    vertex -2.435045716034884 -3.17341336116494 0.871550701011943
    vertex -1.999999999999998 -3.464101615137755 1.25
  endloop
endfacet
facet normal -0.659346 -0.75184 -0
  outer loop
    vertex -2.435045716034884 -3.17341336116494 1.621550701011943
    vertex -2.828427124746192 -2.828427124746189 1.243101402023886
    vertex -2.435045716034884 -3.17341336116494 0.871550701011943
  endloop
endfacet
facet normal -0.55557 -0.83147 -0
  outer loop
    vertex -1.999999999999998 -3.464101615137755 1.25
    vertex -2.435045716034884 -3.17341336116494 0.871550701011943
    vertex -1.999999999999998 -3.464101615137755 0.5
  endloop
endfacet
facet normal -0.442289 -0.896873 0
  outer loop
    vertex -1.999999999999998 -3.464101615137755 0.5
    vertex -1.530733729460358 -3.695518130045147 0.8715507010119432
    vertex -1.999999999999998 -3.464101615137755 1.25
  endloop
endfacet
facet normal -0.442289 -0.896873 0
  outer loop
    vertex -1.530733729460358 -3.695518130045147 0.8715507010119432
    vertex -1.530733729460358 -3.695518130045147 1.621550701011943
    vertex -1.999999999999998 -3.464101615137755 1.25
  endloop
endfacet
facet normal -0.321439 -0.94693 0
  outer loop
    vertex -1.530733729460358 -3.695518130045147 0.8715507010119432
    vertex -1.035276180410079 -3.863703305156274 1.243101402023886
    vertex -1.530733729460358 -3.695518130045147 1.621550701011943
  endloop
endfacet
facet normal -0.442289 -0.896873 0
  outer loop
    vertex -1.999999999999998 -3.464101615137755 1.25
    vertex -1.530733729460358 -3.695518130045147 1.621550701011943
    vertex -1.999999999999998 -3.464101615137755 2
  endloop
endfacet
facet normal 0.129976 -0.987266 0.0917138
  outer loop
    vertex -7.347880794884119e-16 -4 2
    vertex 0.5221047688802051 -3.965779445495242 1.628449298988057
    vertex 1.035276180410081 -3.863703305156274 2
  endloop
endfacet
facet normal 0.257728 -0.961855 -0.0917138
  outer loop
    vertex 0.5221047688802051 -3.965779445495242 1.628449298988057
    vertex 1.530733729460357 -3.695518130045148 1.628449298988057
    vertex 1.035276180410081 -3.863703305156274 2
  endloop
endfacet
facet normal 0.257728 -0.961855 0.0917138
  outer loop
    vertex 0.5221047688802051 -3.965779445495242 1.628449298988057
    vertex 1.035276180410081 -3.863703305156274 1.256898597976115
    vertex 1.530733729460357 -3.695518130045148 1.628449298988057
  endloop
endfacet
facet normal 0.381071 -0.919986 0.0917138
  outer loop
    vertex 1.035276180410081 -3.863703305156274 2
    vertex 1.530733729460357 -3.695518130045148 1.628449298988057
    vertex 2 -3.464101615137754 2
  endloop
endfacet
facet normal 0.0654031 -0.997859 0
  outer loop
    vertex -7.347880794884119e-16 -4 0.5
    vertex 0.5221047688802051 -3.965779445495242 0.8784492989880573
    vertex -7.347880794884119e-16 -4 1.25
  endloop
endfacet
facet normal 0.0654031 -0.997859 0
  outer loop
    vertex 0.5221047688802051 -3.965779445495242 0.8784492989880573
    vertex 0.5221047688802051 -3.965779445495242 1.628449298988057
    vertex -7.347880794884119e-16 -4 1.25
  endloop
endfacet
facet normal 0.19509 -0.980785 0
  outer loop
    vertex 0.5221047688802051 -3.965779445495242 0.8784492989880573
    vertex 1.035276180410081 -3.863703305156274 1.256898597976115
    vertex 0.5221047688802051 -3.965779445495242 1.628449298988057
  endloop
endfacet
facet normal 0.0654031 -0.997859 0
  outer loop
    vertex -7.347880794884119e-16 -4 1.25
    vertex 0.5221047688802051 -3.965779445495242 1.628449298988057
    vertex -7.347880794884119e-16 -4 2
  endloop
endfacet
facet normal -0.0654031 -0.997859 -0
  outer loop
    vertex -7.347880794884119e-16 -4 2
    vertex -0.5221047688802065 -3.965779445495242 1.621550701011943
    vertex -7.347880794884119e-16 -4 1.25
  endloop
endfacet
facet normal -0.0654031 -0.997859 -0
  outer loop
    vertex -0.5221047688802065 -3.965779445495242 1.621550701011943
    vertex -0.5221047688802065 -3.965779445495242 0.8715507010119432
    vertex -7.347880794884119e-16 -4 1.25
  endloop
endfacet
facet normal -0.19509 -0.980785 -0
  outer loop
    vertex -0.5221047688802065 -3.965779445495242 1.621550701011943
    vertex -1.035276180410079 -3.863703305156274 1.243101402023886
    vertex -0.5221047688802065 -3.965779445495242 0.8715507010119432
  endloop
endfacet
facet normal -0.0654031 -0.997859 -0
  outer loop
    vertex -7.347880794884119e-16 -4 1.25
    vertex -0.5221047688802065 -3.965779445495242 0.8715507010119432
    vertex -7.347880794884119e-16 -4 0.5
  endloop
endfacet
facet normal 0.606288 -0.79013 0.0900557
  outer loop
    vertex 2 -3.464101615137754 2
    vertex 2.435045716034882 -3.173413361164941 1.621550701011943
    vertex 2.828427124746189 -2.828427124746191 2
  endloop
endfacet
facet normal 0.704234 -0.704234 -0.0900557
  outer loop
    vertex 2.435045716034882 -3.173413361164941 1.621550701011943
    vertex 3.17341336116494 -2.435045716034884 1.621550701011943
    vertex 2.828427124746189 -2.828427124746191 2
  endloop
endfacet
facet normal 0.704234 -0.704234 0.0900557
  outer loop
    vertex 2.435045716034882 -3.173413361164941 1.621550701011943
    vertex 2.828427124746189 -2.828427124746191 1.243101402023886
    vertex 3.17341336116494 -2.435045716034884 1.621550701011943
  endloop
endfacet
facet normal 0.79013 -0.606288 0.0900557
  outer loop
    vertex 2.828427124746189 -2.828427124746191 2
    vertex 3.17341336116494 -2.435045716034884 1.621550701011943
    vertex 3.464101615137753 -2.000000000000002 2
  endloop
endfacet
facet normal 0.442289 -0.896873 0
  outer loop
    vertex 2 -3.464101615137754 2
    vertex 1.530733729460357 -3.695518130045148 1.628449298988057
    vertex 2 -3.464101615137754 1.25
  endloop
endfacet
facet normal 0.442289 -0.896873 0
  outer loop
    vertex 1.530733729460357 -3.695518130045148 1.628449298988057
    vertex 1.530733729460357 -3.695518130045148 0.8784492989880573
    vertex 2 -3.464101615137754 1.25
  endloop
endfacet
facet normal 0.321439 -0.94693 0
  outer loop
    vertex 1.530733729460357 -3.695518130045148 1.628449298988057
    vertex 1.035276180410081 -3.863703305156274 1.256898597976115
    vertex 1.530733729460357 -3.695518130045148 0.8784492989880573
  endloop
endfacet
facet normal 0.442289 -0.896873 0
  outer loop
    vertex 2 -3.464101615137754 1.25
    vertex 1.530733729460357 -3.695518130045148 0.8784492989880573
    vertex 2 -3.464101615137754 0.5
  endloop
endfacet
facet normal 0.55557 -0.83147 0
  outer loop
    vertex 2 -3.464101615137754 0.5
    vertex 2.435045716034882 -3.173413361164941 0.8715507010119428
    vertex 2 -3.464101615137754 1.25
  endloop
endfacet
facet normal 0.55557 -0.83147 0
  outer loop
    vertex 2.435045716034882 -3.173413361164941 0.8715507010119428
    vertex 2.435045716034882 -3.173413361164941 1.621550701011943
    vertex 2 -3.464101615137754 1.25
  endloop
endfacet
facet normal 0.659346 -0.75184 0
  outer loop
    vertex 2.435045716034882 -3.173413361164941 0.8715507010119428
    vertex 2.828427124746189 -2.828427124746191 1.243101402023886
    vertex 2.435045716034882 -3.173413361164941 1.621550701011943
  endloop
endfacet
facet normal 0.55557 -0.83147 0
  outer loop
    vertex 2 -3.464101615137754 1.25
    vertex 2.435045716034882 -3.173413361164941 1.621550701011943
    vertex 2 -3.464101615137754 2
  endloop
endfacet
facet normal 0.896873 -0.442289 0
  outer loop
    vertex 3.464101615137753 -2.000000000000002 0.5
    vertex 3.695518130045146 -1.530733729460362 0.8687557494384577
    vertex 3.464101615137753 -2.000000000000002 1.25
  endloop
endfacet
facet normal 0.896873 -0.442289 0
  outer loop
    vertex 3.695518130045146 -1.530733729460362 0.8687557494384577
    vertex 3.695518130045146 -1.530733729460362 1.618755749438458
    vertex 3.464101615137753 -2.000000000000002 1.25
  endloop
endfacet
facet normal 0.94693 -0.321439 0
  outer loop
    vertex 3.695518130045146 -1.530733729460362 0.8687557494384577
    vertex 3.863703305156272 -1.035276180410086 1.237511498876915
    vertex 3.695518130045146 -1.530733729460362 1.618755749438458
  endloop
endfacet
facet normal 0.896873 -0.442289 0
  outer loop
    vertex 3.464101615137753 -2.000000000000002 1.25
    vertex 3.695518130045146 -1.530733729460362 1.618755749438458
    vertex 3.464101615137753 -2.000000000000002 2
  endloop
endfacet
facet normal 0.83147 -0.55557 0
  outer loop
    vertex 3.464101615137753 -2.000000000000002 2
    vertex 3.17341336116494 -2.435045716034884 1.621550701011943
    vertex 3.464101615137753 -2.000000000000002 1.25
  endloop
endfacet
facet normal 0.83147 -0.55557 0
  outer loop
    vertex 3.17341336116494 -2.435045716034884 1.621550701011943
    vertex 3.17341336116494 -2.435045716034884 0.8715507010119428
    vertex 3.464101615137753 -2.000000000000002 1.25
  endloop
endfacet
facet normal 0.75184 -0.659346 0
  outer loop
    vertex 3.17341336116494 -2.435045716034884 1.621550701011943
    vertex 2.828427124746189 -2.828427124746191 1.243101402023886
    vertex 3.17341336116494 -2.435045716034884 0.8715507010119428
  endloop
endfacet
facet normal 0.83147 -0.55557 0
  outer loop
    vertex 3.464101615137753 -2.000000000000002 1.25
    vertex 3.17341336116494 -2.435045716034884 0.8715507010119428
    vertex 3.464101615137753 -2.000000000000002 0.5
  endloop
endfacet
facet normal 0.606242 0.790071 -0.0908772
  outer loop
    vertex 2 3.464101615137755 0.5
    vertex 2.435175815061702 3.173313528433422 0.875
    vertex 2.82842712474619 2.82842712474619 0.5
  endloop
endfacet
facet normal 0.70421 0.704152 0.0908772
  outer loop
    vertex 2.435175815061702 3.173313528433422 0.875
    vertex 3.173513188562679 2.43491561291531 0.875
    vertex 2.82842712474619 2.82842712474619 0.5
  endloop
endfacet
facet normal 0.70421 0.704152 -0.0908772
  outer loop
    vertex 2.435175815061702 3.173313528433422 0.875
    vertex 2.828659030442669 2.828195200033961 1.25
    vertex 3.173513188562679 2.43491561291531 0.875
  endloop
endfacet
facet normal 0.790071 0.606242 -0.0908772
  outer loop
    vertex 2.82842712474619 2.82842712474619 0.5
    vertex 3.173513188562679 2.43491561291531 0.875
    vertex 3.464101615137754 2 0.5
  endloop
endfacet
facet normal 0.129976 0.987266 -0.0917138
  outer loop
    vertex 2.449293598294706e-16 4 0.5
    vertex 0.522104768880206 3.965779445495242 0.8715507010119431
    vertex 1.035276180410083 3.863703305156273 0.5
  endloop
endfacet
facet normal 0.257728 0.961855 0.0917138
  outer loop
    vertex 0.522104768880206 3.965779445495242 0.8715507010119431
    vertex 1.530733729460359 3.695518130045147 0.8715507010119431
    vertex 1.035276180410083 3.863703305156273 0.5
  endloop
endfacet
facet normal 0.257728 0.961855 -0.0917138
  outer loop
    vertex 0.522104768880206 3.965779445495242 0.8715507010119431
    vertex 1.035276180410083 3.863703305156273 1.243101402023886
    vertex 1.530733729460359 3.695518130045147 0.8715507010119431
  endloop
endfacet
facet normal 0.381071 0.919986 -0.0917138
  outer loop
    vertex 1.035276180410083 3.863703305156273 0.5
    vertex 1.530733729460359 3.695518130045147 0.8715507010119431
    vertex 2 3.464101615137755 0.5
  endloop
endfacet
facet normal -0.381128 0.920126 -0.0900557
  outer loop
    vertex -2.000000000000001 3.464101615137754 0.5
    vertex -1.53073372946036 3.695518130045147 0.878449298988057
    vertex -1.035276180410083 3.863703305156273 0.5
  endloop
endfacet
facet normal -0.257767 0.962001 0.0900557
  outer loop
    vertex -1.53073372946036 3.695518130045147 0.878449298988057
    vertex -0.5221047688802064 3.965779445495242 0.878449298988057
    vertex -1.035276180410083 3.863703305156273 0.5
  endloop
endfacet
facet normal -0.257767 0.962001 -0.0900557
  outer loop
    vertex -1.53073372946036 3.695518130045147 0.878449298988057
    vertex -1.035276180410083 3.863703305156273 1.256898597976114
    vertex -0.5221047688802064 3.965779445495242 0.878449298988057
  endloop
endfacet
facet normal -0.129996 0.987416 -0.0900557
  outer loop
    vertex -1.035276180410083 3.863703305156273 0.5
    vertex -0.5221047688802064 3.965779445495242 0.878449298988057
    vertex 2.449293598294706e-16 4 0.5
  endloop
endfacet
facet normal -0.79013 0.606288 -0.0900557
  outer loop
    vertex -3.464101615137755 2 0.5
    vertex -3.173413361164941 2.435045716034882 0.8784492989880575
    vertex -2.82842712474619 2.82842712474619 0.5
  endloop
endfacet
facet normal -0.704234 0.704234 0.0900557
  outer loop
    vertex -3.173413361164941 2.435045716034882 0.8784492989880575
    vertex -2.435045716034884 3.173413361164939 0.8784492989880575
    vertex -2.82842712474619 2.82842712474619 0.5
  endloop
endfacet
facet normal -0.704234 0.704234 -0.0900557
  outer loop
    vertex -3.173413361164941 2.435045716034882 0.8784492989880575
    vertex -2.828427124746191 2.828427124746189 1.256898597976115
    vertex -2.435045716034884 3.173413361164939 0.8784492989880575
  endloop
endfacet
facet normal -0.606288 0.79013 -0.0900557
  outer loop
    vertex -2.82842712474619 2.82842712474619 0.5
    vertex -2.435045716034884 3.173413361164939 0.8784492989880575
    vertex -2.000000000000001 3.464101615137754 0.5
  endloop
endfacet
facet normal -0.987266 0.129976 -0.0917138
  outer loop
    vertex -4 4.898587196589413e-16 0.5
    vertex -3.965779445495242 0.5221047688802063 0.8715507010119431
    vertex -3.863703305156273 1.035276180410084 0.5
  endloop
endfacet
facet normal -0.961855 0.257728 0.0917138
  outer loop
    vertex -3.965779445495242 0.5221047688802063 0.8715507010119431
    vertex -3.695518130045147 1.530733729460358 0.8715507010119431
    vertex -3.863703305156273 1.035276180410084 0.5
  endloop
endfacet
facet normal -0.961855 0.257728 -0.0917138
  outer loop
    vertex -3.965779445495242 0.5221047688802063 0.8715507010119431
    vertex -3.863703305156274 1.035276180410081 1.243101402023886
    vertex -3.695518130045147 1.530733729460358 0.8715507010119431
  endloop
endfacet
facet normal -0.919986 0.381071 -0.0917138
  outer loop
    vertex -3.863703305156273 1.035276180410084 0.5
    vertex -3.695518130045147 1.530733729460358 0.8715507010119431
    vertex -3.464101615137755 2 0.5
  endloop
endfacet
facet normal -0.919986 -0.381071 -0.0917138
  outer loop
    vertex -3.464101615137755 -1.999999999999999 0.5
    vertex -3.695518130045148 -1.530733729460357 0.8715507010119432
    vertex -3.863703305156274 -1.035276180410081 0.5
  endloop
endfacet
facet normal -0.961855 -0.257728 0.0917138
  outer loop
    vertex -3.695518130045148 -1.530733729460357 0.8715507010119432
    vertex -3.965779445495242 -0.5221047688802053 0.8715507010119432
    vertex -3.863703305156274 -1.035276180410081 0.5
  endloop
endfacet
facet normal -0.961855 -0.257728 -0.0917138
  outer loop
    vertex -3.695518130045148 -1.530733729460357 0.8715507010119432
    vertex -3.863703305156274 -1.035276180410081 1.243101402023886
    vertex -3.965779445495242 -0.5221047688802053 0.8715507010119432
  endloop
endfacet
facet normal -0.987266 -0.129976 -0.0917138
  outer loop
    vertex -3.863703305156274 -1.035276180410081 0.5
    vertex -3.965779445495242 -0.5221047688802053 0.8715507010119432
    vertex -4 4.898587196589413e-16 0.5
  endloop
endfacet
facet normal -0.606196 -0.79001 -0.0917138
  outer loop
    vertex -1.999999999999998 -3.464101615137755 0.5
    vertex -2.435045716034884 -3.17341336116494 0.871550701011943
    vertex -2.828427124746191 -2.82842712474619 0.5
  endloop
endfacet
facet normal -0.704127 -0.704127 0.0917138
  outer loop
    vertex -2.435045716034884 -3.17341336116494 0.871550701011943
    vertex -3.173413361164942 -2.435045716034881 0.871550701011943
    vertex -2.828427124746191 -2.82842712474619 0.5
  endloop
endfacet
facet normal -0.704127 -0.704127 -0.0917138
  outer loop
    vertex -2.435045716034884 -3.17341336116494 0.871550701011943
    vertex -2.828427124746192 -2.828427124746189 1.243101402023886
    vertex -3.173413361164942 -2.435045716034881 0.871550701011943
  endloop
endfacet
facet normal -0.79001 -0.606196 -0.0917138
  outer loop
    vertex -2.828427124746191 -2.82842712474619 0.5
    vertex -3.173413361164942 -2.435045716034881 0.871550701011943
    vertex -3.464101615137755 -1.999999999999999 0.5
  endloop
endfacet
facet normal -0.129976 -0.987266 -0.0917138
  outer loop
    vertex -7.347880794884119e-16 -4 0.5
    vertex -0.5221047688802065 -3.965779445495242 0.8715507010119432
    vertex -1.035276180410083 -3.863703305156273 0.5
  endloop
endfacet
facet normal -0.257728 -0.961855 0.0917138
  outer loop
    vertex -0.5221047688802065 -3.965779445495242 0.8715507010119432
    vertex -1.530733729460358 -3.695518130045147 0.8715507010119432
    vertex -1.035276180410083 -3.863703305156273 0.5
  endloop
endfacet
facet normal -0.257728 -0.961855 -0.0917138
  outer loop
    vertex -0.5221047688802065 -3.965779445495242 0.8715507010119432
    vertex -1.035276180410079 -3.863703305156274 1.243101402023886
    vertex -1.530733729460358 -3.695518130045147 0.8715507010119432
  endloop
endfacet
facet normal -0.381071 -0.919986 -0.0917138
  outer loop
    vertex -1.035276180410083 -3.863703305156273 0.5
    vertex -1.530733729460358 -3.695518130045147 0.8715507010119432
    vertex -1.999999999999998 -3.464101615137755 0.5
  endloop
endfacet
facet normal 0.381128 -0.920126 -0.0900557
  outer loop
    vertex 2 -3.464101615137754 0.5
    vertex 1.530733729460357 -3.695518130045148 0.8784492989880573
    vertex 1.035276180410081 -3.863703305156274 0.5
  endloop
endfacet
facet normal 0.257767 -0.962001 0.0900557
  outer loop
    vertex 1.530733729460357 -3.695518130045148 0.8784492989880573
    vertex 0.5221047688802051 -3.965779445495242 0.8784492989880573
    vertex 1.035276180410081 -3.863703305156274 0.5
  endloop
endfacet
facet normal 0.257767 -0.962001 -0.0900557
  outer loop
    vertex 1.530733729460357 -3.695518130045148 0.8784492989880573
    vertex 1.035276180410081 -3.863703305156274 1.256898597976115
    vertex 0.5221047688802051 -3.965779445495242 0.8784492989880573
  endloop
endfacet
facet normal 0.129996 -0.987416 -0.0900557
  outer loop
    vertex 1.035276180410081 -3.863703305156274 0.5
    vertex 0.5221047688802051 -3.965779445495242 0.8784492989880573
    vertex -7.347880794884119e-16 -4 0.5
  endloop
endfacet
facet normal 0.79001 -0.606196 -0.0917138
  outer loop
    vertex 3.464101615137753 -2.000000000000002 0.5
    vertex 3.17341336116494 -2.435045716034884 0.8715507010119428
    vertex 2.828427124746189 -2.828427124746191 0.5
  endloop
endfacet
facet normal 0.704127 -0.704127 0.0917138
  outer loop
    vertex 3.17341336116494 -2.435045716034884 0.8715507010119428
    vertex 2.435045716034882 -3.173413361164941 0.8715507010119428
    vertex 2.828427124746189 -2.828427124746191 0.5
  endloop
endfacet
facet normal 0.704127 -0.704127 -0.0917138
  outer loop
    vertex 3.17341336116494 -2.435045716034884 0.8715507010119428
    vertex 2.828427124746189 -2.828427124746191 1.243101402023886
    vertex 2.435045716034882 -3.173413361164941 0.8715507010119428
  endloop
endfacet
facet normal 0.606196 -0.79001 -0.0917138
  outer loop
    vertex 2.828427124746189 -2.828427124746191 0.5
    vertex 2.435045716034882 -3.173413361164941 0.8715507010119428
    vertex 2 -3.464101615137754 0.5
  endloop
endfacet
facet normal 0 0 1
  outer loop
    vertex 3.464101615137754 2 2
    vertex 2.840465615296274 1.606688165686648 2
    vertex 3.863703305156273 1.035276180410083 2
  endloop
endfacet
facet normal 0 0 1
  outer loop
    vertex 2.840465615296274 1.606688165686648 2
    vertex 3.108414807727397 0.606688165686648 2
    vertex 3.863703305156273 1.035276180410083 2
  endloop
endfacet
facet normal 0 0 1
  outer loop
    vertex 2.840465615296274 1.606688165686648 2
    vertex 2.216829615454793 1.213376331373296 2
    vertex 3.108414807727397 0.606688165686648 2
  endloop
endfacet
facet normal 0 0 1
  outer loop
    vertex 3.863703305156273 1.035276180410083 2
    vertex 3.108414807727397 0.606688165686648 2
    vertex 4 -9.797174393178826e-16 2
  endloop
endfacet
facet normal 0 0 1
  outer loop
    vertex 4 -9.797174393178826e-16 2
    vertex 3.050934661013977 -0.2723290993692609 2
    vertex 3.863703305156273 -1.035276180410083 2
  endloop
endfacet
facet normal 0 0 1
  outer loop
    vertex 3.050934661013977 -0.2723290993692609 2
    vertex 2.782985468582853 -1.272329099369262 2
    vertex 3.863703305156273 -1.035276180410083 2
  endloop
endfacet
facet normal 0 0 1
  outer loop
    vertex 3.050934661013977 -0.2723290993692609 2
    vertex 2.101869322027954 -0.5446581987385218 2
    vertex 2.782985468582853 -1.272329099369262 2
  endloop
endfacet
facet normal 0 0 1
  outer loop
    vertex 3.863703305156273 -1.035276180410083 2
    vertex 2.782985468582853 -1.272329099369262 2
    vertex 3.464101615137753 -2.000000000000002 2
  endloop
endfacet
facet normal 0 0 1
  outer loop
    vertex 4 -9.797174393178826e-16 2
    vertex 3.108414807727397 0.606688165686648 2
    vertex 3.050934661013977 -0.2723290993692609 2
  endloop
endfacet
facet normal 0 0 1
  outer loop
    vertex 3.108414807727397 0.606688165686648 2
    vertex 2.159349468741373 0.334359066317387 2
    vertex 3.050934661013977 -0.2723290993692609 2
  endloop
endfacet
facet normal 0 0 1
  outer loop
    vertex 3.108414807727397 0.606688165686648 2
    vertex 2.216829615454793 1.213376331373296 2
    vertex 2.159349468741373 0.334359066317387 2
  endloop
endfacet
facet normal 0 0 1
  outer loop
    vertex 3.050934661013977 -0.2723290993692609 2
    vertex 2.159349468741373 0.334359066317387 2
    vertex 2.101869322027954 -0.5446581987385218 2
  endloop
endfacet
facet normal 0 0 1
  outer loop
    vertex 2 3.464101615137755 2
    vertex 2.108414807727396 2.338738973255525 2
    vertex 2.82842712474619 2.82842712474619 2
  endloop
endfacet
facet normal -0 0 1
  outer loop
    vertex 2.108414807727396 2.338738973255525 2
    vertex 2.840465615296274 1.606688165686648 2
    vertex 2.82842712474619 2.82842712474619 2
  endloop
endfacet
facet normal 0 0 1
  outer loop
    vertex 2.108414807727396 2.338738973255525 2
    vertex 2.216829615454793 1.213376331373296 2
    vertex 2.840465615296274 1.606688165686648 2
  endloop
endfacet
facet normal 0 0 1
  outer loop
    vertex 2.82842712474619 2.82842712474619 2
    vertex 2.840465615296274 1.606688165686648 2
    vertex 3.464101615137754 2 2
  endloop
endfacet
facet normal 0 0 1
  outer loop
    vertex 2.449293598294706e-16 4 2
    vertex 0.3375615965257134 2.962665367938456 2
    vertex 1.035276180410083 3.863703305156273 2
  endloop
endfacet
facet normal -0 0 1
  outer loop
    vertex 0.3375615965257134 2.962665367938456 2
    vertex 1.337561596525713 2.694716175507333 2
    vertex 1.035276180410083 3.863703305156273 2
  endloop
endfacet
facet normal 0 0 1
  outer loop
    vertex 0.3375615965257134 2.962665367938456 2
    vertex 0.6751231930514265 1.925330735876911 2
    vertex 1.337561596525713 2.694716175507333 2
  endloop
endfacet
facet normal 0 0 1
  outer loop
    vertex 1.035276180410083 3.863703305156273 2
    vertex 1.337561596525713 2.694716175507333 2
    vertex 2 3.464101615137755 2
  endloop
endfacet
facet normal -0 0 1
  outer loop
    vertex 0.6751231930514265 1.925330735876911 2
    vertex 1.44597640425311 1.569353533625104 2
    vertex 1.337561596525713 2.694716175507333 2
  endloop
endfacet
facet normal 0 -0 1
  outer loop
    vertex 1.44597640425311 1.569353533625104 2
    vertex 2.108414807727396 2.338738973255525 2
    vertex 1.337561596525713 2.694716175507333 2
  endloop
endfacet
facet normal -0 0 1
  outer loop
    vertex 1.44597640425311 1.569353533625104 2
    vertex 2.216829615454793 1.213376331373296 2
    vertex 2.108414807727396 2.338738973255525 2
  endloop
endfacet
facet normal -0 0 1
  outer loop
    vertex 1.337561596525713 2.694716175507333 2
    vertex 2.108414807727396 2.338738973255525 2
    vertex 2 3.464101615137755 2
  endloop
endfacet
facet normal -0 0 1
  outer loop
    vertex -2.000000000000001 3.464101615137754 2
    vertex -1.553877245372666 2.772707277427127 2
    vertex -1.035276180410083 3.863703305156273 2
  endloop
endfacet
facet normal 0 0 1
  outer loop
    vertex -1.553877245372666 2.772707277427127 2
    vertex -0.5538772453726651 3.04065646985825 2
    vertex -1.035276180410083 3.863703305156273 2
  endloop
endfacet
facet normal -0 0 1
  outer loop
    vertex -1.553877245372666 2.772707277427127 2
    vertex -1.107754490745331 2.0813129397165 2
    vertex -0.5538772453726651 3.04065646985825 2
  endloop
endfacet
facet normal -0 0 1
  outer loop
    vertex -1.035276180410083 3.863703305156273 2
    vertex -0.5538772453726651 3.04065646985825 2
    vertex 2.449293598294706e-16 4 2
  endloop
endfacet
facet normal 0 0 1
  outer loop
    vertex 2.449293598294706e-16 4 2
    vertex -0.5538772453726651 3.04065646985825 2
    vertex 0.3375615965257134 2.962665367938456 2
  endloop
endfacet
facet normal 0 0 1
  outer loop
    vertex -0.5538772453726651 3.04065646985825 2
    vertex -0.216315648846952 2.003321837796705 2
    vertex 0.3375615965257134 2.962665367938456 2
  endloop
endfacet
facet normal 0 0 1
  outer loop
    vertex -0.5538772453726651 3.04065646985825 2
    vertex -1.107754490745331 2.0813129397165 2
    vertex -0.216315648846952 2.003321837796705 2
  endloop
endfacet
facet normal 0 0 1
  outer loop
    vertex 0.3375615965257134 2.962665367938456 2
    vertex -0.216315648846952 2.003321837796705 2
    vertex 0.6751231930514265 1.925330735876911 2
  endloop
endfacet
facet normal 0 0 1
  outer loop
    vertex -3.464101615137755 2 2
    vertex -2.285928052941543 2.04065646985825 2
    vertex -2.82842712474619 2.82842712474619 2
  endloop
endfacet
facet normal 0 -0 1
  outer loop
    vertex -2.285928052941543 2.04065646985825 2
    vertex -1.553877245372666 2.772707277427127 2
    vertex -2.82842712474619 2.82842712474619 2
  endloop
endfacet
facet normal 0 0 1
  outer loop
    vertex -2.285928052941543 2.04065646985825 2
    vertex -1.107754490745331 2.0813129397165 2
    vertex -1.553877245372666 2.772707277427127 2
  endloop
endfacet
facet normal -0 0 1
  outer loop
    vertex -2.82842712474619 2.82842712474619 2
    vertex -1.553877245372666 2.772707277427127 2
    vertex -2.000000000000001 3.464101615137754 2
  endloop
endfacet
facet normal 0 0 1
  outer loop
    vertex -4 4.898587196589413e-16 2
    vertex -3.091364596560117 0.2633066308206837 2
    vertex -3.863703305156273 1.035276180410084 2
  endloop
endfacet
facet normal 0 -0 1
  outer loop
    vertex -3.091364596560117 0.2633066308206837 2
    vertex -2.823415404128995 1.263306630820683 2
    vertex -3.863703305156273 1.035276180410084 2
  endloop
endfacet
facet normal 0 0 1
  outer loop
    vertex -3.091364596560117 0.2633066308206837 2
    vertex -2.182729193120235 0.5266132616413668 2
    vertex -2.823415404128995 1.263306630820683 2
  endloop
endfacet
facet normal 0 0 1
  outer loop
    vertex -3.863703305156273 1.035276180410084 2
    vertex -2.823415404128995 1.263306630820683 2
    vertex -3.464101615137755 2 2
  endloop
endfacet
facet normal 0 -0 1
  outer loop
    vertex -2.182729193120235 0.5266132616413668 2
    vertex -1.645241841932783 1.303963100678934 2
    vertex -2.823415404128995 1.263306630820683 2
  endloop
endfacet
facet normal 0 0 1
  outer loop
    vertex -1.645241841932783 1.303963100678934 2
    vertex -2.285928052941543 2.04065646985825 2
    vertex -2.823415404128995 1.263306630820683 2
  endloop
endfacet
facet normal 0 -0 1
  outer loop
    vertex -1.645241841932783 1.303963100678934 2
    vertex -1.107754490745331 2.0813129397165 2
    vertex -2.285928052941543 2.04065646985825 2
  endloop
endfacet
facet normal 0 -0 1
  outer loop
    vertex -2.823415404128995 1.263306630820683 2
    vertex -2.285928052941543 2.04065646985825 2
    vertex -3.464101615137755 2 2
  endloop
endfacet
facet normal 0 -0 1
  outer loop
    vertex -3.464101615137755 -1.999999999999999 2
    vertex -3.098076211353316 -1.366025403784438 2
    vertex -3.863703305156274 -1.035276180410081 2
  endloop
endfacet
facet normal 0 0 1
  outer loop
    vertex -3.098076211353316 -1.366025403784438 2
    vertex -3.366025403784438 -0.3660254037844388 2
    vertex -3.863703305156274 -1.035276180410081 2
  endloop
endfacet
facet normal 0 -0 1
  outer loop
    vertex -3.098076211353316 -1.366025403784438 2
    vertex -2.732050807568876 -0.732050807568878 2
    vertex -3.366025403784438 -0.3660254037844388 2
  endloop
endfacet
facet normal 0 -0 1
  outer loop
    vertex -3.863703305156274 -1.035276180410081 2
    vertex -3.366025403784438 -0.3660254037844388 2
    vertex -4 4.898587196589413e-16 2
  endloop
endfacet
facet normal -0 0 1
  outer loop
    vertex -4 4.898587196589413e-16 2
    vertex -3.366025403784438 -0.3660254037844388 2
    vertex -3.091364596560117 0.2633066308206837 2
  endloop
endfacet
facet normal 0 0 1
  outer loop
    vertex -3.366025403784438 -0.3660254037844388 2
    vertex -2.457390000344555 -0.1027187729637556 2
    vertex -3.091364596560117 0.2633066308206837 2
  endloop
endfacet
facet normal -0 0 1
  outer loop
    vertex -3.366025403784438 -0.3660254037844388 2
    vertex -2.732050807568876 -0.732050807568878 2
    vertex -2.457390000344555 -0.1027187729637556 2
  endloop
endfacet
facet normal -0 0 1
  outer loop
    vertex -3.091364596560117 0.2633066308206837 2
    vertex -2.457390000344555 -0.1027187729637556 2
    vertex -2.182729193120235 0.5266132616413668 2
  endloop
endfacet
facet normal 0 0 1
  outer loop
    vertex -1.999999999999998 -3.464101615137755 2
    vertex -2 -2.732050807568879 2
    vertex -2.828427124746191 -2.82842712474619 2
  endloop
endfacet
facet normal 0 0 1
  outer loop
    vertex -2 -2.732050807568879 2
    vertex -2.732050807568878 -2 2
    vertex -2.828427124746191 -2.82842712474619 2
  endloop
endfacet
facet normal 0 0 1
  outer loop
    vertex -2 -2.732050807568879 2
    vertex -2 -2.000000000000001 2
    vertex -2.732050807568878 -2 2
  endloop
endfacet
facet normal 0 -0 1
  outer loop
    vertex -2.828427124746191 -2.82842712474619 2
    vertex -2.732050807568878 -2 2
    vertex -3.464101615137755 -1.999999999999999 2
  endloop
endfacet
facet normal 0 0 1
  outer loop
    vertex -2 -2.000000000000001 2
    vertex -2.366025403784438 -1.36602540378444 2
    vertex -2.732050807568878 -2 2
  endloop
endfacet
facet normal 0 0 1
  outer loop
    vertex -2.366025403784438 -1.36602540378444 2
    vertex -3.098076211353316 -1.366025403784438 2
    vertex -2.732050807568878 -2 2
  endloop
endfacet
facet normal 0 0 1
  outer loop
    vertex -2.366025403784438 -1.36602540378444 2
    vertex -2.732050807568876 -0.732050807568878 2
    vertex -3.098076211353316 -1.366025403784438 2
  endloop
endfacet
facet normal 0 0 1
  outer loop
    vertex -2.732050807568878 -2 2
    vertex -3.098076211353316 -1.366025403784438 2
    vertex -3.464101615137755 -1.999999999999999 2
  endloop
endfacet
facet normal 0 0 1
  outer loop
    vertex -7.347880794884119e-16 -4 2
    vertex -0.3169872981077808 -3.077350269189626 2
    vertex -1.035276180410083 -3.863703305156273 2
  endloop
endfacet
facet normal 0 0 1
  outer loop
    vertex -0.3169872981077808 -3.077350269189626 2
    vertex -1.31698729810778 -2.809401076758504 2
    vertex -1.035276180410083 -3.863703305156273 2
  endloop
endfacet
facet normal 0 0 1
  outer loop
    vertex -0.3169872981077808 -3.077350269189626 2
    vertex -0.633974596215561 -2.154700538379253 2
    vertex -1.31698729810778 -2.809401076758504 2
  endloop
endfacet
facet normal 0 0 1
  outer loop
    vertex -1.035276180410083 -3.863703305156273 2
    vertex -1.31698729810778 -2.809401076758504 2
    vertex -1.999999999999998 -3.464101615137755 2
  endloop
endfacet
facet normal 0 0 1
  outer loop
    vertex -0.633974596215561 -2.154700538379253 2
    vertex -1.316987298107781 -2.077350269189627 2
    vertex -1.31698729810778 -2.809401076758504 2
  endloop
endfacet
facet normal 0 0 1
  outer loop
    vertex -1.316987298107781 -2.077350269189627 2
    vertex -2 -2.732050807568879 2
    vertex -1.31698729810778 -2.809401076758504 2
  endloop
endfacet
facet normal 0 0 1
  outer loop
    vertex -1.316987298107781 -2.077350269189627 2
    vertex -2 -2.000000000000001 2
    vertex -2 -2.732050807568879 2
  endloop
endfacet
facet normal 0 0 1
  outer loop
    vertex -1.31698729810778 -2.809401076758504 2
    vertex -2 -2.732050807568879 2
    vertex -1.999999999999998 -3.464101615137755 2
  endloop
endfacet
facet normal 0 0 1
  outer loop
    vertex 2 -3.464101615137754 2
    vertex 1.549038105676657 -2.781088913245537 2
    vertex 1.035276180410081 -3.863703305156274 2
  endloop
endfacet
facet normal 0 0 1
  outer loop
    vertex 1.549038105676657 -2.781088913245537 2
    vertex 0.5490381056766567 -3.049038105676659 2
    vertex 1.035276180410081 -3.863703305156274 2
  endloop
endfacet
facet normal 0 0 1
  outer loop
    vertex 1.549038105676657 -2.781088913245537 2
    vertex 1.098076211353314 -2.098076211353319 2
    vertex 0.5490381056766567 -3.049038105676659 2
  endloop
endfacet
facet normal 0 0 1
  outer loop
    vertex 1.035276180410081 -3.863703305156274 2
    vertex 0.5490381056766567 -3.049038105676659 2
    vertex -7.347880794884119e-16 -4 2
  endloop
endfacet
facet normal 0 -0 1
  outer loop
    vertex -7.347880794884119e-16 -4 2
    vertex 0.5490381056766567 -3.049038105676659 2
    vertex -0.3169872981077808 -3.077350269189626 2
  endloop
endfacet
facet normal 0 0 1
  outer loop
    vertex 0.5490381056766567 -3.049038105676659 2
    vertex 0.2320508075688765 -2.126388374866286 2
    vertex -0.3169872981077808 -3.077350269189626 2
  endloop
endfacet
facet normal 0 -0 1
  outer loop
    vertex 0.5490381056766567 -3.049038105676659 2
    vertex 1.098076211353314 -2.098076211353319 2
    vertex 0.2320508075688765 -2.126388374866286 2
  endloop
endfacet
facet normal 0 -0 1
  outer loop
    vertex -0.3169872981077808 -3.077350269189626 2
    vertex 0.2320508075688765 -2.126388374866286 2
    vertex -0.633974596215561 -2.154700538379253 2
  endloop
endfacet
facet normal 0 0 1
  outer loop
    vertex 3.464101615137753 -2.000000000000002 2
    vertex 2.281088913245534 -2.04903810567666 2
    vertex 2.828427124746189 -2.828427124746191 2
  endloop
endfacet
facet normal 0 0 1
  outer loop
    vertex 2.281088913245534 -2.04903810567666 2
    vertex 1.549038105676657 -2.781088913245537 2
    vertex 2.828427124746189 -2.828427124746191 2
  endloop
endfacet
facet normal 0 0 1
  outer loop
    vertex 2.281088913245534 -2.04903810567666 2
    vertex 1.098076211353314 -2.098076211353319 2
    vertex 1.549038105676657 -2.781088913245537 2
  endloop
endfacet
facet normal 0 0 1
  outer loop
    vertex 2.828427124746189 -2.828427124746191 2
    vertex 1.549038105676657 -2.781088913245537 2
    vertex 2 -3.464101615137754 2
  endloop
endfacet
facet normal 0 0 1
  outer loop
    vertex 2.101869322027954 -0.5446581987385218 2
    vertex 1.599972766690634 -1.32136720504592 2
    vertex 2.782985468582853 -1.272329099369262 2
  endloop
endfacet
facet normal -0 0 1
  outer loop
    vertex 1.599972766690634 -1.32136720504592 2
    vertex 2.281088913245534 -2.04903810567666 2
    vertex 2.782985468582853 -1.272329099369262 2
  endloop
endfacet
facet normal 0 0 1
  outer loop
    vertex 1.599972766690634 -1.32136720504592 2
    vertex 1.098076211353314 -2.098076211353319 2
    vertex 2.281088913245534 -2.04903810567666 2
  endloop
endfacet
facet normal 0 0 1
  outer loop
    vertex 2.782985468582853 -1.272329099369262 2
    vertex 2.281088913245534 -2.04903810567666 2
    vertex 3.464101615137753 -2.000000000000002 2
  endloop
endfacet
facet normal 0 0 1
  outer loop
    vertex -0.633974596215561 -2.154700538379253 2
    vertex -0.9509618943233413 -1.443375672974065 2
    vertex -1.316987298107781 -2.077350269189627 2
  endloop
endfacet
facet normal 0 0 1
  outer loop
    vertex -0.9509618943233413 -1.443375672974065 2
    vertex -1.633974596215561 -1.366025403784439 2
    vertex -1.316987298107781 -2.077350269189627 2
  endloop
endfacet
facet normal 0 0 1
  outer loop
    vertex -0.9509618943233413 -1.443375672974065 2
    vertex -1.267949192431122 -0.7320508075688772 2
    vertex -1.633974596215561 -1.366025403784439 2
  endloop
endfacet
facet normal 0 0 1
  outer loop
    vertex -1.316987298107781 -2.077350269189627 2
    vertex -1.633974596215561 -1.366025403784439 2
    vertex -2 -2.000000000000001 2
  endloop
endfacet
facet normal 0 -0 1
  outer loop
    vertex -0.633974596215561 -2.154700538379253 2
    vertex -0.1407685142755952 -1.406108389282484 2
    vertex -0.9509618943233413 -1.443375672974065 2
  endloop
endfacet
facet normal 0 0 1
  outer loop
    vertex -0.1407685142755952 -1.406108389282484 2
    vertex -0.4577558123833756 -0.6947835238772959 2
    vertex -0.9509618943233413 -1.443375672974065 2
  endloop
endfacet
facet normal 0 -0 1
  outer loop
    vertex -0.1407685142755952 -1.406108389282484 2
    vertex 0.3524375676643705 -0.6575162401857146 2
    vertex -0.4577558123833756 -0.6947835238772959 2
  endloop
endfacet
facet normal 0 -0 1
  outer loop
    vertex -0.9509618943233413 -1.443375672974065 2
    vertex -0.4577558123833756 -0.6947835238772959 2
    vertex -1.267949192431122 -0.7320508075688772 2
  endloop
endfacet
facet normal 0 0 1
  outer loop
    vertex -0.633974596215561 -2.154700538379253 2
    vertex 0.2320508075688765 -2.126388374866286 2
    vertex -0.1407685142755952 -1.406108389282484 2
  endloop
endfacet
facet normal 0 -0 1
  outer loop
    vertex 0.2320508075688765 -2.126388374866286 2
    vertex 0.7252568895088423 -1.377796225769517 2
    vertex -0.1407685142755952 -1.406108389282484 2
  endloop
endfacet
facet normal 0 0 1
  outer loop
    vertex 0.2320508075688765 -2.126388374866286 2
    vertex 1.098076211353314 -2.098076211353319 2
    vertex 0.7252568895088423 -1.377796225769517 2
  endloop
endfacet
facet normal 0 0 1
  outer loop
    vertex -0.1407685142755952 -1.406108389282484 2
    vertex 0.7252568895088423 -1.377796225769517 2
    vertex 0.3524375676643705 -0.6575162401857146 2
  endloop
endfacet
facet normal 0 0 1
  outer loop
    vertex 0.6751231930514265 1.925330735876911 2
    vertex -0.216315648846952 2.003321837796705 2
    vertex 0.1357768821754084 1.278018230113702 2
  endloop
endfacet
facet normal 0 0 1
  outer loop
    vertex -0.216315648846952 2.003321837796705 2
    vertex -0.7556619597229701 1.356009332033496 2
    vertex 0.1357768821754084 1.278018230113702 2
  endloop
endfacet
facet normal 0 0 1
  outer loop
    vertex -0.216315648846952 2.003321837796705 2
    vertex -1.107754490745331 2.0813129397165 2
    vertex -0.7556619597229701 1.356009332033496 2
  endloop
endfacet
facet normal 0 0 1
  outer loop
    vertex 0.1357768821754084 1.278018230113702 2
    vertex -0.7556619597229701 1.356009332033496 2
    vertex -0.4035694287006097 0.6307057243504921 2
  endloop
endfacet
facet normal -0 0 1
  outer loop
    vertex -0.4035694287006097 0.6307057243504921 2
    vertex 0.3281570669055077 0.5330947801570616 2
    vertex 0.1357768821754084 1.278018230113702 2
  endloop
endfacet
facet normal 0 -0 1
  outer loop
    vertex 0.3281570669055077 0.5330947801570616 2
    vertex 0.8675033777815259 1.180407285920271 2
    vertex 0.1357768821754084 1.278018230113702 2
  endloop
endfacet
facet normal -0 0 1
  outer loop
    vertex 0.3281570669055077 0.5330947801570616 2
    vertex 1.059883562511625 0.435483835963631 2
    vertex 0.8675033777815259 1.180407285920271 2
  endloop
endfacet
facet normal -0 0 1
  outer loop
    vertex 0.1357768821754084 1.278018230113702 2
    vertex 0.8675033777815259 1.180407285920271 2
    vertex 0.6751231930514265 1.925330735876911 2
  endloop
endfacet
facet normal 0 -0 1
  outer loop
    vertex 1.059883562511625 0.435483835963631 2
    vertex 1.638356588983209 0.8244300836684635 2
    vertex 0.8675033777815259 1.180407285920271 2
  endloop
endfacet
facet normal 0 0 1
  outer loop
    vertex 1.638356588983209 0.8244300836684635 2
    vertex 1.44597640425311 1.569353533625104 2
    vertex 0.8675033777815259 1.180407285920271 2
  endloop
endfacet
facet normal 0 -0 1
  outer loop
    vertex 1.638356588983209 0.8244300836684635 2
    vertex 2.216829615454793 1.213376331373296 2
    vertex 1.44597640425311 1.569353533625104 2
  endloop
endfacet
facet normal 0 -0 1
  outer loop
    vertex 0.8675033777815259 1.180407285920271 2
    vertex 1.44597640425311 1.569353533625104 2
    vertex 0.6751231930514265 1.925330735876911 2
  endloop
endfacet
facet normal -0 0 1
  outer loop
    vertex 0.3524375676643705 -0.6575162401857146 2
    vertex 0.7252568895088423 -1.377796225769517 2
    vertex 1.227153444846162 -0.6010872194621182 2
  endloop
endfacet
facet normal 0 0 1
  outer loop
    vertex 0.7252568895088423 -1.377796225769517 2
    vertex 1.599972766690634 -1.32136720504592 2
    vertex 1.227153444846162 -0.6010872194621182 2
  endloop
endfacet
facet normal -0 0 1
  outer loop
    vertex 0.7252568895088423 -1.377796225769517 2
    vertex 1.098076211353314 -2.098076211353319 2
    vertex 1.599972766690634 -1.32136720504592 2
  endloop
endfacet
facet normal -0 0 1
  outer loop
    vertex 1.227153444846162 -0.6010872194621182 2
    vertex 1.599972766690634 -1.32136720504592 2
    vertex 2.101869322027954 -0.5446581987385218 2
  endloop
endfacet
facet normal 0 0 1
  outer loop
    vertex 2.101869322027954 -0.5446581987385218 2
    vertex 1.58087644226979 -0.05458718138744539 2
    vertex 1.227153444846162 -0.6010872194621182 2
  endloop
endfacet
facet normal 0 0 1
  outer loop
    vertex 1.58087644226979 -0.05458718138744539 2
    vertex 0.7061605650879978 -0.1110162021110418 2
    vertex 1.227153444846162 -0.6010872194621182 2
  endloop
endfacet
facet normal 0 0 1
  outer loop
    vertex 1.58087644226979 -0.05458718138744539 2
    vertex 1.059883562511625 0.435483835963631 2
    vertex 0.7061605650879978 -0.1110162021110418 2
  endloop
endfacet
facet normal 0 0 1
  outer loop
    vertex 1.227153444846162 -0.6010872194621182 2
    vertex 0.7061605650879978 -0.1110162021110418 2
    vertex 0.3524375676643705 -0.6575162401857146 2
  endloop
endfacet
facet normal 0 -0 1
  outer loop
    vertex 2.101869322027954 -0.5446581987385218 2
    vertex 2.159349468741373 0.334359066317387 2
    vertex 1.58087644226979 -0.05458718138744539 2
  endloop
endfacet
facet normal 0 0 1
  outer loop
    vertex 2.159349468741373 0.334359066317387 2
    vertex 1.638356588983209 0.8244300836684635 2
    vertex 1.58087644226979 -0.05458718138744539 2
  endloop
endfacet
facet normal 0 -0 1
  outer loop
    vertex 2.159349468741373 0.334359066317387 2
    vertex 2.216829615454793 1.213376331373296 2
    vertex 1.638356588983209 0.8244300836684635 2
  endloop
endfacet
facet normal 0 -0 1
  outer loop
    vertex 1.58087644226979 -0.05458718138744539 2
    vertex 1.638356588983209 0.8244300836684635 2
    vertex 1.059883562511625 0.435483835963631 2
  endloop
endfacet
facet normal 0 -0 1
  outer loop
    vertex -1.267949192431122 -0.7320508075688772 2
    vertex -0.8357593105658657 -0.05067254160919255 2
    vertex -1.725339192775678 -0.1027187729637552 2
  endloop
endfacet
facet normal 0 0 1
  outer loop
    vertex -0.8357593105658657 -0.05067254160919255 2
    vertex -1.293149310910422 0.5786594929959294 2
    vertex -1.725339192775678 -0.1027187729637552 2
  endloop
endfacet
facet normal 0 -0 1
  outer loop
    vertex -0.8357593105658657 -0.05067254160919255 2
    vertex -0.4035694287006097 0.6307057243504921 2
    vertex -1.293149310910422 0.5786594929959294 2
  endloop
endfacet
facet normal 0 -0 1
  outer loop
    vertex -1.725339192775678 -0.1027187729637552 2
    vertex -1.293149310910422 0.5786594929959294 2
    vertex -2.182729193120235 0.5266132616413668 2
  endloop
endfacet
facet normal 0 0 1
  outer loop
    vertex -2.182729193120235 0.5266132616413668 2
    vertex -2.457390000344555 -0.1027187729637556 2
    vertex -1.725339192775678 -0.1027187729637552 2
  endloop
endfacet
facet normal -0 0 1
  outer loop
    vertex -2.457390000344555 -0.1027187729637556 2
    vertex -1.999999999999999 -0.7320508075688776 2
    vertex -1.725339192775678 -0.1027187729637552 2
  endloop
endfacet
facet normal 0 0 1
  outer loop
    vertex -2.457390000344555 -0.1027187729637556 2
    vertex -2.732050807568876 -0.732050807568878 2
    vertex -1.999999999999999 -0.7320508075688776 2
  endloop
endfacet
facet normal 0 0 1
  outer loop
    vertex -1.725339192775678 -0.1027187729637552 2
    vertex -1.999999999999999 -0.7320508075688776 2
    vertex -1.267949192431122 -0.7320508075688772 2
  endloop
endfacet
facet normal 0 0 1
  outer loop
    vertex -0.4035694287006097 0.6307057243504921 2
    vertex -0.7556619597229701 1.356009332033496 2
    vertex -1.293149310910422 0.5786594929959294 2
  endloop
endfacet
facet normal 0 0 1
  outer loop
    vertex -0.7556619597229701 1.356009332033496 2
    vertex -1.645241841932783 1.303963100678934 2
    vertex -1.293149310910422 0.5786594929959294 2
  endloop
endfacet
facet normal 0 0 1
  outer loop
    vertex -0.7556619597229701 1.356009332033496 2
    vertex -1.107754490745331 2.0813129397165 2
    vertex -1.645241841932783 1.303963100678934 2
  endloop
endfacet
facet normal 0 0 1
  outer loop
    vertex -1.293149310910422 0.5786594929959294 2
    vertex -1.645241841932783 1.303963100678934 2
    vertex -2.182729193120235 0.5266132616413668 2
  endloop
endfacet
facet normal 0 0 1
  outer loop
    vertex -1.267949192431122 -0.7320508075688772 2
    vertex -1.999999999999999 -0.7320508075688776 2
    vertex -1.633974596215561 -1.366025403784439 2
  endloop
endfacet
facet normal 0 0 1
  outer loop
    vertex -1.999999999999999 -0.7320508075688776 2
    vertex -2.366025403784438 -1.36602540378444 2
    vertex -1.633974596215561 -1.366025403784439 2
  endloop
endfacet
facet normal 0 0 1
  outer loop
    vertex -1.999999999999999 -0.7320508075688776 2
    vertex -2.732050807568876 -0.732050807568878 2
    vertex -2.366025403784438 -1.36602540378444 2
  endloop
endfacet
facet normal 0 0 1
  outer loop
    vertex -1.633974596215561 -1.366025403784439 2
    vertex -2.366025403784438 -1.36602540378444 2
    vertex -2 -2.000000000000001 2
  endloop
endfacet
facet normal 0 0 1
  outer loop
    vertex 0.3524375676643705 -0.6575162401857146 2
    vertex -0.02556593051811962 -0.01340525791761127 2
    vertex -0.4577558123833756 -0.6947835238772959 2
  endloop
endfacet
facet normal 0 0 1
  outer loop
    vertex -0.02556593051811962 -0.01340525791761127 2
    vertex -0.8357593105658657 -0.05067254160919255 2
    vertex -0.4577558123833756 -0.6947835238772959 2
  endloop
endfacet
facet normal 0 0 1
  outer loop
    vertex -0.02556593051811962 -0.01340525791761127 2
    vertex -0.4035694287006097 0.6307057243504921 2
    vertex -0.8357593105658657 -0.05067254160919255 2
  endloop
endfacet
facet normal 0 0 1
  outer loop
    vertex -0.4577558123833756 -0.6947835238772959 2
    vertex -0.8357593105658657 -0.05067254160919255 2
    vertex -1.267949192431122 -0.7320508075688772 2
  endloop
endfacet
facet normal 0 -0 1
  outer loop
    vertex 0.3524375676643705 -0.6575162401857146 2
    vertex 0.7061605650879978 -0.1110162021110418 2
    vertex -0.02556593051811962 -0.01340525791761127 2
  endloop
endfacet
facet normal 0 0 1
  outer loop
    vertex 0.7061605650879978 -0.1110162021110418 2
    vertex 0.3281570669055077 0.5330947801570616 2
    vertex -0.02556593051811962 -0.01340525791761127 2
  endloop
endfacet
facet normal 0 -0 1
  outer loop
    vertex 0.7061605650879978 -0.1110162021110418 2
    vertex 1.059883562511625 0.435483835963631 2
    vertex 0.3281570669055077 0.5330947801570616 2
  endloop
endfacet
facet normal 0 -0 1
  outer loop
    vertex -0.02556593051811962 -0.01340525791761127 2
    vertex 0.3281570669055077 0.5330947801570616 2
    vertex -0.4035694287006097 0.6307057243504921 2
  endloop
endfacet
facet normal 0 -0 -1
  outer loop
    vertex 3.464101615137754 2 0.5
    vertex 3.863703305156273 1.035276180410083 0.5
    vertex 2.840465615296274 1.606688165686648 0.5
  endloop
endfacet
facet normal -0 0 -1
  outer loop
    vertex 3.863703305156273 1.035276180410083 0.5
    vertex 3.108414807727397 0.606688165686648 0.5
    vertex 2.840465615296274 1.606688165686648 0.5
  endloop
endfacet
facet normal 0 -0 -1
  outer loop
    vertex 3.863703305156273 1.035276180410083 0.5
    vertex 4 -9.797174393178826e-16 0.5
    vertex 3.108414807727397 0.606688165686648 0.5
  endloop
endfacet
facet normal 0 -0 -1
  outer loop
    vertex 2.840465615296274 1.606688165686648 0.5
    vertex 3.108414807727397 0.606688165686648 0.5
    vertex 2.216829615454793 1.213376331373296 0.5
  endloop
endfacet
facet normal 0 0 -1
  outer loop
    vertex 4 -9.797174393178826e-16 0.5
    vertex 3.863703305156273 -1.035276180410083 0.5
    vertex 3.050934661013977 -0.2723290993692609 0.5
  endloop
endfacet
facet normal -0 0 -1
  outer loop
    vertex 3.863703305156273 -1.035276180410083 0.5
    vertex 2.782985468582853 -1.272329099369262 0.5
    vertex 3.050934661013977 -0.2723290993692609 0.5
  endloop
endfacet
facet normal 0 0 -1
  outer loop
    vertex 3.863703305156273 -1.035276180410083 0.5
    vertex 3.464101615137753 -2.000000000000002 0.5
    vertex 2.782985468582853 -1.272329099369262 0.5
  endloop
endfacet
facet normal 0 0 -1
  outer loop
    vertex 3.050934661013977 -0.2723290993692609 0.5
    vertex 2.782985468582853 -1.272329099369262 0.5
    vertex 2.101869322027954 -0.5446581987385218 0.5
  endloop
endfacet
facet normal -0 0 -1
  outer loop
    vertex 4 -9.797174393178826e-16 0.5
    vertex 3.050934661013977 -0.2723290993692609 0.5
    vertex 3.108414807727397 0.606688165686648 0.5
  endloop
endfacet
facet normal 0 0 -1
  outer loop
    vertex 3.050934661013977 -0.2723290993692609 0.5
    vertex 2.159349468741373 0.3343590663173871 0.5
    vertex 3.108414807727397 0.606688165686648 0.5
  endloop
endfacet
facet normal -0 0 -1
  outer loop
    vertex 3.050934661013977 -0.2723290993692609 0.5
    vertex 2.101869322027954 -0.5446581987385218 0.5
    vertex 2.159349468741373 0.3343590663173871 0.5
  endloop
endfacet
facet normal -0 0 -1
  outer loop
    vertex 3.108414807727397 0.606688165686648 0.5
    vertex 2.159349468741373 0.3343590663173871 0.5
    vertex 2.216829615454793 1.213376331373296 0.5
  endloop
endfacet
facet normal 0 0 -1
  outer loop
    vertex 2 3.464101615137755 0.5
    vertex 2.82842712474619 2.82842712474619 0.5
    vertex 2.108414807727396 2.338738973255525 0.5
  endloop
endfacet
facet normal 0 -0 -1
  outer loop
    vertex 2.82842712474619 2.82842712474619 0.5
    vertex 2.840465615296274 1.606688165686648 0.5
    vertex 2.108414807727396 2.338738973255525 0.5
  endloop
endfacet
facet normal 0 0 -1
  outer loop
    vertex 2.82842712474619 2.82842712474619 0.5
    vertex 3.464101615137754 2 0.5
    vertex 2.840465615296274 1.606688165686648 0.5
  endloop
endfacet
facet normal 0 0 -1
  outer loop
    vertex 2.108414807727396 2.338738973255525 0.5
    vertex 2.840465615296274 1.606688165686648 0.5
    vertex 2.216829615454793 1.213376331373296 0.5
  endloop
endfacet
facet normal 0 0 -1
  outer loop
    vertex 2.449293598294706e-16 4 0.5
    vertex 1.035276180410083 3.863703305156273 0.5
    vertex 0.3375615965257134 2.962665367938456 0.5
  endloop
endfacet
facet normal 0 -0 -1
  outer loop
    vertex 1.035276180410083 3.863703305156273 0.5
    vertex 1.337561596525713 2.694716175507333 0.5
    vertex 0.3375615965257134 2.962665367938456 0.5
  endloop
endfacet
facet normal 0 0 -1
  outer loop
    vertex 1.035276180410083 3.863703305156273 0.5
    vertex 2 3.464101615137755 0.5
    vertex 1.337561596525713 2.694716175507333 0.5
  endloop
endfacet
facet normal 0 0 -1
  outer loop
    vertex 0.3375615965257134 2.962665367938456 0.5
    vertex 1.337561596525713 2.694716175507333 0.5
    vertex 0.6751231930514265 1.925330735876911 0.5
  endloop
endfacet
facet normal 0 0 -1
  outer loop
    vertex 0.6751231930514265 1.925330735876911 0.5
    vertex 1.337561596525713 2.694716175507333 0.5
    vertex 1.44597640425311 1.569353533625104 0.5
  endloop
endfacet
facet normal 0 0 -1
  outer loop
    vertex 1.337561596525713 2.694716175507333 0.5
    vertex 2.108414807727396 2.338738973255525 0.5
    vertex 1.44597640425311 1.569353533625104 0.5
  endloop
endfacet
facet normal 0 0 -1
  outer loop
    vertex 1.337561596525713 2.694716175507333 0.5
    vertex 2 3.464101615137755 0.5
    vertex 2.108414807727396 2.338738973255525 0.5
  endloop
endfacet
facet normal 0 0 -1
  outer loop
    vertex 1.44597640425311 1.569353533625104 0.5
    vertex 2.108414807727396 2.338738973255525 0.5
    vertex 2.216829615454793 1.213376331373296 0.5
  endloop
endfacet
facet normal 0 0 -1
  outer loop
    vertex -2.000000000000001 3.464101615137754 0.5
    vertex -1.035276180410083 3.863703305156273 0.5
    vertex -1.553877245372666 2.772707277427127 0.5
  endloop
endfacet
facet normal 0 -0 -1
  outer loop
    vertex -1.035276180410083 3.863703305156273 0.5
    vertex -0.5538772453726651 3.04065646985825 0.5
    vertex -1.553877245372666 2.772707277427127 0.5
  endloop
endfacet
facet normal 0 0 -1
  outer loop
    vertex -1.035276180410083 3.863703305156273 0.5
    vertex 2.449293598294706e-16 4 0.5
    vertex -0.5538772453726651 3.04065646985825 0.5
  endloop
endfacet
facet normal 0 0 -1
  outer loop
    vertex -1.553877245372666 2.772707277427127 0.5
    vertex -0.5538772453726651 3.04065646985825 0.5
    vertex -1.107754490745331 2.0813129397165 0.5
  endloop
endfacet
facet normal 0 -0 -1
  outer loop
    vertex 2.449293598294706e-16 4 0.5
    vertex 0.3375615965257134 2.962665367938456 0.5
    vertex -0.5538772453726651 3.04065646985825 0.5
  endloop
endfacet
facet normal -0 0 -1
  outer loop
    vertex 0.3375615965257134 2.962665367938456 0.5
    vertex -0.216315648846952 2.003321837796705 0.5
    vertex -0.5538772453726651 3.04065646985825 0.5
  endloop
endfacet
facet normal 0 -0 -1
  outer loop
    vertex 0.3375615965257134 2.962665367938456 0.5
    vertex 0.6751231930514265 1.925330735876911 0.5
    vertex -0.216315648846952 2.003321837796705 0.5
  endloop
endfacet
facet normal 0 -0 -1
  outer loop
    vertex -0.5538772453726651 3.04065646985825 0.5
    vertex -0.216315648846952 2.003321837796705 0.5
    vertex -1.107754490745331 2.0813129397165 0.5
  endloop
endfacet
facet normal 0 0 -1
  outer loop
    vertex -3.464101615137755 2 0.5
    vertex -2.82842712474619 2.82842712474619 0.5
    vertex -2.285928052941543 2.04065646985825 0.5
  endloop
endfacet
facet normal 0 0 -1
  outer loop
    vertex -2.82842712474619 2.82842712474619 0.5
    vertex -1.553877245372666 2.772707277427127 0.5
    vertex -2.285928052941543 2.04065646985825 0.5
  endloop
endfacet
facet normal 0 0 -1
  outer loop
    vertex -2.82842712474619 2.82842712474619 0.5
    vertex -2.000000000000001 3.464101615137754 0.5
    vertex -1.553877245372666 2.772707277427127 0.5
  endloop
endfacet
facet normal 0 0 -1
  outer loop
    vertex -2.285928052941543 2.04065646985825 0.5
    vertex -1.553877245372666 2.772707277427127 0.5
    vertex -1.107754490745331 2.0813129397165 0.5
  endloop
endfacet
facet normal 0 0 -1
  outer loop
    vertex -4 4.898587196589413e-16 0.5
    vertex -3.863703305156273 1.035276180410084 0.5
    vertex -3.091364596560117 0.2633066308206836 0.5
  endloop
endfacet
facet normal 0 0 -1
  outer loop
    vertex -3.863703305156273 1.035276180410084 0.5
    vertex -2.823415404128995 1.263306630820683 0.5
    vertex -3.091364596560117 0.2633066308206836 0.5
  endloop
endfacet
facet normal 0 0 -1
  outer loop
    vertex -3.863703305156273 1.035276180410084 0.5
    vertex -3.464101615137755 2 0.5
    vertex -2.823415404128995 1.263306630820683 0.5
  endloop
endfacet
facet normal 0 0 -1
  outer loop
    vertex -3.091364596560117 0.2633066308206836 0.5
    vertex -2.823415404128995 1.263306630820683 0.5
    vertex -2.182729193120235 0.5266132616413668 0.5
  endloop
endfacet
facet normal 0 0 -1
  outer loop
    vertex -2.182729193120235 0.5266132616413668 0.5
    vertex -2.823415404128995 1.263306630820683 0.5
    vertex -1.645241841932783 1.303963100678934 0.5
  endloop
endfacet
facet normal 0 0 -1
  outer loop
    vertex -2.823415404128995 1.263306630820683 0.5
    vertex -2.285928052941543 2.04065646985825 0.5
    vertex -1.645241841932783 1.303963100678934 0.5
  endloop
endfacet
facet normal 0 0 -1
  outer loop
    vertex -2.823415404128995 1.263306630820683 0.5
    vertex -3.464101615137755 2 0.5
    vertex -2.285928052941543 2.04065646985825 0.5
  endloop
endfacet
facet normal 0 0 -1
  outer loop
    vertex -1.645241841932783 1.303963100678934 0.5
    vertex -2.285928052941543 2.04065646985825 0.5
    vertex -1.107754490745331 2.0813129397165 0.5
  endloop
endfacet
facet normal 0 0 -1
  outer loop
    vertex -3.464101615137755 -1.999999999999999 0.5
    vertex -3.863703305156274 -1.035276180410081 0.5
    vertex -3.098076211353316 -1.366025403784438 0.5
  endloop
endfacet
facet normal 0 0 -1
  outer loop
    vertex -3.863703305156274 -1.035276180410081 0.5
    vertex -3.366025403784438 -0.3660254037844387 0.5
    vertex -3.098076211353316 -1.366025403784438 0.5
  endloop
endfacet
facet normal 0 0 -1
  outer loop
    vertex -3.863703305156274 -1.035276180410081 0.5
    vertex -4 4.898587196589413e-16 0.5
    vertex -3.366025403784438 -0.3660254037844387 0.5
  endloop
endfacet
facet normal 0 0 -1
  outer loop
    vertex -3.098076211353316 -1.366025403784438 0.5
    vertex -3.366025403784438 -0.3660254037844387 0.5
    vertex -2.732050807568876 -0.732050807568878 0.5
  endloop
endfacet
facet normal 0 0 -1
  outer loop
    vertex -4 4.898587196589413e-16 0.5
    vertex -3.091364596560117 0.2633066308206836 0.5
    vertex -3.366025403784438 -0.3660254037844387 0.5
  endloop
endfacet
facet normal 0 -0 -1
  outer loop
    vertex -3.091364596560117 0.2633066308206836 0.5
    vertex -2.457390000344555 -0.1027187729637555 0.5
    vertex -3.366025403784438 -0.3660254037844387 0.5
  endloop
endfacet
facet normal 0 0 -1
  outer loop
    vertex -3.091364596560117 0.2633066308206836 0.5
    vertex -2.182729193120235 0.5266132616413668 0.5
    vertex -2.457390000344555 -0.1027187729637555 0.5
  endloop
endfacet
facet normal 0 0 -1
  outer loop
    vertex -3.366025403784438 -0.3660254037844387 0.5
    vertex -2.457390000344555 -0.1027187729637555 0.5
    vertex -2.732050807568876 -0.732050807568878 0.5
  endloop
endfacet
facet normal 0 0 -1
  outer loop
    vertex -1.999999999999998 -3.464101615137755 0.5
    vertex -2.828427124746191 -2.82842712474619 0.5
    vertex -2 -2.732050807568879 0.5
  endloop
endfacet
facet normal 0 0 -1
  outer loop
    vertex -2.828427124746191 -2.82842712474619 0.5
    vertex -2.732050807568878 -2 0.5
    vertex -2 -2.732050807568879 0.5
  endloop
endfacet
facet normal 0 0 -1
  outer loop
    vertex -2.828427124746191 -2.82842712474619 0.5
    vertex -3.464101615137755 -1.999999999999999 0.5
    vertex -2.732050807568878 -2 0.5
  endloop
endfacet
facet normal 0 0 -1
  outer loop
    vertex -2 -2.732050807568879 0.5
    vertex -2.732050807568878 -2 0.5
    vertex -2 -2.000000000000001 0.5
  endloop
endfacet
facet normal 0 0 -1
  outer loop
    vertex -2 -2.000000000000001 0.5
    vertex -2.732050807568878 -2 0.5
    vertex -2.366025403784438 -1.36602540378444 0.5
  endloop
endfacet
facet normal 0 0 -1
  outer loop
    vertex -2.732050807568878 -2 0.5
    vertex -3.098076211353316 -1.366025403784438 0.5
    vertex -2.366025403784438 -1.36602540378444 0.5
  endloop
endfacet
facet normal 0 0 -1
  outer loop
    vertex -2.732050807568878 -2 0.5
    vertex -3.464101615137755 -1.999999999999999 0.5
    vertex -3.098076211353316 -1.366025403784438 0.5
  endloop
endfacet
facet normal 0 0 -1
  outer loop
    vertex -2.366025403784438 -1.36602540378444 0.5
    vertex -3.098076211353316 -1.366025403784438 0.5
    vertex -2.732050807568876 -0.732050807568878 0.5
  endloop
endfacet
facet normal 0 0 -1
  outer loop
    vertex -7.347880794884119e-16 -4 0.5
    vertex -1.035276180410083 -3.863703305156273 0.5
    vertex -0.3169872981077809 -3.077350269189626 0.5
  endloop
endfacet
facet normal 0 0 -1
  outer loop
    vertex -1.035276180410083 -3.863703305156273 0.5
    vertex -1.31698729810778 -2.809401076758504 0.5
    vertex -0.3169872981077809 -3.077350269189626 0.5
  endloop
endfacet
facet normal 0 0 -1
  outer loop
    vertex -1.035276180410083 -3.863703305156273 0.5
    vertex -1.999999999999998 -3.464101615137755 0.5
    vertex -1.31698729810778 -2.809401076758504 0.5
  endloop
endfacet
facet normal 0 0 -1
  outer loop
    vertex -0.3169872981077809 -3.077350269189626 0.5
    vertex -1.31698729810778 -2.809401076758504 0.5
    vertex -0.633974596215561 -2.154700538379253 0.5
  endloop
endfacet
facet normal -0 0 -1
  outer loop
    vertex -0.633974596215561 -2.154700538379253 0.5
    vertex -1.31698729810778 -2.809401076758504 0.5
    vertex -1.316987298107781 -2.077350269189627 0.5
  endloop
endfacet
facet normal 0 0 -1
  outer loop
    vertex -1.31698729810778 -2.809401076758504 0.5
    vertex -2 -2.732050807568879 0.5
    vertex -1.316987298107781 -2.077350269189627 0.5
  endloop
endfacet
facet normal -0 0 -1
  outer loop
    vertex -1.31698729810778 -2.809401076758504 0.5
    vertex -1.999999999999998 -3.464101615137755 0.5
    vertex -2 -2.732050807568879 0.5
  endloop
endfacet
facet normal -0 0 -1
  outer loop
    vertex -1.316987298107781 -2.077350269189627 0.5
    vertex -2 -2.732050807568879 0.5
    vertex -2 -2.000000000000001 0.5
  endloop
endfacet
facet normal -0 0 -1
  outer loop
    vertex 2 -3.464101615137754 0.5
    vertex 1.035276180410081 -3.863703305156274 0.5
    vertex 1.549038105676657 -2.781088913245537 0.5
  endloop
endfacet
facet normal 0 0 -1
  outer loop
    vertex 1.035276180410081 -3.863703305156274 0.5
    vertex 0.5490381056766566 -3.049038105676659 0.5
    vertex 1.549038105676657 -2.781088913245537 0.5
  endloop
endfacet
facet normal -0 0 -1
  outer loop
    vertex 1.035276180410081 -3.863703305156274 0.5
    vertex -7.347880794884119e-16 -4 0.5
    vertex 0.5490381056766566 -3.049038105676659 0.5
  endloop
endfacet
facet normal -0 0 -1
  outer loop
    vertex 1.549038105676657 -2.781088913245537 0.5
    vertex 0.5490381056766566 -3.049038105676659 0.5
    vertex 1.098076211353314 -2.098076211353319 0.5
  endloop
endfacet
facet normal 0 0 -1
  outer loop
    vertex -7.347880794884119e-16 -4 0.5
    vertex -0.3169872981077809 -3.077350269189626 0.5
    vertex 0.5490381056766566 -3.049038105676659 0.5
  endloop
endfacet
facet normal 0 0 -1
  outer loop
    vertex -0.3169872981077809 -3.077350269189626 0.5
    vertex 0.2320508075688765 -2.126388374866286 0.5
    vertex 0.5490381056766566 -3.049038105676659 0.5
  endloop
endfacet
facet normal 0 0 -1
  outer loop
    vertex -0.3169872981077809 -3.077350269189626 0.5
    vertex -0.633974596215561 -2.154700538379253 0.5
    vertex 0.2320508075688765 -2.126388374866286 0.5
  endloop
endfacet
facet normal 0 0 -1
  outer loop
    vertex 0.5490381056766566 -3.049038105676659 0.5
    vertex 0.2320508075688765 -2.126388374866286 0.5
    vertex 1.098076211353314 -2.098076211353319 0.5
  endloop
endfacet
facet normal 0 0 -1
  outer loop
    vertex 3.464101615137753 -2.000000000000002 0.5
    vertex 2.828427124746189 -2.828427124746191 0.5
    vertex 2.281088913245534 -2.04903810567666 0.5
  endloop
endfacet
facet normal 0 0 -1
  outer loop
    vertex 2.828427124746189 -2.828427124746191 0.5
    vertex 1.549038105676657 -2.781088913245537 0.5
    vertex 2.281088913245534 -2.04903810567666 0.5
  endloop
endfacet
facet normal -0 0 -1
  outer loop
    vertex 2.828427124746189 -2.828427124746191 0.5
    vertex 2 -3.464101615137754 0.5
    vertex 1.549038105676657 -2.781088913245537 0.5
  endloop
endfacet
facet normal 0 0 -1
  outer loop
    vertex 2.281088913245534 -2.04903810567666 0.5
    vertex 1.549038105676657 -2.781088913245537 0.5
    vertex 1.098076211353314 -2.098076211353319 0.5
  endloop
endfacet
facet normal 0 -0 -1
  outer loop
    vertex 2.101869322027954 -0.5446581987385218 0.5
    vertex 2.782985468582853 -1.272329099369262 0.5
    vertex 1.599972766690634 -1.32136720504592 0.5
  endloop
endfacet
facet normal 0 0 -1
  outer loop
    vertex 2.782985468582853 -1.272329099369262 0.5
    vertex 2.281088913245534 -2.04903810567666 0.5
    vertex 1.599972766690634 -1.32136720504592 0.5
  endloop
endfacet
facet normal 0 -0 -1
  outer loop
    vertex 2.782985468582853 -1.272329099369262 0.5
    vertex 3.464101615137753 -2.000000000000002 0.5
    vertex 2.281088913245534 -2.04903810567666 0.5
  endloop
endfacet
facet normal 0 -0 -1
  outer loop
    vertex 1.599972766690634 -1.32136720504592 0.5
    vertex 2.281088913245534 -2.04903810567666 0.5
    vertex 1.098076211353314 -2.098076211353319 0.5
  endloop
endfacet
facet normal 0 0 -1
  outer loop
    vertex -0.633974596215561 -2.154700538379253 0.5
    vertex -1.316987298107781 -2.077350269189627 0.5
    vertex -0.9509618943233413 -1.443375672974065 0.5
  endloop
endfacet
facet normal 0 0 -1
  outer loop
    vertex -1.316987298107781 -2.077350269189627 0.5
    vertex -1.633974596215561 -1.366025403784439 0.5
    vertex -0.9509618943233413 -1.443375672974065 0.5
  endloop
endfacet
facet normal 0 0 -1
  outer loop
    vertex -1.316987298107781 -2.077350269189627 0.5
    vertex -2 -2.000000000000001 0.5
    vertex -1.633974596215561 -1.366025403784439 0.5
  endloop
endfacet
facet normal 0 0 -1
  outer loop
    vertex -0.9509618943233413 -1.443375672974065 0.5
    vertex -1.633974596215561 -1.366025403784439 0.5
    vertex -1.267949192431122 -0.7320508075688772 0.5
  endloop
endfacet
facet normal 0 0 -1
  outer loop
    vertex -0.633974596215561 -2.154700538379253 0.5
    vertex -0.9509618943233413 -1.443375672974065 0.5
    vertex -0.1407685142755952 -1.406108389282484 0.5
  endloop
endfacet
facet normal 0 0 -1
  outer loop
    vertex -0.9509618943233413 -1.443375672974065 0.5
    vertex -0.4577558123833756 -0.6947835238772959 0.5
    vertex -0.1407685142755952 -1.406108389282484 0.5
  endloop
endfacet
facet normal 0 0 -1
  outer loop
    vertex -0.9509618943233413 -1.443375672974065 0.5
    vertex -1.267949192431122 -0.7320508075688772 0.5
    vertex -0.4577558123833756 -0.6947835238772959 0.5
  endloop
endfacet
facet normal 0 0 -1
  outer loop
    vertex -0.1407685142755952 -1.406108389282484 0.5
    vertex -0.4577558123833756 -0.6947835238772959 0.5
    vertex 0.3524375676643705 -0.6575162401857146 0.5
  endloop
endfacet
facet normal 0 0 -1
  outer loop
    vertex -0.633974596215561 -2.154700538379253 0.5
    vertex -0.1407685142755952 -1.406108389282484 0.5
    vertex 0.2320508075688765 -2.126388374866286 0.5
  endloop
endfacet
facet normal 0 0 -1
  outer loop
    vertex -0.1407685142755952 -1.406108389282484 0.5
    vertex 0.7252568895088423 -1.377796225769517 0.5
    vertex 0.2320508075688765 -2.126388374866286 0.5
  endloop
endfacet
facet normal 0 0 -1
  outer loop
    vertex -0.1407685142755952 -1.406108389282484 0.5
    vertex 0.3524375676643705 -0.6575162401857146 0.5
    vertex 0.7252568895088423 -1.377796225769517 0.5
  endloop
endfacet
facet normal 0 0 -1
  outer loop
    vertex 0.2320508075688765 -2.126388374866286 0.5
    vertex 0.7252568895088423 -1.377796225769517 0.5
    vertex 1.098076211353314 -2.098076211353319 0.5
  endloop
endfacet
facet normal -0 0 -1
  outer loop
    vertex 0.6751231930514265 1.925330735876911 0.5
    vertex 0.1357768821754084 1.278018230113702 0.5
    vertex -0.216315648846952 2.003321837796705 0.5
  endloop
endfacet
facet normal 0 0 -1
  outer loop
    vertex 0.1357768821754084 1.278018230113702 0.5
    vertex -0.7556619597229701 1.356009332033496 0.5
    vertex -0.216315648846952 2.003321837796705 0.5
  endloop
endfacet
facet normal -0 0 -1
  outer loop
    vertex 0.1357768821754084 1.278018230113702 0.5
    vertex -0.4035694287006097 0.6307057243504921 0.5
    vertex -0.7556619597229701 1.356009332033496 0.5
  endloop
endfacet
facet normal -0 0 -1
  outer loop
    vertex -0.216315648846952 2.003321837796705 0.5
    vertex -0.7556619597229701 1.356009332033496 0.5
    vertex -1.107754490745331 2.0813129397165 0.5
  endloop
endfacet
facet normal 0 0 -1
  outer loop
    vertex -0.4035694287006097 0.6307057243504921 0.5
    vertex 0.1357768821754084 1.278018230113702 0.5
    vertex 0.3281570669055077 0.5330947801570616 0.5
  endloop
endfacet
facet normal 0 0 -1
  outer loop
    vertex 0.1357768821754084 1.278018230113702 0.5
    vertex 0.8675033777815259 1.180407285920271 0.5
    vertex 0.3281570669055077 0.5330947801570616 0.5
  endloop
endfacet
facet normal 0 0 -1
  outer loop
    vertex 0.1357768821754084 1.278018230113702 0.5
    vertex 0.6751231930514265 1.925330735876911 0.5
    vertex 0.8675033777815259 1.180407285920271 0.5
  endloop
endfacet
facet normal 0 0 -1
  outer loop
    vertex 0.3281570669055077 0.5330947801570616 0.5
    vertex 0.8675033777815259 1.180407285920271 0.5
    vertex 1.059883562511625 0.435483835963631 0.5
  endloop
endfacet
facet normal 0 0 -1
  outer loop
    vertex 1.059883562511625 0.435483835963631 0.5
    vertex 0.8675033777815259 1.180407285920271 0.5
    vertex 1.638356588983209 0.8244300836684635 0.5
  endloop
endfacet
facet normal 0 0 -1
  outer loop
    vertex 0.8675033777815259 1.180407285920271 0.5
    vertex 1.44597640425311 1.569353533625104 0.5
    vertex 1.638356588983209 0.8244300836684635 0.5
  endloop
endfacet
facet normal 0 0 -1
  outer loop
    vertex 0.8675033777815259 1.180407285920271 0.5
    vertex 0.6751231930514265 1.925330735876911 0.5
    vertex 1.44597640425311 1.569353533625104 0.5
  endloop
endfacet
facet normal 0 0 -1
  outer loop
    vertex 1.638356588983209 0.8244300836684635 0.5
    vertex 1.44597640425311 1.569353533625104 0.5
    vertex 2.216829615454793 1.213376331373296 0.5
  endloop
endfacet
facet normal 0 0 -1
  outer loop
    vertex 0.3524375676643705 -0.6575162401857146 0.5
    vertex 1.227153444846162 -0.6010872194621182 0.5
    vertex 0.7252568895088423 -1.377796225769517 0.5
  endloop
endfacet
facet normal 0 -0 -1
  outer loop
    vertex 1.227153444846162 -0.6010872194621182 0.5
    vertex 1.599972766690634 -1.32136720504592 0.5
    vertex 0.7252568895088423 -1.377796225769517 0.5
  endloop
endfacet
facet normal 0 0 -1
  outer loop
    vertex 1.227153444846162 -0.6010872194621182 0.5
    vertex 2.101869322027954 -0.5446581987385218 0.5
    vertex 1.599972766690634 -1.32136720504592 0.5
  endloop
endfacet
facet normal 0 0 -1
  outer loop
    vertex 0.7252568895088423 -1.377796225769517 0.5
    vertex 1.599972766690634 -1.32136720504592 0.5
    vertex 1.098076211353314 -2.098076211353319 0.5
  endloop
endfacet
facet normal -0 0 -1
  outer loop
    vertex 2.101869322027954 -0.5446581987385218 0.5
    vertex 1.227153444846162 -0.6010872194621182 0.5
    vertex 1.58087644226979 -0.05458718138744539 0.5
  endloop
endfacet
facet normal 0 0 -1
  outer loop
    vertex 1.227153444846162 -0.6010872194621182 0.5
    vertex 0.7061605650879978 -0.1110162021110418 0.5
    vertex 1.58087644226979 -0.05458718138744539 0.5
  endloop
endfacet
facet normal -0 0 -1
  outer loop
    vertex 1.227153444846162 -0.6010872194621182 0.5
    vertex 0.3524375676643705 -0.6575162401857146 0.5
    vertex 0.7061605650879978 -0.1110162021110418 0.5
  endloop
endfacet
facet normal -0 0 -1
  outer loop
    vertex 1.58087644226979 -0.05458718138744539 0.5
    vertex 0.7061605650879978 -0.1110162021110418 0.5
    vertex 1.059883562511625 0.435483835963631 0.5
  endloop
endfacet
facet normal 0 0 -1
  outer loop
    vertex 2.101869322027954 -0.5446581987385218 0.5
    vertex 1.58087644226979 -0.05458718138744539 0.5
    vertex 2.159349468741373 0.3343590663173871 0.5
  endloop
endfacet
facet normal 0 0 -1
  outer loop
    vertex 1.58087644226979 -0.05458718138744539 0.5
    vertex 1.638356588983209 0.8244300836684635 0.5
    vertex 2.159349468741373 0.3343590663173871 0.5
  endloop
endfacet
facet normal 0 0 -1
  outer loop
    vertex 1.58087644226979 -0.05458718138744539 0.5
    vertex 1.059883562511625 0.435483835963631 0.5
    vertex 1.638356588983209 0.8244300836684635 0.5
  endloop
endfacet
facet normal 0 0 -1
  outer loop
    vertex 2.159349468741373 0.3343590663173871 0.5
    vertex 1.638356588983209 0.8244300836684635 0.5
    vertex 2.216829615454793 1.213376331373296 0.5
  endloop
endfacet
facet normal 0 0 -1
  outer loop
    vertex -1.267949192431122 -0.7320508075688772 0.5
    vertex -1.725339192775678 -0.1027187729637552 0.5
    vertex -0.8357593105658657 -0.05067254160919255 0.5
  endloop
endfacet
facet normal 0 0 -1
  outer loop
    vertex -1.725339192775678 -0.1027187729637552 0.5
    vertex -1.293149310910422 0.5786594929959294 0.5
    vertex -0.8357593105658657 -0.05067254160919255 0.5
  endloop
endfacet
facet normal 0 0 -1
  outer loop
    vertex -1.725339192775678 -0.1027187729637552 0.5
    vertex -2.182729193120235 0.5266132616413668 0.5
    vertex -1.293149310910422 0.5786594929959294 0.5
  endloop
endfacet
facet normal 0 0 -1
  outer loop
    vertex -0.8357593105658657 -0.05067254160919255 0.5
    vertex -1.293149310910422 0.5786594929959294 0.5
    vertex -0.4035694287006097 0.6307057243504921 0.5
  endloop
endfacet
facet normal 0 -0 -1
  outer loop
    vertex -2.182729193120235 0.5266132616413668 0.5
    vertex -1.725339192775678 -0.1027187729637552 0.5
    vertex -2.457390000344555 -0.1027187729637555 0.5
  endloop
endfacet
facet normal 0 0 -1
  outer loop
    vertex -1.725339192775678 -0.1027187729637552 0.5
    vertex -1.999999999999999 -0.7320508075688776 0.5
    vertex -2.457390000344555 -0.1027187729637555 0.5
  endloop
endfacet
facet normal 0 -0 -1
  outer loop
    vertex -1.725339192775678 -0.1027187729637552 0.5
    vertex -1.267949192431122 -0.7320508075688772 0.5
    vertex -1.999999999999999 -0.7320508075688776 0.5
  endloop
endfacet
facet normal 0 -0 -1
  outer loop
    vertex -2.457390000344555 -0.1027187729637555 0.5
    vertex -1.999999999999999 -0.7320508075688776 0.5
    vertex -2.732050807568876 -0.732050807568878 0.5
  endloop
endfacet
facet normal -0 0 -1
  outer loop
    vertex -0.4035694287006097 0.6307057243504921 0.5
    vertex -1.293149310910422 0.5786594929959294 0.5
    vertex -0.7556619597229701 1.356009332033496 0.5
  endloop
endfacet
facet normal 0 0 -1
  outer loop
    vertex -1.293149310910422 0.5786594929959294 0.5
    vertex -1.645241841932783 1.303963100678934 0.5
    vertex -0.7556619597229701 1.356009332033496 0.5
  endloop
endfacet
facet normal -0 0 -1
  outer loop
    vertex -1.293149310910422 0.5786594929959294 0.5
    vertex -2.182729193120235 0.5266132616413668 0.5
    vertex -1.645241841932783 1.303963100678934 0.5
  endloop
endfacet
facet normal -0 0 -1
  outer loop
    vertex -0.7556619597229701 1.356009332033496 0.5
    vertex -1.645241841932783 1.303963100678934 0.5
    vertex -1.107754490745331 2.0813129397165 0.5
  endloop
endfacet
facet normal 0 0 -1
  outer loop
    vertex -1.267949192431122 -0.7320508075688772 0.5
    vertex -1.633974596215561 -1.366025403784439 0.5
    vertex -1.999999999999999 -0.7320508075688776 0.5
  endloop
endfacet
facet normal -0 0 -1
  outer loop
    vertex -1.633974596215561 -1.366025403784439 0.5
    vertex -2.366025403784438 -1.36602540378444 0.5
    vertex -1.999999999999999 -0.7320508075688776 0.5
  endloop
endfacet
facet normal 0 0 -1
  outer loop
    vertex -1.633974596215561 -1.366025403784439 0.5
    vertex -2 -2.000000000000001 0.5
    vertex -2.366025403784438 -1.36602540378444 0.5
  endloop
endfacet
facet normal 0 0 -1
  outer loop
    vertex -1.999999999999999 -0.7320508075688776 0.5
    vertex -2.366025403784438 -1.36602540378444 0.5
    vertex -2.732050807568876 -0.732050807568878 0.5
  endloop
endfacet
facet normal -0 0 -1
  outer loop
    vertex 0.3524375676643705 -0.6575162401857146 0.5
    vertex -0.4577558123833756 -0.6947835238772959 0.5
    vertex -0.02556593051811962 -0.01340525791761127 0.5
  endloop
endfacet
facet normal 0 0 -1
  outer loop
    vertex -0.4577558123833756 -0.6947835238772959 0.5
    vertex -0.8357593105658657 -0.05067254160919255 0.5
    vertex -0.02556593051811962 -0.01340525791761127 0.5
  endloop
endfacet
facet normal -0 0 -1
  outer loop
    vertex -0.4577558123833756 -0.6947835238772959 0.5
    vertex -1.267949192431122 -0.7320508075688772 0.5
    vertex -0.8357593105658657 -0.05067254160919255 0.5
  endloop
endfacet
facet normal -0 0 -1
  outer loop
    vertex -0.02556593051811962 -0.01340525791761127 0.5
    vertex -0.8357593105658657 -0.05067254160919255 0.5
    vertex -0.4035694287006097 0.6307057243504921 0.5
  endloop
endfacet
facet normal 0 0 -1
  outer loop
    vertex 0.3524375676643705 -0.6575162401857146 0.5
    vertex -0.02556593051811962 -0.01340525791761127 0.5
    vertex 0.7061605650879978 -0.1110162021110418 0.5
  endloop
endfacet
facet normal 0 0 -1
  outer loop
    vertex -0.02556593051811962 -0.01340525791761127 0.5
    vertex 0.3281570669055077 0.5330947801570616 0.5
    vertex 0.7061605650879978 -0.1110162021110418 0.5
  endloop
endfacet
facet normal 0 0 -1
  outer loop
    vertex -0.02556593051811962 -0.01340525791761127 0.5
    vertex -0.4035694287006097 0.6307057243504921 0.5
    vertex 0.3281570669055077 0.5330947801570616 0.5
  endloop
endfacet
facet normal 0 0 -1
  outer loop
    vertex 0.7061605650879978 -0.1110162021110418 0.5
    vertex 0.3281570669055077 0.5330947801570616 0.5
    vertex 1.059883562511625 0.435483835963631 0.5
  endloop
endfacet
endsolid Created by Gmsh
