$MeshFormat
4.1 0 8
$EndMeshFormat
$Entities
6 9 9 3
1 7 -1.714505518806294e-15 0.5 0 
2 7 -1.714505518806294e-15 0 0 
3 3.5 -8.572527594031472e-16 7 0 
4 3.5 -8.572527594031472e-16 0.5 0 
5 4 -9.797174393178826e-16 2 0 
6 4 -9.797174393178826e-16 0.5 0 
1 -7.0000001 -7.0000001 0.4999999 7.0000001 7.0000001 0.5000000999999999 0 2 1 -1 
2 6.9999999 -1.000000017145055e-07 -9.999999997511999e-08 7.0000001 9.999999828549448e-08 0.5000000999999999 0 2 2 -1 
3 -7.0000001 -7.0000001 -1e-07 7.0000001 7.0000001 1e-07 0 2 2 -2 
4 -3.5000001 -3.5000001 6.9999999 3.5000001 3.5000001 7.0000001 0 2 3 -3 
5 3.4999999 -1.000000008572528e-07 0.4999999000000002 3.5000001 9.999999914274724e-08 7.0000001 0 2 4 -3 
6 -3.5000001 -3.5000001 0.4999999 3.5000001 3.5000001 0.5000000999999999 0 2 4 -4 
7 -4.0000001 -4.0000001 1.9999999 4.0000001 4.0000001 2.0000001 0 2 5 -5 
8 3.9999999 -1.000000009797174e-07 0.4999998999999999 4.0000001 9.999999902028255e-08 2.0000001 0 2 6 -5 
9 -4.0000001 -4.0000001 0.4999999 4.0000001 4.0000001 0.5000000999999999 0 2 6 -6 
1 -7.0000001 -7.0000001 -9.999999997511999e-08 7.0000001 7.0000001 0.5000000999999999 0 4 -1 -2 3 2 
2 -7.0000001 -7.0000001 0.4999999 7.0000001 7.0000001 0.5000000999999999 0 1 1 
3 -7.0000001 -7.0000001 -1e-07 7.0000001 7.0000001 1e-07 0 1 3 
4 -3.5000001 -3.5000001 0.4999999000000002 3.5000001 3.5000001 7.0000001 0 4 -4 -5 6 5 
5 -3.5000001 -3.5000001 6.9999999 3.5000001 3.5000001 7.0000001 0 1 4 
6 -3.5000001 -3.5000001 0.4999999 3.5000001 3.5000001 0.5000000999999999 0 1 6 
7 -4.0000001 -4.0000001 0.4999998999999999 4.0000001 4.0000001 2.0000001 0 4 -7 -8 9 8 
8 -4.0000001 -4.0000001 1.9999999 4.0000001 4.0000001 2.0000001 0 1 7 
9 -4.0000001 -4.0000001 0.4999999 4.0000001 4.0000001 0.5000000999999999 0 1 9 
1 -7.0000001 -7.0000001 -9.999999997511999e-08 7.0000001 7.0000001 0.5000000999999999 0 3 1 2 -3 
2 -3.5000001 -3.5000001 0.4999999000000002 3.5000001 3.5000001 7.0000001 0 3 4 5 -6 
3 -4.0000001 -4.0000001 0.4999998999999999 4.0000001 4.0000001 2.0000001 0 3 7 8 -9 
$EndEntities
$Nodes
27 1487 1 1487
0 1 0 1
1
7 -1.714505518806294e-15 0.5
0 2 0 1
2
7 -1.714505518806294e-15 0
0 3 0 1
3
3.5 -8.572527594031472e-16 7
0 4 0 1
4
3.5 -8.572527594031472e-16 0.5
0 5 0 1
5
4 -9.797174393178826e-16 2
0 6 0 1
6
4 -9.797174393178826e-16 0.5
1 1 0 41
7
8
9
10
11
12
13
14
15
16
17
18
19
20
21
22
23
24
25
26
27
28
29
30
31
32
33
34
35
36
37
38
39
40
41
42
43
44
45
46
47
6.9218157835759 1.043295863233222 0.5
6.689009640502984 2.063286220876331 0.5
6.306782075316932 3.03718617382291 0.5
5.783671420211962 3.943240406445358 0.5
5.131363102808781 4.761209164396439 0.5
4.364428613011131 5.472820377276212 0.5
3.499999999999996 6.062177826491072 0.5
2.557387170564762 6.516116240509431 0.5
1.557646537694197 6.824495385272766 0.5
0.5231106551049661 6.980426580268261 0.5
-0.523110655104973 6.980426580268261 0.5
-1.557646537694203 6.824495385272765 0.5
-2.557387170564768 6.516116240509428 0.5
-3.500000000000004 6.062177826491068 0.5
-4.364428613011137 5.472820377276207 0.5
-5.131363102808787 4.761209164396433 0.5
-5.783671420211967 3.943240406445351 0.5
-6.306782075316937 3.037186173822902 0.5
-6.689009640502986 2.063286220876326 0.5
-6.921815783575901 1.043295863233217 0.5
-7 -2.251371709547291e-15 0.5
-6.9218157835759 -1.043295863233224 0.5
-6.689009640502984 -2.063286220876331 0.5
-6.306782075316933 -3.037186173822909 0.5
-5.783671420211962 -3.943240406445357 0.5
-5.131363102808784 -4.761209164396436 0.5
-4.364428613011136 -5.472820377276208 0.5
-3.499999999999997 -6.062177826491071 0.5
-2.557387170564759 -6.516116240509432 0.5
-1.557646537694196 -6.824495385272766 0.5
-0.5231106551049669 -6.980426580268261 0.5
0.5231106551049706 -6.980426580268261 0.5
1.557646537694199 -6.824495385272765 0.5
2.557387170564767 -6.516116240509429 0.5
3.500000000000006 -6.062177826491067 0.5
4.364428613011138 -5.472820377276205 0.5
5.131363102808786 -4.761209164396434 0.5
5.783671420211965 -3.943240406445354 0.5
6.306782075316933 -3.037186173822908 0.5
6.689009640502985 -2.063286220876327 0.5
6.9218157835759 -1.043295863233221 0.5
1 2 0 1
48
7 -1.714505518806294e-15 0.25
1 3 0 41
49
50
51
52
53
54
55
56
57
58
59
60
61
62
63
64
65
66
67
68
69
70
71
72
73
74
75
76
77
78
79
80
81
82
83
84
85
86
87
88
89
6.9218157835759 1.043295863233222 0
6.689009640502984 2.063286220876331 0
6.306782075316932 3.03718617382291 0
5.783671420211962 3.943240406445358 0
5.131363102808781 4.761209164396439 0
4.364428613011131 5.472820377276212 0
3.499999999999996 6.062177826491072 0
2.557387170564762 6.516116240509431 0
1.557646537694197 6.824495385272766 0
0.5231106551049661 6.980426580268261 0
-0.523110655104973 6.980426580268261 0
-1.557646537694203 6.824495385272765 0
-2.557387170564768 6.516116240509428 0
-3.500000000000004 6.062177826491068 0
-4.364428613011137 5.472820377276207 0
-5.131363102808787 4.761209164396433 0
-5.783671420211967 3.943240406445351 0
-6.306782075316937 3.037186173822902 0
-6.689009640502986 2.063286220876326 0
-6.921815783575901 1.043295863233217 0
-7 -2.251371709547291e-15 0
-6.9218157835759 -1.043295863233224 0
-6.689009640502984 -2.063286220876331 0
-6.306782075316933 -3.037186173822909 0
-5.783671420211962 -3.943240406445357 0
-5.131363102808784 -4.761209164396436 0
-4.364428613011136 -5.472820377276208 0
-3.499999999999997 -6.062177826491071 0
-2.557387170564759 -6.516116240509432 0
-1.557646537694196 -6.824495385272766 0
-0.5231106551049669 -6.980426580268261 0
0.5231106551049706 -6.980426580268261 0
1.557646537694199 -6.824495385272765 0
2.557387170564767 -6.516116240509429 0
3.500000000000006 -6.062177826491067 0
4.364428613011138 -5.472820377276205 0
5.131363102808786 -4.761209164396434 0
5.783671420211965 -3.943240406445354 0
6.306782075316933 -3.037186173822908 0
6.689009640502985 -2.063286220876327 0
6.9218157835759 -1.043295863233221 0
1 4 0 21
90
91
92
93
94
95
96
97
98
99
100
101
102
103
104
105
106
107
108
109
110
3.358225407650741 0.9860639489450048 7
2.944387364909133 1.892242861094593 7
2.292012568808496 2.645123510239905 7
1.453952545506601 3.183711983740815 7
0.4981019339564964 3.464375046583265 7
-0.4981019339564998 3.464375046583264 7
-1.453952545506604 3.183711983740814 7
-2.292012568808499 2.645123510239903 7
-2.944387364909135 1.892242861094591 7
-3.358225407650741 0.9860639489450023 7
-3.5 -1.125685854773646e-15 7
-3.358225407650741 -0.9860639489450045 7
-2.944387364909134 -1.892242861094591 7
-2.292012568808498 -2.645123510239904 7
-1.453952545506602 -3.183711983740815 7
-0.4981019339564983 -3.464375046583264 7
0.498101933956497 -3.464375046583265 7
1.453952545506604 -3.183711983740814 7
2.292012568808499 -2.645123510239904 7
2.944387364909134 -1.892242861094591 7
3.358225407650741 -0.9860639489450043 7
1 5 0 7
111
112
113
114
115
116
117
3.5 -8.572527594031472e-16 1.312500000000002
3.5 -8.572527594031472e-16 2.125000000000004
3.5 -8.572527594031472e-16 2.937500000000004
3.5 -8.572527594031472e-16 3.750000000000004
3.5 -8.572527594031472e-16 4.562500000000003
3.5 -8.572527594031472e-16 5.375000000000002
3.5 -8.572527594031472e-16 6.187500000000001
1 6 0 21
118
119
120
121
122
123
124
125
126
127
128
129
130
131
132
133
134
135
136
137
138
3.358225407650741 0.9860639489450048 0.5
2.944387364909133 1.892242861094593 0.5
2.292012568808496 2.645123510239905 0.5
1.453952545506601 3.183711983740815 0.5
0.4981019339564964 3.464375046583265 0.5
-0.4981019339564998 3.464375046583264 0.5
-1.453952545506604 3.183711983740814 0.5
-2.292012568808499 2.645123510239903 0.5
-2.944387364909135 1.892242861094591 0.5
-3.358225407650741 0.9860639489450023 0.5
-3.5 -1.125685854773646e-15 0.5
-3.358225407650741 -0.9860639489450045 0.5
-2.944387364909134 -1.892242861094591 0.5
-2.292012568808498 -2.645123510239904 0.5
-1.453952545506602 -3.183711983740815 0.5
-0.4981019339564983 -3.464375046583264 0.5
0.498101933956497 -3.464375046583265 0.5
1.453952545506604 -3.183711983740814 0.5
2.292012568808499 -2.645123510239904 0.5
2.944387364909134 -1.892242861094591 0.5
3.358225407650741 -0.9860639489450043 0.5
1 7 0 23
139
140
141
142
143
144
145
146
147
148
149
150
151
152
153
154
155
156
157
158
159
160
161
3.863703305156273 1.035276180410083 2
3.464101615137754 2 2
2.82842712474619 2.82842712474619 2
2 3.464101615137755 2
1.035276180410083 3.863703305156273 2
2.449293598294706e-16 4 2
-1.035276180410083 3.863703305156273 2
-2.000000000000001 3.464101615137754 2
-2.82842712474619 2.82842712474619 2
-3.464101615137755 2 2
-3.863703305156273 1.035276180410084 2
-4 4.898587196589413e-16 2
-3.863703305156274 -1.035276180410081 2
-3.464101615137755 -1.999999999999999 2
-2.828427124746191 -2.82842712474619 2
-1.999999999999998 -3.464101615137755 2
-1.035276180410083 -3.863703305156273 2
-7.347880794884119e-16 -4 2
1.035276180410081 -3.863703305156274 2
2 -3.464101615137754 2
2.828427124746189 -2.828427124746191 2
3.464101615137753 -2.000000000000002 2
3.863703305156273 -1.035276180410083 2
1 8 0 1
162
4 -9.797174393178826e-16 1.25
1 9 0 23
163
164
165
166
167
168
169
170
171
172
173
174
175
176
177
178
179
180
181
182
183
184
185
3.863703305156273 1.035276180410083 0.5
3.464101615137754 2 0.5
2.82842712474619 2.82842712474619 0.5
2 3.464101615137755 0.5
1.035276180410083 3.863703305156273 0.5
2.449293598294706e-16 4 0.5
-1.035276180410083 3.863703305156273 0.5
-2.000000000000001 3.464101615137754 0.5
-2.82842712474619 2.82842712474619 0.5
-3.464101615137755 2 0.5
-3.863703305156273 1.035276180410084 0.5
-4 4.898587196589413e-16 0.5
-3.863703305156274 -1.035276180410081 0.5
-3.464101615137755 -1.999999999999999 0.5
-2.828427124746191 -2.82842712474619 0.5
-1.999999999999998 -3.464101615137755 0.5
-1.035276180410083 -3.863703305156273 0.5
-7.347880794884119e-16 -4 0.5
1.035276180410081 -3.863703305156274 0.5
2 -3.464101615137754 0.5
2.828427124746189 -2.828427124746191 0.5
3.464101615137753 -2.000000000000002 0.5
3.863703305156273 -1.035276180410083 0.5
2 1 0 41
186
187
188
189
190
191
192
193
194
195
196
197
198
199
200
201
202
203
204
205
206
207
208
209
210
211
212
213
214
215
216
217
218
219
220
221
222
223
224
225
226
6.9218157835759 1.043295863233221 0.25
6.9218157835759 -1.043295863233221 0.25
6.689009640502984 2.063286220876331 0.25
6.689009640502985 -2.063286220876327 0.25
6.306782075316932 3.03718617382291 0.25
5.783671420211962 3.943240406445358 0.25
5.131363102808781 4.76120916439644 0.25
4.364428613011131 5.472820377276212 0.25
3.499999999999996 6.062177826491072 0.25
1.557646537694198 6.824495385272766 0.25
0.5231106551049661 6.980426580268261 0.25
2.557387170564762 6.516116240509431 0.25
-0.523110655104973 6.980426580268261 0.25
-2.557387170564768 6.516116240509428 0.25
-3.500000000000004 6.062177826491068 0.25
-1.557646537694203 6.824495385272765 0.25
-4.364428613011139 5.472820377276205 0.25
-5.783671420211967 3.943240406445351 0.25
-6.306782075316937 3.037186173822902 0.25
-5.131363102808787 4.761209164396433 0.25
-6.689009640502986 2.063286220876326 0.25
-7 -2.251371709547291e-15 0.25
-6.9218157835759 -1.043295863233224 0.25
-6.921815783575901 1.043295863233217 0.25
-6.689009640502984 -2.063286220876331 0.25
-6.306782075316933 -3.037186173822909 0.25
-5.783671420211965 -3.943240406445355 0.25
-5.131363102808784 -4.761209164396436 0.25
-4.364428613011136 -5.472820377276208 0.25
-2.557387170564764 -6.51611624050943 0.25
-1.557646537694196 -6.824495385272766 0.25
-3.499999999999997 -6.062177826491071 0.25
-0.5231106551049669 -6.980426580268261 0.25
1.557646537694199 -6.824495385272765 0.25
2.557387170564767 -6.516116240509429 0.25
0.5231106551049706 -6.980426580268261 0.25
3.500000000000001 -6.06217782649107 0.25
4.364428613011138 -5.472820377276205 0.25
5.131363102808786 -4.761209164396434 0.25
5.783671420211965 -3.943240406445354 0.25
6.306782075316933 -3.037186173822908 0.25
2 2 0 174
227
228
229
230
231
232
233
234
235
236
237
238
239
240
241
242
243
244
245
246
247
248
249
250
251
252
253
254
255
256
257
258
259
260
261
262
263
264
265
266
267
268
269
270
271
272
273
274
275
276
277
278
279
280
281
282
283
284
285
286
287
288
289
290
291
292
293
294
295
296
297
298
299
300
301
302
303
304
305
306
307
308
309
310
311
312
313
314
315
316
317
318
319
320
321
322
323
324
325
326
327
328
329
330
331
332
333
334
335
336
337
338
339
340
341
342
343
344
345
346
347
348
349
350
351
352
353
354
355
356
357
358
359
360
361
362
363
364
365
366
367
368
369
370
371
372
373
374
375
376
377
378
379
380
381
382
383
384
385
386
387
388
389
390
391
392
393
394
395
396
397
398
399
400
2.524528814171608 -4.197200515548698 0.5
-3.357587633905384 4.249320488790771 0.5
-4.171111581075364 -2.840145595869347 0.5
3.792708650990723 3.617525661017495 0.5
5.057646537694204 -0.7623175587816942 0.5
-0.3822275651860492 -5.10047239469924 0.5
-0.2202637099849713 4.941803722402982 0.5
-5.019818411644172 1.781274490268808 0.5
5.057646537694202 -2.435634203453302 0.5
3.291042898911373 -1.96031670944741 0.5
3.352214719359324 0.3577615678379923 0.5
1.520099892189962 -0.5189349081320004 0.5
1.595825264964093 1.502541630850852 0.5
-0.2180993082386689 0.6942499550214127 0.5
-0.3770918775380068 -1.335116667085509 0.5
-1.995518505127805 -0.1874727651854112 0.5
-1.729388989054088 1.750018209917262 0.5
1.367414250711207 -2.524502526122451 0.5
-0.050419790287013 2.785054689593972 0.5
-2.222498684669919 -2.224186649897633 0.5
1.764681694381879 3.62386499770876 0.5
-0.6118620592008883 -3.22454396529109 0.5
-2.390321947291207 -4.330727496062083 0.5
-3.772563625369533 -0.9738566179677611 0.5
5.051814680031292 1.047275770291663 0.5
1.453397547425135 5.356310409963529 0.5
-1.703164030930164 3.633114440613323 0.5
-5.315425814545121 -1.583133597342344 0.5
4.178769385788319 -3.663656972307088 0.5
-4.632651555982801 3.210290081408922 0.5
1.212681067669339 -5.388118770732547 0.5
-3.445787582837049 0.8820591072450579 0.5
-5.423157536059467 0.02579903202461393 0.5
-2.067732382502946 5.142182372714181 0.5
2.832766990997577 4.878774171862558 0.5
0.7818605833244971 -4.005606918329722 0.5
3.255590631334832 2.042888817993774 0.5
4.990700081676533 2.593664067616832 0.5
-3.319620952021699 2.48728864946112 0.5
5.870412160267138 1.555280995583997 0.5
6.025907340015646 0.5236378851458314 0.5
6.028823268847102 -0.3811587793908471 0.5
5.873328089098594 -1.412801889829011 0.5
5.054730608862748 0.1424791057549843 0.5
5.387185750944248 3.268452237031095 0.5
5.839854861089758 2.328475144246582 0.5
5.021257380853912 1.820469918954247 0.5
4.078568632000927 4.545173019146853 0.5
4.788190035601342 3.780383033731426 0.5
4.391704366333627 3.105594864317164 0.5
2.69507708078117 5.697445206185995 0.5
3.598597802004354 5.175797274569385 0.5
3.31273782099415 4.248149916440026 0.5
0.9882541012650503 6.168368495115895 0.5
2.005392358994948 5.93621332523648 0.5
2.143082269211356 5.117542290913043 0.5
-0.8889551238395874 5.883149553837873 0.5
0.1514234725599974 5.961115151335622 0.5
0.6165669187200817 5.149057066183255 0.5
-2.783866191251475 5.602180099602625 0.5
-1.812689460098575 5.983338878993473 0.5
-1.143998046243959 5.041993047558582 0.5
-4.244475368357086 4.505264826593602 0.5
-3.428793816952694 5.155749157640919 0.5
-2.712660008204165 4.695751430752476 0.5
-5.469716815649869 3.123738127615912 0.5
-4.882007329395794 3.985749622902678 0.5
-3.995119594944093 3.729805285099846 0.5
-5.970817097610036 1.412285176751013 0.5
-5.663300243480554 2.409230332045855 0.5
-4.826234983813487 2.495782285838865 0.5
-6.172486659817683 -0.5087484156043052 0.5
-6.172486659817684 0.5345474476289154 0.5
-5.221487973851819 0.9035367611467112 0.5
-5.811103944931027 -2.310159885582626 0.5
-6.11862079906051 -1.313214730287784 0.5
-5.369291675302294 -0.7786672826588651 0.5
-4.651237341942074 -3.800677380132892 0.5
-5.238946828196148 -2.938665884846128 0.5
-4.743268697810242 -2.211639596605846 0.5
-2.945160973645602 -5.196452661276577 0.5
-3.760842525049996 -4.545968330229259 0.5
-3.280716764183286 -3.585436545965715 0.5
-1.973984242492702 -5.577611440667425 0.5
0.0704415449594607 -6.04044948748375 0.5
-0.9699370514401225 -5.962483889986004 0.5
-1.386274756238628 -4.715599945380662 0.5
1.885034119117053 -5.952117505620988 0.5
0.867895861387155 -6.184272675500404 0.5
0.4152267512416451 -5.244295582715893 0.5
3.444478713591373 -4.835010446412452 0.5
2.540957992368188 -5.356658378029064 0.5
1.868604940920474 -4.792659643140622 0.5
4.981220403000142 -3.80344868937622 0.5
4.271598999399728 -4.568238674791647 0.5
3.351649099979964 -3.930428743927893 0.5
5.873328089098594 -2.249460212164815 0.5
5.420658978953083 -3.189437304949328 0.5
4.618207961741261 -3.049645587880195 0.5
5.057646537694203 -1.598975881117498 0.5
2.32922857481129 -2.24240961778493 0.5
1.945971532441408 -3.360851520835574 0.5
2.907785856541491 -3.078758612498055 0.5
3.734906142349846 -2.811986840877249 0.5
1.074637417017852 -3.265054722226086 0.5
1.653194698748053 -4.10140371693921 0.5
0.9972708254969183 -4.696862844531134 0.5
-1.885448206716555 4.387648406663752 0.5
-2.530375832417774 3.941217464702047 0.5
-3.338604292963542 3.368304569125945 0.5
-2.511392491475932 3.060201545037221 0.5
-3.97613625400225 2.848789365435021 0.5
-2.306410315980563 -3.277457072979859 0.5
-3.196805132872641 -2.53216612288349 0.5
-2.997531155019726 -1.599021633932697 0.5
-3.971837603222448 -1.907001106918554 0.5
-4.543994719957327 -1.278495107655053 0.5
2.298724342689728 4.251319584785659 0.5
2.778695172686301 3.620695329363127 0.5
2.510136162858355 2.833376907851267 0.5
3.524149641162778 2.830207239505635 0.5
4.123145356505683 2.318276442805303 0.5
4.174344718302788 -1.361317134114552 0.5
4.174344718302788 -2.197975456450356 0.5
4.204930628526764 -0.2022779954718509 0.5
3.321628809135349 -0.8012775708047088 0.5
4.202014699695308 0.7025186690648276 0.5
-1.501092003246048 -3.777635730676587 0.5
-0.4970448121934687 -4.162508179995165 0.5
0.199816509069224 -4.553039656514481 0.5
0.08499926206180441 -3.615075441810406 0.5
0.8571309520474328 3.204459843651366 0.5
0.7722089921984537 4.282834360055871 0.5
-0.1353417501359921 3.863429205998477 0.5
-0.9617138704575678 4.287459081508152 0.5
-0.8767919106085886 3.209084565103647 0.5
1.609039620903507 4.490087703836144 0.5
-4.169719681832936 2.134281569864964 0.5
-4.434472559448258 0.4539290696348359 0.5
-4.23280299724061 1.331666798756933 0.5
-3.382704267429374 1.684673878353089 0.5
2.436157305774643 -0.08058667014700399 0.5
2.405571395550667 -1.239625808789705 0.5
1.443757071450585 -1.521718717127226 0.5
2.474019992161709 0.930151599344422 0.5
1.557962578577028 0.4918033613594257 0.5
3.303902675347078 1.200325192915883 0.5
2.425707948149463 1.772715224422313 0.5
4.153702655683063 1.545082294142718 0.5
0.6888629783627123 1.098395792936132 0.5
0.6510002919756466 0.08765752344470612 0.5
-0.2975955928883379 -0.3204333560320483 0.5
0.5715040073259776 -0.9270257876087549 0.5
0.4951611865866001 -1.92980959660398 0.5
0.7727027373385402 2.143798160222412 0.5
-0.1342595492628409 1.739652322307693 0.5
1.680253479672986 2.563203314279806 0.5
-1.106808906683237 0.2533885949180008 0.5
-1.186305191332906 -0.7612947161354603 0.5
-0.9737441486463785 1.222134082469337 0.5
-1.862453747090946 0.7812727223659255 0.5
-0.8899043896705506 2.267536449755617 0.5
-2.109008594898862 -1.205829707541522 0.5
-1.299795281103963 -1.779651658491571 0.5
-0.4944769683694475 -2.2798303161883 0.5
0.3777760957551594 -2.87452324570677 0.5
-1.417180371935404 -2.724365307594362 0.5
-2.587588285945568 1.31603865858116 0.5
-2.720653043982427 0.3472931710298233 0.5
-2.884041065248669 -0.5806646915765862 0.5
-3.609175604103291 -0.04589875536135168 0.5
-1.716276509992126 2.691566325265292 0.5
-2.524504970537894 2.118653429689191 0.5
-4.597860580714499 -0.4740287929715736 0.5
2 3 0 174
401
402
403
404
405
406
407
408
409
410
411
412
413
414
415
416
417
418
419
420
421
422
423
424
425
426
427
428
429
430
431
432
433
434
435
436
437
438
439
440
441
442
443
444
445
446
447
448
449
450
451
452
453
454
455
456
457
458
459
460
461
462
463
464
465
466
467
468
469
470
471
472
473
474
475
476
477
478
479
480
481
482
483
484
485
486
487
488
489
490
491
492
493
494
495
496
497
498
499
500
501
502
503
504
505
506
507
508
509
510
511
512
513
514
515
516
517
518
519
520
521
522
523
524
525
526
527
528
529
530
531
532
533
534
535
536
537
538
539
540
541
542
543
544
545
546
547
548
549
550
551
552
553
554
555
556
557
558
559
560
561
562
563
564
565
566
567
568
569
570
571
572
573
574
2.524528814171608 -4.197200515548698 0
-3.357587633905384 4.249320488790771 0
-4.171111581075364 -2.840145595869347 0
3.792708650990723 3.617525661017495 0
5.057646537694204 -0.7623175587816942 0
-0.3822275651860492 -5.10047239469924 0
-0.2202637099849713 4.941803722402982 0
-5.019818411644172 1.781274490268808 0
5.057646537694202 -2.435634203453302 0
3.291042898911373 -1.96031670944741 0
3.352214719359324 0.3577615678379923 0
1.520099892189962 -0.5189349081320004 0
1.595825264964093 1.502541630850852 0
-0.2180993082386689 0.6942499550214127 0
-0.3770918775380068 -1.335116667085509 0
-1.995518505127805 -0.1874727651854112 0
-1.729388989054088 1.750018209917262 0
1.367414250711207 -2.524502526122451 0
-0.050419790287013 2.785054689593972 0
-2.222498684669919 -2.224186649897633 0
1.764681694381879 3.62386499770876 0
-0.6118620592008883 -3.22454396529109 0
-2.390321947291207 -4.330727496062083 0
-3.772563625369533 -0.9738566179677611 0
5.051814680031292 1.047275770291663 0
1.453397547425135 5.356310409963529 0
-1.703164030930164 3.633114440613323 0
-5.315425814545121 -1.583133597342344 0
4.178769385788319 -3.663656972307088 0
-4.632651555982801 3.210290081408922 0
1.212681067669339 -5.388118770732547 0
-3.445787582837049 0.8820591072450579 0
-5.423157536059467 0.02579903202461393 0
-2.067732382502946 5.142182372714181 0
2.832766990997577 4.878774171862558 0
0.7818605833244971 -4.005606918329722 0
3.255590631334832 2.042888817993774 0
4.990700081676533 2.593664067616832 0
-3.319620952021699 2.48728864946112 0
6.025907340015646 0.5236378851458314 0
5.870412160267138 1.555280995583997 0
5.873328089098594 -1.412801889829011 0
6.028823268847102 -0.3811587793908471 0
5.054730608862748 0.1424791057549843 0
5.839854861089758 2.328475144246582 0
5.387185750944248 3.268452237031095 0
5.021257380853912 1.820469918954247 0
4.788190035601342 3.780383033731426 0
4.078568632000927 4.545173019146853 0
4.391704366333627 3.105594864317164 0
3.598597802004354 5.175797274569385 0
2.69507708078117 5.697445206185995 0
3.31273782099415 4.248149916440026 0
2.005392358994948 5.93621332523648 0
0.9882541012650503 6.168368495115895 0
2.143082269211356 5.117542290913043 0
0.1514234725599974 5.961115151335622 0
-0.8889551238395874 5.883149553837873 0
0.6165669187200816 5.149057066183255 0
-1.812689460098575 5.983338878993473 0
-2.783866191251475 5.602180099602625 0
-1.143998046243959 5.041993047558582 0
-3.428793816952694 5.155749157640919 0
-4.244475368357086 4.505264826593602 0
-2.712660008204165 4.695751430752476 0
-4.882007329395794 3.985749622902678 0
-5.469716815649869 3.123738127615912 0
-3.995119594944093 3.729805285099846 0
-5.663300243480554 2.409230332045855 0
-5.970817097610036 1.412285176751013 0
-4.826234983813487 2.495782285838865 0
-6.172486659817684 0.5345474476289154 0
-6.172486659817683 -0.5087484156043052 0
-5.221487973851819 0.9035367611467112 0
-6.11862079906051 -1.313214730287784 0
-5.811103944931027 -2.310159885582626 0
-5.369291675302294 -0.7786672826588651 0
-5.238946828196148 -2.938665884846128 0
-4.651237341942074 -3.800677380132892 0
-4.743268697810242 -2.211639596605846 0
-3.760842525049996 -4.545968330229259 0
-2.945160973645602 -5.196452661276577 0
-3.280716764183286 -3.585436545965715 0
-1.973984242492702 -5.577611440667425 0
-0.9699370514401225 -5.962483889986004 0
0.0704415449594607 -6.04044948748375 0
-1.386274756238628 -4.715599945380662 0
0.867895861387155 -6.184272675500404 0
1.885034119117053 -5.952117505620988 0
0.4152267512416451 -5.244295582715893 0
2.540957992368188 -5.356658378029064 0
3.444478713591373 -4.835010446412452 0
1.868604940920474 -4.792659643140622 0
4.271598999399728 -4.568238674791647 0
4.981220403000142 -3.80344868937622 0
3.351649099979964 -3.930428743927893 0
5.420658978953083 -3.189437304949328 0
5.873328089098594 -2.249460212164815 0
4.618207961741261 -3.049645587880195 0
5.057646537694203 -1.598975881117498 0
2.907785856541491 -3.078758612498055 0
1.945971532441408 -3.360851520835574 0
2.32922857481129 -2.24240961778493 0
3.734906142349846 -2.811986840877249 0
1.653194698748053 -4.10140371693921 0
1.074637417017852 -3.265054722226086 0
0.9972708254969183 -4.696862844531134 0
-2.530375832417774 3.941217464702047 0
-1.885448206716555 4.387648406663752 0
-2.511392491475932 3.060201545037221 0
-3.338604292963542 3.368304569125945 0
-3.97613625400225 2.848789365435021 0
-3.196805132872641 -2.53216612288349 0
-2.306410315980563 -3.277457072979859 0
-3.971837603222448 -1.907001106918554 0
-2.997531155019726 -1.599021633932697 0
-4.543994719957327 -1.278495107655053 0
2.778695172686301 3.620695329363127 0
2.298724342689728 4.251319584785659 0
3.524149641162778 2.830207239505635 0
2.510136162858355 2.833376907851267 0
4.123145356505683 2.318276442805303 0
4.174344718302788 -2.197975456450356 0
4.174344718302788 -1.361317134114552 0
3.321628809135349 -0.8012775708047091 0
4.204930628526764 -0.2022779954718509 0
4.202014699695308 0.7025186690648275 0
-0.4970448121934687 -4.162508179995165 0
-1.501092003246048 -3.777635730676587 0
0.08499926206180441 -3.615075441810406 0
0.199816509069224 -4.553039656514481 0
-0.1353417501359921 3.863429205998477 0
0.7722089921984538 4.282834360055871 0
0.8571309520474329 3.204459843651366 0
-0.8767919106085887 3.209084565103647 0
-0.9617138704575678 4.287459081508152 0
1.609039620903507 4.490087703836144 0
-4.169719681832936 2.134281569864964 0
-4.23280299724061 1.331666798756933 0
-4.434472559448258 0.4539290696348359 0
-3.382704267429374 1.684673878353089 0
2.405571395550667 -1.239625808789705 0
2.436157305774643 -0.08058667014700405 0
1.443757071450585 -1.521718717127226 0
1.557962578577028 0.4918033613594258 0
2.474019992161709 0.9301515993444222 0
2.425707948149463 1.772715224422313 0
3.303902675347078 1.200325192915883 0
4.153702655683063 1.545082294142718 0
0.6510002919756466 0.08765752344470623 0
0.6888629783627123 1.098395792936132 0
0.5715040073259776 -0.9270257876087549 0
-0.2975955928883379 -0.3204333560320483 0
0.4951611865866001 -1.92980959660398 0
-0.1342595492628409 1.739652322307693 0
0.7727027373385401 2.143798160222412 0
1.680253479672986 2.563203314279806 0
-1.186305191332906 -0.7612947161354602 0
-1.106808906683237 0.2533885949180008 0
-1.862453747090946 0.7812727223659254 0
-0.9737441486463785 1.222134082469337 0
-0.8899043896705505 2.267536449755617 0
-1.299795281103963 -1.779651658491571 0
-2.109008594898862 -1.205829707541522 0
0.3777760957551594 -2.87452324570677 0
-0.4944769683694475 -2.2798303161883 0
-1.417180371935404 -2.724365307594362 0
-2.720653043982427 0.3472931710298234 0
-2.587588285945568 1.31603865858116 0
-2.884041065248669 -0.5806646915765862 0
-3.609175604103291 -0.04589875536135157 0
-1.716276509992126 2.691566325265292 0
-2.524504970537894 2.118653429689191 0
-4.597860580714499 -0.4740287929715736 0
2 4 0 171
575
576
577
578
579
580
581
582
583
584
585
586
587
588
589
590
591
592
593
594
595
596
597
598
599
600
601
602
603
604
605
606
607
608
609
610
611
612
613
614
615
616
617
618
619
620
621
622
623
624
625
626
627
628
629
630
631
632
633
634
635
636
637
638
639
640
641
642
643
644
645
646
647
648
649
650
651
652
653
654
655
656
657
658
659
660
661
662
663
664
665
666
667
668
669
670
671
672
673
674
675
676
677
678
679
680
681
682
683
684
685
686
687
688
689
690
691
692
693
694
695
696
697
698
699
700
701
702
703
704
705
706
707
708
709
710
711
712
713
714
715
716
717
718
719
720
721
722
723
724
725
726
727
728
729
730
731
732
733
734
735
736
737
738
739
740
741
742
743
744
745
-2.944387364909135 1.892242861094591 2.202018301661663
0.4981019339564964 3.464375046583265 5.297981698338337
-2.944387364909134 -1.892242861094591 5.297981698338337
0.4981019339565002 -3.464375046583264 2.202018301661664
2.270123280363783 -2.663933237142099 5.33773465780738
2.270123280364061 2.663933237141861 2.162265342192669
3.217075892857149 1.378558195941461 4.562500000000003
3.2188752292532 -1.37435157747214 2.945299400996192
-2.944387364909134 -1.892242861094591 2.202018301661662
-2.944387364909135 1.892242861094591 5.297981698338338
3.217075892857278 1.37855819594116 2.937500000000004
3.21707589285677 -1.378558195942345 4.562500000000003
0.4955291152053262 -3.464743987076654 5.307433669423863
0.4955714980665513 3.464737925197817 2.192543999992523
-1.454248160792173 -3.183576964176079 5.31123899871131
-1.453473159601949 3.1839308683319 2.201737713560415
-3.5 -1.125685854773646e-15 2.202018301661661
-3.5 9.004559400694646e-12 5.297981698334666
-1.454004891577523 -3.183688077571142 2.195995075101857
-1.453952545501755 3.183711983743028 5.297981698335954
2.294916742670107 2.642604235259685 5.339816866154188
2.294723394881117 -2.642772131869353 2.160944024914674
1.280305611699122 3.257424986189511 3.72785617463055
1.280270386776932 -3.257438830851939 3.772213244390084
-0.4981019339589937 -3.464375046582906 3.756506008178377
-0.4980582800073744 3.464381322792873 3.743501408620809
-2.291647723157228 2.645439606747486 3.74317605056636
-2.292210257435445 -2.644952199134746 3.746735196503663
-3.358231804569985 -0.9860421627773448 3.744248152100464
-3.358225407650742 0.9860639489450007 3.743493991817033
2.579238295447052 2.365909933894227 3.683534648952822
2.579238295446759 -2.365909933894547 3.816465351046764
3.248753302243175 1.302152825579265 1.687257564554556
3.248753302243083 -1.302152825579495 5.812742435445372
3.252179479995692 1.293572042792726 5.812951800269921
3.252380897264496 -1.29306554323785 1.687786887526043
3.437486594881857 0.658548335361602 6.406475900134961
3.112709728358074 1.600324388049187 6.406475900134961
3.110594700903222 -1.604431552517213 6.406371217722686
3.436614362846869 -0.6630850029027994 6.406371217722686
3.436614362846869 -0.6630850029027994 5.593871217722687
3.437486594881857 0.658548335361602 5.593975900134962
3.436614362846893 0.6630850029026765 1.093628782277278
3.436614362846893 0.6630850029026765 1.90612878227728
3.437537864549693 -0.6582806618662995 1.906393443763023
3.437537864549693 -0.6582806618662995 1.093893443763022
3.110594700903278 1.604431552517104 1.093628782277278
3.112834333582354 -1.600082001545828 1.093893443763022
2.64638195105769 2.290559444571586 6.169908433077094
1.893859718623641 2.943347646163257 6.169908433077094
2.854389792925337 2.025452766678022 5.576384333212054
0.9860639489450029 3.358225407650741 6.148990849169168
-1.339999044624432e-15 3.5 6.148990849169168
1.455700913162491 3.182912950650377 5.318899282246262
-0.9860639489424485 3.358225407651491 6.148990849167977
-1.892242861092351 2.944387364910575 6.148990849167977
-0.4981019339538613 3.464375046583644 5.297981698337145
-2.645123510239905 2.292012568808497 6.148990849169169
-3.183711983740815 1.453952545506602 6.148990849169169
-2.292012568806484 2.645123510241649 5.297981698337146
-3.464375046582624 0.4981019339609536 6.148990849167333
-3.464375046583905 -0.4981019339520418 6.148990849167333
-3.358225407649472 0.9860639489493243 5.297981698336502
-3.183711983740814 -1.453952545506603 6.148990849169168
-2.645123510239904 -2.292012568808497 6.148990849169168
-3.358225407652009 -0.9860639489406841 5.297981698336502
-1.892379558664432 -2.944299510231425 6.155619499355655
-0.9862198608257577 -3.358179623860645 6.155619499355655
-2.292135371969929 -2.645017095703595 5.304610348524823
-0.001299568525902091 -3.499999758731655 6.153716834711931
0.9848169541025251 -3.358591306919052 6.153716834711931
-0.4995490724487749 -3.464166670963678 5.309336334067586
1.880087145736065 -2.952164007035858 6.168867328903691
2.635651120034142 -2.302898863055599 6.168867328903691
1.439629382022322 -3.190214294121639 5.322584163615621
2.842201814762722 -2.042520218788418 5.575238546626377
3.428998636802455 -0.7014045543100663 3.347649700498097
3.428998636802455 -0.7014045543100663 2.535149700498097
3.42853945762627 0.7036456405746875 2.531250000000004
3.42853945762627 0.7036456405746875 3.343750000000004
3.23588331350013 -1.333813773137546 2.316543144261118
3.233140306297947 1.340449088847324 2.31237878227728
3.428539457626237 0.7036456405748481 4.156250000000004
3.428539457626237 0.7036456405748481 4.968750000000002
3.42853945762614 -0.7036456405753216 4.968750000000002
3.42853945762614 -0.7036456405753216 4.156250000000004
3.217075892857214 1.37855819594131 3.750000000000003
3.217976248429576 -1.376455180724427 3.753899700498097
3.234906788665339 1.336180402732694 5.187725900134962
3.233140306297651 -1.340449088848036 5.187621217722688
1.880087145736218 2.952164007035761 1.331132671096334
2.635651120034262 2.302898863055463 1.331132671096334
2.842201814762901 2.042520218788169 1.924761453373613
-0.00127816144148922 3.499999766614754 1.346271999996262
0.9848374962705281 3.358585283410204 1.346271999996262
1.439648894335937 3.190205488841951 2.177404671092596
-1.892021188495284 2.944529813448133 1.350868856780207
-0.9858111232524145 3.358299633634827 1.350868856780207
-0.4991062503009688 3.464230499102291 2.197140856776469
-3.183711983740815 1.453952545506602 1.351009150830832
-2.645123510239905 2.292012568808497 1.351009150830832
-2.291813425057415 2.64529605615829 2.201878007611039
-3.464375046583264 -0.4981019339564988 1.35100915083083
-3.464375046583265 0.4981019339564965 1.35100915083083
-3.358225407650741 0.9860639489450038 2.202018301661662
-2.645123510239904 -2.292012568808497 1.351009150830831
-3.183711983740814 -1.453952545506603 1.351009150830831
-3.358225407650741 -0.9860639489450045 2.202018301661661
-0.9860915567113604 -3.358217301155863 1.347997537550928
-1.892267066688898 -2.944371808777654 1.347997537550928
-2.29203431415642 -2.645104667632173 2.199006688381759
0.9860639489450058 -3.35822540765074 1.351009150830832
-6.429395695523604e-16 -3.5 1.351009150830832
-0.4981304143901049 -3.46437095159562 2.19900668838176
2.64629815684286 -2.290656252057493 1.330472012457337
1.893752044842756 -2.943416924707385 1.330472012457337
1.45558447598064 -3.182966200462105 2.181481163288169
2.854473414805941 -2.025334916542474 1.924365456220358
-2.644965443116612 2.292194975284376 2.972597176114012
-1.89181812453534 2.944660283238049 2.972456882063388
-3.464375046583265 0.4981019339564965 2.972756146739347
-3.183711983740815 1.4539525455066 2.972756146739348
-2.944256865829359 1.892445906232641 3.743335021191697
2.205140631035455e-05 3.499999999930533 4.520741553479573
-0.9860427907534624 3.358231620183921 4.520741553478382
1.813850837235201 2.993316745728918 4.533836520392369
0.8952041283894164 3.383579401833885 4.512918936484443
0.4045805893759438 3.476537724043882 3.73567879162568
-2.645209160251688 -2.291913719693776 4.522358447420999
-1.892489584979559 -2.944228790488928 4.528987097607486
-3.464376662258582 -0.4980906965584547 4.521114925217566
-3.183716699908941 -1.453942218494572 4.521114925219401
-2.94446421292599 -1.892123277907158 3.745491674302063
-1.25963584949448e-12 -3.5 2.979262154920021
-0.9860915567125683 -3.358217301155508 2.976250541640117
1.81372515074169 -2.993392903974859 2.966578634652379
0.8951858338540684 -3.383584242023094 2.987115773025874
0.4045398886280129 -3.476542460334525 3.76435962628423
2.429255317078994 -2.519666367685102 4.577100004427072
2.939903128674737 -1.899202357309113 4.189482675523383
2.81786904251828 -2.075960996554875 4.950117328903691
0.8939294294067329 -3.383916396018163 4.539823456906973
1.799829442019282 -3.001768475355913 4.554973951098732
1.980570059494873 -2.885713471471566 3.794339297718424
2.429255317079283 2.519666367684823 2.922899995572746
2.939903128675204 1.899202357308389 3.310517324476413
2.817869042518772 2.075960996554207 2.549882671096336
0.8939684227742526 3.383906094897214 2.960200087311537
1.799845672119184 3.001758743895625 2.94506075841161
1.980585662099611 2.885702762774685 3.705695411791686
2.939903128675116 1.899202357308527 4.123017324476413
2.441001181483276 2.508288905209535 4.511675757553506
2.827537586117239 2.062772696904412 4.951158433077095
2.941143842941878 -1.897280394439651 3.380882376021478
2.440909422502767 -2.508378199382463 2.988704687980719
2.828809842092304 -2.06102762652074 2.553121712955432
-3.183716699908941 -1.453942218494572 2.973133226881063
-3.464376662257941 -0.4980906965629117 2.973133226881063
-1.89237709570588 -2.9443010932389 2.97136513580276
-2.645209160251688 -2.291913719693776 2.974376749082662
-3.183711983740815 1.4539525455066 4.520737845077686
-3.464375046582624 0.4981019339609536 4.52073784507585
-1.892039806955358 2.944517849987724 4.520578874451157
-2.644965443116612 2.292194975284376 4.520578874452349
-0.9862198608269658 -3.35817962386029 4.533872503444844
-0.001299568527161084 -3.499999758731655 4.53196983880112
-0.9857899645957814 3.358305844574351 2.972619561090612
-0.001256110036622578 3.499999774598218 2.968022704306666
-1.454071518905147 -3.183657647723587 3.75162060234102
-1.453712928880044 3.183821402090105 3.743338729593585
-3.499999999981587 1.135294760109333e-05 3.743871071958749
2 5 0 40
746
747
748
749
750
751
752
753
754
755
756
757
758
759
760
761
762
763
764
765
766
767
768
769
770
771
772
773
774
775
776
777
778
779
780
781
782
783
784
785
1.642775344075693 -0.5248060477701576 7
-1.858562255757723 -0.03154961461533445 7
0.2601990017071189 1.809723807935965 7
0.7093312403562007 -1.785142574001594 7
-0.02098050430346859 0.01035980149390263 7
-1.219758571686788 -1.483649148815199 7
1.630055625315846 1.061872067749186 7
-1.289334585089404 1.487971431744072 7
2.287221495112489 1.47705746442189 7
2.565027812657923 0.5309360338745931 7
2.571387672037846 -0.2624030238850788 7
2.293581354492414 -1.208524454432375 7
1.636415484695769 0.2685330099895142 7
1.542004085411224 2.122792025745 7
-0.1189514661246904 2.637049427259615 7
0.8570757736068599 2.49671789583839 7
0.9451273135114824 1.435797937842576 7
-1.790673576948951 2.066547470991988 7
-0.8937182595229517 2.476173239163668 7
-0.5145677916911423 1.648847619840018 7
-2.323779996370072 1.237017690344537 7
-2.608393831704232 -0.5088067817801695 7
-2.608393831704232 0.4772571671648339 7
-1.573948420423563 0.7282109085643688 7
-1.755885570247643 -2.064386329527552 7
-2.288991989668764 -1.234856548880102 7
-1.539160413722255 -0.757599381715267 7
-0.858930252821643 -2.474012097699232 7
1.081641892931402 -2.484427278871204 7
0.1056146531998512 -2.62475881029243 7
-0.2552136656652936 -1.634395861408397 7
1.826859302632668 -1.838692717548093 7
1.176053292215947 -1.154974310885876 7
0.8108974198861121 -0.2572231231381275 7
0.344175368026366 -0.8873913862538459 7
0.8045375605061887 0.5361159346215444 7
-0.6203695379951282 -0.7366446736606485 7
-0.9397713800305956 -0.01059490656071591 7
-0.6551575446964362 0.7491656166189873 7
0.1196092487018252 0.9100418047149338 7
2 6 0 40
786
787
788
789
790
791
792
793
794
795
796
797
798
799
800
801
802
803
804
805
806
807
808
809
810
811
812
813
814
815
816
817
818
819
820
821
822
823
824
825
1.642775344075693 -0.5248060477701576 0.5
-1.858562255757723 -0.03154961461533445 0.5
0.2601990017071189 1.809723807935965 0.5
0.7093312403562007 -1.785142574001594 0.5
-0.02098050430346859 0.01035980149390263 0.5
-1.219758571686788 -1.483649148815199 0.5
1.630055625315846 1.061872067749186 0.5
-1.289334585089404 1.487971431744072 0.5
2.565027812657923 0.5309360338745931 0.5
2.287221495112489 1.47705746442189 0.5
2.293581354492414 -1.208524454432374 0.5
2.571387672037846 -0.2624030238850788 0.5
1.636415484695769 0.2685330099895143 0.5
1.542004085411224 2.122792025745 0.5
0.85707577360686 2.49671789583839 0.5
-0.1189514661246904 2.637049427259615 0.5
0.9451273135114825 1.435797937842576 0.5
-0.8937182595229516 2.476173239163668 0.5
-1.790673576948951 2.066547470991988 0.5
-0.5145677916911424 1.648847619840018 0.5
-2.323779996370073 1.237017690344537 0.5
-2.608393831704232 0.4772571671648339 0.5
-2.608393831704232 -0.5088067817801695 0.5
-1.573948420423563 0.7282109085643688 0.5
-2.288991989668764 -1.234856548880102 0.5
-1.755885570247643 -2.064386329527552 0.5
-1.539160413722255 -0.757599381715267 0.5
-0.858930252821643 -2.474012097699232 0.5
0.1056146531998512 -2.62475881029243 0.5
1.081641892931402 -2.484427278871204 0.5
-0.2552136656652936 -1.634395861408397 0.5
1.826859302632667 -1.838692717548093 0.5
1.176053292215947 -1.154974310885876 0.5
0.3441753680263661 -0.8873913862538459 0.5
0.8108974198861121 -0.2572231231381275 0.5
0.8045375605061886 0.5361159346215444 0.5
-0.9397713800305956 -0.01059490656071591 0.5
-0.6203695379951282 -0.7366446736606485 0.5
-0.6551575446964361 0.7491656166189873 0.5
0.1196092487018252 0.9100418047149338 0.5
2 7 0 71
826
827
828
829
830
831
832
833
834
835
836
837
838
839
840
841
842
843
844
845
846
847
848
849
850
851
852
853
854
855
856
857
858
859
860
861
862
863
864
865
866
867
868
869
870
871
872
873
874
875
876
877
878
879
880
881
882
883
884
885
886
887
888
889
890
891
892
893
894
895
896
-2.828427124746192 -2.828427124746189 1.243101402023886
-1.035276180410083 3.863703305156273 1.256898597976114
1.035276180410081 -3.863703305156274 1.256898597976115
3.862922161095982 1.038187062775082 1.25
3.863703305156272 -1.035276180410086 1.237511498876915
2.828659030442669 2.828195200033961 1.25
-2.828427124746191 2.828427124746189 1.256898597976115
-3.863703305156274 1.035276180410081 1.243101402023886
-3.863703305156274 -1.035276180410081 1.243101402023886
1.035276180410083 3.863703305156273 1.243101402023886
2.828427124746189 -2.828427124746191 1.243101402023886
-1.035276180410079 -3.863703305156274 1.243101402023886
3.965582469473049 0.5235987755982978 0.875
3.965582469473049 0.5235987755982978 1.625
3.965779445495241 -0.5221047688802103 1.618755749438458
3.965779445495241 -0.5221047688802103 0.8687557494384577
3.694941188425998 1.532125847988041 1.625
3.695518130045146 -1.530733729460362 1.618755749438458
3.694941188425998 1.532125847988041 0.875
3.695518130045146 -1.530733729460362 0.8687557494384577
3.173513188562679 2.43491561291531 1.625
2.435175815061702 3.173313528433422 1.625
3.464101615137754 2 1.25
3.173513188562679 2.43491561291531 0.875
1.530733729460359 3.695518130045147 1.621550701011943
0.522104768880206 3.965779445495242 1.621550701011943
2.435175815061702 3.173313528433422 0.875
2 3.464101615137755 1.25
1.530733729460359 3.695518130045147 0.8715507010119431
-0.5221047688802064 3.965779445495242 1.628449298988057
-1.53073372946036 3.695518130045147 1.628449298988057
-0.5221047688802064 3.965779445495242 0.878449298988057
2.449293598294706e-16 4 1.25
0.522104768880206 3.965779445495242 0.8715507010119431
-2.435045716034884 3.173413361164939 1.628449298988057
-3.173413361164941 2.435045716034882 1.628449298988057
-1.53073372946036 3.695518130045147 0.878449298988057
-2.000000000000001 3.464101615137754 1.25
-2.435045716034884 3.173413361164939 0.8784492989880575
-3.695518130045147 1.530733729460358 1.621550701011943
-3.965779445495242 0.5221047688802063 1.621550701011943
-3.173413361164941 2.435045716034882 0.8784492989880575
-3.464101615137755 2 1.25
-3.695518130045147 1.530733729460358 0.8715507010119431
-3.965779445495242 -0.5221047688802053 1.621550701011943
-3.695518130045148 -1.530733729460357 1.621550701011943
-3.965779445495242 0.5221047688802063 0.8715507010119431
-4 4.898587196589413e-16 1.25
-3.965779445495242 -0.5221047688802053 0.8715507010119432
-3.173413361164942 -2.435045716034881 1.621550701011943
-2.435045716034884 -3.17341336116494 1.621550701011943
-3.173413361164942 -2.435045716034881 0.871550701011943
-3.464101615137755 -1.999999999999999 1.25
-3.695518130045148 -1.530733729460357 0.8715507010119432
-1.530733729460358 -3.695518130045147 1.621550701011943
-0.5221047688802065 -3.965779445495242 1.621550701011943
-2.435045716034884 -3.17341336116494 0.871550701011943
-1.999999999999998 -3.464101615137755 1.25
-1.530733729460358 -3.695518130045147 0.8715507010119432
0.5221047688802051 -3.965779445495242 1.628449298988057
1.530733729460357 -3.695518130045148 1.628449298988057
0.5221047688802051 -3.965779445495242 0.8784492989880573
-7.347880794884119e-16 -4 1.25
-0.5221047688802065 -3.965779445495242 0.8715507010119432
2.435045716034882 -3.173413361164941 1.621550701011943
3.17341336116494 -2.435045716034884 1.621550701011943
1.530733729460357 -3.695518130045148 0.8784492989880573
2 -3.464101615137754 1.25
2.435045716034882 -3.173413361164941 0.8715507010119428
3.464101615137753 -2.000000000000002 1.25
3.17341336116494 -2.435045716034884 0.8715507010119428
2 8 0 61
897
898
899
900
901
902
903
904
905
906
907
908
909
910
911
912
913
914
915
916
917
918
919
920
921
922
923
924
925
926
927
928
929
930
931
932
933
934
935
936
937
938
939
940
941
942
943
944
945
946
947
948
949
950
951
952
953
954
955
956
957
-0.633974596215561 -2.154700538379253 2
0.6751231930514265 1.925330735876911 2
2.101869322027954 -0.5446581987385218 2
-2.182729193120235 0.5266132616413668 2
-2 -2.000000000000001 2
-1.267949192431122 -0.7320508075688772 2
0.3524375676643705 -0.6575162401857146 2
1.098076211353314 -2.098076211353319 2
-0.4035694287006097 0.6307057243504921 2
-1.107754490745331 2.0813129397165 2
1.059883562511625 0.435483835963631 2
2.216829615454793 1.213376331373296 2
-2.732050807568876 -0.732050807568878 2
2.840465615296274 1.606688165686648 2
3.108414807727397 0.606688165686648 2
3.050934661013977 -0.2723290993692609 2
2.782985468582853 -1.272329099369262 2
2.159349468741373 0.334359066317387 2
2.108414807727396 2.338738973255525 2
0.3375615965257134 2.962665367938456 2
1.337561596525713 2.694716175507333 2
1.44597640425311 1.569353533625104 2
-1.553877245372666 2.772707277427127 2
-0.5538772453726651 3.04065646985825 2
-0.216315648846952 2.003321837796705 2
-2.285928052941543 2.04065646985825 2
-3.091364596560117 0.2633066308206837 2
-2.823415404128995 1.263306630820683 2
-1.645241841932783 1.303963100678934 2
-3.098076211353316 -1.366025403784438 2
-3.366025403784438 -0.3660254037844388 2
-2.457390000344555 -0.1027187729637556 2
-2 -2.732050807568879 2
-2.732050807568878 -2 2
-2.366025403784438 -1.36602540378444 2
-0.3169872981077808 -3.077350269189626 2
-1.31698729810778 -2.809401076758504 2
-1.316987298107781 -2.077350269189627 2
1.549038105676657 -2.781088913245537 2
0.5490381056766567 -3.049038105676659 2
0.2320508075688765 -2.126388374866286 2
2.281088913245534 -2.04903810567666 2
1.599972766690634 -1.32136720504592 2
-0.9509618943233413 -1.443375672974065 2
-1.633974596215561 -1.366025403784439 2
-0.1407685142755952 -1.406108389282484 2
-0.4577558123833756 -0.6947835238772959 2
0.7252568895088423 -1.377796225769517 2
-0.7556619597229701 1.356009332033496 2
0.1357768821754084 1.278018230113702 2
0.3281570669055077 0.5330947801570616 2
0.8675033777815259 1.180407285920271 2
1.638356588983209 0.8244300836684635 2
1.227153444846162 -0.6010872194621182 2
1.58087644226979 -0.05458718138744539 2
0.7061605650879978 -0.1110162021110418 2
-0.8357593105658657 -0.05067254160919255 2
-1.293149310910422 0.5786594929959294 2
-1.725339192775678 -0.1027187729637552 2
-1.999999999999999 -0.7320508075688776 2
-0.02556593051811962 -0.01340525791761127 2
2 9 0 61
958
959
960
961
962
963
964
965
966
967
968
969
970
971
972
973
974
975
976
977
978
979
980
981
982
983
984
985
986
987
988
989
990
991
992
993
994
995
996
997
998
999
1000
1001
1002
1003
1004
1005
1006
1007
1008
1009
1010
1011
1012
1013
1014
1015
1016
1017
1018
-0.633974596215561 -2.154700538379253 0.5
0.6751231930514265 1.925330735876911 0.5
2.101869322027954 -0.5446581987385218 0.5
-2.182729193120235 0.5266132616413668 0.5
-2 -2.000000000000001 0.5
-1.267949192431122 -0.7320508075688772 0.5
0.3524375676643705 -0.6575162401857146 0.5
1.098076211353314 -2.098076211353319 0.5
-0.4035694287006097 0.6307057243504921 0.5
-1.107754490745331 2.0813129397165 0.5
1.059883562511625 0.435483835963631 0.5
2.216829615454793 1.213376331373296 0.5
-2.732050807568876 -0.732050807568878 0.5
3.108414807727397 0.606688165686648 0.5
2.840465615296274 1.606688165686648 0.5
2.782985468582853 -1.272329099369262 0.5
3.050934661013977 -0.2723290993692609 0.5
2.159349468741373 0.3343590663173871 0.5
2.108414807727396 2.338738973255525 0.5
1.337561596525713 2.694716175507333 0.5
0.3375615965257134 2.962665367938456 0.5
1.44597640425311 1.569353533625104 0.5
-0.5538772453726651 3.04065646985825 0.5
-1.553877245372666 2.772707277427127 0.5
-0.216315648846952 2.003321837796705 0.5
-2.285928052941543 2.04065646985825 0.5
-2.823415404128995 1.263306630820683 0.5
-3.091364596560117 0.2633066308206836 0.5
-1.645241841932783 1.303963100678934 0.5
-3.366025403784438 -0.3660254037844387 0.5
-3.098076211353316 -1.366025403784438 0.5
-2.457390000344555 -0.1027187729637555 0.5
-2.732050807568878 -2 0.5
-2 -2.732050807568879 0.5
-2.366025403784438 -1.36602540378444 0.5
-1.31698729810778 -2.809401076758504 0.5
-0.3169872981077809 -3.077350269189626 0.5
-1.316987298107781 -2.077350269189627 0.5
0.5490381056766566 -3.049038105676659 0.5
1.549038105676657 -2.781088913245537 0.5
0.2320508075688765 -2.126388374866286 0.5
2.281088913245534 -2.04903810567666 0.5
1.599972766690634 -1.32136720504592 0.5
-1.633974596215561 -1.366025403784439 0.5
-0.9509618943233413 -1.443375672974065 0.5
-0.4577558123833756 -0.6947835238772959 0.5
-0.1407685142755952 -1.406108389282484 0.5
0.7252568895088423 -1.377796225769517 0.5
0.1357768821754084 1.278018230113702 0.5
-0.7556619597229701 1.356009332033496 0.5
0.8675033777815259 1.180407285920271 0.5
0.3281570669055077 0.5330947801570616 0.5
1.638356588983209 0.8244300836684635 0.5
1.227153444846162 -0.6010872194621182 0.5
0.7061605650879978 -0.1110162021110418 0.5
1.58087644226979 -0.05458718138744539 0.5
-1.725339192775678 -0.1027187729637552 0.5
-1.293149310910422 0.5786594929959294 0.5
-0.8357593105658657 -0.05067254160919255 0.5
-1.999999999999999 -0.7320508075688776 0.5
-0.02556593051811962 -0.01340525791761127 0.5
3 1 0 202
1019
1020
1021
1022
1023
1024
1025
1026
1027
1028
1029
1030
1031
1032
1033
1034
1035
1036
1037
1038
1039
1040
1041
1042
1043
1044
1045
1046
1047
1048
1049
1050
1051
1052
1053
1054
1055
1056
1057
1058
1059
1060
1061
1062
1063
1064
1065
1066
1067
1068
1069
1070
1071
1072
1073
1074
1075
1076
1077
1078
1079
1080
1081
1082
1083
1084
1085
1086
1087
1088
1089
1090
1091
1092
1093
1094
1095
1096
1097
1098
1099
1100
1101
1102
1103
1104
1105
1106
1107
1108
1109
1110
1111
1112
1113
1114
1115
1116
1117
1118
1119
1120
1121
1122
1123
1124
1125
1126
1127
1128
1129
1130
1131
1132
1133
1134
1135
1136
1137
1138
1139
1140
1141
1142
1143
1144
1145
1146
1147
1148
1149
1150
1151
1152
1153
1154
1155
1156
1157
1158
1159
1160
1161
1162
1163
1164
1165
1166
1167
1168
1169
1170
1171
1172
1173
1174
1175
1176
1177
1178
1179
1180
1181
1182
1183
1184
1185
1186
1187
1188
1189
1190
1191
1192
1193
1194
1195
1196
1197
1198
1199
1200
1201
1202
1203
1204
1205
1206
1207
1208
1209
1210
1211
1212
1213
1214
1215
1216
1217
1218
1219
1220
-0.86356989696816 -0.2761131590831692 0.25
5.577174800736937 1.901408686261609 0.25
2.394328654598063 -2.894006583706187 0.25
1.431059631113026 -6.294887197170078 0.25
1.994223400838897 -6.405501718839753 0.125
0.9770851431089982 -6.637656888719169 0.375
0.9770851431089982 -6.637656888719169 0.125
1.212681067669339 -5.388118770732547 0.25
1.885034119117053 -5.952117505620988 0.25
1.994223400838897 -6.405501718839753 0.375
1.321870349391183 -5.841502983951312 0.125
1.321870349391183 -5.841502983951312 0.375
2.907785856541491 -3.078758612498055 0.25
2.524528814171608 -4.197200515548698 0.25
2.842685776754718 -2.427161646576798 0.375
2.459428734384836 -3.545603549627443 0.375
2.459428734384836 -3.545603549627443 0.125
3.291042898911373 -1.96031670944741 0.25
2.842685776754718 -2.427161646576798 0.125
4.990700081676533 2.593664067616832 0.25
5.839854861089758 2.328475144246582 0.25
6.133092220619961 1.98234745356897 0.375
5.283937441206735 2.24753637693922 0.125
5.283937441206735 2.24753637693922 0.375
5.870412160267138 1.555280995583997 0.25
5.314494740384115 1.474342228276636 0.375
6.133092220619961 1.98234745356897 0.125
-1.995518505127805 -0.1874727651854112 0.25
-1.186305191332906 -0.7612947161354602 0.25
-0.6203308872530834 -0.8056149130843392 0.125
-1.429544201047982 -0.2317929621342902 0.375
-1.429544201047982 -0.2317929621342902 0.125
1.945971532441408 -3.360851520835574 0.25
1.367414250711207 -2.524502526122451 0.25
1.880871452654635 -2.709254554914319 0.375
1.880871452654635 -2.709254554914319 0.125
-1.106808906683237 0.2533885949180008 0.25
-0.5408346026034144 0.2090683979691218 0.375
5.051814680031292 1.047275770291663 0.25
5.314494740384115 1.474342228276636 0.125
-0.3770918775380068 -1.335116667085509 0.25
-0.2975955928883379 -0.3204333560320483 0.25
-0.5408346026034144 0.2090683979691218 0.125
-0.6203308872530834 -0.8056149130843392 0.375
-0.2180993082386689 0.6942499550214127 0.25
2.32922857481129 -2.24240961778493 0.25
1.868604940920474 -4.792659643140622 0.25
-2.945160973645602 -5.196452661276577 0.25
-2.997531155019726 -1.599021633932697 0.25
-2.109008594898862 -1.205829707541522 0.25
-2.884041065248669 -0.5806646915765862 0.25
-3.772563625369533 -0.9738566179677611 0.25
0.867895861387155 -6.184272675500404 0.25
-4.882007329395794 3.985749622902678 0.25
-5.469716815649869 3.123738127615912 0.25
-4.632651555982801 3.210290081408922 0.25
4.078568632000927 4.545173019146853 0.25
3.792708650990723 3.617525661017495 0.25
4.788190035601342 3.780383033731426 0.25
3.598597802004354 5.175797274569385 0.25
2.832766990997577 4.878774171862558 0.25
2.69507708078117 5.697445206185995 0.25
1.453397547425135 5.356310409963529 0.25
0.6165669187200816 5.149057066183255 0.25
1.609039620903507 4.490087703836144 0.25
-0.4944769683694475 -2.2798303161883 0.25
0.4951611865866001 -1.92980959660398 0.25
-0.6118620592008883 -3.22454396529109 0.25
0.3777760957551594 -2.87452324570677 0.25
-4.244475368357086 4.505264826593602 0.25
-3.428793816952694 5.155749157640919 0.25
-3.357587633905384 4.249320488790771 0.25
-2.530375832417774 3.941217464702047 0.25
-3.338604292963542 3.368304569125945 0.25
0.1514234725599974 5.961115151335622 0.25
-0.8889551238395874 5.883149553837873 0.25
4.204930628526764 -0.2022779954718509 0.25
4.174344718302788 -1.361317134114552 0.25
5.057646537694204 -0.7623175587816942 0.25
3.351649099979964 -3.930428743927893 0.25
4.178769385788319 -3.663656972307088 0.25
3.734906142349846 -2.811986840877249 0.25
-1.143998046243959 5.041993047558582 0.25
-1.812689460098575 5.983338878993473 0.25
-2.067732382502946 5.142182372714181 0.25
-1.299795281103963 -1.779651658491571 0.25
-2.222498684669919 -2.224186649897633 0.25
6.028823268847102 -0.3811587793908479 0.25
5.873328089098594 -1.412801889829011 0.25
3.444478713591373 -4.835010446412452 0.25
2.540957992368188 -5.356658378029064 0.25
-3.609175604103291 -0.04589875536135163 0.25
-4.597860580714499 -0.4740287929715736 0.25
-5.811103944931027 -2.310159885582626 0.25
-6.11862079906051 -1.313214730287784 0.25
-5.315425814545121 -1.583133597342344 0.25
0.8571309520474329 3.204459843651366 0.25
-0.1353417501359921 3.863429205998477 0.25
-0.050419790287013 2.785054689593972 0.25
0.6888629783627123 1.098395792936132 0.25
0.7727027373385402 2.143798160222412 0.25
-0.1342595492628409 1.739652322307693 0.25
1.595825264964093 1.502541630850852 0.25
-0.9737441486463785 1.222134082469337 0.25
-1.729388989054088 1.750018209917262 0.25
-0.8899043896705505 2.267536449755617 0.25
-4.651237341942074 -3.800677380132892 0.25
-3.760842525049996 -4.545968330229259 0.25
-4.171111581075364 -2.840145595869347 0.25
-3.280716764183286 -3.585436545965715 0.25
0.5715040073259776 -0.9270257876087549 0.25
0.6510002919756466 0.08765752344470618 0.25
-1.386274756238628 -4.715599945380662 0.25
-1.973984242492702 -5.577611440667425 0.25
-0.3822275651860492 -5.10047239469924 0.25
-0.9699370514401225 -5.962483889986004 0.25
-5.238946828196148 -2.938665884846128 0.25
-4.743268697810242 -2.211639596605846 0.25
0.4152267512416451 -5.244295582715893 0.25
1.443757071450585 -1.521718717127226 0.25
2.436157305774643 -0.08058667014700402 0.25
3.321628809135349 -0.801277570804709 0.25
1.520099892189962 -0.5189349081320004 0.25
2.405571395550667 -1.239625808789705 0.25
-5.663300243480554 2.409230332045855 0.25
-5.970817097610036 1.412285176751013 0.25
-5.019818411644172 1.781274490268808 0.25
1.074637417017852 -3.265054722226086 0.25
0.08499926206180441 -3.615075441810406 0.25
0.7818605833244971 -4.005606918329722 0.25
-2.524504970537894 2.118653429689191 0.25
-1.716276509992126 2.691566325265292 0.25
-1.862453747090946 0.7812727223659255 0.25
3.352214719359324 0.3577615678379923 0.25
-1.703164030930164 3.633114440613323 0.25
-2.511392491475932 3.060201545037221 0.25
-3.319620952021699 2.48728864946112 0.25
6.025907340015646 0.5236378851458305 0.25
-3.445787582837049 0.8820591072450579 0.25
-4.434472559448258 0.4539290696348359 0.25
-5.423157536059467 0.02579903202461393 0.25
-0.2202637099849713 4.941803722402982 0.25
-0.8767919106085886 3.209084565103647 0.25
-0.9617138704575678 4.287459081508152 0.25
5.054730608862748 0.1424791057549843 0.25
1.557962578577028 0.4918033613594258 0.25
0.9882541012650503 6.168368495115895 0.25
5.057646537694202 -2.435634203453302 0.25
5.420658978953083 -3.189437304949328 0.25
5.873328089098594 -2.249460212164815 0.25
-3.971837603222448 -1.907001106918554 0.25
0.7722089921984537 4.282834360055871 0.25
1.764681694381879 3.62386499770876 0.25
1.680253479672986 2.563203314279806 0.25
-3.995119594944093 3.729805285099846 0.25
5.057646537694203 -1.598975881117498 0.25
4.174344718302788 -2.197975456450356 0.25
3.31273782099415 4.248149916440026 0.25
4.271598999399728 -4.568238674791647 0.25
5.387185750944248 3.268452237031095 0.25
2.005392358994948 5.93621332523648 0.25
2.298724342689728 4.251319584785659 0.25
-2.587588285945568 1.31603865858116 0.25
-5.221487973851819 0.9035367611467112 0.25
-4.23280299724061 1.331666798756933 0.25
-3.196805132872641 -2.53216612288349 0.25
-2.783866191251475 5.602180099602625 0.25
-1.417180371935404 -2.724365307594362 0.25
-2.306410315980563 -3.277457072979859 0.25
2.474019992161709 0.9301515993444222 0.25
-3.97613625400225 2.848789365435021 0.25
-2.720653043982427 0.3472931710298233 0.25
2.425707948149463 1.772715224422313 0.25
0.0704415449594607 -6.04044948748375 0.25
2.778695172686301 3.620695329363127 0.25
2.510136162858355 2.833376907851267 0.25
3.524149641162778 2.830207239505635 0.25
4.123145356505683 2.318276442805303 0.25
5.021257380853912 1.820469918954247 0.25
4.981220403000142 -3.80344868937622 0.25
-5.369291675302294 -0.7786672826588651 0.25
-4.543994719957327 -1.278495107655053 0.25
-2.390321947291207 -4.330727496062083 0.25
3.255590631334832 2.042888817993774 0.25
1.653194698748053 -4.10140371693921 0.25
4.391704366333627 3.105594864317164 0.25
-6.172486659817684 0.5345474476289154 0.25
-1.885448206716555 4.387648406663752 0.25
-6.172486659817683 -0.5087484156043052 0.25
4.618207961741261 -3.049645587880195 0.25
-4.826234983813487 2.495782285838865 0.25
-2.712660008204165 4.695751430752476 0.25
-1.501092003246048 -3.777635730676587 0.25
-0.4970448121934687 -4.162508179995165 0.25
-4.169719681832936 2.134281569864964 0.25
0.199816509069224 -4.553039656514481 0.25
-3.382704267429374 1.684673878353089 0.25
0.9972708254969183 -4.696862844531134 0.25
4.153702655683063 1.545082294142718 0.25
2.143082269211356 5.117542290913043 0.25
4.202014699695308 0.7025186690648276 0.25
3.303902675347078 1.200325192915883 0.25
3 2 0 174
1221
1222
1223
1224
1225
1226
1227
1228
1229
1230
1231
1232
1233
1234
1235
1236
1237
1238
1239
1240
1241
1242
1243
1244
1245
1246
1247
1248
1249
1250
1251
1252
1253
1254
1255
1256
1257
1258
1259
1260
1261
1262
1263
1264
1265
1266
1267
1268
1269
1270
1271
1272
1273
1274
1275
1276
1277
1278
1279
1280
1281
1282
1283
1284
1285
1286
1287
1288
1289
1290
1291
1292
1293
1294
1295
1296
1297
1298
1299
1300
1301
1302
1303
1304
1305
1306
1307
1308
1309
1310
1311
1312
1313
1314
1315
1316
1317
1318
1319
1320
1321
1322
1323
1324
1325
1326
1327
1328
1329
1330
1331
1332
1333
1334
1335
1336
1337
1338
1339
1340
1341
1342
1343
1344
1345
1346
1347
1348
1349
1350
1351
1352
1353
1354
1355
1356
1357
1358
1359
1360
1361
1362
1363
1364
1365
1366
1367
1368
1369
1370
1371
1372
1373
1374
1375
1376
1377
1378
1379
1380
1381
1382
1383
1384
1385
1386
1387
1388
1389
1390
1391
1392
1393
1394
0.2392804615696141 -0.09405645748302167 3.75
-1.438037920174538 0.422246031215898 4.960047075603007
-1.438037920176428 0.4222460312137872 2.539952924398172
1.62821508484556 -0.3940389444461319 2.432971822116717
0.6867878908817242 1.413732054874691 2.453446392065793
1.627997164341568 -0.3922367590353727 5.067361144326191
0.6885948374528799 1.419292200733425 5.043284963428643
-0.220637265507277 -1.528132807533495 5.16927633053912
-0.2201234205331715 -1.528075224899062 2.330768025164454
1.728178177213446 0.642250869229069 3.343750000000002
1.409259378508333 1.135926738205603 3.716767324476411
1.728178177213382 0.6422508692292198 4.156250000000002
2.422536528599423 0.4931607184528935 4.002430572163098
2.422536528599359 0.4931607184530443 4.814930572163097
2.563998582170784 -0.1961183795176868 4.408680572163098
0.9336388129555911 -0.2431466082591972 4.408680572163096
-0.3756250146473519 0.9179890430442389 2.496699658231983
0.0943648054371749 2.439056688833782 3.098473900343302
-0.9680481000919012 1.94331367700333 3.141727166509491
-0.374721541361774 0.9207691159736059 3.791618943913408
0.09526827872275273 2.441836761763149 4.393393186024726
0.687691364167302 1.416512127804058 3.748365677747218
1.633916566449966 1.892601067313826 4.363409806190733
1.952835365155015 1.398925198337443 4.802892481714323
0.4639376495112469 0.6626178716252015 4.396642481714322
-1.865124088804992 -1.111353083959424 4.353391136053335
-0.5993787293024619 0.1640947868664382 4.355023537801504
-1.026464897932916 -1.369504328308884 3.748367598251831
-1.865124088805937 -1.11135308396048 3.143344060450918
-0.599378729303407 0.1640947868653828 3.144976462199086
-1.438037920175483 0.4222460312148426 3.75000000000059
-0.9680481000909562 1.943313677004385 4.351774242111908
-0.374721541360829 0.9207691159746613 5.001666019515825
1.633013093164388 1.889820994384459 3.068490520509308
0.4630341762256691 0.6598377986958345 3.101723196032896
1.951931891869501 1.396145125407925 2.695473196032898
2.422645488851419 0.4922596257475139 2.68523591105836
2.56410754242278 -0.1970194722230664 3.09148591105836
1.628106124593564 -0.3931378517407523 3.750166483221454
0.9337477732075868 -0.2440477009645768 3.091485911058358
0.009321598031168526 -0.8110946325082582 4.45963816526956
-1.256423761471361 -2.086542503334121 4.458005763521391
-0.8293375928409075 -0.5529433881587984 5.064661703071064
-1.864842821665883 1.533842818981692 4.351611563084684
-1.864842821666828 1.533842818980637 3.141564487482266
-1.256166838984308 -2.086513712016904 3.038751610834058
0.009578520518221306 -0.8110658411910417 3.040384012582227
-0.8290806703547997 -0.5529145968426373 2.435360474781313
-2.398134862372261 -0.2818980657807234 4.352147613851736
-2.398134862373206 -0.2818980657817788 3.142100538249318
1.158296000897224 0.5135277208490259 5.055323053877417
1.157501487863642 0.5098465552142794 2.443209107091255
-0.2203803430202242 -1.528104016216278 3.750022177851787
0.7597754241732729 -1.67574764416748 3.761106622195042
1.409259378508186 -1.229983195688784 3.783232675523382
2.103726690146159 -1.379974439170339 3.12471858658174
1.454242735811246 -1.825738887649035 3.1025925332534
2.103617729894164 -1.37907334646496 4.441913247686477
1.45413377555925 -1.824837794943656 4.419787194358137
-1.445755539889189 1.803088449772843 2.370845318979294
-0.3833426343601125 2.298831461603295 2.327592052813104
-1.445995232838146 1.802979007479463 5.12901438696948
-0.3826788540244375 2.301502092238226 5.170633330882298
0.5300734831218802 -2.392757027875501 3.051490634777268
0.7040458321561941 -0.9610570846725969 2.381869923640585
0.5298165606348274 -2.392785819192717 4.470744787464602
0.7036799494171456 -0.9601847832844337 5.118318737432656
-2.191212642541836 -0.7349984149393467 5.129014386970672
-2.191212642542781 -0.7349984149404021 2.370985613029917
-1.582512315208206 -1.710187834314043 5.233629014438728
-1.582255392721153 -1.710159042996827 2.266393163413058
1.949060222352676 -1.528084998088736 5.202547901066786
1.961469239863338 -1.518405538157742 2.296957923515695
2.422536528599169 -0.8853974774888591 4.814930572163097
2.423436196797384 -0.8832941682537563 4.006330272661192
2.42354515704938 -0.8841952609591359 2.689135611556454
1.024743007428253 -2.096033022337797 5.25350549417325
1.037299987173973 -2.085423678384207 2.245856025039564
0.3338071665747057 0.7148260011136636 6.021642481714322
0.8035083300190499 -0.190938478770735 6.033680572163096
-0.1208088849053728 -0.7588865030197961 6.08463816526956
0.2339787859728014 -0.05442030340003512 5.106280646983882
0.8036172902710456 -0.1918395714761146 1.466485911058358
0.3329036932891278 0.7120459281842966 1.476723196032897
-0.12055196241832 -0.7588577117025797 1.415384012582227
0.2333322351742764 -0.05717158501218567 2.392107208615124
-0.7295092122390032 0.2163029163549003 5.980023537801504
-0.7295092122399482 0.2163029163538449 1.519976462199086
-0.3593695997331354 -2.4962539270582 4.462891169358748
-0.3591126772460826 -2.496225135740984 3.043637016671416
-1.363686252632916 0.9551087314789296 1.519976462199086
-1.371403872345677 2.335951150037986 1.350868856780207
-0.3012733471038397 1.450851743309381 1.476723196032897
-1.371643565295579 2.33584170774355 6.148990849167977
-1.363686252631971 0.955108731479985 5.980023537801504
-0.3003698738182619 1.453631816238748 6.021642481714322
-0.5966370789474151 2.496827338133933 1.350868856780207
0.4734934462944216 1.611727931405328 1.476723196032897
-0.5968767718973179 2.496717895839497 6.148990849167977
0.4743969195799994 1.614508004334695 6.021642481714322
0.9835467512904231 2.335578520532101 3.090651283348172
0.984450224576001 2.338358593461468 4.385570569029596
-2.082072968297961 -1.687946004954895 6.148990849169168
-2.401474810333428 -0.9618962378549629 6.148990849169168
-1.64830008796613 0.1953482083002818 5.980023537801504
-1.328898245930663 -0.5307015587996508 5.980023537801504
-2.401474810333428 -0.9618962378549629 1.351009150830831
-2.082072968297961 -1.687946004954895 1.351009150830831
-1.648300087967075 0.1953482082992264 1.519976462199086
-1.328898245931608 -0.5307015588007061 1.519976462199086
0.3778852498868351 2.637230866566891 1.346271999996262
0.5911796944741378 2.439234990036254 2.322995196029158
0.3791504678318076 2.637049427259615 6.148990849169168
0.5933483857046882 2.441833623658344 5.17063333088349
-2.679281127878861 -0.01577480730316495 6.148990849167333
-2.469018960087269 0.2111230156124513 5.129014386968836
-2.679281127878861 -0.01577480730766779 1.35100915083083
-2.469018960088214 0.211123015606893 2.370985613029917
2.44008832216863 0.4506676418786765 5.440156472298057
1.970387158724286 1.356432121763075 5.428118381849282
-0.7201979185970324 -1.505890978174347 6.08463816526956
-0.7199409961099796 -1.505862186857131 1.415384012582227
2.438484193544368 0.4540569405665664 2.060114693335636
1.96777059656245 1.357942440226978 2.070351978310175
-2.39813166391264 0.7041549900804494 4.35177053371002
-2.398131663913585 0.704154990079394 3.141723458107603
2.565027812657923 0.5309360338745926 6.187500000000001
2.441117552655769 1.177722055270956 6.406475900134961
1.629026394828707 0.3348176543569067 6.033680572163096
2.563998582170784 -0.1961183795176868 5.221180572163096
1.956449312219738 -1.594369642456128 6.168867328903691
2.445764323159388 -0.9134794366748265 6.406371217722686
2.438375233292326 -0.8471947923074341 5.440051789885782
1.635386254208631 -0.4585214034027651 6.033680572163096
2.447578120670094 -0.9089357955040036 1.093893443763022
1.968749369478405 -1.583789089819755 1.330472012457337
2.440297991055028 -0.8435522438419907 2.06037935482138
1.635495214460626 -0.4594224961081448 1.466485911058358
1.629135355080703 0.3339165616515272 1.466485911058358
2.43940446377951 1.182012446664225 1.093628782277278
1.158421758098785 1.237802061311938 1.476723196032897
1.159325231384363 1.240582134241305 6.021642481714322
-2.191212642541836 1.157244446155245 5.129014386970672
-2.401474810333429 0.9303466232396284 6.148990849169169
-2.401474810333429 0.9303466232396284 1.351009150830832
-2.191212642542781 1.157244446154189 2.370985613029918
2.571387672037846 -0.2624030238850792 6.187500000000001
0.1389892567116643 -2.496225135741163 2.266393163413059
-0.8374427131497248 -2.355854885854787 5.240257664625215
2.56410754242278 -0.1970194722230664 2.27898591105836
-0.837064156055347 -2.355881651235102 2.263381550133155
0.1374459248490246 -2.496438397305074 5.238354999981491
2.445764323159434 0.3886733889045536 1.093628782277278
2.571387672037846 -0.2624030238850792 1.312500000000002
1.168664202348884 -1.088689666518484 6.033680572163096
1.489727260359992 -2.224537905571847 6.168867328903691
0.2443469874244618 -1.656637690767545 6.08463816526956
-2.116860974999269 1.690107146419332 6.148990849169169
-2.116860974999269 1.690107146419332 1.351009150830832
1.478455585622892 2.038832646008276 2.307855867129231
1.491755790061494 2.030948217996555 5.191550914791415
1.16877316260088 -1.089590759223863 1.466485911058358
1.502027317618658 -2.213957352935473 1.330472012457337
0.2446039099115146 -1.656608899450328 1.415384012582227
1.070370218194163 2.298722019307752 1.476723196032897
-1.336881731632155 -2.333668613193171 1.347997537550928
-1.33700336623948 -2.333613056495639 6.155619499355655
1.950089452839953 1.862902652445524 1.331132671096334
1.07127369147974 2.301502092237119 6.021642481714322
0.6024301777807635 -2.624943280539124 6.153716834711931
1.962486183992977 1.852238151504436 6.169908433077094
0.6037165871563503 -2.62475881029243 1.351009150830832
-0.3593695997318876 -2.49625392705838 6.08463816526956
-0.3591126772448349 -2.496225135741163 1.415384012582227
3 3 0 93
1395
1396
1397
1398
1399
1400
1401
1402
1403
1404
1405
1406
1407
1408
1409
1410
1411
1412
1413
1414
1415
1416
1417
1418
1419
1420
1421
1422
1423
1424
1425
1426
1427
1428
1429
1430
1431
1432
1433
1434
1435
1436
1437
1438
1439
1440
1441
1442
1443
1444
1445
1446
1447
1448
1449
1450
1451
1452
1453
1454
1455
1456
1457
1458
1459
1460
1461
1462
1463
1464
1465
1466
1467
1468
1469
1470
1471
1472
1473
1474
1475
1476
1477
1478
1479
1480
1481
1482
1483
1484
1485
1486
1487
-1.316987298107781 -2.077350269189627 1.25
-1.51763809020504 -2.931851652578138 0.8715507010119432
-0.8346253883128201 -3.009201921767763 1.621550701011943
-1.51763809020504 -2.931851652578138 1.621550701011943
-2 -2.000000000000001 1.25
-3.297877056362575 0.1516126864206013 0.8715507010119431
-3.023216249138254 0.7809447210257237 0.8715507010119431
-3.297877056362575 0.1516126864206013 1.621550701011943
-2.457390000344555 -0.1027187729637556 1.25
-2.732050807568876 -0.732050807568878 1.25
-2 -2.732050807568879 1.25
-3.366025403784438 -0.3660254037844388 1.25
-2.366025403784438 -1.36602540378444 1.25
-1.999999999999999 -0.7320508075688776 1.25
-1.633974596215561 -1.366025403784439 1.25
-1.267949192431122 -0.7320508075688772 1.25
-0.8346253883128201 -3.009201921767763 0.8715507010119432
-0.633974596215561 -2.154700538379253 1.25
-3.023216249138254 0.7809447210257237 1.621550701011943
-2.182729193120235 0.5266132616413668 1.25
-1.645241841932783 1.303963100678934 1.25
-1.968090807745761 2.454870032231344 1.628449298988057
-2.505578158933213 1.677520193193778 0.8784492989880575
-2.505578158933213 1.677520193193778 1.628449298988057
-0.180076493679328 2.894517020516592 1.628449298988057
-0.180076493679328 2.894517020516592 0.878449298988057
0.6751231930514265 1.925330735876911 1.25
0.3375615965257134 2.962665367938456 1.25
-0.3169872981077809 -3.077350269189626 1.25
0.2006507920972601 -3.009201921767763 1.628449298988057
0.2006507920972601 -3.009201921767763 0.8784492989880573
2.101869322027954 -0.5446581987385218 1.25
1.599972766690634 -1.32136720504592 1.25
2.465148223387072 -1.686542661742356 0.8715507010119428
1.963251668049752 -2.463251668049755 1.621550701011943
2.465148223387072 -1.686542661742356 1.621550701011943
2.982395741561968 0.2467644320182802 1.625
2.982395741561968 0.2467644320182802 0.875
3.050934661013977 -0.2723290993692614 1.25
0.2320508075688765 -2.126388374866286 1.25
1.066676195881698 -2.980889758254796 1.628449298988057
-1.071515335577707 2.972508122436387 1.628449298988057
-0.216315648846952 2.003321837796705 1.25
-3.098076211353316 -1.366025403784438 1.25
-2.732050807568878 -2 1.25
-0.9509618943233413 -1.443375672974065 1.25
-0.4577558123833756 -0.6947835238772959 1.25
-1.725339192775678 -0.1027187729637552 1.25
-0.8357593105658657 -0.05067254160919255 1.25
3.039875888275387 1.125781697074189 0.875
2.159349468741373 0.334359066317387 1.25
-2.823415404128995 1.263306630820683 1.25
2.782985468582853 -1.272329099369262 1.25
-1.071515335577707 2.972508122436387 0.878449298988057
-1.107754490745331 2.0813129397165 1.25
-3.297877056362575 -0.8836634939894796 0.8715507010119432
-3.297877056362575 -0.8836634939894796 1.621550701011943
-2.414213562373096 -2.414213562373095 0.871550701011943
-2.414213562373096 -2.414213562373095 1.621550701011943
0.8551996867307547 2.894517020516592 1.621550701011943
0.8551996867307547 2.894517020516592 0.8715507010119431
-0.4035694287006097 0.6307057243504921 1.25
-1.293149310910422 0.5786594929959294 1.25
0.3524375676643705 -0.6575162401857146 1.25
-0.1407685142755952 -1.406108389282484 1.25
-1.968090807745761 2.454870032231344 0.8784492989880575
1.059883562511625 0.435483835963631 1.25
0.7061605650879978 -0.1110162021110418 1.25
1.227153444846162 -0.6010872194621182 1.25
1.58087644226979 -0.05458718138744539 1.25
-0.02556593051811962 -0.01340525791761127 1.25
1.098076211353314 -2.098076211353319 1.25
1.963251668049752 -2.463251668049755 0.8715507010119428
3.039875888275387 1.125781697074189 1.625
2.216829615454793 1.213376331373296 1.25
2.982786313592113 -0.7899671895743041 0.8687557494384577
2.982786313592113 -0.7899671895743041 1.618755749438458
0.3281570669055077 0.5330947801570616 1.25
0.8675033777815259 1.180407285920271 1.25
1.066676195881698 -2.980889758254796 0.8784492989880573
1.751891111747048 2.376762967955436 0.875
1.751891111747048 2.376762967955436 1.625
1.44597640425311 1.569353533625104 1.25
2.522744322948731 2.020785765703629 0.875
1.337561596525713 2.694716175507333 1.25
2.522744322948731 2.020785765703629 1.625
0.1357768821754084 1.278018230113702 1.25
-0.7556619597229701 1.356009332033496 1.25
1.638356588983209 0.8244300836684635 1.25
0.7252568895088423 -1.377796225769517 1.25
-1.553877245372666 2.772707277427127 1.25
1.549038105676657 -2.781088913245537 1.25
2.840465615296274 1.606688165686648 1.25
$EndNodes
$Elements
27 7762 1 7762
0 1 15 1
1 1 
0 2 15 1
2 2 
0 3 15 1
3 3 
0 4 15 1
4 4 
0 5 15 1
5 5 
0 6 15 1
6 6 
1 1 1 42
7 1 7 
8 7 8 
9 8 9 
10 9 10 
11 10 11 
12 11 12 
13 12 13 
14 13 14 
15 14 15 
16 15 16 
17 16 17 
18 17 18 
19 18 19 
20 19 20 
21 20 21 
22 21 22 
23 22 23 
24 23 24 
25 24 25 
26 25 26 
27 26 27 
28 27 28 
29 28 29 
30 29 30 
31 30 31 
32 31 32 
33 32 33 
34 33 34 
35 34 35 
36 35 36 
37 36 37 
38 37 38 
39 38 39 
40 39 40 
41 40 41 
42 41 42 
43 42 43 
44 43 44 
45 44 45 
46 45 46 
47 46 47 
48 47 1 
1 2 1 2
49 2 48 
50 48 1 
1 3 1 42
51 2 49 
52 49 50 
53 50 51 
54 51 52 
55 52 53 
56 53 54 
57 54 55 
58 55 56 
59 56 57 
60 57 58 
61 58 59 
62 59 60 
63 60 61 
64 61 62 
65 62 63 
66 63 64 
67 64 65 
68 65 66 
69 66 67 
70 67 68 
71 68 69 
72 69 70 
73 70 71 
74 71 72 
75 72 73 
76 73 74 
77 74 75 
78 75 76 
79 76 77 
80 77 78 
81 78 79 
82 79 80 
83 80 81 
84 81 82 
85 82 83 
86 83 84 
87 84 85 
88 85 86 
89 86 87 
90 87 88 
91 88 89 
92 89 2 
1 4 1 22
93 3 90 
94 90 91 
95 91 92 
96 92 93 
97 93 94 
98 94 95 
99 95 96 
100 96 97 
101 97 98 
102 98 99 
103 99 100 
104 100 101 
105 101 102 
106 102 103 
107 103 104 
108 104 105 
109 105 106 
110 106 107 
111 107 108 
112 108 109 
113 109 110 
114 110 3 
1 5 1 8
115 4 111 
116 111 112 
117 112 113 
118 113 114 
119 114 115 
120 115 116 
121 116 117 
122 117 3 
1 6 1 22
123 4 118 
124 118 119 
125 119 120 
126 120 121 
127 121 122 
128 122 123 
129 123 124 
130 124 125 
131 125 126 
132 126 127 
133 127 128 
134 128 129 
135 129 130 
136 130 131 
137 131 132 
138 132 133 
139 133 134 
140 134 135 
141 135 136 
142 136 137 
143 137 138 
144 138 4 
1 7 1 24
145 5 139 
146 139 140 
147 140 141 
148 141 142 
149 142 143 
150 143 144 
151 144 145 
152 145 146 
153 146 147 
154 147 148 
155 148 149 
156 149 150 
157 150 151 
158 151 152 
159 152 153 
160 153 154 
161 154 155 
162 155 156 
163 156 157 
164 157 158 
165 158 159 
166 159 160 
167 160 161 
168 161 5 
1 8 1 2
169 6 162 
170 162 5 
1 9 1 24
171 6 163 
172 163 164 
173 164 165 
174 165 166 
175 166 167 
176 167 168 
177 168 169 
178 169 170 
179 170 171 
180 171 172 
181 172 173 
182 173 174 
183 174 175 
184 175 176 
185 176 177 
186 177 178 
187 178 179 
188 179 180 
189 180 181 
190 181 182 
191 182 183 
192 183 184 
193 184 185 
194 185 6 
2 1 2 168
195 2 49 48 
196 49 186 48 
197 49 50 186 
198 48 186 1 
199 88 89 187 
200 89 48 187 
201 89 2 48 
202 187 48 1 
203 1 186 7 
204 186 188 7 
205 186 50 188 
206 7 188 8 
207 46 189 47 
208 189 187 47 
209 189 88 187 
210 47 187 1 
211 8 190 9 
212 190 191 9 
213 190 52 191 
214 9 191 10 
215 8 188 190 
216 188 51 190 
217 188 50 51 
218 190 51 52 
219 52 192 191 
220 192 11 191 
221 192 12 11 
222 191 11 10 
223 12 193 13 
224 193 194 13 
225 193 54 194 
226 13 194 14 
227 52 53 192 
228 53 193 192 
229 53 54 193 
230 192 193 12 
231 14 195 15 
232 195 196 15 
233 195 58 196 
234 15 196 16 
235 54 55 194 
236 55 197 194 
237 55 56 197 
238 194 197 14 
239 14 197 195 
240 197 57 195 
241 197 56 57 
242 195 57 58 
243 58 198 196 
244 198 17 196 
245 198 18 17 
246 196 17 16 
247 18 199 19 
248 199 200 19 
249 199 62 200 
250 19 200 20 
251 58 59 198 
252 59 201 198 
253 59 60 201 
254 198 201 18 
255 18 201 199 
256 201 61 199 
257 201 60 61 
258 199 61 62 
259 62 202 200 
260 202 21 200 
261 202 22 21 
262 200 21 20 
263 22 203 23 
264 203 204 23 
265 203 66 204 
266 23 204 24 
267 62 63 202 
268 63 205 202 
269 63 64 205 
270 202 205 22 
271 64 65 205 
272 65 203 205 
273 65 66 203 
274 205 203 22 
275 24 204 25 
276 204 206 25 
277 204 66 206 
278 25 206 26 
279 26 207 27 
280 207 208 27 
281 207 70 208 
282 27 208 28 
283 66 67 206 
284 67 209 206 
285 67 68 209 
286 206 209 26 
287 26 209 207 
288 209 69 207 
289 209 68 69 
290 207 69 70 
291 28 208 29 
292 208 210 29 
293 208 70 210 
294 29 210 30 
295 30 211 31 
296 211 212 31 
297 211 72 212 
298 31 212 32 
299 70 71 210 
300 71 211 210 
301 71 72 211 
302 210 211 30 
303 32 213 33 
304 213 214 33 
305 213 74 214 
306 33 214 34 
307 72 73 212 
308 73 213 212 
309 73 74 213 
310 212 213 32 
311 34 215 35 
312 215 216 35 
313 215 78 216 
314 35 216 36 
315 74 75 214 
316 75 217 214 
317 75 76 217 
318 214 217 34 
319 76 77 217 
320 77 215 217 
321 77 78 215 
322 217 215 34 
323 78 218 216 
324 218 37 216 
325 218 38 37 
326 216 37 36 
327 38 219 39 
328 219 220 39 
329 219 82 220 
330 39 220 40 
331 78 79 218 
332 79 221 218 
333 79 80 221 
334 218 221 38 
335 38 221 219 
336 221 81 219 
337 221 80 81 
338 219 81 82 
339 40 222 41 
340 222 223 41 
341 222 84 223 
342 41 223 42 
343 82 83 220 
344 83 222 220 
345 83 84 222 
346 220 222 40 
347 42 224 43 
348 224 225 43 
349 224 86 225 
350 43 225 44 
351 42 223 224 
352 223 85 224 
353 223 84 85 
354 224 85 86 
355 86 226 225 
356 226 45 225 
357 226 46 45 
358 225 45 44 
359 86 87 226 
360 87 189 226 
361 87 88 189 
362 226 189 46 
2 2 2 388
363 8 266 7 
364 266 267 7 
365 266 251 267 
366 7 267 1 
367 1 268 47 
368 268 269 47 
369 268 231 269 
370 47 269 46 
371 1 267 268 
372 267 270 268 
373 267 251 270 
374 268 270 231 
375 10 271 9 
376 271 272 9 
377 271 264 272 
378 9 272 8 
379 8 272 266 
380 272 273 266 
381 272 264 273 
382 266 273 251 
383 12 274 11 
384 274 275 11 
385 274 230 275 
386 11 275 10 
387 230 276 275 
388 276 271 275 
389 276 264 271 
390 275 271 10 
391 14 277 13 
392 277 278 13 
393 277 261 278 
394 13 278 12 
395 12 278 274 
396 278 279 274 
397 278 261 279 
398 274 279 230 
399 16 280 15 
400 280 281 15 
401 280 252 281 
402 15 281 14 
403 252 282 281 
404 282 277 281 
405 282 261 277 
406 281 277 14 
407 18 283 17 
408 283 284 17 
409 283 233 284 
410 17 284 16 
411 233 285 284 
412 285 280 284 
413 285 252 280 
414 284 280 16 
415 20 286 19 
416 286 287 19 
417 286 260 287 
418 19 287 18 
419 18 287 283 
420 287 288 283 
421 287 260 288 
422 283 288 233 
423 22 289 21 
424 289 290 21 
425 289 228 290 
426 21 290 20 
427 228 291 290 
428 291 286 290 
429 291 260 286 
430 290 286 20 
431 24 292 23 
432 292 293 23 
433 292 256 293 
434 23 293 22 
435 22 293 289 
436 293 294 289 
437 293 256 294 
438 289 294 228 
439 26 295 25 
440 295 296 25 
441 295 234 296 
442 25 296 24 
443 234 297 296 
444 297 292 296 
445 297 256 292 
446 296 292 24 
447 28 298 27 
448 298 299 27 
449 298 259 299 
450 27 299 26 
451 26 299 295 
452 299 300 295 
453 299 259 300 
454 295 300 234 
455 30 301 29 
456 301 302 29 
457 301 254 302 
458 29 302 28 
459 254 303 302 
460 303 298 302 
461 303 259 298 
462 302 298 28 
463 32 304 31 
464 304 305 31 
465 304 229 305 
466 31 305 30 
467 229 306 305 
468 306 301 305 
469 306 254 301 
470 305 301 30 
471 34 307 33 
472 307 308 33 
473 307 249 308 
474 33 308 32 
475 32 308 304 
476 308 309 304 
477 308 249 309 
478 304 309 229 
479 36 310 35 
480 310 307 35 
481 310 249 307 
482 35 307 34 
483 38 311 37 
484 311 312 37 
485 311 232 312 
486 37 312 36 
487 232 313 312 
488 313 310 312 
489 313 249 310 
490 312 310 36 
491 40 314 39 
492 314 315 39 
493 314 257 315 
494 39 315 38 
495 38 315 311 
496 315 316 311 
497 315 257 316 
498 311 316 232 
499 42 317 41 
500 317 318 41 
501 317 227 318 
502 41 318 40 
503 227 319 318 
504 319 314 318 
505 319 257 314 
506 318 314 40 
507 44 320 43 
508 320 321 43 
509 320 255 321 
510 43 321 42 
511 42 321 317 
512 321 322 317 
513 321 255 322 
514 317 322 227 
515 46 323 45 
516 323 324 45 
517 323 235 324 
518 45 324 44 
519 235 325 324 
520 325 320 324 
521 325 255 320 
522 324 320 44 
523 231 326 269 
524 326 323 269 
525 326 235 323 
526 269 323 46 
527 236 327 329 
528 327 328 329 
529 327 244 328 
530 329 328 227 
531 227 322 329 
532 322 330 329 
533 322 255 330 
534 329 330 236 
535 244 331 328 
536 331 332 328 
537 331 262 332 
538 328 332 227 
539 227 332 319 
540 332 333 319 
541 332 262 333 
542 319 333 257 
543 253 334 335 
544 334 291 335 
545 334 260 291 
546 335 291 228 
547 228 336 335 
548 336 337 335 
549 336 265 337 
550 335 337 253 
551 256 338 294 
552 338 336 294 
553 338 265 336 
554 294 336 228 
555 229 309 340 
556 309 339 340 
557 309 249 339 
558 340 339 246 
559 246 341 340 
560 341 342 340 
561 341 250 342 
562 340 342 229 
563 250 343 342 
564 343 306 342 
565 343 254 306 
566 342 306 229 
567 230 279 345 
568 279 344 345 
569 279 261 344 
570 345 344 247 
571 247 346 345 
572 346 347 345 
573 346 263 347 
574 345 347 230 
575 263 348 347 
576 348 276 347 
577 348 264 276 
578 347 276 230 
579 231 349 326 
580 349 350 326 
581 349 236 350 
582 326 350 235 
583 231 351 349 
584 351 352 349 
585 351 237 352 
586 349 352 236 
587 231 270 351 
588 270 353 351 
589 270 251 353 
590 351 353 237 
591 248 354 355 
592 354 313 355 
593 354 249 313 
594 355 313 232 
595 232 356 355 
596 356 357 355 
597 356 262 357 
598 355 357 248 
599 257 333 316 
600 333 356 316 
601 333 262 356 
602 316 356 232 
603 245 358 360 
604 358 359 360 
605 358 247 359 
606 360 359 233 
607 233 361 360 
608 361 362 360 
609 361 253 362 
610 360 362 245 
611 247 363 359 
612 363 285 359 
613 363 252 285 
614 359 285 233 
615 233 288 361 
616 288 334 361 
617 288 260 334 
618 361 334 253 
619 234 364 297 
620 364 338 297 
621 364 265 338 
622 297 338 256 
623 234 300 366 
624 300 365 366 
625 300 259 365 
626 366 365 258 
627 258 367 366 
628 367 364 366 
629 367 265 364 
630 366 364 234 
631 236 330 350 
632 330 325 350 
633 330 255 325 
634 350 325 235 
635 237 368 352 
636 368 369 352 
637 368 238 369 
638 352 369 236 
639 238 370 369 
640 370 327 369 
641 370 244 327 
642 369 327 236 
643 237 371 368 
644 371 372 368 
645 371 239 372 
646 368 372 238 
647 237 373 371 
648 373 374 371 
649 373 263 374 
650 371 374 239 
651 251 375 353 
652 375 373 353 
653 375 263 373 
654 353 373 237 
655 239 376 372 
656 376 377 372 
657 376 240 377 
658 372 377 238 
659 240 378 377 
660 378 379 377 
661 378 241 379 
662 377 379 238 
663 241 380 379 
664 380 370 379 
665 380 244 370 
666 379 370 238 
667 239 381 376 
668 381 382 376 
669 381 245 382 
670 376 382 240 
671 239 383 381 
672 383 358 381 
673 383 247 358 
674 381 358 245 
675 239 374 383 
676 374 346 383 
677 374 263 346 
678 383 346 247 
679 240 384 378 
680 384 385 378 
681 384 242 385 
682 378 385 241 
683 240 386 384 
684 386 387 384 
685 386 243 387 
686 384 387 242 
687 240 382 386 
688 382 388 386 
689 382 245 388 
690 386 388 243 
691 242 389 385 
692 389 390 385 
693 389 246 390 
694 385 390 241 
695 241 391 380 
696 391 392 380 
697 391 248 392 
698 380 392 244 
699 246 393 390 
700 393 391 390 
701 393 248 391 
702 390 391 241 
703 243 394 387 
704 394 395 387 
705 394 258 395 
706 387 395 242 
707 242 396 389 
708 396 341 389 
709 396 250 341 
710 389 341 246 
711 242 395 396 
712 395 397 396 
713 395 258 397 
714 396 397 250 
715 245 362 388 
716 362 398 388 
717 362 253 398 
718 388 398 243 
719 253 337 398 
720 337 399 398 
721 337 265 399 
722 398 399 243 
723 243 399 394 
724 399 367 394 
725 399 265 367 
726 394 367 258 
727 248 357 392 
728 357 331 392 
729 357 262 331 
730 392 331 244 
731 246 339 393 
732 339 354 393 
733 339 249 354 
734 393 354 248 
735 247 344 363 
736 344 282 363 
737 344 261 282 
738 363 282 252 
739 250 400 343 
740 400 303 343 
741 400 259 303 
742 343 303 254 
743 258 365 397 
744 365 400 397 
745 365 259 400 
746 397 400 250 
747 251 273 375 
748 273 348 375 
749 273 264 348 
750 375 348 263 
2 3 2 388
751 50 49 441 
752 49 440 441 
753 49 2 440 
754 441 440 425 
755 2 89 443 
756 89 442 443 
757 89 88 442 
758 443 442 405 
759 2 443 440 
760 443 444 440 
761 443 405 444 
762 440 444 425 
763 52 51 446 
764 51 445 446 
765 51 50 445 
766 446 445 438 
767 50 441 445 
768 441 447 445 
769 441 425 447 
770 445 447 438 
771 54 53 449 
772 53 448 449 
773 53 52 448 
774 449 448 404 
775 404 448 450 
776 448 446 450 
777 448 52 446 
778 450 446 438 
779 56 55 452 
780 55 451 452 
781 55 54 451 
782 452 451 435 
783 54 449 451 
784 449 453 451 
785 449 404 453 
786 451 453 435 
787 58 57 455 
788 57 454 455 
789 57 56 454 
790 455 454 426 
791 426 454 456 
792 454 452 456 
793 454 56 452 
794 456 452 435 
795 60 59 458 
796 59 457 458 
797 59 58 457 
798 458 457 407 
799 407 457 459 
800 457 455 459 
801 457 58 455 
802 459 455 426 
803 62 61 461 
804 61 460 461 
805 61 60 460 
806 461 460 434 
807 60 458 460 
808 458 462 460 
809 458 407 462 
810 460 462 434 
811 64 63 464 
812 63 463 464 
813 63 62 463 
814 464 463 402 
815 402 463 465 
816 463 461 465 
817 463 62 461 
818 465 461 434 
819 66 65 467 
820 65 466 467 
821 65 64 466 
822 467 466 430 
823 64 464 466 
824 464 468 466 
825 464 402 468 
826 466 468 430 
827 68 67 470 
828 67 469 470 
829 67 66 469 
830 470 469 408 
831 408 469 471 
832 469 467 471 
833 469 66 467 
834 471 467 430 
835 70 69 473 
836 69 472 473 
837 69 68 472 
838 473 472 433 
839 68 470 472 
840 470 474 472 
841 470 408 474 
842 472 474 433 
843 72 71 476 
844 71 475 476 
845 71 70 475 
846 476 475 428 
847 428 475 477 
848 475 473 477 
849 475 70 473 
850 477 473 433 
851 74 73 479 
852 73 478 479 
853 73 72 478 
854 479 478 403 
855 403 478 480 
856 478 476 480 
857 478 72 476 
858 480 476 428 
859 76 75 482 
860 75 481 482 
861 75 74 481 
862 482 481 423 
863 74 479 481 
864 479 483 481 
865 479 403 483 
866 481 483 423 
867 78 77 484 
868 77 482 484 
869 77 76 482 
870 484 482 423 
871 80 79 486 
872 79 485 486 
873 79 78 485 
874 486 485 406 
875 406 485 487 
876 485 484 487 
877 485 78 484 
878 487 484 423 
879 82 81 489 
880 81 488 489 
881 81 80 488 
882 489 488 431 
883 80 486 488 
884 486 490 488 
885 486 406 490 
886 488 490 431 
887 84 83 492 
888 83 491 492 
889 83 82 491 
890 492 491 401 
891 401 491 493 
892 491 489 493 
893 491 82 489 
894 493 489 431 
895 86 85 495 
896 85 494 495 
897 85 84 494 
898 495 494 429 
899 84 492 494 
900 492 496 494 
901 492 401 496 
902 494 496 429 
903 88 87 498 
904 87 497 498 
905 87 86 497 
906 498 497 409 
907 409 497 499 
908 497 495 499 
909 497 86 495 
910 499 495 429 
911 405 442 500 
912 442 498 500 
913 442 88 498 
914 500 498 409 
915 410 501 503 
916 501 502 503 
917 501 401 502 
918 503 502 418 
919 401 501 496 
920 501 504 496 
921 501 410 504 
922 496 504 429 
923 418 502 506 
924 502 505 506 
925 502 401 505 
926 506 505 436 
927 401 493 505 
928 493 507 505 
929 493 431 507 
930 505 507 436 
931 427 508 509 
932 508 465 509 
933 508 402 465 
934 509 465 434 
935 402 508 511 
936 508 510 511 
937 508 427 510 
938 511 510 439 
939 430 468 512 
940 468 511 512 
941 468 402 511 
942 512 511 439 
943 403 513 483 
944 513 514 483 
945 513 420 514 
946 483 514 423 
947 420 513 516 
948 513 515 516 
949 513 403 515 
950 516 515 424 
951 424 515 517 
952 515 480 517 
953 515 403 480 
954 517 480 428 
955 404 518 453 
956 518 519 453 
957 518 421 519 
958 453 519 435 
959 421 518 521 
960 518 520 521 
961 518 404 520 
962 521 520 437 
963 437 520 522 
964 520 450 522 
965 520 404 450 
966 522 450 438 
967 405 500 524 
968 500 523 524 
969 500 409 523 
970 524 523 410 
971 405 524 526 
972 524 525 526 
973 524 410 525 
974 526 525 411 
975 405 526 444 
976 526 527 444 
977 526 411 527 
978 444 527 425 
979 422 528 529 
980 528 487 529 
981 528 406 487 
982 529 487 423 
983 406 528 531 
984 528 530 531 
985 528 422 530 
986 531 530 436 
987 431 490 507 
988 490 531 507 
989 490 406 531 
990 507 531 436 
991 419 532 534 
992 532 533 534 
993 532 407 533 
994 534 533 421 
995 407 532 536 
996 532 535 536 
997 532 419 535 
998 536 535 427 
999 421 533 537 
1000 533 459 537 
1001 533 407 459 
1002 537 459 426 
1003 407 536 462 
1004 536 509 462 
1005 536 427 509 
1006 462 509 434 
1007 408 471 538 
1008 471 512 538 
1009 471 430 512 
1010 538 512 439 
1011 408 539 474 
1012 539 540 474 
1013 539 432 540 
1014 474 540 433 
1015 432 539 541 
1016 539 538 541 
1017 539 408 538 
1018 541 538 439 
1019 410 523 504 
1020 523 499 504 
1021 523 409 499 
1022 504 499 429 
1023 411 525 543 
1024 525 542 543 
1025 525 410 542 
1026 543 542 412 
1027 412 542 544 
1028 542 503 544 
1029 542 410 503 
1030 544 503 418 
1031 411 543 546 
1032 543 545 546 
1033 543 412 545 
1034 546 545 413 
1035 411 546 548 
1036 546 547 548 
1037 546 413 547 
1038 548 547 437 
1039 425 527 549 
1040 527 548 549 
1041 527 411 548 
1042 549 548 437 
1043 413 545 551 
1044 545 550 551 
1045 545 412 550 
1046 551 550 414 
1047 414 550 553 
1048 550 552 553 
1049 550 412 552 
1050 553 552 415 
1051 415 552 554 
1052 552 544 554 
1053 552 412 544 
1054 554 544 418 
1055 413 551 556 
1056 551 555 556 
1057 551 414 555 
1058 556 555 419 
1059 413 556 557 
1060 556 534 557 
1061 556 419 534 
1062 557 534 421 
1063 413 557 547 
1064 557 521 547 
1065 557 421 521 
1066 547 521 437 
1067 414 553 559 
1068 553 558 559 
1069 553 415 558 
1070 559 558 416 
1071 414 559 561 
1072 559 560 561 
1073 559 416 560 
1074 561 560 417 
1075 414 561 555 
1076 561 562 555 
1077 561 417 562 
1078 555 562 419 
1079 416 558 564 
1080 558 563 564 
1081 558 415 563 
1082 564 563 420 
1083 415 554 566 
1084 554 565 566 
1085 554 418 565 
1086 566 565 422 
1087 420 563 567 
1088 563 566 567 
1089 563 415 566 
1090 567 566 422 
1091 417 560 569 
1092 560 568 569 
1093 560 416 568 
1094 569 568 432 
1095 416 564 570 
1096 564 516 570 
1097 564 420 516 
1098 570 516 424 
1099 416 570 568 
1100 570 571 568 
1101 570 424 571 
1102 568 571 432 
1103 419 562 535 
1104 562 572 535 
1105 562 417 572 
1106 535 572 427 
1107 427 572 510 
1108 572 573 510 
1109 572 417 573 
1110 510 573 439 
1111 417 569 573 
1112 569 541 573 
1113 569 432 541 
1114 573 541 439 
1115 422 565 530 
1116 565 506 530 
1117 565 418 506 
1118 530 506 436 
1119 420 567 514 
1120 567 529 514 
1121 567 422 529 
1122 514 529 423 
1123 421 537 519 
1124 537 456 519 
1125 537 426 456 
1126 519 456 435 
1127 424 517 574 
1128 517 477 574 
1129 517 428 477 
1130 574 477 433 
1131 432 571 540 
1132 571 574 540 
1133 571 424 574 
1134 540 574 433 
1135 425 549 447 
1136 549 522 447 
1137 549 437 522 
1138 447 522 438 
2 4 2 400
1139 3 611 90 
1140 611 612 90 
1141 611 609 612 
1142 90 612 91 
1143 109 613 110 
1144 613 614 110 
1145 613 608 614 
1146 110 614 3 
1147 3 614 117 
1148 614 615 117 
1149 614 608 615 
1150 117 615 116 
1151 116 616 117 
1152 616 611 117 
1153 616 609 611 
1154 117 611 3 
1155 4 617 111 
1156 617 618 111 
1157 617 607 618 
1158 111 618 112 
1159 112 619 111 
1160 619 620 111 
1161 619 610 620 
1162 111 620 4 
1163 119 621 118 
1164 621 617 118 
1165 621 607 617 
1166 118 617 4 
1167 4 620 138 
1168 620 622 138 
1169 620 610 622 
1170 138 622 137 
1171 91 623 92 
1172 623 624 92 
1173 623 595 624 
1174 92 624 93 
1175 91 612 623 
1176 612 625 623 
1177 612 609 625 
1178 623 625 595 
1179 93 626 94 
1180 626 627 94 
1181 626 576 627 
1182 94 627 95 
1183 93 624 626 
1184 624 628 626 
1185 624 595 628 
1186 626 628 576 
1187 95 629 96 
1188 629 630 96 
1189 629 594 630 
1190 96 630 97 
1191 576 631 627 
1192 631 629 627 
1193 631 594 629 
1194 627 629 95 
1195 97 632 98 
1196 632 633 98 
1197 632 584 633 
1198 98 633 99 
1199 97 630 632 
1200 630 634 632 
1201 630 594 634 
1202 632 634 584 
1203 99 635 100 
1204 635 636 100 
1205 635 592 636 
1206 100 636 101 
1207 584 637 633 
1208 637 635 633 
1209 637 592 635 
1210 633 635 99 
1211 101 638 102 
1212 638 639 102 
1213 638 577 639 
1214 102 639 103 
1215 101 636 638 
1216 636 640 638 
1217 636 592 640 
1218 638 640 577 
1219 103 641 104 
1220 641 642 104 
1221 641 589 642 
1222 104 642 105 
1223 577 643 639 
1224 643 641 639 
1225 643 589 641 
1226 639 641 103 
1227 105 644 106 
1228 644 645 106 
1229 644 587 645 
1230 106 645 107 
1231 105 642 644 
1232 642 646 644 
1233 642 589 646 
1234 644 646 587 
1235 107 647 108 
1236 647 648 108 
1237 647 579 648 
1238 108 648 109 
1239 107 645 647 
1240 645 649 647 
1241 645 587 649 
1242 647 649 579 
1243 579 650 648 
1244 650 613 648 
1245 650 608 613 
1246 648 613 109 
1247 114 651 113 
1248 651 652 113 
1249 651 582 652 
1250 113 652 112 
1251 112 653 113 
1252 653 654 113 
1253 653 585 654 
1254 113 654 114 
1255 582 655 652 
1256 655 619 652 
1257 655 610 619 
1258 652 619 112 
1259 112 618 653 
1260 618 656 653 
1261 618 607 656 
1262 653 656 585 
1263 114 657 115 
1264 657 658 115 
1265 657 581 658 
1266 115 658 116 
1267 116 659 115 
1268 659 660 115 
1269 659 586 660 
1270 115 660 114 
1271 114 654 657 
1272 654 661 657 
1273 654 585 661 
1274 657 661 581 
1275 114 660 651 
1276 660 662 651 
1277 660 586 662 
1278 651 662 582 
1279 581 663 658 
1280 663 616 658 
1281 663 609 616 
1282 658 616 116 
1283 116 615 659 
1284 615 664 659 
1285 615 608 664 
1286 659 664 586 
1287 121 665 120 
1288 665 666 120 
1289 665 580 666 
1290 120 666 119 
1291 580 667 666 
1292 667 621 666 
1293 667 607 621 
1294 666 621 119 
1295 123 668 122 
1296 668 669 122 
1297 668 588 669 
1298 122 669 121 
1299 121 669 665 
1300 669 670 665 
1301 669 588 670 
1302 665 670 580 
1303 125 671 124 
1304 671 672 124 
1305 671 590 672 
1306 124 672 123 
1307 123 672 668 
1308 672 673 668 
1309 672 590 673 
1310 668 673 588 
1311 127 674 126 
1312 674 675 126 
1313 674 575 675 
1314 126 675 125 
1315 575 676 675 
1316 676 671 675 
1317 676 590 671 
1318 675 671 125 
1319 129 677 128 
1320 677 678 128 
1321 677 591 678 
1322 128 678 127 
1323 127 678 674 
1324 678 679 674 
1325 678 591 679 
1326 674 679 575 
1327 131 680 130 
1328 680 681 130 
1329 680 583 681 
1330 130 681 129 
1331 583 682 681 
1332 682 677 681 
1333 682 591 677 
1334 681 677 129 
1335 133 683 132 
1336 683 684 132 
1337 683 593 684 
1338 132 684 131 
1339 131 684 680 
1340 684 685 680 
1341 684 593 685 
1342 680 685 583 
1343 135 686 134 
1344 686 687 134 
1345 686 578 687 
1346 134 687 133 
1347 578 688 687 
1348 688 683 687 
1349 688 593 683 
1350 687 683 133 
1351 137 689 136 
1352 689 690 136 
1353 689 596 690 
1354 136 690 135 
1355 135 690 686 
1356 690 691 686 
1357 690 596 691 
1358 686 691 578 
1359 137 622 689 
1360 622 692 689 
1361 622 610 692 
1362 689 692 596 
1363 575 693 676 
1364 693 694 676 
1365 693 601 694 
1366 676 694 590 
1367 591 695 679 
1368 695 696 679 
1369 695 604 696 
1370 679 696 575 
1371 575 696 693 
1372 696 697 693 
1373 696 604 697 
1374 693 697 601 
1375 576 698 631 
1376 698 699 631 
1377 698 600 699 
1378 631 699 594 
1379 595 700 628 
1380 700 701 628 
1381 700 597 701 
1382 628 701 576 
1383 597 702 701 
1384 702 698 701 
1385 702 600 698 
1386 701 698 576 
1387 577 703 643 
1388 703 704 643 
1389 703 602 704 
1390 643 704 589 
1391 592 705 640 
1392 705 706 640 
1393 705 603 706 
1394 640 706 577 
1395 577 706 703 
1396 706 707 703 
1397 706 603 707 
1398 703 707 602 
1399 578 708 688 
1400 708 709 688 
1401 708 599 709 
1402 688 709 593 
1403 596 710 691 
1404 710 711 691 
1405 710 598 711 
1406 691 711 578 
1407 598 712 711 
1408 712 708 711 
1409 712 599 708 
1410 711 708 578 
1411 579 713 715 
1412 713 714 715 
1413 713 606 714 
1414 715 714 586 
1415 586 664 715 
1416 664 650 715 
1417 664 608 650 
1418 715 650 579 
1419 587 716 649 
1420 716 717 649 
1421 716 598 717 
1422 649 717 579 
1423 598 718 717 
1424 718 713 717 
1425 718 606 713 
1426 717 713 579 
1427 580 719 721 
1428 719 720 721 
1429 719 605 720 
1430 721 720 585 
1431 585 656 721 
1432 656 667 721 
1433 656 607 667 
1434 721 667 580 
1435 588 722 670 
1436 722 723 670 
1437 722 597 723 
1438 670 723 580 
1439 597 724 723 
1440 724 719 723 
1441 724 605 719 
1442 723 719 580 
1443 585 720 661 
1444 720 725 661 
1445 720 605 725 
1446 661 725 581 
1447 581 725 727 
1448 725 726 727 
1449 725 605 726 
1450 727 726 595 
1451 595 625 727 
1452 625 663 727 
1453 625 609 663 
1454 727 663 581 
1455 586 714 662 
1456 714 728 662 
1457 714 606 728 
1458 662 728 582 
1459 582 728 730 
1460 728 729 730 
1461 728 606 729 
1462 730 729 596 
1463 596 692 730 
1464 692 655 730 
1465 692 610 655 
1466 730 655 582 
1467 583 731 682 
1468 731 732 682 
1469 731 603 732 
1470 682 732 591 
1471 593 733 685 
1472 733 734 685 
1473 733 602 734 
1474 685 734 583 
1475 602 707 734 
1476 707 731 734 
1477 707 603 731 
1478 734 731 583 
1479 584 735 637 
1480 735 736 637 
1481 735 604 736 
1482 637 736 592 
1483 594 737 634 
1484 737 738 634 
1485 737 601 738 
1486 634 738 584 
1487 601 697 738 
1488 697 735 738 
1489 697 604 735 
1490 738 735 584 
1491 589 739 646 
1492 739 740 646 
1493 739 599 740 
1494 646 740 587 
1495 587 740 716 
1496 740 712 716 
1497 740 599 712 
1498 716 712 598 
1499 590 741 673 
1500 741 742 673 
1501 741 600 742 
1502 673 742 588 
1503 588 742 722 
1504 742 702 722 
1505 742 600 702 
1506 722 702 597 
1507 589 704 739 
1508 704 743 739 
1509 704 602 743 
1510 739 743 599 
1511 590 694 741 
1512 694 744 741 
1513 694 601 744 
1514 741 744 600 
1515 603 745 732 
1516 745 695 732 
1517 745 604 695 
1518 732 695 591 
1519 592 736 705 
1520 736 745 705 
1521 736 604 745 
1522 705 745 603 
1523 599 743 709 
1524 743 733 709 
1525 743 602 733 
1526 709 733 593 
1527 600 744 699 
1528 744 737 699 
1529 744 601 737 
1530 699 737 594 
1531 595 726 700 
1532 726 724 700 
1533 726 605 724 
1534 700 724 597 
1535 596 729 710 
1536 729 718 710 
1537 729 606 718 
1538 710 718 598 
2 5 2 100
1539 91 754 90 
1540 754 755 90 
1541 754 752 755 
1542 90 755 3 
1543 3 756 110 
1544 756 757 110 
1545 756 746 757 
1546 110 757 109 
1547 3 755 756 
1548 755 758 756 
1549 755 752 758 
1550 756 758 746 
1551 93 759 92 
1552 759 754 92 
1553 759 752 754 
1554 92 754 91 
1555 95 760 94 
1556 760 761 94 
1557 760 748 761 
1558 94 761 93 
1559 748 762 761 
1560 762 759 761 
1561 762 752 759 
1562 761 759 93 
1563 97 763 96 
1564 763 764 96 
1565 763 753 764 
1566 96 764 95 
1567 95 764 760 
1568 764 765 760 
1569 764 753 765 
1570 760 765 748 
1571 99 766 98 
1572 766 763 98 
1573 766 753 763 
1574 98 763 97 
1575 101 767 100 
1576 767 768 100 
1577 767 747 768 
1578 100 768 99 
1579 747 769 768 
1580 769 766 768 
1581 769 753 766 
1582 768 766 99 
1583 103 770 102 
1584 770 771 102 
1585 770 751 771 
1586 102 771 101 
1587 101 771 767 
1588 771 772 767 
1589 771 751 772 
1590 767 772 747 
1591 105 773 104 
1592 773 770 104 
1593 773 751 770 
1594 104 770 103 
1595 107 774 106 
1596 774 775 106 
1597 774 749 775 
1598 106 775 105 
1599 749 776 775 
1600 776 773 775 
1601 776 751 773 
1602 775 773 105 
1603 109 777 108 
1604 777 774 108 
1605 777 749 774 
1606 108 774 107 
1607 746 778 757 
1608 778 777 757 
1609 778 749 777 
1610 757 777 109 
1611 746 779 778 
1612 779 780 778 
1613 779 750 780 
1614 778 780 749 
1615 746 758 779 
1616 758 781 779 
1617 758 752 781 
1618 779 781 750 
1619 747 772 783 
1620 772 782 783 
1621 772 751 782 
1622 783 782 750 
1623 750 784 783 
1624 784 769 783 
1625 784 753 769 
1626 783 769 747 
1627 750 781 785 
1628 781 762 785 
1629 781 752 762 
1630 785 762 748 
1631 748 765 785 
1632 765 784 785 
1633 765 753 784 
1634 785 784 750 
1635 750 782 780 
1636 782 776 780 
1637 782 751 776 
1638 780 776 749 
2 6 2 100
1639 119 118 795 
1640 118 794 795 
1641 118 4 794 
1642 795 794 792 
1643 4 138 797 
1644 138 796 797 
1645 138 137 796 
1646 797 796 786 
1647 4 797 794 
1648 797 798 794 
1649 797 786 798 
1650 794 798 792 
1651 121 120 799 
1652 120 795 799 
1653 120 119 795 
1654 799 795 792 
1655 123 122 801 
1656 122 800 801 
1657 122 121 800 
1658 801 800 788 
1659 788 800 802 
1660 800 799 802 
1661 800 121 799 
1662 802 799 792 
1663 125 124 804 
1664 124 803 804 
1665 124 123 803 
1666 804 803 793 
1667 123 801 803 
1668 801 805 803 
1669 801 788 805 
1670 803 805 793 
1671 127 126 806 
1672 126 804 806 
1673 126 125 804 
1674 806 804 793 
1675 129 128 808 
1676 128 807 808 
1677 128 127 807 
1678 808 807 787 
1679 787 807 809 
1680 807 806 809 
1681 807 127 806 
1682 809 806 793 
1683 131 130 811 
1684 130 810 811 
1685 130 129 810 
1686 811 810 791 
1687 129 808 810 
1688 808 812 810 
1689 808 787 812 
1690 810 812 791 
1691 133 132 813 
1692 132 811 813 
1693 132 131 811 
1694 813 811 791 
1695 135 134 815 
1696 134 814 815 
1697 134 133 814 
1698 815 814 789 
1699 789 814 816 
1700 814 813 816 
1701 814 133 813 
1702 816 813 791 
1703 137 136 817 
1704 136 815 817 
1705 136 135 815 
1706 817 815 789 
1707 786 796 818 
1708 796 817 818 
1709 796 137 817 
1710 818 817 789 
1711 786 818 820 
1712 818 819 820 
1713 818 789 819 
1714 820 819 790 
1715 786 820 798 
1716 820 821 798 
1717 820 790 821 
1718 798 821 792 
1719 787 822 812 
1720 822 823 812 
1721 822 790 823 
1722 812 823 791 
1723 790 822 824 
1724 822 809 824 
1725 822 787 809 
1726 824 809 793 
1727 790 825 821 
1728 825 802 821 
1729 825 788 802 
1730 821 802 792 
1731 788 825 805 
1732 825 824 805 
1733 825 790 824 
1734 805 824 793 
1735 790 819 823 
1736 819 816 823 
1737 819 789 816 
1738 823 816 791 
2 7 2 192
1739 6 838 162 
1740 838 839 162 
1741 838 829 839 
1742 162 839 5 
1743 5 840 162 
1744 840 841 162 
1745 840 830 841 
1746 162 841 6 
1747 5 839 139 
1748 839 842 139 
1749 839 829 842 
1750 139 842 140 
1751 160 843 161 
1752 843 840 161 
1753 843 830 840 
1754 161 840 5 
1755 164 844 163 
1756 844 838 163 
1757 844 829 838 
1758 163 838 6 
1759 6 841 185 
1760 841 845 185 
1761 841 830 845 
1762 185 845 184 
1763 140 846 141 
1764 846 847 141 
1765 846 831 847 
1766 141 847 142 
1767 140 842 848 
1768 842 844 848 
1769 842 829 844 
1770 848 844 164 
1771 164 849 848 
1772 849 846 848 
1773 849 831 846 
1774 848 846 140 
1775 142 850 143 
1776 850 851 143 
1777 850 835 851 
1778 143 851 144 
1779 142 847 853 
1780 847 852 853 
1781 847 831 852 
1782 853 852 166 
1783 166 854 853 
1784 854 850 853 
1785 854 835 850 
1786 853 850 142 
1787 144 855 145 
1788 855 856 145 
1789 855 827 856 
1790 145 856 146 
1791 168 857 858 
1792 857 855 858 
1793 857 827 855 
1794 858 855 144 
1795 144 851 858 
1796 851 859 858 
1797 851 835 859 
1798 858 859 168 
1799 146 860 147 
1800 860 861 147 
1801 860 832 861 
1802 147 861 148 
1803 146 856 863 
1804 856 862 863 
1805 856 827 862 
1806 863 862 170 
1807 170 864 863 
1808 864 860 863 
1809 864 832 860 
1810 863 860 146 
1811 148 865 149 
1812 865 866 149 
1813 865 833 866 
1814 149 866 150 
1815 148 861 868 
1816 861 867 868 
1817 861 832 867 
1818 868 867 172 
1819 172 869 868 
1820 869 865 868 
1821 869 833 865 
1822 868 865 148 
1823 150 870 151 
1824 870 871 151 
1825 870 834 871 
1826 151 871 152 
1827 150 866 873 
1828 866 872 873 
1829 866 833 872 
1830 873 872 174 
1831 174 874 873 
1832 874 870 873 
1833 874 834 870 
1834 873 870 150 
1835 152 875 153 
1836 875 876 153 
1837 875 826 876 
1838 153 876 154 
1839 176 877 878 
1840 877 875 878 
1841 877 826 875 
1842 878 875 152 
1843 152 871 878 
1844 871 879 878 
1845 871 834 879 
1846 878 879 176 
1847 154 880 155 
1848 880 881 155 
1849 880 837 881 
1850 155 881 156 
1851 154 876 883 
1852 876 882 883 
1853 876 826 882 
1854 883 882 178 
1855 178 884 883 
1856 884 880 883 
1857 884 837 880 
1858 883 880 154 
1859 156 885 157 
1860 885 886 157 
1861 885 828 886 
1862 157 886 158 
1863 180 887 888 
1864 887 885 888 
1865 887 828 885 
1866 888 885 156 
1867 156 881 888 
1868 881 889 888 
1869 881 837 889 
1870 888 889 180 
1871 158 890 159 
1872 890 891 159 
1873 890 836 891 
1874 159 891 160 
1875 158 886 893 
1876 886 892 893 
1877 886 828 892 
1878 893 892 182 
1879 182 894 893 
1880 894 890 893 
1881 894 836 890 
1882 893 890 158 
1883 184 845 895 
1884 845 843 895 
1885 845 830 843 
1886 895 843 160 
1887 160 891 895 
1888 891 896 895 
1889 891 836 896 
1890 895 896 184 
1891 166 852 165 
1892 852 849 165 
1893 852 831 849 
1894 165 849 164 
1895 168 859 167 
1896 859 854 167 
1897 859 835 854 
1898 167 854 166 
1899 170 862 169 
1900 862 857 169 
1901 862 827 857 
1902 169 857 168 
1903 172 867 171 
1904 867 864 171 
1905 867 832 864 
1906 171 864 170 
1907 174 872 173 
1908 872 869 173 
1909 872 833 869 
1910 173 869 172 
1911 176 879 175 
1912 879 874 175 
1913 879 834 874 
1914 175 874 174 
1915 178 882 177 
1916 882 877 177 
1917 882 826 877 
1918 177 877 176 
1919 180 889 179 
1920 889 884 179 
1921 889 837 884 
1922 179 884 178 
1923 182 892 181 
1924 892 887 181 
1925 892 828 887 
1926 181 887 180 
1927 184 896 183 
1928 896 894 183 
1929 896 836 894 
1930 183 894 182 
2 8 2 144
1931 140 910 139 
1932 910 911 139 
1933 910 908 911 
1934 139 911 5 
1935 5 912 161 
1936 912 913 161 
1937 912 899 913 
1938 161 913 160 
1939 5 911 912 
1940 911 914 912 
1941 911 908 914 
1942 912 914 899 
1943 142 915 141 
1944 915 910 141 
1945 915 908 910 
1946 141 910 140 
1947 144 916 143 
1948 916 917 143 
1949 916 898 917 
1950 143 917 142 
1951 898 918 917 
1952 918 915 917 
1953 918 908 915 
1954 917 915 142 
1955 146 919 145 
1956 919 920 145 
1957 919 906 920 
1958 145 920 144 
1959 144 920 916 
1960 920 921 916 
1961 920 906 921 
1962 916 921 898 
1963 148 922 147 
1964 922 919 147 
1965 922 906 919 
1966 147 919 146 
1967 150 923 149 
1968 923 924 149 
1969 923 900 924 
1970 149 924 148 
1971 900 925 924 
1972 925 922 924 
1973 925 906 922 
1974 924 922 148 
1975 152 926 151 
1976 926 927 151 
1977 926 909 927 
1978 151 927 150 
1979 150 927 923 
1980 927 928 923 
1981 927 909 928 
1982 923 928 900 
1983 154 929 153 
1984 929 930 153 
1985 929 901 930 
1986 153 930 152 
1987 901 931 930 
1988 931 926 930 
1989 931 909 926 
1990 930 926 152 
1991 156 932 155 
1992 932 933 155 
1993 932 897 933 
1994 155 933 154 
1995 897 934 933 
1996 934 929 933 
1997 934 901 929 
1998 933 929 154 
1999 158 935 157 
2000 935 936 157 
2001 935 904 936 
2002 157 936 156 
2003 156 936 932 
2004 936 937 932 
2005 936 904 937 
2006 932 937 897 
2007 160 938 159 
2008 938 935 159 
2009 938 904 935 
2010 159 935 158 
2011 899 939 913 
2012 939 938 913 
2013 939 904 938 
2014 913 938 160 
2015 897 940 934 
2016 940 941 934 
2017 940 902 941 
2018 934 941 901 
2019 897 942 940 
2020 942 943 940 
2021 942 903 943 
2022 940 943 902 
2023 897 937 942 
2024 937 944 942 
2025 937 904 944 
2026 942 944 903 
2027 898 921 946 
2028 921 945 946 
2029 921 906 945 
2030 946 945 905 
2031 905 947 946 
2032 947 948 946 
2033 947 907 948 
2034 946 948 898 
2035 907 949 948 
2036 949 918 948 
2037 949 908 918 
2038 948 918 898 
2039 903 944 950 
2040 944 939 950 
2041 944 904 939 
2042 950 939 899 
2043 899 951 950 
2044 951 952 950 
2045 951 907 952 
2046 950 952 903 
2047 899 914 951 
2048 914 949 951 
2049 914 908 949 
2050 951 949 907 
2051 902 953 955 
2052 953 954 955 
2053 953 905 954 
2054 955 954 900 
2055 900 928 955 
2056 928 956 955 
2057 928 909 956 
2058 955 956 902 
2059 905 945 954 
2060 945 925 954 
2061 945 906 925 
2062 954 925 900 
2063 902 956 941 
2064 956 931 941 
2065 956 909 931 
2066 941 931 901 
2067 903 957 943 
2068 957 953 943 
2069 957 905 953 
2070 943 953 902 
2071 903 952 957 
2072 952 947 957 
2073 952 907 947 
2074 957 947 905 
2 9 2 144
2075 164 163 972 
2076 163 971 972 
2077 163 6 971 
2078 972 971 969 
2079 6 185 974 
2080 185 973 974 
2081 185 184 973 
2082 974 973 960 
2083 6 974 971 
2084 974 975 971 
2085 974 960 975 
2086 971 975 969 
2087 166 165 976 
2088 165 972 976 
2089 165 164 972 
2090 976 972 969 
2091 168 167 978 
2092 167 977 978 
2093 167 166 977 
2094 978 977 959 
2095 959 977 979 
2096 977 976 979 
2097 977 166 976 
2098 979 976 969 
2099 170 169 981 
2100 169 980 981 
2101 169 168 980 
2102 981 980 967 
2103 168 978 980 
2104 978 982 980 
2105 978 959 982 
2106 980 982 967 
2107 172 171 983 
2108 171 981 983 
2109 171 170 981 
2110 983 981 967 
2111 174 173 985 
2112 173 984 985 
2113 173 172 984 
2114 985 984 961 
2115 961 984 986 
2116 984 983 986 
2117 984 172 983 
2118 986 983 967 
2119 176 175 988 
2120 175 987 988 
2121 175 174 987 
2122 988 987 970 
2123 174 985 987 
2124 985 989 987 
2125 985 961 989 
2126 987 989 970 
2127 178 177 991 
2128 177 990 991 
2129 177 176 990 
2130 991 990 962 
2131 962 990 992 
2132 990 988 992 
2133 990 176 988 
2134 992 988 970 
2135 180 179 994 
2136 179 993 994 
2137 179 178 993 
2138 994 993 958 
2139 958 993 995 
2140 993 991 995 
2141 993 178 991 
2142 995 991 962 
2143 182 181 997 
2144 181 996 997 
2145 181 180 996 
2146 997 996 965 
2147 180 994 996 
2148 994 998 996 
2149 994 958 998 
2150 996 998 965 
2151 184 183 999 
2152 183 997 999 
2153 183 182 997 
2154 999 997 965 
2155 960 973 1000 
2156 973 999 1000 
2157 973 184 999 
2158 1000 999 965 
2159 958 995 1002 
2160 995 1001 1002 
2161 995 962 1001 
2162 1002 1001 963 
2163 958 1002 1004 
2164 1002 1003 1004 
2165 1002 963 1003 
2166 1004 1003 964 
2167 958 1004 998 
2168 1004 1005 998 
2169 1004 964 1005 
2170 998 1005 965 
2171 959 1006 982 
2172 1006 1007 982 
2173 1006 966 1007 
2174 982 1007 967 
2175 966 1006 1009 
2176 1006 1008 1009 
2177 1006 959 1008 
2178 1009 1008 968 
2179 968 1008 1010 
2180 1008 979 1010 
2181 1008 959 979 
2182 1010 979 969 
2183 964 1011 1005 
2184 1011 1000 1005 
2185 1011 960 1000 
2186 1005 1000 965 
2187 960 1011 1013 
2188 1011 1012 1013 
2189 1011 964 1012 
2190 1013 1012 968 
2191 960 1013 975 
2192 1013 1010 975 
2193 1013 968 1010 
2194 975 1010 969 
2195 963 1014 1016 
2196 1014 1015 1016 
2197 1014 961 1015 
2198 1016 1015 966 
2199 961 1014 989 
2200 1014 1017 989 
2201 1014 963 1017 
2202 989 1017 970 
2203 966 1015 1007 
2204 1015 986 1007 
2205 1015 961 986 
2206 1007 986 967 
2207 963 1001 1017 
2208 1001 992 1017 
2209 1001 962 992 
2210 1017 992 970 
2211 964 1003 1018 
2212 1003 1016 1018 
2213 1003 963 1016 
2214 1018 1016 966 
2215 964 1018 1012 
2216 1018 1009 1012 
2217 1018 966 1009 
2218 1012 1009 968 
3 1 4 2488
2219 82 81 219 1023 
2220 81 80 221 1025 
2221 219 221 38 1024 
2222 1023 1025 1024 1022 
2223 81 219 1023 1025 
2224 81 1025 221 219 
2225 219 1023 1025 1024 
2226 219 1024 1025 221 
2227 40 314 1027 1028 
2228 314 257 1026 1030 
2229 1027 1026 431 1029 
2230 1028 1030 1029 1022 
2231 314 1027 1028 1030 
2232 314 1030 1026 1027 
2233 1027 1028 1030 1029 
2234 1027 1029 1030 1026 
2235 38 39 219 1024 
2236 39 40 220 1028 
2237 219 220 82 1023 
2238 1024 1028 1023 1022 
2239 39 219 1024 1028 
2240 39 1028 220 219 
2241 219 1024 1028 1023 
2242 219 1023 1028 220 
2243 236 1031 329 1033 
2244 1031 401 1032 1035 
2245 329 1032 227 1034 
2246 1033 1035 1034 1021 
2247 1031 329 1033 1035 
2248 1031 1035 1032 329 
2249 329 1033 1035 1034 
2250 329 1034 1035 1032 
2251 410 501 1036 1037 
2252 501 401 1031 1035 
2253 1036 1031 236 1033 
2254 1037 1035 1033 1021 
2255 501 1036 1037 1035 
2256 501 1035 1031 1036 
2257 1036 1037 1035 1033 
2258 1036 1033 1035 1031 
2259 8 272 1039 1040 
2260 272 264 1038 1042 
2261 1039 1038 438 1041 
2262 1040 1042 1041 1020 
2263 272 1039 1040 1042 
2264 272 1042 1038 1039 
2265 1039 1040 1042 1041 
2266 1039 1041 1042 1038 
2267 251 266 1043 1044 
2268 266 8 188 1040 
2269 1043 188 50 1045 
2270 1044 1040 1045 1020 
2271 266 1043 1044 1040 
2272 266 1040 188 1043 
2273 1043 1044 1040 1045 
2274 1043 1045 1040 188 
2275 8 1039 188 1040 
2276 1039 438 445 1041 
2277 188 445 50 1045 
2278 1040 1041 1045 1020 
2279 1039 188 1040 1041 
2280 1039 1041 445 188 
2281 188 1040 1041 1045 
2282 188 1045 1041 445 
2283 415 558 1047 1048 
2284 558 416 1046 1050 
2285 1047 1046 242 1049 
2286 1048 1050 1049 1019 
2287 558 1047 1048 1050 
2288 558 1050 1046 1047 
2289 1047 1048 1050 1049 
2290 1047 1049 1050 1046 
2291 244 328 1052 1053 
2292 328 227 1051 1034 
2293 1052 1051 418 1054 
2294 1053 1034 1054 1021 
2295 328 1052 1053 1034 
2296 328 1034 1051 1052 
2297 1052 1053 1034 1054 
2298 1052 1054 1034 1051 
2299 416 1055 1046 1050 
2300 1055 240 384 1056 
2301 1046 384 242 1049 
2302 1050 1056 1049 1019 
2303 1055 1046 1050 1056 
2304 1055 1056 384 1046 
2305 1046 1050 1056 1049 
2306 1046 1049 1056 384 
2307 40 1027 220 1028 
2308 1027 431 489 1029 
2309 220 489 82 1023 
2310 1028 1029 1023 1022 
2311 1027 220 1028 1029 
2312 1027 1029 489 220 
2313 220 1028 1029 1023 
2314 220 1023 1029 489 
2315 425 1057 441 1058 
2316 1057 251 1043 1044 
2317 441 1043 50 1045 
2318 1058 1044 1045 1020 
2319 1057 441 1058 1044 
2320 1057 1044 1043 441 
2321 441 1058 1044 1045 
2322 441 1045 1044 1043 
2323 414 553 1060 1061 
2324 553 415 1059 1048 
2325 1060 1059 241 1062 
2326 1061 1048 1062 1019 
2327 553 1060 1061 1048 
2328 553 1048 1059 1060 
2329 1060 1061 1048 1062 
2330 1060 1062 1048 1059 
2331 240 1063 378 1056 
2332 1063 414 1060 1061 
2333 378 1060 241 1062 
2334 1056 1061 1062 1019 
2335 1063 378 1056 1061 
2336 1063 1061 1060 378 
2337 378 1056 1061 1062 
2338 378 1062 1061 1060 
2339 415 1047 1059 1048 
2340 1047 242 385 1049 
2341 1059 385 241 1062 
2342 1048 1049 1062 1019 
2343 1047 1059 1048 1049 
2344 1047 1049 385 1059 
2345 1059 1048 1049 1062 
2346 1059 1062 1049 385 
2347 416 559 1055 1050 
2348 559 414 1063 1061 
2349 1055 1063 240 1056 
2350 1050 1061 1056 1019 
2351 559 1055 1050 1061 
2352 559 1061 1063 1055 
2353 1055 1050 1061 1056 
2354 1055 1056 1061 1063 
2355 410 1064 503 1037 
2356 1064 244 1052 1053 
2357 503 1052 418 1054 
2358 1037 1053 1054 1021 
2359 1064 503 1037 1053 
2360 1064 1053 1052 503 
2361 503 1037 1053 1054 
2362 503 1054 1053 1052 
2363 418 1051 502 1054 
2364 1051 227 1032 1034 
2365 502 1032 401 1035 
2366 1054 1034 1035 1021 
2367 1051 502 1054 1034 
2368 1051 1034 1032 502 
2369 502 1054 1034 1035 
2370 502 1035 1034 1032 
2371 236 327 1036 1033 
2372 327 244 1064 1053 
2373 1036 1064 410 1037 
2374 1033 1053 1037 1021 
2375 327 1036 1033 1053 
2376 327 1053 1064 1036 
2377 1036 1033 1053 1037 
2378 1036 1037 1053 1064 
2379 227 318 319 1065 
2380 318 40 314 1027 
2381 319 314 257 1026 
2382 1065 1027 1026 431 
2383 318 319 1065 1027 
2384 318 1027 314 319 
2385 319 1065 1027 1026 
2386 319 1026 1027 314 
2387 423 481 482 1066 
2388 481 74 75 214 
2389 482 75 76 217 
2390 1066 214 217 34 
2391 481 482 1066 214 
2392 481 214 75 482 
2393 482 1066 214 217 
2394 482 217 214 75 
2395 420 1067 1068 516 
2396 1067 250 396 1070 
2397 1068 396 242 1069 
2398 516 1070 1069 424 
2399 1067 1068 516 1070 
2400 1067 1070 396 1068 
2401 1068 516 1070 1069 
2402 1068 1069 1070 396 
2403 257 1071 1026 1030 
2404 1071 80 488 1025 
2405 1026 488 431 1029 
2406 1030 1025 1029 1022 
2407 1071 1026 1030 1025 
2408 1071 1025 488 1026 
2409 1026 1030 1025 1029 
2410 1026 1029 1025 488 
2411 430 1072 1073 1074 
2412 1072 22 23 293 
2413 1073 23 24 292 
2414 1074 293 292 256 
2415 1072 1073 1074 293 
2416 1072 293 23 1073 
2417 1073 1074 293 292 
2418 1073 292 293 23 
2419 415 558 563 1047 
2420 558 416 564 1046 
2421 563 564 420 1068 
2422 1047 1046 1068 242 
2423 558 563 1047 1046 
2424 558 1046 564 563 
2425 563 1047 1046 1068 
2426 563 1068 1046 564 
2427 420 564 516 1068 
2428 564 416 570 1046 
2429 516 570 424 1069 
2430 1068 1046 1069 242 
2431 564 516 1068 1046 
2432 564 1046 570 516 
2433 516 1068 1046 1069 
2434 516 1069 1046 570 
2435 12 11 274 1075 
2436 11 10 275 1077 
2437 274 275 230 1076 
2438 1075 1077 1076 404 
2439 11 274 1075 1077 
2440 11 1077 275 274 
2441 274 1075 1077 1076 
2442 274 1076 1077 275 
2443 261 277 1078 1079 
2444 277 14 194 1080 
2445 1078 194 54 451 
2446 1079 1080 451 435 
2447 277 1078 1079 1080 
2448 277 1080 194 1078 
2449 1078 1079 1080 451 
2450 1078 451 1080 194 
2451 426 1081 459 537 
2452 1081 252 1082 1083 
2453 459 1082 407 533 
2454 537 1083 533 421 
2455 1081 459 537 1083 
2456 1081 1083 1082 459 
2457 459 537 1083 533 
2458 459 533 1083 1082 
2459 248 1084 392 1086 
2460 1084 415 1085 566 
2461 392 1085 244 1087 
2462 1086 566 1087 422 
2463 1084 392 1086 566 
2464 1084 566 1085 392 
2465 392 1086 566 1087 
2466 392 1087 566 1085 
2467 22 1088 202 289 
2468 1088 402 463 1090 
2469 202 463 62 1089 
2470 289 1090 1089 228 
2471 1088 202 289 1090 
2472 1088 1090 463 202 
2473 202 289 1090 1089 
2474 202 1089 1090 463 
2475 422 566 1087 565 
2476 566 415 1085 554 
2477 1087 1085 244 1052 
2478 565 554 1052 418 
2479 566 1087 565 554 
2480 566 554 1085 1087 
2481 1087 565 554 1052 
2482 1087 1052 554 1085 
2483 415 1084 1085 1059 
2484 1084 248 392 391 
2485 1085 392 244 380 
2486 1059 391 380 241 
2487 1084 1085 1059 391 
2488 1084 391 392 1085 
2489 1085 1059 391 380 
2490 1085 380 391 392 
2491 402 1091 1090 1092 
2492 1091 253 335 337 
2493 1090 335 228 336 
2494 1092 337 336 265 
2495 1091 1090 1092 337 
2496 1091 337 335 1090 
2497 1090 1092 337 336 
2498 1090 336 337 335 
2499 18 17 1094 198 
2500 17 16 1093 196 
2501 1094 1093 407 457 
2502 198 196 457 58 
2503 17 1094 198 196 
2504 17 196 1093 1094 
2505 1094 198 196 457 
2506 1094 457 196 1093 
2507 237 351 352 1095 
2508 351 231 349 1097 
2509 352 349 236 1096 
2510 1095 1097 1096 405 
2511 351 352 1095 1097 
2512 351 1097 349 352 
2513 352 1095 1097 1096 
2514 352 1096 1097 349 
2515 255 1098 330 1099 
2516 1098 401 1031 496 
2517 330 1031 236 1100 
2518 1099 496 1100 429 
2519 1098 330 1099 496 
2520 1098 496 1031 330 
2521 330 1099 496 1100 
2522 330 1100 496 1031 
2523 434 1101 1102 1103 
2524 1101 233 283 288 
2525 1102 283 18 287 
2526 1103 288 287 260 
2527 1101 1102 1103 288 
2528 1101 288 283 1102 
2529 1102 1103 288 287 
2530 1102 287 288 283 
2531 242 389 1047 385 
2532 389 246 1104 390 
2533 1047 1104 415 1059 
2534 385 390 1059 241 
2535 389 1047 385 390 
2536 389 390 1104 1047 
2537 1047 385 390 1059 
2538 1047 1059 390 1104 
2539 246 1104 1105 389 
2540 1104 415 563 1047 
2541 1105 563 420 1068 
2542 389 1047 1068 242 
2543 1104 1105 389 1047 
2544 1104 1047 563 1105 
2545 1105 389 1047 1068 
2546 1105 1068 1047 563 
2547 250 1067 396 341 
2548 1067 420 1068 1105 
2549 396 1068 242 389 
2550 341 1105 389 246 
2551 1067 396 341 1105 
2552 1067 1105 1068 396 
2553 396 341 1105 389 
2554 396 389 1105 1068 
2555 2 1106 443 89 
2556 1106 231 1097 1107 
2557 443 1097 405 442 
2558 89 1107 442 88 
2559 1106 443 89 1107 
2560 1106 1107 1097 443 
2561 443 89 1107 442 
2562 443 442 1107 1097 
2563 401 1108 1109 492 
2564 1108 42 41 223 
2565 1109 41 40 222 
2566 492 223 222 84 
2567 1108 1109 492 223 
2568 1108 223 41 1109 
2569 1109 492 223 222 
2570 1109 222 223 41 
2571 424 1110 1111 1070 
2572 1110 258 365 397 
2573 1111 365 259 400 
2574 1070 397 400 250 
2575 1110 1111 1070 397 
2576 1110 397 365 1111 
2577 1111 1070 397 400 
2578 1111 400 397 365 
2579 231 1107 268 269 
2580 1107 88 187 189 
2581 268 187 1 47 
2582 269 189 47 46 
2583 1107 268 269 189 
2584 1107 189 187 268 
2585 268 269 189 47 
2586 268 47 189 187 
2587 70 210 475 1113 
2588 210 30 1112 301 
2589 475 1112 428 1114 
2590 1113 301 1114 254 
2591 210 475 1113 301 
2592 210 301 1112 475 
2593 475 1113 301 1114 
2594 475 1114 301 1112 
2595 419 1115 1116 1117 
2596 1115 247 359 358 
2597 1116 359 233 360 
2598 1117 358 360 245 
2599 1115 1116 1117 358 
2600 1115 358 359 1116 
2601 1116 1117 358 360 
2602 1116 360 358 359 
2603 414 1118 555 1063 
2604 1118 239 1119 376 
2605 555 1119 419 1120 
2606 1063 376 1120 240 
2607 1118 555 1063 376 
2608 1118 376 1119 555 
2609 555 1063 376 1120 
2610 555 1120 376 1119 
2611 239 1118 1119 1121 
2612 1118 414 555 551 
2613 1119 555 419 556 
2614 1121 551 556 413 
2615 1118 1119 1121 551 
2616 1118 551 555 1119 
2617 1119 1121 551 556 
2618 1119 556 551 555 
2619 417 1122 562 1123 
2620 1122 240 1120 386 
2621 562 1120 419 1124 
2622 1123 386 1124 243 
2623 1122 562 1123 386 
2624 1122 386 1120 562 
2625 562 1123 386 1124 
2626 562 1124 386 1120 
2627 403 1125 483 1127 
2628 1125 32 1126 304 
2629 483 1126 423 1128 
2630 1127 304 1128 229 
2631 1125 483 1127 304 
2632 1125 304 1126 483 
2633 483 1127 304 1128 
2634 483 1128 304 1126 
2635 415 553 1059 552 
2636 553 414 1060 550 
2637 1059 1060 241 1129 
2638 552 550 1129 412 
2639 553 1059 552 550 
2640 553 550 1060 1059 
2641 1059 552 550 1129 
2642 1059 1129 550 1060 
2643 52 192 448 191 
2644 192 12 1075 11 
2645 448 1075 404 1077 
2646 191 11 1077 10 
2647 192 448 191 11 
2648 192 11 1075 448 
2649 448 191 11 1077 
2650 448 1077 11 1075 
2651 414 1063 1060 1130 
2652 1063 240 378 377 
2653 1060 378 241 379 
2654 1130 377 379 238 
2655 1063 1060 1130 377 
2656 1063 377 378 1060 
2657 1060 1130 377 379 
2658 1060 379 377 378 
2659 419 1117 1120 1119 
2660 1117 245 382 381 
2661 1120 382 240 376 
2662 1119 381 376 239 
2663 1117 1120 1119 381 
2664 1117 381 382 1120 
2665 1120 1119 381 376 
2666 1120 376 381 382 
2667 406 1131 485 1133 
2668 1131 249 1132 313 
2669 485 1132 78 1134 
2670 1133 313 1134 232 
2671 1131 485 1133 313 
2672 1131 313 1132 485 
2673 485 1133 313 1134 
2674 485 1134 313 1132 
2675 428 1112 480 1114 
2676 1112 30 1135 301 
2677 480 1135 403 1136 
2678 1114 301 1136 254 
2679 1112 480 1114 301 
2680 1112 301 1135 480 
2681 480 1114 301 1136 
2682 480 1136 301 1135 
2683 34 1066 215 217 
2684 1066 423 484 482 
2685 215 484 78 77 
2686 217 482 77 76 
2687 1066 215 217 482 
2688 1066 482 484 215 
2689 215 217 482 77 
2690 215 77 482 484 
2691 80 486 1071 488 
2692 486 406 1137 490 
2693 1071 1137 257 1026 
2694 488 490 1026 431 
2695 486 1071 488 490 
2696 486 490 1137 1071 
2697 1071 488 490 1026 
2698 1071 1026 490 1137 
2699 2 1106 89 48 
2700 1106 231 1107 268 
2701 89 1107 88 187 
2702 48 268 187 1 
2703 1106 89 48 268 
2704 1106 268 1107 89 
2705 89 48 268 187 
2706 89 187 268 1107 
2707 82 491 220 83 
2708 491 401 1109 492 
2709 220 1109 40 222 
2710 83 492 222 84 
2711 491 220 83 492 
2712 491 492 1109 220 
2713 220 83 492 222 
2714 220 222 492 1109 
2715 415 1085 552 1059 
2716 1085 244 1138 380 
2717 552 1138 412 1129 
2718 1059 380 1129 241 
2719 1085 552 1059 380 
2720 1085 380 1138 552 
2721 552 1059 380 1129 
2722 552 1129 380 1138 
2723 244 1085 1138 1052 
2724 1085 415 552 554 
2725 1138 552 412 544 
2726 1052 554 544 418 
2727 1085 1138 1052 554 
2728 1085 554 552 1138 
2729 1138 1052 554 544 
2730 1138 544 554 552 
2731 238 1139 369 1141 
2732 1139 411 1140 543 
2733 369 1140 236 1142 
2734 1141 543 1142 412 
2735 1139 369 1141 543 
2736 1139 543 1140 369 
2737 369 1141 543 1142 
2738 369 1142 543 1140 
2739 408 1143 1144 1145 
2740 1143 24 25 296 
2741 1144 25 26 295 
2742 1145 296 295 234 
2743 1143 1144 1145 296 
2744 1143 296 25 1144 
2745 1144 1145 296 295 
2746 1144 295 296 25 
2747 8 7 266 188 
2748 7 1 267 186 
2749 266 267 251 1043 
2750 188 186 1043 50 
2751 7 266 188 186 
2752 7 186 267 266 
2753 266 188 186 1043 
2754 266 1043 186 267 
2755 418 1146 565 506 
2756 1146 262 1147 1148 
2757 565 1147 422 530 
2758 506 1148 530 436 
2759 1146 565 506 1148 
2760 1146 1148 1147 565 
2761 565 506 1148 530 
2762 565 530 1148 1147 
2763 60 201 458 59 
2764 201 18 1094 198 
2765 458 1094 407 457 
2766 59 198 457 58 
2767 201 458 59 198 
2768 201 198 1094 458 
2769 458 59 198 457 
2770 458 457 198 1094 
2771 265 1149 337 399 
2772 1149 417 1150 1123 
2773 337 1150 253 398 
2774 399 1123 398 243 
2775 1149 337 399 1123 
2776 1149 1123 1150 337 
2777 337 399 1123 398 
2778 337 398 1123 1150 
2779 240 1122 1055 386 
2780 1122 417 560 1123 
2781 1055 560 416 1151 
2782 386 1123 1151 243 
2783 1122 1055 386 1123 
2784 1122 1123 560 1055 
2785 1055 386 1123 1151 
2786 1055 1151 1123 560 
2787 52 192 53 448 
2788 192 12 193 1075 
2789 53 193 54 449 
2790 448 1075 449 404 
2791 192 53 448 1075 
2792 192 1075 193 53 
2793 53 448 1075 449 
2794 53 449 1075 193 
2795 411 1139 1140 1152 
2796 1139 238 369 368 
2797 1140 369 236 352 
2798 1152 368 352 237 
2799 1139 1140 1152 368 
2800 1139 368 369 1140 
2801 1140 1152 368 352 
2802 1140 352 368 369 
2803 42 1108 41 317 
2804 1108 401 1109 1032 
2805 41 1109 40 318 
2806 317 1032 318 227 
2807 1108 41 317 1032 
2808 1108 1032 1109 41 
2809 41 317 1032 318 
2810 41 318 1032 1109 
2811 427 510 572 1153 
2812 510 439 573 1154 
2813 572 573 417 1150 
2814 1153 1154 1150 253 
2815 510 572 1153 1154 
2816 510 1154 573 572 
2817 572 1153 1154 1150 
2818 572 1150 1154 573 
2819 253 1154 1150 337 
2820 1154 439 573 1155 
2821 1150 573 417 1149 
2822 337 1155 1149 265 
2823 1154 1150 337 1155 
2824 1154 1155 573 1150 
2825 1150 337 1155 1149 
2826 1150 1149 1155 573 
2827 253 1154 1091 1153 
2828 1154 439 511 510 
2829 1091 511 402 508 
2830 1153 510 508 427 
2831 1154 1091 1153 510 
2832 1154 510 511 1091 
2833 1091 1153 510 508 
2834 1091 508 510 511 
2835 439 1154 511 1155 
2836 1154 253 1091 337 
2837 511 1091 402 1092 
2838 1155 337 1092 265 
2839 1154 511 1155 337 
2840 1154 337 1091 511 
2841 511 1155 337 1092 
2842 511 1092 337 1091 
2843 410 1064 542 503 
2844 1064 244 1138 1052 
2845 542 1138 412 544 
2846 503 1052 544 418 
2847 1064 542 503 1052 
2848 1064 1052 1138 542 
2849 542 503 1052 544 
2850 542 544 1052 1138 
2851 411 1152 1140 526 
2852 1152 237 352 1095 
2853 1140 352 236 1096 
2854 526 1095 1096 405 
2855 1152 1140 526 1095 
2856 1152 1095 352 1140 
2857 1140 526 1095 1096 
2858 1140 1096 1095 352 
2859 412 543 1142 542 
2860 543 411 1140 525 
2861 1142 1140 236 1036 
2862 542 525 1036 410 
2863 543 1142 542 525 
2864 543 525 1140 1142 
2865 1142 542 525 1036 
2866 1142 1036 525 1140 
2867 251 267 1156 1043 
2868 267 1 48 186 
2869 1156 48 2 49 
2870 1043 186 49 50 
2871 267 1156 1043 186 
2872 267 186 48 1156 
2873 1156 1043 186 49 
2874 1156 49 186 48 
2875 425 1057 440 441 
2876 1057 251 1156 1043 
2877 440 1156 2 49 
2878 441 1043 49 50 
2879 1057 440 441 1043 
2880 1057 1043 1156 440 
2881 440 441 1043 49 
2882 440 49 1043 1156 
2883 432 540 571 1157 
2884 540 433 574 1158 
2885 571 574 424 1110 
2886 1157 1158 1110 258 
2887 540 571 1157 1158 
2888 540 1158 574 571 
2889 571 1157 1158 1110 
2890 571 1110 1158 574 
2891 258 1158 1110 365 
2892 1158 433 574 1159 
2893 1110 574 424 1111 
2894 365 1159 1111 259 
2895 1158 1110 365 1159 
2896 1158 1159 574 1110 
2897 1110 365 1159 1111 
2898 1110 1111 1159 574 
2899 16 17 1093 284 
2900 17 18 1094 283 
2901 1093 1094 407 1160 
2902 284 283 1160 233 
2903 17 1093 284 283 
2904 17 283 1094 1093 
2905 1093 284 283 1160 
2906 1093 1160 283 1094 
2907 240 1122 1120 1063 
2908 1122 417 562 561 
2909 1120 562 419 555 
2910 1063 561 555 414 
2911 1122 1120 1063 561 
2912 1122 561 562 1120 
2913 1120 1063 561 555 
2914 1120 555 561 562 
2915 419 1161 1116 535 
2916 1161 253 361 1153 
2917 1116 361 233 1162 
2918 535 1153 1162 427 
2919 1161 1116 535 1153 
2920 1161 1153 361 1116 
2921 1116 535 1153 1162 
2922 1116 1162 1153 361 
2923 253 1150 1161 398 
2924 1150 417 562 1123 
2925 1161 562 419 1124 
2926 398 1123 1124 243 
2927 1150 1161 398 1123 
2928 1150 1123 562 1161 
2929 1161 398 1123 1124 
2930 1161 1124 1123 562 
2931 414 1063 1130 1118 
2932 1063 240 377 376 
2933 1130 377 238 372 
2934 1118 376 372 239 
2935 1063 1130 1118 376 
2936 1063 376 377 1130 
2937 1130 1118 376 372 
2938 1130 372 376 377 
2939 2 1106 1156 443 
2940 1106 231 270 1097 
2941 1156 270 251 1163 
2942 443 1097 1163 405 
2943 1106 1156 443 1097 
2944 1106 1097 270 1156 
2945 1156 443 1097 1163 
2946 1156 1163 1097 270 
2947 243 1151 386 387 
2948 1151 416 1055 1046 
2949 386 1055 240 384 
2950 387 1046 384 242 
2951 1151 386 387 1046 
2952 1151 1046 1055 386 
2953 386 387 1046 384 
2954 386 384 1046 1055 
2955 405 1096 526 524 
2956 1096 236 1140 1036 
2957 526 1140 411 525 
2958 524 1036 525 410 
2959 1096 526 524 1036 
2960 1096 1036 1140 526 
2961 526 524 1036 525 
2962 526 525 1036 1140 
2963 239 372 1118 1121 
2964 372 238 1130 1164 
2965 1118 1130 414 551 
2966 1121 1164 551 413 
2967 372 1118 1121 1164 
2968 372 1164 1130 1118 
2969 1118 1121 1164 551 
2970 1118 551 1164 1130 
2971 66 469 206 67 
2972 469 408 1144 470 
2973 206 1144 26 209 
2974 67 470 209 68 
2975 469 206 67 470 
2976 469 470 1144 206 
2977 206 67 470 209 
2978 206 209 470 1144 
2979 24 1143 25 204 
2980 1143 408 1144 469 
2981 25 1144 26 206 
2982 204 469 206 66 
2983 1143 25 204 469 
2984 1143 469 1144 25 
2985 25 204 469 206 
2986 25 206 469 1144 
2987 417 562 572 1150 
2988 562 419 535 1161 
2989 572 535 427 1153 
2990 1150 1161 1153 253 
2991 562 572 1150 1161 
2992 562 1161 535 572 
2993 572 1150 1161 1153 
2994 572 1153 1161 535 
2995 407 1082 459 457 
2996 1082 252 1081 1165 
2997 459 1081 426 455 
2998 457 1165 455 58 
2999 1082 459 457 1165 
3000 1082 1165 1081 459 
3001 459 457 1165 455 
3002 459 455 1165 1081 
3003 235 323 324 1166 
3004 323 46 45 1168 
3005 324 45 44 1167 
3006 1166 1168 1167 409 
3007 323 324 1166 1168 
3008 323 1168 45 324 
3009 324 1166 1168 1167 
3010 324 1167 1168 45 
3011 403 1169 513 515 
3012 1169 250 1067 1070 
3013 513 1067 420 516 
3014 515 1070 516 424 
3015 1169 513 515 1070 
3016 1169 1070 1067 513 
3017 513 515 1070 516 
3018 513 516 1070 1067 
3019 238 379 1130 1141 
3020 379 241 1060 1129 
3021 1130 1060 414 550 
3022 1141 1129 550 412 
3023 379 1130 1141 1129 
3024 379 1129 1060 1130 
3025 1130 1141 1129 550 
3026 1130 550 1129 1060 
3027 419 532 1116 534 
3028 532 407 1160 533 
3029 1116 1160 233 1170 
3030 534 533 1170 421 
3031 532 1116 534 533 
3032 532 533 1160 1116 
3033 1116 534 533 1170 
3034 1116 1170 533 1160 
3035 247 1115 359 1171 
3036 1115 419 1116 534 
3037 359 1116 233 1170 
3038 1171 534 1170 421 
3039 1115 359 1171 534 
3040 1115 534 1116 359 
3041 359 1171 534 1170 
3042 359 1170 534 1116 
3043 240 382 1120 386 
3044 382 245 1117 388 
3045 1120 1117 419 1124 
3046 386 388 1124 243 
3047 382 1120 386 388 
3048 382 388 1117 1120 
3049 1120 386 388 1124 
3050 1120 1124 388 1117 
3051 421 1172 534 557 
3052 1172 239 1119 1121 
3053 534 1119 419 556 
3054 557 1121 556 413 
3055 1172 534 557 1121 
3056 1172 1121 1119 534 
3057 534 557 1121 556 
3058 534 556 1121 1119 
3059 22 1072 1088 293 
3060 1072 430 468 1074 
3061 1088 468 402 1173 
3062 293 1074 1173 256 
3063 1072 1088 293 1074 
3064 1072 1074 468 1088 
3065 1088 293 1074 1173 
3066 1088 1173 1074 468 
3067 231 326 349 1174 
3068 326 235 350 1166 
3069 349 350 236 1175 
3070 1174 1166 1175 409 
3071 326 349 1174 1166 
3072 326 1166 350 349 
3073 349 1174 1166 1175 
3074 349 1175 1166 350 
3075 402 1088 463 464 
3076 1088 22 202 205 
3077 463 202 62 63 
3078 464 205 63 64 
3079 1088 463 464 205 
3080 1088 205 202 463 
3081 463 464 205 63 
3082 463 63 205 202 
3083 62 202 1089 200 
3084 202 22 289 21 
3085 1089 289 228 290 
3086 200 21 290 20 
3087 202 1089 200 21 
3088 202 21 289 1089 
3089 1089 200 21 290 
3090 1089 290 21 289 
3091 54 449 1078 451 
3092 449 404 1176 453 
3093 1078 1176 261 1079 
3094 451 453 1079 435 
3095 449 1078 451 453 
3096 449 453 1176 1078 
3097 1078 451 453 1079 
3098 1078 1079 453 1176 
3099 42 1177 1108 321 
3100 1177 429 496 1099 
3101 1108 496 401 1098 
3102 321 1099 1098 255 
3103 1177 1108 321 1099 
3104 1177 1099 496 1108 
3105 1108 321 1099 1098 
3106 1108 1098 1099 496 
3107 52 190 1178 446 
3108 190 8 272 1039 
3109 1178 272 264 1038 
3110 446 1039 1038 438 
3111 190 1178 446 1039 
3112 190 1039 272 1178 
3113 1178 446 1039 1038 
3114 1178 1038 1039 272 
3115 426 1081 1179 455 
3116 1081 252 281 1165 
3117 1179 281 14 195 
3118 455 1165 195 58 
3119 1081 1179 455 1165 
3120 1081 1165 281 1179 
3121 1179 455 1165 195 
3122 1179 195 1165 281 
3123 241 379 380 1129 
3124 379 238 370 1141 
3125 380 370 244 1138 
3126 1129 1141 1138 412 
3127 379 380 1129 1141 
3128 379 1141 370 380 
3129 380 1129 1141 1138 
3130 380 1138 1141 370 
3131 46 323 269 1168 
3132 323 235 326 1166 
3133 269 326 231 1174 
3134 1168 1166 1174 409 
3135 323 269 1168 1166 
3136 323 1166 326 269 
3137 269 1168 1166 1174 
3138 269 1174 1166 326 
3139 419 1117 1119 1115 
3140 1117 245 381 358 
3141 1119 381 239 383 
3142 1115 358 383 247 
3143 1117 1119 1115 358 
3144 1117 358 381 1119 
3145 1119 1115 358 383 
3146 1119 383 358 381 
3147 414 561 559 1063 
3148 561 417 560 1122 
3149 559 560 416 1055 
3150 1063 1122 1055 240 
3151 561 559 1063 1122 
3152 561 1122 560 559 
3153 559 1063 1122 1055 
3154 559 1055 1122 560 
3155 231 1106 270 268 
3156 1106 2 1156 48 
3157 270 1156 251 267 
3158 268 48 267 1 
3159 1106 270 268 48 
3160 1106 48 1156 270 
3161 270 268 48 267 
3162 270 267 48 1156 
3163 425 440 1057 444 
3164 440 2 1156 443 
3165 1057 1156 251 1163 
3166 444 443 1163 405 
3167 440 1057 444 443 
3168 440 443 1156 1057 
3169 1057 444 443 1163 
3170 1057 1163 443 1156 
3171 421 1180 518 519 
3172 1180 261 1176 1079 
3173 518 1176 404 453 
3174 519 1079 453 435 
3175 1180 518 519 1079 
3176 1180 1079 1176 518 
3177 518 519 1079 453 
3178 518 453 1079 1176 
3179 243 1151 1181 1123 
3180 1151 416 568 560 
3181 1181 568 432 569 
3182 1123 560 569 417 
3183 1151 1181 1123 560 
3184 1151 560 568 1181 
3185 1181 1123 560 569 
3186 1181 569 560 568 
3187 238 369 370 1141 
3188 369 236 327 1142 
3189 370 327 244 1138 
3190 1141 1142 1138 412 
3191 369 370 1141 1142 
3192 369 1142 327 370 
3193 370 1141 1142 1138 
3194 370 1138 1142 327 
3195 433 1182 1158 474 
3196 1182 234 366 1145 
3197 1158 366 258 1183 
3198 474 1145 1183 408 
3199 1182 1158 474 1145 
3200 1182 1145 366 1158 
3201 1158 474 1145 1183 
3202 1158 1183 1145 366 
3203 420 1067 1184 1105 
3204 1067 250 342 341 
3205 1184 342 229 340 
3206 1105 341 340 246 
3207 1067 1184 1105 341 
3208 1067 341 342 1184 
3209 1184 1105 341 340 
3210 1184 340 341 342 
3211 20 1185 19 286 
3212 1185 434 1102 1103 
3213 19 1102 18 287 
3214 286 1103 287 260 
3215 1185 19 286 1103 
3216 1185 1103 1102 19 
3217 19 286 1103 287 
3218 19 287 1103 1102 
3219 415 563 566 1084 
3220 563 420 567 1186 
3221 566 567 422 1086 
3222 1084 1186 1086 248 
3223 563 566 1084 1186 
3224 563 1186 567 566 
3225 566 1084 1186 1086 
3226 566 1086 1186 567 
3227 229 1128 1184 340 
3228 1128 423 514 1187 
3229 1184 514 420 1105 
3230 340 1187 1105 246 
3231 1128 1184 340 1187 
3232 1128 1187 514 1184 
3233 1184 340 1187 1105 
3234 1184 1105 1187 514 
3235 246 393 1104 390 
3236 393 248 1084 391 
3237 1104 1084 415 1059 
3238 390 391 1059 241 
3239 393 1104 390 391 
3240 393 391 1084 1104 
3241 1104 390 391 1059 
3242 1104 1059 391 1084 
3243 413 1164 551 545 
3244 1164 238 1130 1141 
3245 551 1130 414 550 
3246 545 1141 550 412 
3247 1164 551 545 1141 
3248 1164 1141 1130 551 
3249 551 545 1141 550 
3250 551 550 1141 1130 
3251 248 1084 1186 393 
3252 1084 415 563 1104 
3253 1186 563 420 1105 
3254 393 1104 1105 246 
3255 1084 1186 393 1104 
3256 1084 1104 563 1186 
3257 1186 393 1104 1105 
3258 1186 1105 1104 563 
3259 257 315 1071 1030 
3260 315 38 221 1024 
3261 1071 221 80 1025 
3262 1030 1024 1025 1022 
3263 315 1071 1030 1024 
3264 315 1024 221 1071 
3265 1071 1030 1024 1025 
3266 1071 1025 1024 221 
3267 253 1161 361 362 
3268 1161 419 1116 1117 
3269 361 1116 233 360 
3270 362 1117 360 245 
3271 1161 361 362 1117 
3272 1161 1117 1116 361 
3273 361 362 1117 360 
3274 361 360 1117 1116 
3275 28 29 208 302 
3276 29 30 210 301 
3277 208 210 70 1113 
3278 302 301 1113 254 
3279 29 208 302 301 
3280 29 301 210 208 
3281 208 302 301 1113 
3282 208 1113 301 210 
3283 413 1121 1164 546 
3284 1121 239 372 1188 
3285 1164 372 238 1139 
3286 546 1188 1139 411 
3287 1121 1164 546 1188 
3288 1121 1188 372 1164 
3289 1164 546 1188 1139 
3290 1164 1139 1188 372 
3291 265 1092 1189 338 
3292 1092 402 468 1173 
3293 1189 468 430 1074 
3294 338 1173 1074 256 
3295 1092 1189 338 1173 
3296 1092 1173 468 1189 
3297 1189 338 1173 1074 
3298 1189 1074 1173 468 
3299 416 1151 568 1046 
3300 1151 243 1181 387 
3301 568 1181 432 1190 
3302 1046 387 1190 242 
3303 1151 568 1046 387 
3304 1151 387 1181 568 
3305 568 1046 387 1190 
3306 568 1190 387 1181 
3307 236 327 1142 1036 
3308 327 244 1138 1064 
3309 1142 1138 412 542 
3310 1036 1064 542 410 
3311 327 1142 1036 1064 
3312 327 1064 1138 1142 
3313 1142 1036 1064 542 
3314 1142 542 1064 1138 
3315 239 1172 1191 1121 
3316 1172 421 521 557 
3317 1191 521 437 547 
3318 1121 557 547 413 
3319 1172 1191 1121 557 
3320 1172 557 521 1191 
3321 1191 1121 557 547 
3322 1191 547 557 521 
3323 38 218 311 221 
3324 218 78 1134 79 
3325 311 1134 232 1192 
3326 221 79 1192 80 
3327 218 311 221 79 
3328 218 79 1134 311 
3329 311 221 79 1192 
3330 311 1192 79 1134 
3331 78 485 1134 79 
3332 485 406 1133 486 
3333 1134 1133 232 1192 
3334 79 486 1192 80 
3335 485 1134 79 486 
3336 485 486 1133 1134 
3337 1134 79 486 1192 
3338 1134 1192 486 1133 
3339 401 1109 493 491 
3340 1109 40 1027 220 
3341 493 1027 431 489 
3342 491 220 489 82 
3343 1109 493 491 220 
3344 1109 220 1027 493 
3345 493 491 220 489 
3346 493 489 220 1027 
3347 245 362 1117 388 
3348 362 253 1161 398 
3349 1117 1161 419 1124 
3350 388 398 1124 243 
3351 362 1117 388 398 
3352 362 398 1161 1117 
3353 1117 388 398 1124 
3354 1117 1124 398 1161 
3355 404 1076 1193 520 
3356 1076 230 345 1195 
3357 1193 345 247 1194 
3358 520 1195 1194 437 
3359 1076 1193 520 1195 
3360 1076 1195 345 1193 
3361 1193 520 1195 1194 
3362 1193 1194 1195 345 
3363 425 549 1197 447 
3364 549 437 1196 522 
3365 1197 1196 264 1038 
3366 447 522 1038 438 
3367 549 1197 447 522 
3368 549 522 1196 1197 
3369 1197 447 522 1038 
3370 1197 1038 522 1196 
3371 44 1198 43 320 
3372 1198 429 1177 1099 
3373 43 1177 42 321 
3374 320 1099 321 255 
3375 1198 43 320 1099 
3376 1198 1099 1177 43 
3377 43 320 1099 321 
3378 43 321 1099 1177 
3379 56 55 197 452 
3380 55 54 194 451 
3381 197 194 14 1080 
3382 452 451 1080 435 
3383 55 197 452 451 
3384 55 451 194 197 
3385 197 452 451 1080 
3386 197 1080 451 194 
3387 428 1199 1114 1200 
3388 1199 259 303 400 
3389 1114 303 254 343 
3390 1200 400 343 250 
3391 1199 1114 1200 400 
3392 1199 400 303 1114 
3393 1114 1200 400 343 
3394 1114 343 400 303 
3395 424 1110 1070 1069 
3396 1110 258 397 395 
3397 1070 397 250 396 
3398 1069 395 396 242 
3399 1110 1070 1069 395 
3400 1110 395 397 1070 
3401 1070 1069 395 396 
3402 1070 396 395 397 
3403 229 304 1128 309 
3404 304 32 1126 308 
3405 1128 1126 423 1201 
3406 309 308 1201 249 
3407 304 1128 309 308 
3408 304 308 1126 1128 
3409 1128 309 308 1201 
3410 1128 1201 308 1126 
3411 32 1125 1126 213 
3412 1125 403 483 479 
3413 1126 483 423 481 
3414 213 479 481 74 
3415 1125 1126 213 479 
3416 1125 479 483 1126 
3417 1126 213 479 481 
3418 1126 481 479 483 
3419 22 1088 289 293 
3420 1088 402 1090 1173 
3421 289 1090 228 294 
3422 293 1173 294 256 
3423 1088 289 293 1173 
3424 1088 1173 1090 289 
3425 289 293 1173 294 
3426 289 294 1173 1090 
3427 401 501 1031 496 
3428 501 410 1036 504 
3429 1031 1036 236 1100 
3430 496 504 1100 429 
3431 501 1031 496 504 
3432 501 504 1036 1031 
3433 1031 496 504 1100 
3434 1031 1100 504 1036 
3435 401 1098 1031 1032 
3436 1098 255 330 322 
3437 1031 330 236 329 
3438 1032 322 329 227 
3439 1098 1031 1032 322 
3440 1098 322 330 1031 
3441 1031 1032 322 329 
3442 1031 329 322 330 
3443 66 203 204 467 
3444 203 22 23 1072 
3445 204 23 24 1073 
3446 467 1072 1073 430 
3447 203 204 467 1072 
3448 203 1072 23 204 
3449 204 467 1072 1073 
3450 204 1073 1072 23 
3451 430 467 1072 466 
3452 467 66 203 65 
3453 1072 203 22 205 
3454 466 65 205 64 
3455 467 1072 466 65 
3456 467 65 203 1072 
3457 1072 466 65 205 
3458 1072 205 65 203 
3459 247 346 383 1194 
3460 346 263 374 1202 
3461 383 374 239 1191 
3462 1194 1202 1191 437 
3463 346 383 1194 1202 
3464 346 1202 374 383 
3465 383 1194 1202 1191 
3466 383 1191 1202 374 
3467 227 332 1051 1203 
3468 332 262 1146 1148 
3469 1051 1146 418 506 
3470 1203 1148 506 436 
3471 332 1051 1203 1148 
3472 332 1148 1146 1051 
3473 1051 1203 1148 506 
3474 1051 506 1148 1146 
3475 428 476 1112 475 
3476 476 72 211 71 
3477 1112 211 30 210 
3478 475 71 210 70 
3479 476 1112 475 71 
3480 476 71 211 1112 
3481 1112 475 71 210 
3482 1112 210 71 211 
3483 40 1109 1027 318 
3484 1109 401 493 1032 
3485 1027 493 431 1065 
3486 318 1032 1065 227 
3487 1109 1027 318 1032 
3488 1109 1032 493 1027 
3489 1027 318 1032 1065 
3490 1027 1065 1032 493 
3491 407 462 1094 458 
3492 462 434 1102 460 
3493 1094 1102 18 201 
3494 458 460 201 60 
3495 462 1094 458 460 
3496 462 460 1102 1094 
3497 1094 458 460 201 
3498 1094 201 460 1102 
3499 432 539 540 1157 
3500 539 408 474 1183 
3501 540 474 433 1158 
3502 1157 1183 1158 258 
3503 539 540 1157 1183 
3504 539 1183 474 540 
3505 540 1157 1183 1158 
3506 540 1158 1183 474 
3507 234 1182 366 300 
3508 1182 433 1158 1159 
3509 366 1158 258 365 
3510 300 1159 365 259 
3511 1182 366 300 1159 
3512 1182 1159 1158 366 
3513 366 300 1159 365 
3514 366 365 1159 1158 
3515 423 1126 1066 1201 
3516 1126 32 33 308 
3517 1066 33 34 307 
3518 1201 308 307 249 
3519 1126 1066 1201 308 
3520 1126 308 33 1066 
3521 1066 1201 308 307 
3522 1066 307 308 33 
3523 423 1126 481 1066 
3524 1126 32 213 33 
3525 481 213 74 214 
3526 1066 33 214 34 
3527 1126 481 1066 33 
3528 1126 33 213 481 
3529 481 1066 33 214 
3530 481 214 33 213 
3531 252 363 285 1083 
3532 363 247 359 1171 
3533 285 359 233 1170 
3534 1083 1171 1170 421 
3535 363 285 1083 1171 
3536 363 1171 359 285 
3537 285 1083 1171 1170 
3538 285 1170 1171 359 
3539 233 1160 285 1170 
3540 1160 407 1082 533 
3541 285 1082 252 1083 
3542 1170 533 1083 421 
3543 1160 285 1170 533 
3544 1160 533 1082 285 
3545 285 1170 533 1083 
3546 285 1083 533 1082 
3547 14 13 277 194 
3548 13 12 278 193 
3549 277 278 261 1078 
3550 194 193 1078 54 
3551 13 277 194 193 
3552 13 193 278 277 
3553 277 194 193 1078 
3554 277 1078 193 278 
3555 432 571 568 1190 
3556 571 424 570 1069 
3557 568 570 416 1046 
3558 1190 1069 1046 242 
3559 571 568 1190 1069 
3560 571 1069 570 568 
3561 568 1190 1069 1046 
3562 568 1046 1069 570 
3563 247 383 1115 1171 
3564 383 239 1119 1172 
3565 1115 1119 419 534 
3566 1171 1172 534 421 
3567 383 1115 1171 1172 
3568 383 1172 1119 1115 
3569 1115 1171 1172 534 
3570 1115 534 1172 1119 
3571 426 1179 454 455 
3572 1179 14 197 195 
3573 454 197 56 57 
3574 455 195 57 58 
3575 1179 454 455 195 
3576 1179 195 197 454 
3577 454 455 195 57 
3578 454 57 195 197 
3579 30 1112 1135 211 
3580 1112 428 480 476 
3581 1135 480 403 478 
3582 211 476 478 72 
3583 1112 1135 211 476 
3584 1112 476 480 1135 
3585 1135 211 476 478 
3586 1135 478 476 480 
3587 244 392 1087 331 
3588 392 248 1086 357 
3589 1087 1086 422 1147 
3590 331 357 1147 262 
3591 392 1087 331 357 
3592 392 357 1086 1087 
3593 1087 331 357 1147 
3594 1087 1147 357 1086 
3595 52 1178 448 446 
3596 1178 264 1204 1038 
3597 448 1204 404 450 
3598 446 1038 450 438 
3599 1178 448 446 1038 
3600 1178 1038 1204 448 
3601 448 446 1038 450 
3602 448 450 1038 1204 
3603 257 315 316 1071 
3604 315 38 311 221 
3605 316 311 232 1192 
3606 1071 221 1192 80 
3607 315 316 1071 221 
3608 315 221 311 316 
3609 316 1071 221 1192 
3610 316 1192 221 311 
3611 78 1132 216 1134 
3612 1132 249 310 313 
3613 216 310 36 312 
3614 1134 313 312 232 
3615 1132 216 1134 313 
3616 1132 313 310 216 
3617 216 1134 313 312 
3618 216 312 313 310 
3619 257 316 1137 1071 
3620 316 232 1133 1192 
3621 1137 1133 406 486 
3622 1071 1192 486 80 
3623 316 1137 1071 1192 
3624 316 1192 1133 1137 
3625 1137 1071 1192 486 
3626 1137 486 1192 1133 
3627 432 1181 1157 1190 
3628 1181 243 394 387 
3629 1157 394 258 395 
3630 1190 387 395 242 
3631 1181 1157 1190 387 
3632 1181 387 394 1157 
3633 1157 1190 387 395 
3634 1157 395 387 394 
3635 262 1147 331 1146 
3636 1147 422 1087 565 
3637 331 1087 244 1052 
3638 1146 565 1052 418 
3639 1147 331 1146 565 
3640 1147 565 1087 331 
3641 331 1146 565 1052 
3642 331 1052 565 1087 
3643 233 1101 283 1160 
3644 1101 434 1102 462 
3645 283 1102 18 1094 
3646 1160 462 1094 407 
3647 1101 283 1160 462 
3648 1101 462 1102 283 
3649 283 1160 462 1094 
3650 283 1094 462 1102 
3651 252 1082 280 1165 
3652 1082 407 1093 457 
3653 280 1093 16 196 
3654 1165 457 196 58 
3655 1082 280 1165 457 
3656 1082 457 1093 280 
3657 280 1165 457 196 
3658 280 196 457 1093 
3659 238 1164 1139 1141 
3660 1164 413 546 545 
3661 1139 546 411 543 
3662 1141 545 543 412 
3663 1164 1139 1141 545 
3664 1164 545 546 1139 
3665 1139 1141 545 543 
3666 1139 543 545 546 
3667 10 9 271 191 
3668 9 8 272 190 
3669 271 272 264 1178 
3670 191 190 1178 52 
3671 9 271 191 190 
3672 9 190 272 271 
3673 271 191 190 1178 
3674 271 1178 190 272 
3675 403 1136 1169 480 
3676 1136 254 343 1114 
3677 1169 343 250 1200 
3678 480 1114 1200 428 
3679 1136 1169 480 1114 
3680 1136 1114 343 1169 
3681 1169 480 1114 1200 
3682 1169 1200 1114 343 
3683 423 514 483 1128 
3684 514 420 513 1184 
3685 483 513 403 1127 
3686 1128 1184 1127 229 
3687 514 483 1128 1184 
3688 514 1184 513 483 
3689 483 1128 1184 1127 
3690 483 1127 1184 513 
3691 230 347 345 1195 
3692 347 263 346 1202 
3693 345 346 247 1194 
3694 1195 1202 1194 437 
3695 347 345 1195 1202 
3696 347 1202 346 345 
3697 345 1195 1202 1194 
3698 345 1194 1202 346 
3699 250 1169 1067 342 
3700 1169 403 513 1127 
3701 1067 513 420 1184 
3702 342 1127 1184 229 
3703 1169 1067 342 1127 
3704 1169 1127 513 1067 
3705 1067 342 1127 1184 
3706 1067 1184 1127 513 
3707 408 1144 474 1145 
3708 1144 26 1205 295 
3709 474 1205 433 1182 
3710 1145 295 1182 234 
3711 1144 474 1145 295 
3712 1144 295 1205 474 
3713 474 1145 295 1182 
3714 474 1182 295 1205 
3715 78 1132 215 216 
3716 1132 249 307 310 
3717 215 307 34 35 
3718 216 310 35 36 
3719 1132 215 216 310 
3720 1132 310 307 215 
3721 215 216 310 35 
3722 215 35 310 307 
3723 409 1168 1167 497 
3724 1168 46 45 226 
3725 1167 45 44 225 
3726 497 226 225 86 
3727 1168 1167 497 226 
3728 1168 226 45 1167 
3729 1167 497 226 225 
3730 1167 225 226 45 
3731 405 1097 1096 500 
3732 1097 231 349 1174 
3733 1096 349 236 1175 
3734 500 1174 1175 409 
3735 1097 1096 500 1174 
3736 1097 1174 349 1096 
3737 1096 500 1174 1175 
3738 1096 1175 1174 349 
3739 239 371 372 1188 
3740 371 237 368 1152 
3741 372 368 238 1139 
3742 1188 1152 1139 411 
3743 371 372 1188 1152 
3744 371 1152 368 372 
3745 372 1188 1152 1139 
3746 372 1139 1152 368 
3747 429 1177 496 494 
3748 1177 42 1108 223 
3749 496 1108 401 492 
3750 494 223 492 84 
3751 1177 496 494 223 
3752 1177 223 1108 496 
3753 496 494 223 492 
3754 496 492 223 1108 
3755 434 1206 1101 1103 
3756 1206 253 361 334 
3757 1101 361 233 288 
3758 1103 334 288 260 
3759 1206 1101 1103 334 
3760 1206 334 361 1101 
3761 1101 1103 334 288 
3762 1101 288 334 361 
3763 16 15 280 196 
3764 15 14 281 195 
3765 280 281 252 1165 
3766 196 195 1165 58 
3767 15 280 196 195 
3768 15 195 281 280 
3769 280 196 195 1165 
3770 280 1165 195 281 
3771 70 1207 207 208 
3772 1207 259 299 298 
3773 207 299 26 27 
3774 208 298 27 28 
3775 1207 207 208 298 
3776 1207 298 299 207 
3777 207 208 298 27 
3778 207 27 298 299 
3779 433 473 1205 472 
3780 473 70 207 69 
3781 1205 207 26 209 
3782 472 69 209 68 
3783 473 1205 472 69 
3784 473 69 207 1205 
3785 1205 472 69 209 
3786 1205 209 69 207 
3787 265 336 1092 338 
3788 336 228 1090 294 
3789 1092 1090 402 1173 
3790 338 294 1173 256 
3791 336 1092 338 294 
3792 336 294 1090 1092 
3793 1092 338 294 1173 
3794 1092 1173 294 1090 
3795 72 212 478 211 
3796 212 32 1125 31 
3797 478 1125 403 1135 
3798 211 31 1135 30 
3799 212 478 211 31 
3800 212 31 1125 478 
3801 478 211 31 1135 
3802 478 1135 31 1125 
3803 407 536 532 1160 
3804 536 427 535 1162 
3805 532 535 419 1116 
3806 1160 1162 1116 233 
3807 536 532 1160 1162 
3808 536 1162 535 532 
3809 532 1160 1162 1116 
3810 532 1116 1162 535 
3811 424 571 1110 1069 
3812 571 432 1157 1190 
3813 1110 1157 258 395 
3814 1069 1190 395 242 
3815 571 1110 1069 1190 
3816 571 1190 1157 1110 
3817 1110 1069 1190 395 
3818 1110 395 1190 1157 
3819 88 1107 442 498 
3820 1107 231 1097 1174 
3821 442 1097 405 500 
3822 498 1174 500 409 
3823 1107 442 498 1174 
3824 1107 1174 1097 442 
3825 442 498 1174 500 
3826 442 500 1174 1097 
3827 68 209 472 470 
3828 209 26 1205 1144 
3829 472 1205 433 474 
3830 470 1144 474 408 
3831 209 472 470 1144 
3832 209 1144 1205 472 
3833 472 470 1144 474 
3834 472 474 1144 1205 
3835 438 446 1039 445 
3836 446 52 190 51 
3837 1039 190 8 188 
3838 445 51 188 50 
3839 446 1039 445 51 
3840 446 51 190 1039 
3841 1039 445 51 188 
3842 1039 188 51 190 
3843 88 1107 498 189 
3844 1107 231 1174 269 
3845 498 1174 409 1168 
3846 189 269 1168 46 
3847 1107 498 189 269 
3848 1107 269 1174 498 
3849 498 189 269 1168 
3850 498 1168 269 1174 
3851 249 1131 1132 1201 
3852 1131 406 485 487 
3853 1132 485 78 484 
3854 1201 487 484 423 
3855 1131 1132 1201 487 
3856 1131 487 485 1132 
3857 1132 1201 487 484 
3858 1132 484 487 485 
3859 46 1168 189 226 
3860 1168 409 498 497 
3861 189 498 88 87 
3862 226 497 87 86 
3863 1168 189 226 497 
3864 1168 497 498 189 
3865 189 226 497 87 
3866 189 87 497 498 
3867 264 1197 1038 1042 
3868 1197 425 447 1058 
3869 1038 447 438 1041 
3870 1042 1058 1041 1020 
3871 1197 1038 1042 1058 
3872 1197 1058 447 1038 
3873 1038 1042 1058 1041 
3874 1038 1041 1058 447 
3875 409 1175 499 1166 
3876 1175 236 1100 350 
3877 499 1100 429 1208 
3878 1166 350 1208 235 
3879 1175 499 1166 350 
3880 1175 350 1100 499 
3881 499 1166 350 1208 
3882 499 1208 350 1100 
3883 256 1209 292 1074 
3884 1209 408 1143 471 
3885 292 1143 24 1073 
3886 1074 471 1073 430 
3887 1209 292 1074 471 
3888 1209 471 1143 292 
3889 292 1074 471 1073 
3890 292 1073 471 1143 
3891 260 286 1103 291 
3892 286 20 1185 290 
3893 1103 1185 434 1210 
3894 291 290 1210 228 
3895 286 1103 291 290 
3896 286 290 1185 1103 
3897 1103 291 290 1210 
3898 1103 1210 290 1185 
3899 423 487 529 1211 
3900 487 406 528 1212 
3901 529 528 422 1086 
3902 1211 1212 1086 248 
3903 487 529 1211 1212 
3904 487 1212 528 529 
3905 529 1211 1212 1086 
3906 529 1086 1212 528 
3907 421 1172 521 1171 
3908 1172 239 1191 383 
3909 521 1191 437 1194 
3910 1171 383 1194 247 
3911 1172 521 1171 383 
3912 1172 383 1191 521 
3913 521 1171 383 1194 
3914 521 1194 383 1191 
3915 265 1189 1213 338 
3916 1189 430 471 1074 
3917 1213 471 408 1209 
3918 338 1074 1209 256 
3919 1189 1213 338 1074 
3920 1189 1074 471 1213 
3921 1213 338 1074 1209 
3922 1213 1209 1074 471 
3923 259 1207 299 1159 
3924 1207 70 207 473 
3925 299 207 26 1205 
3926 1159 473 1205 433 
3927 1207 299 1159 473 
3928 1207 473 207 299 
3929 299 1159 473 1205 
3930 299 1205 473 207 
3931 423 529 514 1211 
3932 529 422 567 1086 
3933 514 567 420 1186 
3934 1211 1086 1186 248 
3935 529 514 1211 1086 
3936 529 1086 567 514 
3937 514 1211 1086 1186 
3938 514 1186 1086 567 
3939 429 1198 1177 495 
3940 1198 44 43 225 
3941 1177 43 42 224 
3942 495 225 224 86 
3943 1198 1177 495 225 
3944 1198 225 43 1177 
3945 1177 495 225 224 
3946 1177 224 225 43 
3947 434 1185 1102 461 
3948 1185 20 19 200 
3949 1102 19 18 199 
3950 461 200 199 62 
3951 1185 1102 461 200 
3952 1185 200 19 1102 
3953 1102 461 200 199 
3954 1102 199 200 19 
3955 10 1077 271 275 
3956 1077 404 1204 1076 
3957 271 1204 264 276 
3958 275 1076 276 230 
3959 1077 271 275 1076 
3960 1077 1076 1204 271 
3961 271 275 1076 276 
3962 271 276 1076 1204 
3963 230 279 274 1076 
3964 279 261 278 1176 
3965 274 278 12 1075 
3966 1076 1176 1075 404 
3967 279 274 1076 1176 
3968 279 1176 278 274 
3969 274 1076 1176 1075 
3970 274 1075 1176 278 
3971 248 1186 1211 393 
3972 1186 420 514 1105 
3973 1211 514 423 1187 
3974 393 1105 1187 246 
3975 1186 1211 393 1105 
3976 1186 1105 514 1211 
3977 1211 393 1105 1187 
3978 1211 1187 1105 514 
3979 254 301 1136 306 
3980 301 30 1135 305 
3981 1136 1135 403 1127 
3982 306 305 1127 229 
3983 301 1136 306 305 
3984 301 305 1135 1136 
3985 1136 306 305 1127 
3986 1136 1127 305 1135 
3987 26 1205 295 299 
3988 1205 433 1182 1159 
3989 295 1182 234 300 
3990 299 1159 300 259 
3991 1205 295 299 1159 
3992 1205 1159 1182 295 
3993 295 299 1159 300 
3994 295 300 1159 1182 
3995 259 1199 1111 400 
3996 1199 428 517 1200 
3997 1111 517 424 1070 
3998 400 1200 1070 250 
3999 1199 1111 400 1200 
4000 1199 1200 517 1111 
4001 1111 400 1200 1070 
4002 1111 1070 1200 517 
4003 423 1066 484 1201 
4004 1066 34 215 307 
4005 484 215 78 1132 
4006 1201 307 1132 249 
4007 1066 484 1201 307 
4008 1066 307 215 484 
4009 484 1201 307 1132 
4010 484 1132 307 215 
4011 232 1133 313 355 
4012 1133 406 1131 1212 
4013 313 1131 249 354 
4014 355 1212 354 248 
4015 1133 313 355 1212 
4016 1133 1212 1131 313 
4017 313 355 1212 354 
4018 313 354 1212 1131 
4019 402 465 463 1090 
4020 465 434 461 1210 
4021 463 461 62 1089 
4022 1090 1210 1089 228 
4023 465 463 1090 1210 
4024 465 1210 461 463 
4025 463 1090 1210 1089 
4026 463 1089 1210 461 
4027 230 345 279 1076 
4028 345 247 344 1193 
4029 279 344 261 1176 
4030 1076 1193 1176 404 
4031 345 279 1076 1193 
4032 345 1193 344 279 
4033 279 1076 1193 1176 
4034 279 1176 1193 344 
4035 255 321 322 1098 
4036 321 42 317 1108 
4037 322 317 227 1032 
4038 1098 1108 1032 401 
4039 321 322 1098 1108 
4040 321 1108 317 322 
4041 322 1098 1108 1032 
4042 322 1032 1108 317 
4043 406 528 1214 531 
4044 528 422 1147 530 
4045 1214 1147 262 1148 
4046 531 530 1148 436 
4047 528 1214 531 530 
4048 528 530 1147 1214 
4049 1214 531 530 1148 
4050 1214 1148 530 1147 
4051 430 1072 468 466 
4052 1072 22 1088 205 
4053 468 1088 402 464 
4054 466 205 464 64 
4055 1072 468 466 205 
4056 1072 205 1088 468 
4057 468 466 205 464 
4058 468 464 205 1088 
4059 253 1206 361 1153 
4060 1206 434 1101 509 
4061 361 1101 233 1162 
4062 1153 509 1162 427 
4063 1206 361 1153 509 
4064 1206 509 1101 361 
4065 361 1153 509 1162 
4066 361 1162 509 1101 
4067 235 325 350 1208 
4068 325 255 330 1099 
4069 350 330 236 1100 
4070 1208 1099 1100 429 
4071 325 350 1208 1099 
4072 325 1099 330 350 
4073 350 1208 1099 1100 
4074 350 1100 1099 330 
4075 259 1207 1199 303 
4076 1207 70 475 1113 
4077 1199 475 428 1114 
4078 303 1113 1114 254 
4079 1207 1199 303 1113 
4080 1207 1113 475 1199 
4081 1199 303 1113 1114 
4082 1199 1114 1113 475 
4083 233 1160 284 285 
4084 1160 407 1093 1082 
4085 284 1093 16 280 
4086 285 1082 280 252 
4087 1160 284 285 1082 
4088 1160 1082 1093 284 
4089 284 285 1082 280 
4090 284 280 1082 1093 
4091 430 512 468 1189 
4092 512 439 511 1155 
4093 468 511 402 1092 
4094 1189 1155 1092 265 
4095 512 468 1189 1155 
4096 512 1155 511 468 
4097 468 1189 1155 1092 
4098 468 1092 1155 511 
4099 30 31 1135 305 
4100 31 32 1125 304 
4101 1135 1125 403 1127 
4102 305 304 1127 229 
4103 31 1135 305 304 
4104 31 304 1125 1135 
4105 1135 305 304 1127 
4106 1135 1127 304 1125 
4107 421 518 1171 521 
4108 518 404 1193 520 
4109 1171 1193 247 1194 
4110 521 520 1194 437 
4111 518 1171 521 520 
4112 518 520 1193 1171 
4113 1171 521 520 1194 
4114 1171 1194 520 1193 
4115 265 1215 1149 399 
4116 1215 432 569 1181 
4117 1149 569 417 1123 
4118 399 1181 1123 243 
4119 1215 1149 399 1181 
4120 1215 1181 569 1149 
4121 1149 399 1181 1123 
4122 1149 1123 1181 569 
4123 227 332 1203 1065 
4124 332 262 1148 1216 
4125 1203 1148 436 507 
4126 1065 1216 507 431 
4127 332 1203 1065 1216 
4128 332 1216 1148 1203 
4129 1203 1065 1216 507 
4130 1203 507 1216 1148 
4131 264 348 1196 1197 
4132 348 263 1202 1217 
4133 1196 1202 437 549 
4134 1197 1217 549 425 
4135 348 1196 1197 1217 
4136 348 1217 1202 1196 
4137 1196 1197 1217 549 
4138 1196 549 1217 1202 
4139 439 541 573 1155 
4140 541 432 569 1215 
4141 573 569 417 1149 
4142 1155 1215 1149 265 
4143 541 573 1155 1215 
4144 541 1215 569 573 
4145 573 1155 1215 1149 
4146 573 1149 1215 569 
4147 404 1077 1204 448 
4148 1077 10 271 191 
4149 1204 271 264 1178 
4150 448 191 1178 52 
4151 1077 1204 448 191 
4152 1077 191 271 1204 
4153 1204 448 191 1178 
4154 1204 1178 191 271 
4155 404 1176 1075 449 
4156 1176 261 278 1078 
4157 1075 278 12 193 
4158 449 1078 193 54 
4159 1176 1075 449 1078 
4160 1176 1078 278 1075 
4161 1075 449 1078 193 
4162 1075 193 1078 278 
4163 236 1096 1175 1036 
4164 1096 405 500 524 
4165 1175 500 409 523 
4166 1036 524 523 410 
4167 1096 1175 1036 524 
4168 1096 524 500 1175 
4169 1175 1036 524 523 
4170 1175 523 524 500 
4171 262 332 333 1216 
4172 332 227 319 1065 
4173 333 319 257 1026 
4174 1216 1065 1026 431 
4175 332 333 1216 1065 
4176 332 1065 319 333 
4177 333 1216 1065 1026 
4178 333 1026 1065 319 
4179 403 515 480 1169 
4180 515 424 517 1070 
4181 480 517 428 1200 
4182 1169 1070 1200 250 
4183 515 480 1169 1070 
4184 515 1070 517 480 
4185 480 1169 1070 1200 
4186 480 1200 1070 517 
4187 429 495 1177 494 
4188 495 86 224 85 
4189 1177 224 42 223 
4190 494 85 223 84 
4191 495 1177 494 85 
4192 495 85 224 1177 
4193 1177 494 85 223 
4194 1177 223 85 224 
4195 263 348 375 1217 
4196 348 264 273 1197 
4197 375 273 251 1057 
4198 1217 1197 1057 425 
4199 348 375 1217 1197 
4200 348 1197 273 375 
4201 375 1217 1197 1057 
4202 375 1057 1197 273 
4203 402 1091 465 1090 
4204 1091 253 1206 335 
4205 465 1206 434 1210 
4206 1090 335 1210 228 
4207 1091 465 1090 335 
4208 1091 335 1206 465 
4209 465 1090 335 1210 
4210 465 1210 335 1206 
4211 227 332 328 1051 
4212 332 262 331 1146 
4213 328 331 244 1052 
4214 1051 1146 1052 418 
4215 332 328 1051 1146 
4216 332 1146 331 328 
4217 328 1051 1146 1052 
4218 328 1052 1146 331 
4219 434 1206 1103 1210 
4220 1206 253 334 335 
4221 1103 334 260 291 
4222 1210 335 291 228 
4223 1206 1103 1210 335 
4224 1206 335 334 1103 
4225 1103 1210 335 291 
4226 1103 291 335 334 
4227 433 477 574 1159 
4228 477 428 517 1199 
4229 574 517 424 1111 
4230 1159 1199 1111 259 
4231 477 574 1159 1199 
4232 477 1199 517 574 
4233 574 1159 1199 1111 
4234 574 1111 1199 517 
4235 434 461 1102 460 
4236 461 62 199 61 
4237 1102 199 18 201 
4238 460 61 201 60 
4239 461 1102 460 61 
4240 461 61 199 1102 
4241 1102 460 61 201 
4242 1102 201 61 199 
4243 261 1180 282 1079 
4244 1180 421 1083 519 
4245 282 1083 252 1218 
4246 1079 519 1218 435 
4247 1180 282 1079 519 
4248 1180 519 1083 282 
4249 282 1079 519 1218 
4250 282 1218 519 1083 
4251 404 1204 520 450 
4252 1204 264 1196 1038 
4253 520 1196 437 522 
4254 450 1038 522 438 
4255 1204 520 450 1038 
4256 1204 1038 1196 520 
4257 520 450 1038 522 
4258 520 522 1038 1196 
4259 14 277 281 1080 
4260 277 261 282 1079 
4261 281 282 252 1218 
4262 1080 1079 1218 435 
4263 277 281 1080 1079 
4264 277 1079 282 281 
4265 281 1080 1079 1218 
4266 281 1218 1079 282 
4267 232 312 1134 311 
4268 312 36 216 37 
4269 1134 216 78 218 
4270 311 37 218 38 
4271 312 1134 311 37 
4272 312 37 216 1134 
4273 1134 311 37 218 
4274 1134 218 37 216 
4275 265 1215 1213 1155 
4276 1215 432 539 541 
4277 1213 539 408 538 
4278 1155 541 538 439 
4279 1215 1213 1155 541 
4280 1215 541 539 1213 
4281 1213 1155 541 538 
4282 1213 538 541 539 
4283 237 353 351 1095 
4284 353 251 270 1163 
4285 351 270 231 1097 
4286 1095 1163 1097 405 
4287 353 351 1095 1163 
4288 353 1163 270 351 
4289 351 1095 1163 1097 
4290 351 1097 1163 270 
4291 62 461 200 1089 
4292 461 434 1185 1210 
4293 200 1185 20 290 
4294 1089 1210 290 228 
4295 461 200 1089 1210 
4296 461 1210 1185 200 
4297 200 1089 1210 290 
4298 200 290 1210 1185 
4299 423 1128 1201 1187 
4300 1128 229 309 340 
4301 1201 309 249 339 
4302 1187 340 339 246 
4303 1128 1201 1187 340 
4304 1128 340 309 1201 
4305 1201 1187 340 339 
4306 1201 339 340 309 
4307 243 399 1181 394 
4308 399 265 1215 367 
4309 1181 1215 432 1157 
4310 394 367 1157 258 
4311 399 1181 394 367 
4312 399 367 1215 1181 
4313 1181 394 367 1157 
4314 1181 1157 367 1215 
4315 253 1091 1206 1153 
4316 1091 402 465 508 
4317 1206 465 434 509 
4318 1153 508 509 427 
4319 1091 1206 1153 508 
4320 1091 508 465 1206 
4321 1206 1153 508 509 
4322 1206 509 508 465 
4323 258 367 1183 366 
4324 367 265 1213 364 
4325 1183 1213 408 1145 
4326 366 364 1145 234 
4327 367 1183 366 364 
4328 367 364 1213 1183 
4329 1183 366 364 1145 
4330 1183 1145 364 1213 
4331 430 1189 471 512 
4332 1189 265 1213 1155 
4333 471 1213 408 538 
4334 512 1155 538 439 
4335 1189 471 512 1155 
4336 1189 1155 1213 471 
4337 471 512 1155 538 
4338 471 538 1155 1213 
4339 239 1191 1188 1121 
4340 1191 437 548 547 
4341 1188 548 411 546 
4342 1121 547 546 413 
4343 1191 1188 1121 547 
4344 1191 547 548 1188 
4345 1188 1121 547 546 
4346 1188 546 547 548 
4347 251 1219 1057 1163 
4348 1219 411 527 526 
4349 1057 527 425 444 
4350 1163 526 444 405 
4351 1219 1057 1163 526 
4352 1219 526 527 1057 
4353 1057 1163 526 444 
4354 1057 444 526 527 
4355 408 1209 1143 1145 
4356 1209 256 292 297 
4357 1143 292 24 296 
4358 1145 297 296 234 
4359 1209 1143 1145 297 
4360 1209 297 292 1143 
4361 1143 1145 297 296 
4362 1143 296 297 292 
4363 437 1191 548 1202 
4364 1191 239 1188 374 
4365 548 1188 411 1220 
4366 1202 374 1220 263 
4367 1191 548 1202 374 
4368 1191 374 1188 548 
4369 548 1202 374 1220 
4370 548 1220 374 1188 
4371 256 1209 338 297 
4372 1209 408 1213 1145 
4373 338 1213 265 364 
4374 297 1145 364 234 
4375 1209 338 297 1145 
4376 1209 1145 1213 338 
4377 338 297 1145 364 
4378 338 364 1145 1213 
4379 247 344 1193 1171 
4380 344 261 1176 1180 
4381 1193 1176 404 518 
4382 1171 1180 518 421 
4383 344 1193 1171 1180 
4384 344 1180 1176 1193 
4385 1193 1171 1180 518 
4386 1193 518 1180 1176 
4387 406 528 1212 1214 
4388 528 422 1086 1147 
4389 1212 1086 248 357 
4390 1214 1147 357 262 
4391 528 1212 1214 1147 
4392 528 1147 1086 1212 
4393 1212 1214 1147 357 
4394 1212 357 1147 1086 
4395 436 506 1203 505 
4396 506 418 1051 502 
4397 1203 1051 227 1032 
4398 505 502 1032 401 
4399 506 1203 505 502 
4400 506 502 1051 1203 
4401 1203 505 502 1032 
4402 1203 1032 502 1051 
4403 259 298 1207 303 
4404 298 28 208 302 
4405 1207 208 70 1113 
4406 303 302 1113 254 
4407 298 1207 303 302 
4408 298 302 208 1207 
4409 1207 303 302 1113 
4410 1207 1113 302 208 
4411 436 1148 531 507 
4412 1148 262 1214 1216 
4413 531 1214 406 490 
4414 507 1216 490 431 
4415 1148 531 507 1216 
4416 1148 1216 1214 531 
4417 531 507 1216 490 
4418 531 490 1216 1214 
4419 432 1215 539 1157 
4420 1215 265 1213 367 
4421 539 1213 408 1183 
4422 1157 367 1183 258 
4423 1215 539 1157 367 
4424 1215 367 1213 539 
4425 539 1157 367 1183 
4426 539 1183 367 1213 
4427 264 273 1197 1042 
4428 273 251 1057 1044 
4429 1197 1057 425 1058 
4430 1042 1044 1058 1020 
4431 273 1197 1042 1044 
4432 273 1044 1057 1197 
4433 1197 1042 1044 1058 
4434 1197 1058 1044 1057 
4435 404 1204 1076 520 
4436 1204 264 276 1196 
4437 1076 276 230 1195 
4438 520 1196 1195 437 
4439 1204 1076 520 1196 
4440 1204 1196 276 1076 
4441 1076 520 1196 1195 
4442 1076 1195 1196 276 
4443 257 1137 333 1026 
4444 1137 406 1214 490 
4445 333 1214 262 1216 
4446 1026 490 1216 431 
4447 1137 333 1026 490 
4448 1137 490 1214 333 
4449 333 1026 490 1216 
4450 333 1216 490 1214 
4451 434 509 462 1101 
4452 509 427 536 1162 
4453 462 536 407 1160 
4454 1101 1162 1160 233 
4455 509 462 1101 1162 
4456 509 1162 536 462 
4457 462 1101 1162 1160 
4458 462 1160 1162 536 
4459 251 353 1219 1163 
4460 353 237 1152 1095 
4461 1219 1152 411 526 
4462 1163 1095 526 405 
4463 353 1219 1163 1095 
4464 353 1095 1152 1219 
4465 1219 1163 1095 526 
4466 1219 526 1095 1152 
4467 421 1083 519 537 
4468 1083 252 1218 1081 
4469 519 1218 435 456 
4470 537 1081 456 426 
4471 1083 519 537 1081 
4472 1083 1081 1218 519 
4473 519 537 1081 456 
4474 519 456 1081 1218 
4475 44 1167 1198 324 
4476 1167 409 499 1166 
4477 1198 499 429 1208 
4478 324 1166 1208 235 
4479 1167 1198 324 1166 
4480 1167 1166 499 1198 
4481 1198 324 1166 1208 
4482 1198 1208 1166 499 
4483 411 548 1220 527 
4484 548 437 1202 549 
4485 1220 1202 263 1217 
4486 527 549 1217 425 
4487 548 1220 527 549 
4488 548 549 1202 1220 
4489 1220 527 549 1217 
4490 1220 1217 549 1202 
4491 248 355 1212 357 
4492 355 232 1133 356 
4493 1212 1133 406 1214 
4494 357 356 1214 262 
4495 355 1212 357 356 
4496 355 356 1133 1212 
4497 1212 357 356 1214 
4498 1212 1214 356 1133 
4499 426 1179 1081 456 
4500 1179 14 281 1080 
4501 1081 281 252 1218 
4502 456 1080 1218 435 
4503 1179 1081 456 1080 
4504 1179 1080 281 1081 
4505 1081 456 1080 1218 
4506 1081 1218 1080 281 
4507 254 1136 343 306 
4508 1136 403 1169 1127 
4509 343 1169 250 342 
4510 306 1127 342 229 
4511 1136 343 306 1127 
4512 1136 1127 1169 343 
4513 343 306 1127 342 
4514 343 342 1127 1169 
4515 408 469 1143 471 
4516 469 66 204 467 
4517 1143 204 24 1073 
4518 471 467 1073 430 
4519 469 1143 471 467 
4520 469 467 204 1143 
4521 1143 471 467 1073 
4522 1143 1073 467 204 
4523 32 212 1125 213 
4524 212 72 478 73 
4525 1125 478 403 479 
4526 213 73 479 74 
4527 212 1125 213 73 
4528 212 73 478 1125 
4529 1125 213 73 479 
4530 1125 479 73 478 
4531 433 473 477 1159 
4532 473 70 475 1207 
4533 477 475 428 1199 
4534 1159 1207 1199 259 
4535 473 477 1159 1207 
4536 473 1207 475 477 
4537 477 1159 1207 1199 
4538 477 1199 1207 475 
4539 251 1219 375 1057 
4540 1219 411 1220 527 
4541 375 1220 263 1217 
4542 1057 527 1217 425 
4543 1219 375 1057 527 
4544 1219 527 1220 375 
4545 375 1057 527 1217 
4546 375 1217 527 1220 
4547 236 1175 1100 1036 
4548 1175 409 499 523 
4549 1100 499 429 504 
4550 1036 523 504 410 
4551 1175 1100 1036 523 
4552 1175 523 499 1100 
4553 1100 1036 523 504 
4554 1100 504 523 499 
4555 237 371 373 1152 
4556 371 239 374 1188 
4557 373 374 263 1220 
4558 1152 1188 1220 411 
4559 371 373 1152 1188 
4560 371 1188 374 373 
4561 373 1152 1188 1220 
4562 373 1220 1188 374 
4563 235 324 325 1208 
4564 324 44 320 1198 
4565 325 320 255 1099 
4566 1208 1198 1099 429 
4567 324 325 1208 1198 
4568 324 1198 320 325 
4569 325 1208 1198 1099 
4570 325 1099 1198 320 
4571 406 487 1131 1212 
4572 487 423 1201 1211 
4573 1131 1201 249 354 
4574 1212 1211 354 248 
4575 487 1131 1212 1211 
4576 487 1211 1201 1131 
4577 1131 1212 1211 354 
4578 1131 354 1211 1201 
4579 423 1201 1211 1187 
4580 1201 249 354 339 
4581 1211 354 248 393 
4582 1187 339 393 246 
4583 1201 1211 1187 339 
4584 1201 339 354 1211 
4585 1211 1187 339 393 
4586 1211 393 339 354 
4587 411 1219 1220 1152 
4588 1219 251 375 353 
4589 1220 375 263 373 
4590 1152 353 373 237 
4591 1219 1220 1152 353 
4592 1219 353 375 1220 
4593 1220 1152 353 373 
4594 1220 373 353 375 
4595 264 348 276 1196 
4596 348 263 347 1202 
4597 276 347 230 1195 
4598 1196 1202 1195 437 
4599 348 276 1196 1202 
4600 348 1202 347 276 
4601 276 1196 1202 1195 
4602 276 1195 1202 347 
4603 426 454 1179 456 
4604 454 56 197 452 
4605 1179 197 14 1080 
4606 456 452 1080 435 
4607 454 1179 456 452 
4608 454 452 197 1179 
4609 1179 456 452 1080 
4610 1179 1080 452 197 
4611 227 1203 1032 1065 
4612 1203 436 505 507 
4613 1032 505 401 493 
4614 1065 507 493 431 
4615 1203 1032 1065 507 
4616 1203 507 505 1032 
4617 1032 1065 507 493 
4618 1032 493 507 505 
4619 409 1167 499 497 
4620 1167 44 1198 225 
4621 499 1198 429 495 
4622 497 225 495 86 
4623 1167 499 497 225 
4624 1167 225 1198 499 
4625 499 497 225 495 
4626 499 495 225 1198 
4627 262 356 1214 333 
4628 356 232 1133 316 
4629 1214 1133 406 1137 
4630 333 316 1137 257 
4631 356 1214 333 316 
4632 356 316 1133 1214 
4633 1214 333 316 1137 
4634 1214 1137 316 1133 
4635 421 1180 1083 1171 
4636 1180 261 282 344 
4637 1083 282 252 363 
4638 1171 344 363 247 
4639 1180 1083 1171 344 
4640 1180 344 282 1083 
4641 1083 1171 344 363 
4642 1083 363 344 282 
4643 244 327 328 1053 
4644 327 236 329 1033 
4645 328 329 227 1034 
4646 1053 1033 1034 1021 
4647 327 328 1053 1033 
4648 327 1033 329 328 
4649 328 1053 1033 1034 
4650 328 1034 1033 329 
4651 251 273 266 1044 
4652 273 264 272 1042 
4653 266 272 8 1040 
4654 1044 1042 1040 1020 
4655 273 266 1044 1042 
4656 273 1042 272 266 
4657 266 1044 1042 1040 
4658 266 1040 1042 272 
4659 438 447 445 1041 
4660 447 425 441 1058 
4661 445 441 50 1045 
4662 1041 1058 1045 1020 
4663 447 445 1041 1058 
4664 447 1058 441 445 
4665 445 1041 1058 1045 
4666 445 1045 1058 441 
4667 415 553 558 1048 
4668 553 414 559 1061 
4669 558 559 416 1050 
4670 1048 1061 1050 1019 
4671 553 558 1048 1061 
4672 553 1061 559 558 
4673 558 1048 1061 1050 
4674 558 1050 1061 559 
4675 418 502 503 1054 
4676 502 401 501 1035 
4677 503 501 410 1037 
4678 1054 1035 1037 1021 
4679 502 503 1054 1035 
4680 502 1035 501 503 
4681 503 1054 1035 1037 
4682 503 1037 1035 501 
4683 80 81 488 1025 
4684 81 82 489 1023 
4685 488 489 431 1029 
4686 1025 1023 1029 1022 
4687 81 488 1025 1023 
4688 81 1023 489 488 
4689 488 1025 1023 1029 
4690 488 1029 1023 489 
4691 242 384 385 1049 
4692 384 240 378 1056 
4693 385 378 241 1062 
4694 1049 1056 1062 1019 
4695 384 385 1049 1056 
4696 384 1056 378 385 
4697 385 1049 1056 1062 
4698 385 1062 1056 378 
4699 38 315 39 1024 
4700 315 257 314 1030 
4701 39 314 40 1028 
4702 1024 1030 1028 1022 
4703 315 39 1024 1030 
4704 315 1030 314 39 
4705 39 1024 1030 1028 
4706 39 1028 1030 314 
3 2 4 1840
4707 585 661 720 1230 
4708 661 581 725 1232 
4709 720 725 605 1231 
4710 1230 1232 1231 1221 
4711 661 720 1230 1232 
4712 661 1232 725 720 
4713 720 1230 1232 1231 
4714 720 1231 1232 725 
4715 585 654 661 1233 
4716 654 114 657 1235 
4717 661 657 581 1234 
4718 1233 1235 1234 1226 
4719 654 661 1233 1235 
4720 654 1235 657 661 
4721 661 1233 1235 1234 
4722 661 1234 1235 657 
4723 585 661 1230 1233 
4724 661 581 1232 1234 
4725 1230 1232 1221 1236 
4726 1233 1234 1236 1226 
4727 661 1230 1233 1234 
4728 661 1234 1232 1230 
4729 1230 1233 1234 1236 
4730 1230 1236 1234 1232 
4731 1223 1237 1239 1240 
4732 1237 1225 1238 1242 
4733 1239 1238 600 1241 
4734 1240 1242 1241 1227 
4735 1237 1239 1240 1242 
4736 1237 1242 1238 1239 
4737 1239 1240 1242 1241 
4738 1239 1241 1242 1238 
4739 605 1231 725 1243 
4740 1231 1221 1232 1245 
4741 725 1232 581 1244 
4742 1243 1245 1244 1227 
4743 1231 725 1243 1245 
4744 1231 1245 1232 725 
4745 725 1243 1245 1244 
4746 725 1244 1245 1232 
4747 602 1246 1248 1249 
4748 1246 1222 1247 1251 
4749 1248 1247 1221 1250 
4750 1249 1251 1250 1223 
4751 1246 1248 1249 1251 
4752 1246 1251 1247 1248 
4753 1248 1249 1251 1250 
4754 1248 1250 1251 1247 
4755 1222 1251 1252 1253 
4756 1251 1223 1239 1240 
4757 1252 1239 600 1241 
4758 1253 1240 1241 1227 
4759 1251 1252 1253 1240 
4760 1251 1240 1239 1252 
4761 1252 1253 1240 1241 
4762 1252 1241 1240 1239 
4763 605 720 1231 1254 
4764 720 585 1230 1256 
4765 1231 1230 1221 1255 
4766 1254 1256 1255 1225 
4767 720 1231 1254 1256 
4768 720 1256 1230 1231 
4769 1231 1254 1256 1255 
4770 1231 1255 1256 1230 
4771 1221 1255 1250 1245 
4772 1255 1225 1237 1242 
4773 1250 1237 1223 1240 
4774 1245 1242 1240 1227 
4775 1255 1250 1245 1242 
4776 1255 1242 1237 1250 
4777 1250 1245 1242 1240 
4778 1250 1240 1242 1237 
4779 585 1257 654 1233 
4780 1257 1224 1258 1259 
4781 654 1258 114 1235 
4782 1233 1259 1235 1226 
4783 1257 654 1233 1259 
4784 1257 1259 1258 654 
4785 654 1233 1259 1235 
4786 654 1235 1259 1258 
4787 1221 1250 1247 1245 
4788 1250 1223 1251 1240 
4789 1247 1251 1222 1253 
4790 1245 1240 1253 1227 
4791 1250 1247 1245 1240 
4792 1250 1240 1251 1247 
4793 1247 1245 1240 1253 
4794 1247 1253 1240 1251 
4795 585 1230 1257 1233 
4796 1230 1221 1260 1236 
4797 1257 1260 1224 1259 
4798 1233 1236 1259 1226 
4799 1230 1257 1233 1236 
4800 1230 1236 1260 1257 
4801 1257 1233 1236 1259 
4802 1257 1259 1236 1260 
4803 1221 1247 1248 1261 
4804 1247 1222 1246 1263 
4805 1248 1246 602 1262 
4806 1261 1263 1262 1228 
4807 1247 1248 1261 1263 
4808 1247 1263 1246 1248 
4809 1248 1261 1263 1262 
4810 1248 1262 1263 1246 
4811 601 744 1264 1265 
4812 744 600 1252 1239 
4813 1264 1252 1222 1251 
4814 1265 1239 1251 1223 
4815 744 1264 1265 1239 
4816 744 1239 1252 1264 
4817 1264 1265 1239 1251 
4818 1264 1251 1239 1252 
4819 602 1249 1248 1266 
4820 1249 1223 1250 1268 
4821 1248 1250 1221 1267 
4822 1266 1268 1267 1229 
4823 1249 1248 1266 1268 
4824 1249 1268 1250 1248 
4825 1248 1266 1268 1267 
4826 1248 1267 1268 1250 
4827 603 1269 707 1270 
4828 1269 1222 1246 1251 
4829 707 1246 602 1249 
4830 1270 1251 1249 1223 
4831 1269 707 1270 1251 
4832 1269 1251 1246 707 
4833 707 1270 1251 1249 
4834 707 1249 1251 1246 
4835 1221 1236 1232 1245 
4836 1236 1226 1234 1271 
4837 1232 1234 581 1244 
4838 1245 1271 1244 1227 
4839 1236 1232 1245 1271 
4840 1236 1271 1234 1232 
4841 1232 1245 1271 1244 
4842 1232 1244 1271 1234 
4843 585 1257 1230 1256 
4844 1257 1224 1260 1272 
4845 1230 1260 1221 1255 
4846 1256 1272 1255 1225 
4847 1257 1230 1256 1272 
4848 1257 1272 1260 1230 
4849 1230 1256 1272 1255 
4850 1230 1255 1272 1260 
4851 605 1254 1231 1243 
4852 1254 1225 1255 1242 
4853 1231 1255 1221 1245 
4854 1243 1242 1245 1227 
4855 1254 1231 1243 1242 
4856 1254 1242 1255 1231 
4857 1231 1243 1242 1245 
4858 1231 1245 1242 1255 
4859 1221 1261 1248 1267 
4860 1261 1228 1262 1273 
4861 1248 1262 602 1266 
4862 1267 1273 1266 1229 
4863 1261 1248 1267 1273 
4864 1261 1273 1262 1248 
4865 1248 1267 1273 1266 
4866 1248 1266 1273 1262 
4867 606 718 1275 1276 
4868 718 598 1274 1277 
4869 1275 1274 1221 1260 
4870 1276 1277 1260 1224 
4871 718 1275 1276 1277 
4872 718 1277 1274 1275 
4873 1275 1276 1277 1260 
4874 1275 1260 1277 1274 
4875 606 1275 718 1278 
4876 1275 1221 1274 1236 
4877 718 1274 598 1279 
4878 1278 1236 1279 1226 
4879 1275 718 1278 1236 
4880 1275 1236 1274 718 
4881 718 1278 1236 1279 
4882 718 1279 1236 1274 
4883 606 1276 1275 1278 
4884 1276 1224 1260 1259 
4885 1275 1260 1221 1236 
4886 1278 1259 1236 1226 
4887 1276 1275 1278 1259 
4888 1276 1259 1260 1275 
4889 1275 1278 1259 1236 
4890 1275 1236 1259 1260 
4891 600 1239 741 1238 
4892 1239 1223 1280 1237 
4893 741 1280 590 1281 
4894 1238 1237 1281 1225 
4895 1239 741 1238 1237 
4896 1239 1237 1280 741 
4897 741 1238 1237 1281 
4898 741 1281 1237 1280 
4899 600 699 1252 1241 
4900 699 594 1282 1283 
4901 1252 1282 1222 1253 
4902 1241 1283 1253 1227 
4903 699 1252 1241 1283 
4904 699 1283 1282 1252 
4905 1252 1241 1283 1253 
4906 1252 1253 1283 1282 
4907 1221 1260 1274 1267 
4908 1260 1224 1277 1285 
4909 1274 1277 598 1284 
4910 1267 1285 1284 1229 
4911 1260 1274 1267 1285 
4912 1260 1285 1277 1274 
4913 1274 1267 1285 1284 
4914 1274 1284 1285 1277 
4915 598 1279 1274 1286 
4916 1279 1226 1236 1287 
4917 1274 1236 1221 1261 
4918 1286 1287 1261 1228 
4919 1279 1274 1286 1287 
4920 1279 1287 1236 1274 
4921 1274 1286 1287 1261 
4922 1274 1261 1287 1236 
4923 601 744 737 1264 
4924 744 600 699 1252 
4925 737 699 594 1282 
4926 1264 1252 1282 1222 
4927 744 737 1264 1252 
4928 744 1252 699 737 
4929 737 1264 1252 1282 
4930 737 1282 1252 699 
4931 603 706 707 1269 
4932 706 577 703 1288 
4933 707 703 602 1246 
4934 1269 1288 1246 1222 
4935 706 707 1269 1288 
4936 706 1288 703 707 
4937 707 1269 1288 1246 
4938 707 1246 1288 703 
4939 602 734 707 1249 
4940 734 583 731 1289 
4941 707 731 603 1270 
4942 1249 1289 1270 1223 
4943 734 707 1249 1289 
4944 734 1289 731 707 
4945 707 1249 1289 1270 
4946 707 1270 1289 731 
4947 590 741 694 1280 
4948 741 600 744 1239 
4949 694 744 601 1265 
4950 1280 1239 1265 1223 
4951 741 694 1280 1239 
4952 741 1239 744 694 
4953 694 1280 1239 1265 
4954 694 1265 1239 744 
4955 602 1246 703 1262 
4956 1246 1222 1288 1263 
4957 703 1288 577 1290 
4958 1262 1263 1290 1228 
4959 1246 703 1262 1263 
4960 1246 1263 1288 703 
4961 703 1262 1263 1290 
4962 703 1290 1263 1288 
4963 583 1289 734 1291 
4964 1289 1223 1249 1268 
4965 734 1249 602 1266 
4966 1291 1268 1266 1229 
4967 1289 734 1291 1268 
4968 1289 1268 1249 734 
4969 734 1291 1268 1266 
4970 734 1266 1268 1249 
4971 606 718 713 1278 
4972 718 598 717 1279 
4973 713 717 579 1292 
4974 1278 1279 1292 1226 
4975 718 713 1278 1279 
4976 718 1279 717 713 
4977 713 1278 1279 1292 
4978 713 1292 1279 717 
4979 606 729 718 1276 
4980 729 596 710 1293 
4981 718 710 598 1277 
4982 1276 1293 1277 1224 
4983 729 718 1276 1293 
4984 729 1293 710 718 
4985 718 1276 1293 1277 
4986 718 1277 1293 710 
4987 586 662 714 1294 
4988 662 582 728 1295 
4989 714 728 606 1278 
4990 1294 1295 1278 1226 
4991 662 714 1294 1295 
4992 662 1295 728 714 
4993 714 1294 1295 1278 
4994 714 1278 1295 728 
4995 586 660 662 1294 
4996 660 114 651 1235 
4997 662 651 582 1295 
4998 1294 1235 1295 1226 
4999 660 662 1294 1235 
5000 660 1235 651 662 
5001 662 1294 1235 1295 
5002 662 1295 1235 651 
5003 598 1286 1274 1284 
5004 1286 1228 1261 1273 
5005 1274 1261 1221 1267 
5006 1284 1273 1267 1229 
5007 1286 1274 1284 1273 
5008 1286 1273 1261 1274 
5009 1274 1284 1273 1267 
5010 1274 1267 1273 1261 
5011 582 1296 728 1295 
5012 1296 1224 1276 1259 
5013 728 1276 606 1278 
5014 1295 1259 1278 1226 
5015 1296 728 1295 1259 
5016 1296 1259 1276 728 
5017 728 1295 1259 1278 
5018 728 1278 1259 1276 
5019 114 1258 651 1235 
5020 1258 1224 1296 1259 
5021 651 1296 582 1295 
5022 1235 1259 1295 1226 
5023 1258 651 1235 1259 
5024 1258 1259 1296 651 
5025 651 1235 1259 1295 
5026 651 1295 1259 1296 
5027 579 1292 717 1297 
5028 1292 1226 1279 1287 
5029 717 1279 598 1286 
5030 1297 1287 1286 1228 
5031 1292 717 1297 1287 
5032 1292 1287 1279 717 
5033 717 1297 1287 1286 
5034 717 1286 1287 1279 
5035 598 1277 710 1284 
5036 1277 1224 1293 1285 
5037 710 1293 596 1298 
5038 1284 1285 1298 1229 
5039 1277 710 1284 1285 
5040 1277 1285 1293 710 
5041 710 1284 1285 1298 
5042 710 1298 1285 1293 
5043 750 1299 1300 1301 
5044 1299 1227 1271 1302 
5045 1300 1271 1226 1287 
5046 1301 1302 1287 1228 
5047 1299 1300 1301 1302 
5048 1299 1302 1271 1300 
5049 1300 1301 1302 1287 
5050 1300 1287 1302 1271 
5051 790 1303 1304 1305 
5052 1303 1224 1272 1285 
5053 1304 1272 1225 1306 
5054 1305 1285 1306 1229 
5055 1303 1304 1305 1285 
5056 1303 1285 1272 1304 
5057 1304 1305 1285 1306 
5058 1304 1306 1285 1272 
5059 750 1307 1299 1301 
5060 1307 1222 1253 1263 
5061 1299 1253 1227 1302 
5062 1301 1263 1302 1228 
5063 1307 1299 1301 1263 
5064 1307 1263 1253 1299 
5065 1299 1301 1263 1302 
5066 1299 1302 1263 1253 
5067 790 1304 1308 1305 
5068 1304 1225 1237 1306 
5069 1308 1237 1223 1268 
5070 1305 1306 1268 1229 
5071 1304 1308 1305 1306 
5072 1304 1306 1237 1308 
5073 1308 1305 1306 1268 
5074 1308 1268 1306 1237 
5075 1226 1271 1236 1287 
5076 1271 1227 1245 1302 
5077 1236 1245 1221 1261 
5078 1287 1302 1261 1228 
5079 1271 1236 1287 1302 
5080 1271 1302 1245 1236 
5081 1236 1287 1302 1261 
5082 1236 1261 1302 1245 
5083 1221 1255 1260 1267 
5084 1255 1225 1272 1306 
5085 1260 1272 1224 1285 
5086 1267 1306 1285 1229 
5087 1255 1260 1267 1306 
5088 1255 1306 1272 1260 
5089 1260 1267 1306 1285 
5090 1260 1285 1306 1272 
5091 1222 1247 1253 1263 
5092 1247 1221 1245 1261 
5093 1253 1245 1227 1302 
5094 1263 1261 1302 1228 
5095 1247 1253 1263 1261 
5096 1247 1261 1245 1253 
5097 1253 1263 1261 1302 
5098 1253 1302 1261 1245 
5099 1221 1250 1255 1267 
5100 1250 1223 1237 1268 
5101 1255 1237 1225 1306 
5102 1267 1268 1306 1229 
5103 1250 1255 1267 1268 
5104 1250 1268 1237 1255 
5105 1255 1267 1268 1306 
5106 1255 1306 1268 1237 
5107 599 743 1309 1310 
5108 743 602 1262 1266 
5109 1309 1262 1228 1273 
5110 1310 1266 1273 1229 
5111 743 1309 1310 1266 
5112 743 1266 1262 1309 
5113 1309 1310 1266 1273 
5114 1309 1273 1266 1262 
5115 590 1280 1312 1281 
5116 1280 1223 1311 1237 
5117 1312 1311 793 1313 
5118 1281 1237 1313 1225 
5119 1280 1312 1281 1237 
5120 1280 1237 1311 1312 
5121 1312 1281 1237 1313 
5122 1312 1313 1237 1311 
5123 594 1314 1282 1283 
5124 1314 753 1315 1316 
5125 1282 1315 1222 1253 
5126 1283 1316 1253 1227 
5127 1314 1282 1283 1316 
5128 1314 1316 1315 1282 
5129 1282 1283 1316 1253 
5130 1282 1253 1316 1315 
5131 598 712 1286 1284 
5132 712 599 1309 1310 
5133 1286 1309 1228 1273 
5134 1284 1310 1273 1229 
5135 712 1286 1284 1310 
5136 712 1310 1309 1286 
5137 1286 1284 1310 1273 
5138 1286 1273 1310 1309 
5139 590 1312 1317 1281 
5140 1312 793 805 1313 
5141 1317 805 788 1318 
5142 1281 1313 1318 1225 
5143 1312 1317 1281 1313 
5144 1312 1313 805 1317 
5145 1317 1281 1313 1318 
5146 1317 1318 1313 805 
5147 594 1319 1314 1283 
5148 1319 748 765 1320 
5149 1314 765 753 1316 
5150 1283 1320 1316 1227 
5151 1319 1314 1283 1320 
5152 1319 1320 765 1314 
5153 1314 1283 1320 1316 
5154 1314 1316 1320 765 
5155 597 702 1321 1322 
5156 702 600 1238 1241 
5157 1321 1238 1225 1242 
5158 1322 1241 1242 1227 
5159 702 1321 1322 1241 
5160 702 1241 1238 1321 
5161 1321 1322 1241 1242 
5162 1321 1242 1241 1238 
5163 747 772 1324 1325 
5164 772 751 1323 1326 
5165 1324 1323 577 1288 
5166 1325 1326 1288 1222 
5167 772 1324 1325 1326 
5168 772 1326 1323 1324 
5169 1324 1325 1326 1288 
5170 1324 1288 1326 1323 
5171 787 1327 812 1329 
5172 1327 583 1328 1289 
5173 812 1328 791 1330 
5174 1329 1289 1330 1223 
5175 1327 812 1329 1289 
5176 1327 1289 1328 812 
5177 812 1329 1289 1330 
5178 812 1330 1289 1328 
5179 588 673 1331 1332 
5180 673 590 1317 1281 
5181 1331 1317 788 1318 
5182 1332 1281 1318 1225 
5183 673 1331 1332 1281 
5184 673 1281 1317 1331 
5185 1331 1332 1281 1318 
5186 1331 1318 1281 1317 
5187 594 631 1319 1283 
5188 631 576 1333 1334 
5189 1319 1333 748 1320 
5190 1283 1334 1320 1227 
5191 631 1319 1283 1334 
5192 631 1334 1333 1319 
5193 1319 1283 1334 1320 
5194 1319 1320 1334 1333 
5195 747 1324 1335 1325 
5196 1324 577 640 1288 
5197 1335 640 592 1336 
5198 1325 1288 1336 1222 
5199 1324 1335 1325 1288 
5200 1324 1288 640 1335 
5201 1335 1325 1288 1336 
5202 1335 1336 1288 640 
5203 787 1337 1327 1329 
5204 1337 591 682 1338 
5205 1327 682 583 1289 
5206 1329 1338 1289 1223 
5207 1337 1327 1329 1338 
5208 1337 1338 682 1327 
5209 1327 1329 1338 1289 
5210 1327 1289 1338 682 
5211 609 663 1339 1340 
5212 663 581 1234 1244 
5213 1339 1234 1226 1271 
5214 1340 1244 1271 1227 
5215 663 1339 1340 1244 
5216 663 1244 1234 1339 
5217 1339 1340 1244 1271 
5218 1339 1271 1244 1234 
5219 577 1288 1323 1290 
5220 1288 1222 1326 1263 
5221 1323 1326 751 1341 
5222 1290 1263 1341 1228 
5223 1288 1323 1290 1263 
5224 1288 1263 1326 1323 
5225 1323 1290 1263 1341 
5226 1323 1341 1263 1326 
5227 583 1328 1289 1291 
5228 1328 791 1330 1342 
5229 1289 1330 1223 1268 
5230 1291 1342 1268 1229 
5231 1328 1289 1291 1342 
5232 1328 1342 1330 1289 
5233 1289 1291 1342 1268 
5234 1289 1268 1342 1330 
5235 607 1343 656 1344 
5236 1343 1224 1257 1272 
5237 656 1257 585 1256 
5238 1344 1272 1256 1225 
5239 1343 656 1344 1272 
5240 1343 1272 1257 656 
5241 656 1344 1272 1256 
5242 656 1256 1272 1257 
5243 605 724 1254 1243 
5244 724 597 1321 1322 
5245 1254 1321 1225 1242 
5246 1243 1322 1242 1227 
5247 724 1254 1243 1322 
5248 724 1322 1321 1254 
5249 1254 1243 1322 1242 
5250 1254 1242 1322 1321 
5251 604 1345 745 1346 
5252 1345 1222 1269 1251 
5253 745 1269 603 1270 
5254 1346 1251 1270 1223 
5255 1345 745 1346 1251 
5256 1345 1251 1269 745 
5257 745 1346 1251 1270 
5258 745 1270 1251 1269 
5259 601 1264 697 1265 
5260 1264 1222 1345 1251 
5261 697 1345 604 1346 
5262 1265 1251 1346 1223 
5263 1264 697 1265 1251 
5264 1264 1251 1345 697 
5265 697 1265 1251 1346 
5266 697 1346 1251 1345 
5267 609 616 1348 1339 
5268 616 116 1347 1350 
5269 1348 1347 752 1349 
5270 1339 1350 1349 1226 
5271 616 1348 1339 1350 
5272 616 1350 1347 1348 
5273 1348 1339 1350 1349 
5274 1348 1349 1350 1347 
5275 579 1351 650 1292 
5276 1351 746 1352 1354 
5277 650 1352 608 1353 
5278 1292 1354 1353 1226 
5279 1351 650 1292 1354 
5280 1351 1354 1352 650 
5281 650 1292 1354 1353 
5282 650 1353 1354 1352 
5283 753 765 784 1316 
5284 765 748 785 1320 
5285 784 785 750 1299 
5286 1316 1320 1299 1227 
5287 765 784 1316 1320 
5288 765 1320 785 784 
5289 784 1316 1320 1299 
5290 784 1299 1320 785 
5291 790 825 824 1304 
5292 825 788 805 1318 
5293 824 805 793 1313 
5294 1304 1318 1313 1225 
5295 825 824 1304 1318 
5296 825 1318 805 824 
5297 824 1304 1318 1313 
5298 824 1313 1318 805 
5299 790 824 1308 1304 
5300 824 793 1311 1313 
5301 1308 1311 1223 1237 
5302 1304 1313 1237 1225 
5303 824 1308 1304 1313 
5304 824 1313 1311 1308 
5305 1308 1304 1313 1237 
5306 1308 1237 1313 1311 
5307 753 784 1315 1316 
5308 784 750 1307 1299 
5309 1315 1307 1222 1253 
5310 1316 1299 1253 1227 
5311 784 1315 1316 1299 
5312 784 1299 1307 1315 
5313 1315 1316 1299 1253 
5314 1315 1253 1299 1307 
5315 588 742 673 1332 
5316 742 600 741 1238 
5317 673 741 590 1281 
5318 1332 1238 1281 1225 
5319 742 673 1332 1238 
5320 742 1238 741 673 
5321 673 1332 1238 1281 
5322 673 1281 1238 741 
5323 610 1355 692 1357 
5324 1355 786 1356 1358 
5325 692 1356 596 1293 
5326 1357 1358 1293 1224 
5327 1355 692 1357 1358 
5328 1355 1358 1356 692 
5329 692 1357 1358 1293 
5330 692 1293 1358 1356 
5331 600 698 699 1241 
5332 698 576 631 1334 
5333 699 631 594 1283 
5334 1241 1334 1283 1227 
5335 698 699 1241 1334 
5336 698 1334 631 699 
5337 699 1241 1334 1283 
5338 699 1283 1334 631 
5339 792 1359 1360 1361 
5340 1359 1224 1343 1272 
5341 1360 1343 607 1344 
5342 1361 1272 1344 1225 
5343 1359 1360 1361 1272 
5344 1359 1272 1343 1360 
5345 1360 1361 1272 1344 
5346 1360 1344 1272 1343 
5347 609 1339 1348 1340 
5348 1339 1226 1349 1271 
5349 1348 1349 752 1362 
5350 1340 1271 1362 1227 
5351 1339 1348 1340 1271 
5352 1339 1271 1349 1348 
5353 1348 1340 1271 1362 
5354 1348 1362 1271 1349 
5355 584 738 634 1363 
5356 738 601 737 1264 
5357 634 737 594 1282 
5358 1363 1264 1282 1222 
5359 738 634 1363 1264 
5360 738 1264 737 634 
5361 634 1363 1264 1282 
5362 634 1282 1264 737 
5363 584 1364 637 1363 
5364 1364 747 1335 1325 
5365 637 1335 592 1336 
5366 1363 1325 1336 1222 
5367 1364 637 1363 1325 
5368 1364 1325 1335 637 
5369 637 1363 1325 1336 
5370 637 1336 1325 1335 
5371 592 640 705 1336 
5372 640 577 706 1288 
5373 705 706 603 1269 
5374 1336 1288 1269 1222 
5375 640 705 1336 1288 
5376 640 1288 706 705 
5377 705 1336 1288 1269 
5378 705 1269 1288 706 
5379 591 1337 679 1338 
5380 1337 787 1365 1329 
5381 679 1365 575 1366 
5382 1338 1329 1366 1223 
5383 1337 679 1338 1329 
5384 1337 1329 1365 679 
5385 679 1338 1329 1366 
5386 679 1366 1329 1365 
5387 581 657 658 1234 
5388 657 114 115 1235 
5389 658 115 116 1350 
5390 1234 1235 1350 1226 
5391 657 658 1234 1235 
5392 657 1235 115 658 
5393 658 1234 1235 1350 
5394 658 1350 1235 115 
5395 583 682 731 1289 
5396 682 591 732 1338 
5397 731 732 603 1270 
5398 1289 1338 1270 1223 
5399 682 731 1289 1338 
5400 682 1338 732 731 
5401 731 1289 1338 1270 
5402 731 1270 1338 732 
5403 575 676 693 1366 
5404 676 590 694 1280 
5405 693 694 601 1265 
5406 1366 1280 1265 1223 
5407 676 693 1366 1280 
5408 676 1280 694 693 
5409 693 1366 1280 1265 
5410 693 1265 1280 694 
5411 752 1347 758 1349 
5412 1347 116 1367 1350 
5413 758 1367 746 1354 
5414 1349 1350 1354 1226 
5415 1347 758 1349 1350 
5416 1347 1350 1367 758 
5417 758 1349 1350 1354 
5418 758 1354 1350 1367 
5419 578 711 691 1368 
5420 711 598 710 1284 
5421 691 710 596 1298 
5422 1368 1284 1298 1229 
5423 711 691 1368 1284 
5424 711 1284 710 691 
5425 691 1368 1284 1298 
5426 691 1298 1284 710 
5427 589 704 643 1369 
5428 704 602 703 1262 
5429 643 703 577 1290 
5430 1369 1262 1290 1228 
5431 704 643 1369 1262 
5432 704 1262 703 643 
5433 643 1369 1262 1290 
5434 643 1290 1262 703 
5435 114 654 113 1258 
5436 654 585 653 1257 
5437 113 653 112 1370 
5438 1258 1257 1370 1224 
5439 654 113 1258 1257 
5440 654 1257 653 113 
5441 113 1258 1257 1370 
5442 113 1370 1257 653 
5443 583 734 685 1291 
5444 734 602 733 1266 
5445 685 733 593 1371 
5446 1291 1266 1371 1229 
5447 734 685 1291 1266 
5448 734 1266 733 685 
5449 685 1291 1266 1371 
5450 685 1371 1266 733 
5451 582 730 728 1296 
5452 730 596 729 1293 
5453 728 729 606 1276 
5454 1296 1293 1276 1224 
5455 730 728 1296 1293 
5456 730 1293 729 728 
5457 728 1296 1293 1276 
5458 728 1276 1293 729 
5459 587 649 716 1372 
5460 649 579 717 1297 
5461 716 717 598 1286 
5462 1372 1297 1286 1228 
5463 649 716 1372 1297 
5464 649 1297 717 716 
5465 716 1372 1297 1286 
5466 716 1286 1297 717 
5467 750 782 783 1307 
5468 782 751 772 1326 
5469 783 772 747 1325 
5470 1307 1326 1325 1222 
5471 782 783 1307 1326 
5472 782 1326 772 783 
5473 783 1307 1326 1325 
5474 783 1325 1326 772 
5475 787 812 822 1329 
5476 812 791 823 1330 
5477 822 823 790 1308 
5478 1329 1330 1308 1223 
5479 812 822 1329 1330 
5480 812 1330 823 822 
5481 822 1329 1330 1308 
5482 822 1308 1330 823 
5483 4 111 617 797 
5484 111 112 618 1374 
5485 617 618 607 1373 
5486 797 1374 1373 786 
5487 111 617 797 1374 
5488 111 1374 618 617 
5489 617 797 1374 1373 
5490 617 1373 1374 618 
5491 749 1375 1376 1377 
5492 1375 1226 1292 1287 
5493 1376 1292 579 1297 
5494 1377 1287 1297 1228 
5495 1375 1376 1377 1287 
5496 1375 1287 1292 1376 
5497 1376 1377 1287 1297 
5498 1376 1297 1287 1292 
5499 584 634 1378 1363 
5500 634 594 1314 1282 
5501 1378 1314 753 1315 
5502 1363 1282 1315 1222 
5503 634 1378 1363 1282 
5504 634 1282 1314 1378 
5505 1378 1363 1282 1315 
5506 1378 1315 1282 1314 
5507 575 1379 676 1366 
5508 1379 793 1312 1311 
5509 676 1312 590 1280 
5510 1366 1311 1280 1223 
5511 1379 676 1366 1311 
5512 1379 1311 1312 676 
5513 676 1366 1311 1280 
5514 676 1280 1311 1312 
5515 580 667 721 1380 
5516 667 607 656 1344 
5517 721 656 585 1256 
5518 1380 1344 1256 1225 
5519 667 721 1380 1344 
5520 667 1344 656 721 
5521 721 1380 1344 1256 
5522 721 1256 1344 656 
5523 609 625 663 1340 
5524 625 595 727 1381 
5525 663 727 581 1244 
5526 1340 1381 1244 1227 
5527 625 663 1340 1381 
5528 625 1381 727 663 
5529 663 1340 1381 1244 
5530 663 1244 1381 727 
5531 596 1293 1383 1298 
5532 1293 1224 1382 1285 
5533 1383 1382 789 1384 
5534 1298 1285 1384 1229 
5535 1293 1383 1298 1285 
5536 1293 1285 1382 1383 
5537 1383 1298 1285 1384 
5538 1383 1384 1285 1382 
5539 609 663 616 1339 
5540 663 581 658 1234 
5541 616 658 116 1350 
5542 1339 1234 1350 1226 
5543 663 616 1339 1234 
5544 663 1234 658 616 
5545 616 1339 1234 1350 
5546 616 1350 1234 658 
5547 585 656 653 1257 
5548 656 607 618 1343 
5549 653 618 112 1370 
5550 1257 1343 1370 1224 
5551 656 653 1257 1343 
5552 656 1343 618 653 
5553 653 1257 1343 1370 
5554 653 1370 1343 618 
5555 588 673 668 1331 
5556 673 590 672 1317 
5557 668 672 123 801 
5558 1331 1317 801 788 
5559 673 668 1331 1317 
5560 673 1317 672 668 
5561 668 1331 1317 801 
5562 668 801 1317 672 
5563 748 1319 760 1333 
5564 1319 594 629 631 
5565 760 629 95 627 
5566 1333 631 627 576 
5567 1319 760 1333 631 
5568 1319 631 629 760 
5569 760 1333 631 627 
5570 760 627 631 629 
5571 584 633 637 1364 
5572 633 99 635 768 
5573 637 635 592 1335 
5574 1364 768 1335 747 
5575 633 637 1364 768 
5576 633 768 635 637 
5577 637 1364 768 1335 
5578 637 1335 768 635 
5579 575 674 1365 679 
5580 674 127 807 678 
5581 1365 807 787 1337 
5582 679 678 1337 591 
5583 674 1365 679 678 
5584 674 678 807 1365 
5585 1365 679 678 1337 
5586 1365 1337 678 807 
5587 750 782 1307 1301 
5588 782 751 1326 1341 
5589 1307 1326 1222 1263 
5590 1301 1341 1263 1228 
5591 782 1307 1301 1341 
5592 782 1341 1326 1307 
5593 1307 1301 1341 1263 
5594 1307 1263 1341 1326 
5595 791 823 1330 1342 
5596 823 790 1308 1305 
5597 1330 1308 1223 1268 
5598 1342 1305 1268 1229 
5599 823 1330 1342 1305 
5600 823 1305 1308 1330 
5601 1330 1342 1305 1268 
5602 1330 1268 1305 1308 
5603 746 1351 778 1354 
5604 1351 579 1376 1292 
5605 778 1376 749 1375 
5606 1354 1292 1375 1226 
5607 1351 778 1354 1292 
5608 1351 1292 1376 778 
5609 778 1354 1292 1375 
5610 778 1375 1292 1376 
5611 595 726 727 1381 
5612 726 605 725 1243 
5613 727 725 581 1244 
5614 1381 1243 1244 1227 
5615 726 727 1381 1243 
5616 726 1243 725 727 
5617 727 1381 1243 1244 
5618 727 1244 1243 725 
5619 753 769 1378 1315 
5620 769 747 1364 1325 
5621 1378 1364 584 1363 
5622 1315 1325 1363 1222 
5623 769 1378 1315 1325 
5624 769 1325 1364 1378 
5625 1378 1315 1325 1363 
5626 1378 1363 1325 1364 
5627 787 809 1365 1329 
5628 809 793 1379 1311 
5629 1365 1379 575 1366 
5630 1329 1311 1366 1223 
5631 809 1365 1329 1311 
5632 809 1311 1379 1365 
5633 1365 1329 1311 1366 
5634 1365 1366 1311 1379 
5635 606 713 714 1278 
5636 713 579 715 1292 
5637 714 715 586 1294 
5638 1278 1292 1294 1226 
5639 713 714 1278 1292 
5640 713 1292 715 714 
5641 714 1278 1292 1294 
5642 714 1294 1292 715 
5643 790 1303 821 1304 
5644 1303 1224 1359 1272 
5645 821 1359 792 1361 
5646 1304 1272 1361 1225 
5647 1303 821 1304 1272 
5648 1303 1272 1359 821 
5649 821 1304 1272 1361 
5650 821 1361 1272 1359 
5651 752 1349 781 1362 
5652 1349 1226 1300 1271 
5653 781 1300 750 1299 
5654 1362 1271 1299 1227 
5655 1349 781 1362 1271 
5656 1349 1271 1300 781 
5657 781 1362 1271 1299 
5658 781 1299 1271 1300 
5659 789 1383 818 1382 
5660 1383 596 1356 1293 
5661 818 1356 786 1358 
5662 1382 1293 1358 1224 
5663 1383 818 1382 1293 
5664 1383 1293 1356 818 
5665 818 1382 1293 1358 
5666 818 1358 1293 1356 
5667 605 719 720 1254 
5668 719 580 721 1380 
5669 720 721 585 1256 
5670 1254 1380 1256 1225 
5671 719 720 1254 1380 
5672 719 1380 721 720 
5673 720 1254 1380 1256 
5674 720 1256 1380 721 
5675 602 743 733 1266 
5676 743 599 709 1310 
5677 733 709 593 1371 
5678 1266 1310 1371 1229 
5679 743 733 1266 1310 
5680 743 1310 709 733 
5681 733 1266 1310 1371 
5682 733 1371 1310 709 
5683 589 739 704 1369 
5684 739 599 743 1309 
5685 704 743 602 1262 
5686 1369 1309 1262 1228 
5687 739 704 1369 1309 
5688 739 1309 743 704 
5689 704 1369 1309 1262 
5690 704 1262 1309 743 
5691 112 1374 619 1370 
5692 1374 786 1355 1358 
5693 619 1355 610 1357 
5694 1370 1358 1357 1224 
5695 1374 619 1370 1358 
5696 1374 1358 1355 619 
5697 619 1370 1358 1357 
5698 619 1357 1358 1355 
5699 608 1352 615 1353 
5700 1352 746 1367 1354 
5701 615 1367 116 1350 
5702 1353 1354 1350 1226 
5703 1352 615 1353 1354 
5704 1352 1354 1367 615 
5705 615 1353 1354 1350 
5706 615 1350 1354 1367 
5707 789 818 819 1382 
5708 818 786 820 1358 
5709 819 820 790 1303 
5710 1382 1358 1303 1224 
5711 818 819 1382 1358 
5712 818 1358 820 819 
5713 819 1382 1358 1303 
5714 819 1303 1358 820 
5715 750 779 780 1300 
5716 779 746 778 1354 
5717 780 778 749 1375 
5718 1300 1354 1375 1226 
5719 779 780 1300 1354 
5720 779 1354 778 780 
5721 780 1300 1354 1375 
5722 780 1375 1354 778 
5723 583 1327 681 682 
5724 1327 787 808 1337 
5725 681 808 129 677 
5726 682 1337 677 591 
5727 1327 681 682 1337 
5728 1327 1337 808 681 
5729 681 682 1337 677 
5730 681 677 1337 808 
5731 101 636 767 638 
5732 636 592 1335 640 
5733 767 1335 747 1324 
5734 638 640 1324 577 
5735 636 767 638 640 
5736 636 640 1335 767 
5737 767 638 640 1324 
5738 767 1324 640 1335 
5739 109 648 757 613 
5740 648 579 1351 650 
5741 757 1351 746 1352 
5742 613 650 1352 608 
5743 648 757 613 650 
5744 648 650 1351 757 
5745 757 613 650 1352 
5746 757 1352 650 1351 
5747 121 669 800 1385 
5748 669 588 1331 1332 
5749 800 1331 788 1318 
5750 1385 1332 1318 1225 
5751 669 800 1385 1332 
5752 669 1332 1331 800 
5753 800 1385 1332 1318 
5754 800 1318 1332 1331 
5755 583 685 1328 1291 
5756 685 593 1386 1371 
5757 1328 1386 791 1342 
5758 1291 1371 1342 1229 
5759 685 1328 1291 1371 
5760 685 1371 1386 1328 
5761 1328 1291 1371 1342 
5762 1328 1342 1371 1386 
5763 790 819 1303 1305 
5764 819 789 1382 1384 
5765 1303 1382 1224 1285 
5766 1305 1384 1285 1229 
5767 819 1303 1305 1384 
5768 819 1384 1382 1303 
5769 1303 1305 1384 1285 
5770 1303 1285 1384 1382 
5771 589 643 1387 1369 
5772 643 577 1323 1290 
5773 1387 1323 751 1341 
5774 1369 1290 1341 1228 
5775 643 1387 1369 1290 
5776 643 1290 1323 1387 
5777 1387 1369 1290 1341 
5778 1387 1341 1290 1323 
5779 750 1300 780 1301 
5780 1300 1226 1375 1287 
5781 780 1375 749 1377 
5782 1301 1287 1377 1228 
5783 1300 780 1301 1287 
5784 1300 1287 1375 780 
5785 780 1301 1287 1377 
5786 780 1377 1287 1375 
5787 584 735 738 1363 
5788 735 604 697 1345 
5789 738 697 601 1264 
5790 1363 1345 1264 1222 
5791 735 738 1363 1345 
5792 735 1345 697 738 
5793 738 1363 1345 1264 
5794 738 1264 1345 697 
5795 603 745 705 1269 
5796 745 604 736 1345 
5797 705 736 592 1336 
5798 1269 1345 1336 1222 
5799 745 705 1269 1345 
5800 745 1345 736 705 
5801 705 1269 1345 1336 
5802 705 1336 1345 736 
5803 792 1360 1388 1361 
5804 1360 607 667 1344 
5805 1388 667 580 1380 
5806 1361 1344 1380 1225 
5807 1360 1388 1361 1344 
5808 1360 1344 667 1388 
5809 1388 1361 1344 1380 
5810 1388 1380 1344 667 
5811 748 1333 761 1320 
5812 1333 576 626 1334 
5813 761 626 93 1389 
5814 1320 1334 1389 1227 
5815 1333 761 1320 1334 
5816 1333 1334 626 761 
5817 761 1320 1334 1389 
5818 761 1389 1334 626 
5819 591 695 732 1338 
5820 695 604 745 1346 
5821 732 745 603 1270 
5822 1338 1346 1270 1223 
5823 695 732 1338 1346 
5824 695 1346 745 732 
5825 732 1338 1346 1270 
5826 732 1270 1346 745 
5827 601 697 693 1265 
5828 697 604 696 1346 
5829 693 696 575 1366 
5830 1265 1346 1366 1223 
5831 697 693 1265 1346 
5832 697 1346 696 693 
5833 693 1265 1346 1366 
5834 693 1366 1346 696 
5835 596 1356 692 689 
5836 1356 786 1355 796 
5837 692 1355 610 622 
5838 689 796 622 137 
5839 1356 692 689 796 
5840 1356 796 1355 692 
5841 692 689 796 622 
5842 692 622 796 1355 
5843 790 820 821 1303 
5844 820 786 798 1358 
5845 821 798 792 1359 
5846 1303 1358 1359 1224 
5847 820 821 1303 1358 
5848 820 1358 798 821 
5849 821 1303 1358 1359 
5850 821 1359 1358 798 
5851 587 1390 649 1372 
5852 1390 749 1376 1377 
5853 649 1376 579 1297 
5854 1372 1377 1297 1228 
5855 1390 649 1372 1377 
5856 1390 1377 1376 649 
5857 649 1372 1377 1297 
5858 649 1297 1377 1376 
5859 609 1348 625 1340 
5860 1348 752 1391 1362 
5861 625 1391 595 1381 
5862 1340 1362 1381 1227 
5863 1348 625 1340 1362 
5864 1348 1362 1391 625 
5865 625 1340 1362 1381 
5866 625 1381 1362 1391 
5867 746 779 758 1354 
5868 779 750 781 1300 
5869 758 781 752 1349 
5870 1354 1300 1349 1226 
5871 779 758 1354 1300 
5872 779 1300 781 758 
5873 758 1354 1300 1349 
5874 758 1349 1300 781 
5875 578 691 1392 1368 
5876 691 596 1383 1298 
5877 1392 1383 789 1384 
5878 1368 1298 1384 1229 
5879 691 1392 1368 1298 
5880 691 1298 1383 1392 
5881 1392 1368 1298 1384 
5882 1392 1384 1298 1383 
5883 99 633 766 768 
5884 633 584 1378 1364 
5885 766 1378 753 769 
5886 768 1364 769 747 
5887 633 766 768 1364 
5888 633 1364 1378 766 
5889 766 768 1364 769 
5890 766 769 1364 1378 
5891 793 806 809 1379 
5892 806 127 807 674 
5893 809 807 787 1365 
5894 1379 674 1365 575 
5895 806 809 1379 674 
5896 806 674 807 809 
5897 809 1379 674 1365 
5898 809 1365 674 807 
5899 588 722 742 1332 
5900 722 597 702 1321 
5901 742 702 600 1238 
5902 1332 1321 1238 1225 
5903 722 742 1332 1321 
5904 722 1321 702 742 
5905 742 1332 1321 1238 
5906 742 1238 1321 702 
5907 576 698 701 1334 
5908 698 600 702 1241 
5909 701 702 597 1322 
5910 1334 1241 1322 1227 
5911 698 701 1334 1241 
5912 698 1241 702 701 
5913 701 1334 1241 1322 
5914 701 1322 1241 702 
5915 753 1314 764 765 
5916 1314 594 629 1319 
5917 764 629 95 760 
5918 765 1319 760 748 
5919 1314 764 765 1319 
5920 1314 1319 629 764 
5921 764 765 1319 760 
5922 764 760 1319 629 
5923 793 803 1312 805 
5924 803 123 672 801 
5925 1312 672 590 1317 
5926 805 801 1317 788 
5927 803 1312 805 801 
5928 803 801 672 1312 
5929 1312 805 801 1317 
5930 1312 1317 801 672 
5931 598 711 712 1284 
5932 711 578 708 1368 
5933 712 708 599 1310 
5934 1284 1368 1310 1229 
5935 711 712 1284 1368 
5936 711 1368 708 712 
5937 712 1284 1368 1310 
5938 712 1310 1368 708 
5939 121 665 669 1385 
5940 665 580 670 1380 
5941 669 670 588 1332 
5942 1385 1380 1332 1225 
5943 665 669 1385 1380 
5944 665 1380 670 669 
5945 669 1385 1380 1332 
5946 669 1332 1380 670 
5947 114 113 651 1258 
5948 113 112 652 1370 
5949 651 652 582 1296 
5950 1258 1370 1296 1224 
5951 113 651 1258 1370 
5952 113 1370 652 651 
5953 651 1258 1370 1296 
5954 651 1296 1370 652 
5955 598 712 716 1286 
5956 712 599 740 1309 
5957 716 740 587 1372 
5958 1286 1309 1372 1228 
5959 712 716 1286 1309 
5960 712 1309 740 716 
5961 716 1286 1309 1372 
5962 716 1372 1309 740 
5963 586 659 660 1294 
5964 659 116 115 1350 
5965 660 115 114 1235 
5966 1294 1350 1235 1226 
5967 659 660 1294 1350 
5968 659 1350 115 660 
5969 660 1294 1350 1235 
5970 660 1235 1350 115 
5971 607 1360 617 1373 
5972 1360 792 794 798 
5973 617 794 4 797 
5974 1373 798 797 786 
5975 1360 617 1373 798 
5976 1360 798 794 617 
5977 617 1373 798 797 
5978 617 797 798 794 
5979 595 624 628 1381 
5980 624 93 626 1389 
5981 628 626 576 1334 
5982 1381 1389 1334 1227 
5983 624 628 1381 1389 
5984 624 1389 626 628 
5985 628 1381 1389 1334 
5986 628 1334 1389 626 
5987 595 700 726 1381 
5988 700 597 724 1322 
5989 726 724 605 1243 
5990 1381 1322 1243 1227 
5991 700 726 1381 1322 
5992 700 1322 724 726 
5993 726 1381 1322 1243 
5994 726 1243 1322 724 
5995 787 812 1327 808 
5996 812 791 1328 810 
5997 1327 1328 583 681 
5998 808 810 681 129 
5999 812 1327 808 810 
6000 812 810 1328 1327 
6001 1327 808 810 681 
6002 1327 681 810 1328 
6003 577 1324 638 1323 
6004 1324 747 767 772 
6005 638 767 101 771 
6006 1323 772 771 751 
6007 1324 638 1323 772 
6008 1324 772 767 638 
6009 638 1323 772 771 
6010 638 771 772 767 
6011 112 111 619 1374 
6012 111 4 620 797 
6013 619 620 610 1355 
6014 1374 797 1355 786 
6015 111 619 1374 797 
6016 111 797 620 619 
6017 619 1374 797 1355 
6018 619 1355 797 620 
6019 750 783 784 1307 
6020 783 747 769 1325 
6021 784 769 753 1315 
6022 1307 1325 1315 1222 
6023 783 784 1307 1325 
6024 783 1325 769 784 
6025 784 1307 1325 1315 
6026 784 1315 1325 769 
6027 787 822 809 1329 
6028 822 790 824 1308 
6029 809 824 793 1311 
6030 1329 1308 1311 1223 
6031 822 809 1329 1308 
6032 822 1308 824 809 
6033 809 1329 1308 1311 
6034 809 1311 1308 824 
6035 608 1352 614 615 
6036 1352 746 756 1367 
6037 614 756 3 117 
6038 615 1367 117 116 
6039 1352 614 615 1367 
6040 1352 1367 756 614 
6041 614 615 1367 117 
6042 614 117 1367 756 
6043 605 724 719 1254 
6044 724 597 723 1321 
6045 719 723 580 1380 
6046 1254 1321 1380 1225 
6047 724 719 1254 1321 
6048 724 1321 723 719 
6049 719 1254 1321 1380 
6050 719 1380 1321 723 
6051 105 644 642 1393 
6052 644 587 646 1372 
6053 642 646 589 1369 
6054 1393 1372 1369 1228 
6055 644 642 1393 1372 
6056 644 1372 646 642 
6057 642 1393 1372 1369 
6058 642 1369 1372 646 
6059 593 688 683 1371 
6060 688 578 687 1368 
6061 683 687 133 1394 
6062 1371 1368 1394 1229 
6063 688 683 1371 1368 
6064 688 1368 687 683 
6065 683 1371 1368 1394 
6066 683 1394 1368 687 
6067 579 1351 1376 648 
6068 1351 746 778 757 
6069 1376 778 749 777 
6070 648 757 777 109 
6071 1351 1376 648 757 
6072 1351 757 778 1376 
6073 1376 648 757 777 
6074 1376 777 757 778 
6075 748 762 785 1320 
6076 762 752 781 1362 
6077 785 781 750 1299 
6078 1320 1362 1299 1227 
6079 762 785 1320 1362 
6080 762 1362 781 785 
6081 785 1320 1362 1299 
6082 785 1299 1362 781 
6083 788 825 802 1318 
6084 825 790 821 1304 
6085 802 821 792 1361 
6086 1318 1304 1361 1225 
6087 825 802 1318 1304 
6088 825 1304 821 802 
6089 802 1318 1304 1361 
6090 802 1361 1304 821 
6091 593 683 1386 1371 
6092 683 133 813 1394 
6093 1386 813 791 1342 
6094 1371 1394 1342 1229 
6095 683 1386 1371 1394 
6096 683 1394 813 1386 
6097 1386 1371 1394 1342 
6098 1386 1342 1394 813 
6099 751 773 1387 1341 
6100 773 105 642 1393 
6101 1387 642 589 1369 
6102 1341 1393 1369 1228 
6103 773 1387 1341 1393 
6104 773 1393 642 1387 
6105 1387 1341 1393 1369 
6106 1387 1369 1393 642 
6107 596 1383 1356 689 
6108 1383 789 818 817 
6109 1356 818 786 796 
6110 689 817 796 137 
6111 1383 1356 689 817 
6112 1383 817 818 1356 
6113 1356 689 817 796 
6114 1356 796 817 818 
6115 579 650 715 1292 
6116 650 608 664 1353 
6117 715 664 586 1294 
6118 1292 1353 1294 1226 
6119 650 715 1292 1353 
6120 650 1353 664 715 
6121 715 1292 1353 1294 
6122 715 1294 1353 664 
6123 131 680 684 811 
6124 680 583 685 1328 
6125 684 685 593 1386 
6126 811 1328 1386 791 
6127 680 684 811 1328 
6128 680 1328 685 684 
6129 684 811 1328 1386 
6130 684 1386 1328 685 
6131 749 1390 775 1377 
6132 1390 587 644 1372 
6133 775 644 105 1393 
6134 1377 1372 1393 1228 
6135 1390 775 1377 1372 
6136 1390 1372 644 775 
6137 775 1377 1372 1393 
6138 775 1393 1372 644 
6139 133 687 814 1394 
6140 687 578 1392 1368 
6141 814 1392 789 1384 
6142 1394 1368 1384 1229 
6143 687 814 1394 1368 
6144 687 1368 1392 814 
6145 814 1394 1368 1384 
6146 814 1384 1368 1392 
6147 589 643 641 1387 
6148 643 577 639 1323 
6149 641 639 103 770 
6150 1387 1323 770 751 
6151 643 641 1387 1323 
6152 643 1323 639 641 
6153 641 1387 1323 770 
6154 641 770 1323 639 
6155 584 634 632 1378 
6156 634 594 630 1314 
6157 632 630 97 763 
6158 1378 1314 763 753 
6159 634 632 1378 1314 
6160 634 1314 630 632 
6161 632 1378 1314 763 
6162 632 763 1314 630 
6163 575 1379 675 676 
6164 1379 793 804 1312 
6165 675 804 125 671 
6166 676 1312 671 590 
6167 1379 675 676 1312 
6168 1379 1312 804 675 
6169 675 676 1312 671 
6170 675 671 1312 804 
6171 610 692 655 1357 
6172 692 596 730 1293 
6173 655 730 582 1296 
6174 1357 1293 1296 1224 
6175 692 655 1357 1293 
6176 692 1293 730 655 
6177 655 1357 1293 1296 
6178 655 1296 1293 730 
6179 749 774 1390 1376 
6180 774 107 645 647 
6181 1390 645 587 649 
6182 1376 647 649 579 
6183 774 1390 1376 647 
6184 774 647 645 1390 
6185 1390 1376 647 649 
6186 1390 649 647 645 
6187 578 686 1392 691 
6188 686 135 815 690 
6189 1392 815 789 1383 
6190 691 690 1383 596 
6191 686 1392 691 690 
6192 686 690 815 1392 
6193 1392 691 690 1383 
6194 1392 1383 690 815 
6195 584 637 735 1363 
6196 637 592 736 1336 
6197 735 736 604 1345 
6198 1363 1336 1345 1222 
6199 637 735 1363 1336 
6200 637 1336 736 735 
6201 735 1363 1336 1345 
6202 735 1345 1336 736 
6203 591 679 695 1338 
6204 679 575 696 1366 
6205 695 696 604 1346 
6206 1338 1366 1346 1223 
6207 679 695 1338 1366 
6208 679 1366 696 695 
6209 695 1338 1366 1346 
6210 695 1346 1366 696 
6211 751 776 773 1341 
6212 776 749 775 1377 
6213 773 775 105 1393 
6214 1341 1377 1393 1228 
6215 776 773 1341 1377 
6216 776 1377 775 773 
6217 773 1341 1377 1393 
6218 773 1393 1377 775 
6219 133 814 813 1394 
6220 814 789 816 1384 
6221 813 816 791 1342 
6222 1394 1384 1342 1229 
6223 814 813 1394 1384 
6224 814 1384 816 813 
6225 813 1394 1384 1342 
6226 813 1342 1384 816 
6227 599 708 709 1310 
6228 708 578 688 1368 
6229 709 688 593 1371 
6230 1310 1368 1371 1229 
6231 708 709 1310 1368 
6232 708 1368 688 709 
6233 709 1310 1368 1371 
6234 709 1371 1368 688 
6235 589 646 739 1369 
6236 646 587 740 1372 
6237 739 740 599 1309 
6238 1369 1372 1309 1228 
6239 646 739 1369 1372 
6240 646 1372 740 739 
6241 739 1369 1372 1309 
6242 739 1309 1372 740 
6243 576 701 628 1334 
6244 701 597 700 1322 
6245 628 700 595 1381 
6246 1334 1322 1381 1227 
6247 701 628 1334 1322 
6248 701 1322 700 628 
6249 628 1334 1322 1381 
6250 628 1381 1322 700 
6251 597 722 723 1321 
6252 722 588 670 1332 
6253 723 670 580 1380 
6254 1321 1332 1380 1225 
6255 722 723 1321 1332 
6256 722 1332 670 723 
6257 723 1321 1332 1380 
6258 723 1380 1332 670 
6259 792 795 1388 1360 
6260 795 119 666 621 
6261 1388 666 580 667 
6262 1360 621 667 607 
6263 795 1388 1360 621 
6264 795 621 666 1388 
6265 1388 1360 621 667 
6266 1388 667 621 666 
6267 131 680 811 130 
6268 680 583 1328 681 
6269 811 1328 791 810 
6270 130 681 810 129 
6271 680 811 130 681 
6272 680 681 1328 811 
6273 811 130 681 810 
6274 811 810 681 1328 
6275 577 638 639 1323 
6276 638 101 102 771 
6277 639 102 103 770 
6278 1323 771 770 751 
6279 638 639 1323 771 
6280 638 771 102 639 
6281 639 1323 771 770 
6282 639 770 771 102 
6283 95 96 629 764 
6284 96 97 630 763 
6285 629 630 594 1314 
6286 764 763 1314 753 
6287 96 629 764 763 
6288 96 763 630 629 
6289 629 764 763 1314 
6290 629 1314 763 630 
6291 584 632 633 1378 
6292 632 97 98 763 
6293 633 98 99 766 
6294 1378 763 766 753 
6295 632 633 1378 763 
6296 632 763 98 633 
6297 633 1378 763 766 
6298 633 766 763 98 
6299 127 806 126 674 
6300 806 793 804 1379 
6301 126 804 125 675 
6302 674 1379 675 575 
6303 806 126 674 1379 
6304 806 1379 804 126 
6305 126 674 1379 675 
6306 126 675 1379 804 
6307 793 803 804 1312 
6308 803 123 124 672 
6309 804 124 125 671 
6310 1312 672 671 590 
6311 803 804 1312 672 
6312 803 672 124 804 
6313 804 1312 672 671 
6314 804 671 672 124 
6315 112 619 652 1370 
6316 619 610 655 1357 
6317 652 655 582 1296 
6318 1370 1357 1296 1224 
6319 619 652 1370 1357 
6320 619 1357 655 652 
6321 652 1370 1357 1296 
6322 652 1296 1357 655 
6323 91 612 754 623 
6324 612 609 1348 625 
6325 754 1348 752 1391 
6326 623 625 1391 595 
6327 612 754 623 625 
6328 612 625 1348 754 
6329 754 623 625 1391 
6330 754 1391 625 1348 
6331 748 760 761 1333 
6332 760 95 94 627 
6333 761 94 93 626 
6334 1333 627 626 576 
6335 760 761 1333 627 
6336 760 627 94 761 
6337 761 1333 627 626 
6338 761 626 627 94 
6339 121 669 122 800 
6340 669 588 668 1331 
6341 122 668 123 801 
6342 800 1331 801 788 
6343 669 122 800 1331 
6344 669 1331 668 122 
6345 122 800 1331 801 
6346 122 801 1331 668 
6347 579 1376 647 648 
6348 1376 749 774 777 
6349 647 774 107 108 
6350 648 777 108 109 
6351 1376 647 648 777 
6352 1376 777 774 647 
6353 647 648 777 108 
6354 647 108 777 774 
6355 608 615 664 1353 
6356 615 116 659 1350 
6357 664 659 586 1294 
6358 1353 1350 1294 1226 
6359 615 664 1353 1350 
6360 615 1350 659 664 
6361 664 1353 1350 1294 
6362 664 1294 1350 659 
6363 131 684 132 811 
6364 684 593 683 1386 
6365 132 683 133 813 
6366 811 1386 813 791 
6367 684 132 811 1386 
6368 684 1386 683 132 
6369 132 811 1386 813 
6370 132 813 1386 683 
6371 121 120 665 799 
6372 120 119 666 795 
6373 665 666 580 1388 
6374 799 795 1388 792 
6375 120 665 799 795 
6376 120 795 666 665 
6377 665 799 795 1388 
6378 665 1388 795 666 
6379 105 642 104 773 
6380 642 589 641 1387 
6381 104 641 103 770 
6382 773 1387 770 751 
6383 642 104 773 1387 
6384 642 1387 641 104 
6385 104 773 1387 770 
6386 104 770 1387 641 
6387 596 690 1383 689 
6388 690 135 815 136 
6389 1383 815 789 817 
6390 689 136 817 137 
6391 690 1383 689 136 
6392 690 136 815 1383 
6393 1383 689 136 817 
6394 1383 817 136 815 
6395 752 759 754 1391 
6396 759 93 92 624 
6397 754 92 91 623 
6398 1391 624 623 595 
6399 759 754 1391 624 
6400 759 624 92 754 
6401 754 1391 624 623 
6402 754 623 624 92 
6403 750 780 782 1301 
6404 780 749 776 1377 
6405 782 776 751 1341 
6406 1301 1377 1341 1228 
6407 780 782 1301 1377 
6408 780 1377 776 782 
6409 782 1301 1377 1341 
6410 782 1341 1377 776 
6411 790 823 819 1305 
6412 823 791 816 1342 
6413 819 816 789 1384 
6414 1305 1342 1384 1229 
6415 823 819 1305 1342 
6416 823 1342 816 819 
6417 819 1305 1342 1384 
6418 819 1384 1342 816 
6419 135 815 134 686 
6420 815 789 814 1392 
6421 134 814 133 687 
6422 686 1392 687 578 
6423 815 134 686 1392 
6424 815 1392 814 134 
6425 134 686 1392 687 
6426 134 687 1392 814 
6427 127 128 807 678 
6428 128 129 808 677 
6429 807 808 787 1337 
6430 678 677 1337 591 
6431 128 807 678 677 
6432 128 677 808 807 
6433 807 678 677 1337 
6434 807 1337 677 808 
6435 99 100 635 768 
6436 100 101 636 767 
6437 635 636 592 1335 
6438 768 767 1335 747 
6439 100 635 768 767 
6440 100 767 636 635 
6441 635 768 767 1335 
6442 635 1335 767 636 
6443 749 774 775 1390 
6444 774 107 106 645 
6445 775 106 105 644 
6446 1390 645 644 587 
6447 774 775 1390 645 
6448 774 645 106 775 
6449 775 1390 645 644 
6450 775 644 645 106 
6451 609 611 612 1348 
6452 611 3 90 755 
6453 612 90 91 754 
6454 1348 755 754 752 
6455 611 612 1348 755 
6456 611 755 90 612 
6457 612 1348 755 754 
6458 612 754 755 90 
6459 792 794 795 1360 
6460 794 4 118 617 
6461 795 118 119 621 
6462 1360 617 621 607 
6463 794 795 1360 617 
6464 794 617 118 795 
6465 795 1360 617 621 
6466 795 621 617 118 
6467 786 797 1355 796 
6468 797 4 620 138 
6469 1355 620 610 622 
6470 796 138 622 137 
6471 797 1355 796 138 
6472 797 138 620 1355 
6473 1355 796 138 622 
6474 1355 622 138 620 
6475 109 757 110 613 
6476 757 746 756 1352 
6477 110 756 3 614 
6478 613 1352 614 608 
6479 757 110 613 1352 
6480 757 1352 756 110 
6481 110 613 1352 614 
6482 110 614 1352 756 
6483 116 1347 117 616 
6484 1347 752 755 1348 
6485 117 755 3 611 
6486 616 1348 611 609 
6487 1347 117 616 1348 
6488 1347 1348 755 117 
6489 117 616 1348 611 
6490 117 611 1348 755 
6491 116 117 1347 1367 
6492 117 3 755 756 
6493 1347 755 752 758 
6494 1367 756 758 746 
6495 117 1347 1367 756 
6496 117 756 755 1347 
6497 1347 1367 756 758 
6498 1347 758 756 755 
6499 786 1373 1358 1374 
6500 1373 607 1343 618 
6501 1358 1343 1224 1370 
6502 1374 618 1370 112 
6503 1373 1358 1374 618 
6504 1373 618 1343 1358 
6505 1358 1374 618 1370 
6506 1358 1370 618 1343 
6507 786 1358 1373 798 
6508 1358 1224 1343 1359 
6509 1373 1343 607 1360 
6510 798 1359 1360 792 
6511 1358 1373 798 1359 
6512 1358 1359 1343 1373 
6513 1373 798 1359 1360 
6514 1373 1360 1359 1343 
6515 1225 1385 1361 1318 
6516 1385 121 799 800 
6517 1361 799 792 802 
6518 1318 800 802 788 
6519 1385 1361 1318 800 
6520 1385 800 799 1361 
6521 1361 1318 800 802 
6522 1361 802 800 799 
6523 1225 1361 1385 1380 
6524 1361 792 799 1388 
6525 1385 799 121 665 
6526 1380 1388 665 580 
6527 1361 1385 1380 1388 
6528 1361 1388 799 1385 
6529 1385 1380 1388 665 
6530 1385 665 1388 799 
6531 1227 1389 1362 1381 
6532 1389 93 759 624 
6533 1362 759 752 1391 
6534 1381 624 1391 595 
6535 1389 1362 1381 624 
6536 1389 624 759 1362 
6537 1362 1381 624 1391 
6538 1362 1391 624 759 
6539 1227 1362 1389 1320 
6540 1362 752 759 762 
6541 1389 759 93 761 
6542 1320 762 761 748 
6543 1362 1389 1320 762 
6544 1362 762 759 1389 
6545 1389 1320 762 761 
6546 1389 761 762 759 
3 3 4 1216
6547 897 1395 1397 934 
6548 1395 962 1396 1399 
6549 1397 1396 837 1398 
6550 934 1399 1398 901 
6551 1395 1397 934 1399 
6552 1395 1399 1396 1397 
6553 1397 934 1399 1398 
6554 1397 1398 1399 1396 
6555 833 1400 1401 1402 
6556 1400 970 989 1404 
6557 1401 989 961 1403 
6558 1402 1404 1403 909 
6559 1400 1401 1402 1404 
6560 1400 1404 989 1401 
6561 1401 1402 1404 1403 
6562 1401 1403 1404 989 
6563 962 991 1396 1399 
6564 991 178 884 1405 
6565 1396 884 837 1398 
6566 1399 1405 1398 901 
6567 991 1396 1399 1405 
6568 991 1405 884 1396 
6569 1396 1399 1405 1398 
6570 1396 1398 1405 884 
6571 833 872 1400 1402 
6572 872 174 987 1406 
6573 1400 987 970 1404 
6574 1402 1406 1404 909 
6575 872 1400 1402 1406 
6576 872 1406 987 1400 
6577 1400 1402 1406 1404 
6578 1400 1404 1406 987 
6579 962 1001 992 1407 
6580 1001 963 1017 1408 
6581 992 1017 970 1404 
6582 1407 1408 1404 909 
6583 1001 992 1407 1408 
6584 1001 1408 1017 992 
6585 992 1407 1408 1404 
6586 992 1404 1408 1017 
6587 909 1407 956 931 
6588 1407 962 1409 1399 
6589 956 1409 902 941 
6590 931 1399 941 901 
6591 1407 956 931 1399 
6592 1407 1399 1409 956 
6593 956 931 1399 941 
6594 956 941 1399 1409 
6595 909 1407 1408 956 
6596 1407 962 1001 1409 
6597 1408 1001 963 1410 
6598 956 1409 1410 902 
6599 1407 1408 956 1409 
6600 1407 1409 1001 1408 
6601 1408 956 1409 1410 
6602 1408 1410 1409 1001 
6603 837 1411 1396 1397 
6604 1411 958 995 1412 
6605 1396 995 962 1395 
6606 1397 1412 1395 897 
6607 1411 1396 1397 1412 
6608 1411 1412 995 1396 
6609 1396 1397 1412 1395 
6610 1396 1395 1412 995 
6611 900 1413 1414 928 
6612 1413 833 1401 1402 
6613 1414 1401 961 1403 
6614 928 1402 1403 909 
6615 1413 1414 928 1402 
6616 1413 1402 1401 1414 
6617 1414 928 1402 1403 
6618 1414 1403 1402 1401 
6619 961 1415 1417 1414 
6620 1415 906 1416 925 
6621 1417 1416 832 1418 
6622 1414 925 1418 900 
6623 1415 1417 1414 925 
6624 1415 925 1416 1417 
6625 1417 1414 925 1418 
6626 1417 1418 925 1416 
6627 827 855 1419 1420 
6628 855 144 916 1422 
6629 1419 916 898 1421 
6630 1420 1422 1421 959 
6631 855 1419 1420 1422 
6632 855 1422 916 1419 
6633 1419 1420 1422 1421 
6634 1419 1421 1422 916 
6635 897 932 1412 1424 
6636 932 156 1423 885 
6637 1412 1423 958 1425 
6638 1424 885 1425 828 
6639 932 1412 1424 885 
6640 932 885 1423 1412 
6641 1412 1424 885 1425 
6642 1412 1425 885 1423 
6643 144 855 858 1422 
6644 855 827 857 1420 
6645 858 857 168 978 
6646 1422 1420 978 959 
6647 855 858 1422 1420 
6648 855 1420 857 858 
6649 858 1422 1420 978 
6650 858 978 1420 857 
6651 960 1426 1427 1428 
6652 1426 899 939 1430 
6653 1427 939 904 1429 
6654 1428 1430 1429 836 
6655 1426 1427 1428 1430 
6656 1426 1430 939 1427 
6657 1427 1428 1430 1429 
6658 1427 1429 1430 939 
6659 829 839 1431 1432 
6660 839 5 912 1433 
6661 1431 912 899 1426 
6662 1432 1433 1426 960 
6663 839 1431 1432 1433 
6664 839 1433 912 1431 
6665 1431 1432 1433 1426 
6666 1431 1426 1433 912 
6667 904 1434 1435 937 
6668 1434 958 1425 1412 
6669 1435 1425 828 1424 
6670 937 1412 1424 897 
6671 1434 1435 937 1412 
6672 1434 1412 1425 1435 
6673 1435 937 1412 1424 
6674 1435 1424 1412 1425 
6675 837 880 1397 1398 
6676 880 154 933 929 
6677 1397 933 897 934 
6678 1398 929 934 901 
6679 880 1397 1398 929 
6680 880 929 933 1397 
6681 1397 1398 929 934 
6682 1397 934 929 933 
6683 833 1413 866 1402 
6684 1413 900 923 928 
6685 866 923 150 927 
6686 1402 928 927 909 
6687 1413 866 1402 928 
6688 1413 928 923 866 
6689 866 1402 928 927 
6690 866 927 928 923 
6691 958 993 1411 995 
6692 993 178 884 991 
6693 1411 884 837 1396 
6694 995 991 1396 962 
6695 993 1411 995 991 
6696 993 991 884 1411 
6697 1411 995 991 1396 
6698 1411 1396 991 884 
6699 961 985 989 1401 
6700 985 174 987 872 
6701 989 987 970 1400 
6702 1401 872 1400 833 
6703 985 989 1401 872 
6704 985 872 987 989 
6705 989 1401 872 1400 
6706 989 1400 872 987 
6707 898 921 1419 1421 
6708 921 906 1436 1437 
6709 1419 1436 827 1420 
6710 1421 1437 1420 959 
6711 921 1419 1421 1437 
6712 921 1437 1436 1419 
6713 1419 1421 1437 1420 
6714 1419 1420 1437 1436 
6715 970 988 992 1404 
6716 988 176 990 1438 
6717 992 990 962 1407 
6718 1404 1438 1407 909 
6719 988 992 1404 1438 
6720 988 1438 990 992 
6721 992 1404 1438 1407 
6722 992 1407 1438 990 
6723 962 1407 1439 1399 
6724 1407 909 926 931 
6725 1439 926 152 930 
6726 1399 931 930 901 
6727 1407 1439 1399 931 
6728 1407 931 926 1439 
6729 1439 1399 931 930 
6730 1439 930 931 926 
6731 902 940 1410 943 
6732 940 897 1440 942 
6733 1410 1440 963 1441 
6734 943 942 1441 903 
6735 940 1410 943 942 
6736 940 942 1440 1410 
6737 1410 943 942 1441 
6738 1410 1441 942 1440 
6739 900 1442 954 955 
6740 1442 963 1443 1410 
6741 954 1443 905 953 
6742 955 1410 953 902 
6743 1442 954 955 1410 
6744 1442 1410 1443 954 
6745 954 955 1410 953 
6746 954 953 1410 1443 
6747 969 1444 1445 975 
6748 1444 829 1431 1432 
6749 1445 1431 899 1426 
6750 975 1432 1426 960 
6751 1444 1445 975 1432 
6752 1444 1432 1431 1445 
6753 1445 975 1432 1426 
6754 1445 1426 1432 1431 
6755 902 1409 940 941 
6756 1409 962 1395 1399 
6757 940 1395 897 934 
6758 941 1399 934 901 
6759 1409 940 941 1399 
6760 1409 1399 1395 940 
6761 940 941 1399 934 
6762 940 934 1399 1395 
6763 961 989 1014 1403 
6764 989 970 1017 1404 
6765 1014 1017 963 1408 
6766 1403 1404 1408 909 
6767 989 1014 1403 1404 
6768 989 1404 1017 1014 
6769 1014 1403 1404 1408 
6770 1014 1408 1404 1017 
6771 900 1418 1414 924 
6772 1418 832 1417 861 
6773 1414 1417 961 1446 
6774 924 861 1446 148 
6775 1418 1414 924 861 
6776 1418 861 1417 1414 
6777 1414 924 861 1446 
6778 1414 1446 861 1417 
6779 154 880 883 929 
6780 880 837 884 1398 
6781 883 884 178 1405 
6782 929 1398 1405 901 
6783 880 883 929 1398 
6784 880 1398 884 883 
6785 883 929 1398 1405 
6786 883 1405 1398 884 
6787 174 872 873 1406 
6788 872 833 866 1402 
6789 873 866 150 927 
6790 1406 1402 927 909 
6791 872 873 1406 1402 
6792 872 1402 866 873 
6793 873 1406 1402 927 
6794 873 927 1402 866 
6795 902 1410 953 943 
6796 1410 963 1443 1441 
6797 953 1443 905 957 
6798 943 1441 957 903 
6799 1410 953 943 1441 
6800 1410 1441 1443 953 
6801 953 943 1441 957 
6802 953 957 1441 1443 
6803 960 1447 1426 1428 
6804 1447 160 913 891 
6805 1426 913 899 1430 
6806 1428 891 1430 836 
6807 1447 1426 1428 891 
6808 1447 891 913 1426 
6809 1426 1428 891 1430 
6810 1426 1430 891 913 
6811 967 980 1448 982 
6812 980 168 857 978 
6813 1448 857 827 1420 
6814 982 978 1420 959 
6815 980 1448 982 978 
6816 980 978 857 1448 
6817 1448 982 978 1420 
6818 1448 1420 978 857 
6819 827 855 1436 1419 
6820 855 144 920 916 
6821 1436 920 906 921 
6822 1419 916 921 898 
6823 855 1436 1419 916 
6824 855 916 920 1436 
6825 1436 1419 916 921 
6826 1436 921 916 920 
6827 180 994 888 887 
6828 994 958 1423 1425 
6829 888 1423 156 885 
6830 887 1425 885 828 
6831 994 888 887 1425 
6832 994 1425 1423 888 
6833 888 887 1425 885 
6834 888 885 1425 1423 
6835 5 839 162 1433 
6836 839 829 838 1432 
6837 162 838 6 974 
6838 1433 1432 974 960 
6839 839 162 1433 1432 
6840 839 1432 838 162 
6841 162 1433 1432 974 
6842 162 974 1432 838 
6843 906 1449 1436 1437 
6844 1449 967 1448 982 
6845 1436 1448 827 1420 
6846 1437 982 1420 959 
6847 1449 1436 1437 982 
6848 1449 982 1448 1436 
6849 1436 1437 982 1420 
6850 1436 1420 982 1448 
6851 834 1450 874 1451 
6852 1450 970 987 1404 
6853 874 987 174 1406 
6854 1451 1404 1406 909 
6855 1450 874 1451 1404 
6856 1450 1404 987 874 
6857 874 1451 1404 1406 
6858 874 1406 1404 987 
6859 152 875 1439 930 
6860 875 826 1452 1453 
6861 1439 1452 962 1399 
6862 930 1453 1399 901 
6863 875 1439 930 1453 
6864 875 1453 1452 1439 
6865 1439 930 1453 1399 
6866 1439 1399 1453 1452 
6867 834 879 1450 1451 
6868 879 176 988 1438 
6869 1450 988 970 1404 
6870 1451 1438 1404 909 
6871 879 1450 1451 1438 
6872 879 1438 988 1450 
6873 1450 1451 1438 1404 
6874 1450 1404 1438 988 
6875 826 882 1452 1453 
6876 882 178 991 1405 
6877 1452 991 962 1399 
6878 1453 1405 1399 901 
6879 882 1452 1453 1405 
6880 882 1405 991 1452 
6881 1452 1453 1405 1399 
6882 1452 1399 1405 991 
6883 835 1454 851 1455 
6884 1454 898 916 1421 
6885 851 916 144 1422 
6886 1455 1421 1422 959 
6887 1454 851 1455 1421 
6888 1454 1421 916 851 
6889 851 1455 1421 1422 
6890 851 1422 1421 916 
6891 966 1015 1016 1456 
6892 1015 961 1014 1457 
6893 1016 1014 963 1443 
6894 1456 1457 1443 905 
6895 1015 1016 1456 1457 
6896 1015 1457 1014 1016 
6897 1016 1456 1457 1443 
6898 1016 1443 1457 1014 
6899 903 942 1441 1458 
6900 942 897 1440 1459 
6901 1441 1440 963 1003 
6902 1458 1459 1003 964 
6903 942 1441 1458 1459 
6904 942 1459 1440 1441 
6905 1441 1458 1459 1003 
6906 1441 1003 1459 1440 
6907 835 851 859 1455 
6908 851 144 858 1422 
6909 859 858 168 978 
6910 1455 1422 978 959 
6911 851 859 1455 1422 
6912 851 1422 858 859 
6913 859 1455 1422 978 
6914 859 978 1422 858 
6915 906 1415 1416 1449 
6916 1415 961 1417 986 
6917 1416 1417 832 1460 
6918 1449 986 1460 967 
6919 1415 1416 1449 986 
6920 1415 986 1417 1416 
6921 1416 1449 986 1460 
6922 1416 1460 986 1417 
6923 962 1409 1395 1001 
6924 1409 902 940 1410 
6925 1395 940 897 1440 
6926 1001 1410 1440 963 
6927 1409 1395 1001 1410 
6928 1409 1410 940 1395 
6929 1395 1001 1410 1440 
6930 1395 1440 1410 940 
6931 963 1442 1408 1410 
6932 1442 900 928 955 
6933 1408 928 909 956 
6934 1410 955 956 902 
6935 1442 1408 1410 955 
6936 1442 955 928 1408 
6937 1408 1410 955 956 
6938 1408 956 955 928 
6939 968 1461 1462 1013 
6940 1461 907 952 1464 
6941 1462 952 903 1463 
6942 1013 1464 1463 960 
6943 1461 1462 1013 1464 
6944 1461 1464 952 1462 
6945 1462 1013 1464 1463 
6946 1462 1463 1464 952 
6947 963 1016 1443 1441 
6948 1016 966 1456 1465 
6949 1443 1456 905 957 
6950 1441 1465 957 903 
6951 1016 1443 1441 1465 
6952 1016 1465 1456 1443 
6953 1443 1441 1465 957 
6954 1443 957 1465 1456 
6955 963 1016 1441 1003 
6956 1016 966 1465 1018 
6957 1441 1465 903 1458 
6958 1003 1018 1458 964 
6959 1016 1441 1003 1018 
6960 1016 1018 1465 1441 
6961 1441 1003 1018 1458 
6962 1441 1458 1018 1465 
6963 156 1423 881 932 
6964 1423 958 1411 1412 
6965 881 1411 837 1397 
6966 932 1412 1397 897 
6967 1423 881 932 1412 
6968 1423 1412 1411 881 
6969 881 932 1412 1397 
6970 881 1397 1412 1411 
6971 965 1000 1466 1467 
6972 1000 960 1427 1428 
6973 1466 1427 904 1429 
6974 1467 1428 1429 836 
6975 1000 1466 1467 1428 
6976 1000 1428 1427 1466 
6977 1466 1467 1428 1429 
6978 1466 1429 1428 1427 
6979 899 914 1431 1445 
6980 914 908 1468 1469 
6981 1431 1468 829 1444 
6982 1445 1469 1444 969 
6983 914 1431 1445 1469 
6984 914 1469 1468 1431 
6985 1431 1445 1469 1444 
6986 1431 1444 1469 1468 
6987 960 1433 1426 1470 
6988 1433 5 912 840 
6989 1426 912 899 1471 
6990 1470 840 1471 830 
6991 1433 1426 1470 840 
6992 1433 840 912 1426 
6993 1426 1470 840 1471 
6994 1426 1471 840 912 
6995 903 1462 1465 952 
6996 1462 968 1009 1461 
6997 1465 1009 966 1472 
6998 952 1461 1472 907 
6999 1462 1465 952 1461 
7000 1462 1461 1009 1465 
7001 1465 952 1461 1472 
7002 1465 1472 1461 1009 
7003 959 1473 1006 1008 
7004 1473 907 1472 1461 
7005 1006 1472 966 1009 
7006 1008 1461 1009 968 
7007 1473 1006 1008 1461 
7008 1473 1461 1472 1006 
7009 1006 1008 1461 1009 
7010 1006 1009 1461 1472 
7011 897 1412 1440 1459 
7012 1412 958 1002 1004 
7013 1440 1002 963 1003 
7014 1459 1004 1003 964 
7015 1412 1440 1459 1004 
7016 1412 1004 1002 1440 
7017 1440 1459 1004 1003 
7018 1440 1003 1004 1002 
7019 905 1457 1443 954 
7020 1457 961 1014 1414 
7021 1443 1014 963 1442 
7022 954 1414 1442 900 
7023 1457 1443 954 1414 
7024 1457 1414 1014 1443 
7025 1443 954 1414 1442 
7026 1443 1442 1414 1014 
7027 958 1434 1425 998 
7028 1434 904 1435 1466 
7029 1425 1435 828 1474 
7030 998 1466 1474 965 
7031 1434 1425 998 1466 
7032 1434 1466 1435 1425 
7033 1425 998 1466 1474 
7034 1425 1474 1466 1435 
7035 900 1414 1413 924 
7036 1414 961 1401 1446 
7037 1413 1401 833 865 
7038 924 1446 865 148 
7039 1414 1413 924 1446 
7040 1414 1446 1401 1413 
7041 1413 924 1446 865 
7042 1413 865 1446 1401 
7043 172 984 867 868 
7044 984 961 1417 1446 
7045 867 1417 832 861 
7046 868 1446 861 148 
7047 984 867 868 1446 
7048 984 1446 1417 867 
7049 867 868 1446 861 
7050 867 861 1446 1417 
7051 960 1426 1447 1470 
7052 1426 899 913 1471 
7053 1447 913 160 843 
7054 1470 1471 843 830 
7055 1426 1447 1470 1471 
7056 1426 1471 913 1447 
7057 1447 1470 1471 843 
7058 1447 843 1471 913 
7059 959 1475 1421 979 
7060 1475 831 1476 1478 
7061 1421 1476 898 1477 
7062 979 1478 1477 969 
7063 1475 1421 979 1478 
7064 1475 1478 1476 1421 
7065 1421 979 1478 1477 
7066 1421 1477 1478 1476 
7067 6 162 974 841 
7068 162 5 1433 840 
7069 974 1433 960 1470 
7070 841 840 1470 830 
7071 162 974 841 840 
7072 162 840 1433 974 
7073 974 841 840 1470 
7074 974 1470 840 1433 
7075 898 917 1476 1421 
7076 917 142 847 1479 
7077 1476 847 831 1475 
7078 1421 1479 1475 959 
7079 917 1476 1421 1479 
7080 917 1479 847 1476 
7081 1476 1421 1479 1475 
7082 1476 1475 1479 847 
7083 960 973 1447 1428 
7084 973 184 895 896 
7085 1447 895 160 891 
7086 1428 896 891 836 
7087 973 1447 1428 896 
7088 973 896 895 1447 
7089 1447 1428 896 891 
7090 1447 891 896 895 
7091 903 1462 1463 1458 
7092 1462 968 1013 1012 
7093 1463 1013 960 1011 
7094 1458 1012 1011 964 
7095 1462 1463 1458 1012 
7096 1462 1012 1013 1463 
7097 1463 1458 1012 1011 
7098 1463 1011 1012 1013 
7099 837 889 1411 881 
7100 889 180 994 888 
7101 1411 994 958 1423 
7102 881 888 1423 156 
7103 889 1411 881 888 
7104 889 888 994 1411 
7105 1411 881 888 1423 
7106 1411 1423 888 994 
7107 908 918 1480 1469 
7108 918 898 1476 1477 
7109 1480 1476 831 1478 
7110 1469 1477 1478 969 
7111 918 1480 1469 1477 
7112 918 1477 1476 1480 
7113 1480 1469 1477 1478 
7114 1480 1478 1477 1476 
7115 180 994 887 996 
7116 994 958 1425 998 
7117 887 1425 828 1474 
7118 996 998 1474 965 
7119 994 887 996 998 
7120 994 998 1425 887 
7121 887 996 998 1474 
7122 887 1474 998 1425 
7123 156 932 936 885 
7124 932 897 937 1424 
7125 936 937 904 1435 
7126 885 1424 1435 828 
7127 932 936 885 1424 
7128 932 1424 937 936 
7129 936 885 1424 1435 
7130 936 1435 1424 937 
7131 908 911 914 1468 
7132 911 5 912 839 
7133 914 912 899 1431 
7134 1468 839 1431 829 
7135 911 914 1468 839 
7136 911 839 912 914 
7137 914 1468 839 1431 
7138 914 1431 839 912 
7139 829 1444 838 1432 
7140 1444 969 971 975 
7141 838 971 6 974 
7142 1432 975 974 960 
7143 1444 838 1432 975 
7144 1444 975 971 838 
7145 838 1432 975 974 
7146 838 974 975 971 
7147 166 852 853 977 
7148 852 831 847 1475 
7149 853 847 142 1479 
7150 977 1475 1479 959 
7151 852 853 977 1475 
7152 852 1475 847 853 
7153 853 977 1475 1479 
7154 853 1479 1475 847 
7155 958 1002 995 1412 
7156 1002 963 1001 1440 
7157 995 1001 962 1395 
7158 1412 1440 1395 897 
7159 1002 995 1412 1440 
7160 1002 1440 1001 995 
7161 995 1412 1440 1395 
7162 995 1395 1440 1001 
7163 900 1414 1442 928 
7164 1414 961 1014 1403 
7165 1442 1014 963 1408 
7166 928 1403 1408 909 
7167 1414 1442 928 1403 
7168 1414 1403 1014 1442 
7169 1442 928 1403 1408 
7170 1442 1408 1403 1014 
7171 903 1465 957 952 
7172 1465 966 1456 1472 
7173 957 1456 905 947 
7174 952 1472 947 907 
7175 1465 957 952 1472 
7176 1465 1472 1456 957 
7177 957 952 1472 947 
7178 957 947 1472 1456 
7179 966 1456 1472 1481 
7180 1456 905 947 946 
7181 1472 947 907 948 
7182 1481 946 948 898 
7183 1456 1472 1481 946 
7184 1456 946 947 1472 
7185 1472 1481 946 948 
7186 1472 948 946 947 
7187 968 1462 1009 1012 
7188 1462 903 1465 1458 
7189 1009 1465 966 1018 
7190 1012 1458 1018 964 
7191 1462 1009 1012 1458 
7192 1462 1458 1465 1009 
7193 1009 1012 1458 1018 
7194 1009 1018 1458 1465 
7195 966 1482 1015 1456 
7196 1482 906 1415 945 
7197 1015 1415 961 1457 
7198 1456 945 1457 905 
7199 1482 1015 1456 945 
7200 1482 945 1415 1015 
7201 1015 1456 945 1457 
7202 1015 1457 945 1415 
7203 172 984 983 867 
7204 984 961 986 1417 
7205 983 986 967 1460 
7206 867 1417 1460 832 
7207 984 983 867 1417 
7208 984 1417 986 983 
7209 983 867 1417 1460 
7210 983 1460 1417 986 
7211 907 1461 1483 1464 
7212 1461 968 1010 1013 
7213 1483 1010 969 975 
7214 1464 1013 975 960 
7215 1461 1483 1464 1013 
7216 1461 1013 1010 1483 
7217 1483 1464 1013 975 
7218 1483 975 1013 1010 
7219 900 925 1418 924 
7220 925 906 1416 922 
7221 1418 1416 832 861 
7222 924 922 861 148 
7223 925 1418 924 922 
7224 925 922 1416 1418 
7225 1418 924 922 861 
7226 1418 861 922 1416 
7227 909 1438 1407 926 
7228 1438 176 990 878 
7229 1407 990 962 1439 
7230 926 878 1439 152 
7231 1438 1407 926 878 
7232 1438 878 990 1407 
7233 1407 926 878 1439 
7234 1407 1439 878 990 
7235 142 917 850 1479 
7236 917 898 1454 1421 
7237 850 1454 835 1455 
7238 1479 1421 1455 959 
7239 917 850 1479 1421 
7240 917 1421 1454 850 
7241 850 1479 1421 1455 
7242 850 1455 1421 1454 
7243 907 951 952 1464 
7244 951 899 950 1426 
7245 952 950 903 1463 
7246 1464 1426 1463 960 
7247 951 952 1464 1426 
7248 951 1426 950 952 
7249 952 1464 1426 1463 
7250 952 1463 1426 950 
7251 160 938 913 891 
7252 938 904 939 1429 
7253 913 939 899 1430 
7254 891 1429 1430 836 
7255 938 913 891 1429 
7256 938 1429 939 913 
7257 913 891 1429 1430 
7258 913 1430 1429 939 
7259 184 973 999 896 
7260 973 960 1000 1428 
7261 999 1000 965 1467 
7262 896 1428 1467 836 
7263 973 999 896 1428 
7264 973 1428 1000 999 
7265 999 896 1428 1467 
7266 999 1467 1428 1000 
7267 960 1427 1463 1011 
7268 1427 904 944 1484 
7269 1463 944 903 1458 
7270 1011 1484 1458 964 
7271 1427 1463 1011 1484 
7272 1427 1484 944 1463 
7273 1463 1011 1484 1458 
7274 1463 1458 1484 944 
7275 166 853 854 977 
7276 853 142 850 1479 
7277 854 850 835 1455 
7278 977 1479 1455 959 
7279 853 854 977 1479 
7280 853 1479 850 854 
7281 854 977 1479 1455 
7282 854 1455 1479 850 
7283 962 991 1452 990 
7284 991 178 882 177 
7285 1452 882 826 877 
7286 990 177 877 176 
7287 991 1452 990 177 
7288 991 177 882 1452 
7289 1452 990 177 877 
7290 1452 877 177 882 
7291 970 988 1450 987 
7292 988 176 879 175 
7293 1450 879 834 874 
7294 987 175 874 174 
7295 988 1450 987 175 
7296 988 175 879 1450 
7297 1450 987 175 874 
7298 1450 874 175 879 
7299 905 945 1457 954 
7300 945 906 1415 925 
7301 1457 1415 961 1414 
7302 954 925 1414 900 
7303 945 1457 954 925 
7304 945 925 1415 1457 
7305 1457 954 925 1414 
7306 1457 1414 925 1415 
7307 897 942 937 1459 
7308 942 903 944 1458 
7309 937 944 904 1484 
7310 1459 1458 1484 964 
7311 942 937 1459 1458 
7312 942 1458 944 937 
7313 937 1459 1458 1484 
7314 937 1484 1458 944 
7315 826 875 876 1453 
7316 875 152 153 930 
7317 876 153 154 929 
7318 1453 930 929 901 
7319 875 876 1453 930 
7320 875 930 153 876 
7321 876 1453 930 929 
7322 876 929 930 153 
7323 909 927 1451 926 
7324 927 150 870 151 
7325 1451 870 834 871 
7326 926 151 871 152 
7327 927 1451 926 151 
7328 927 151 870 1451 
7329 1451 926 151 871 
7330 1451 871 151 870 
7331 960 1447 973 1470 
7332 1447 160 895 843 
7333 973 895 184 845 
7334 1470 843 845 830 
7335 1447 973 1470 843 
7336 1447 843 895 973 
7337 973 1470 843 845 
7338 973 845 843 895 
7339 961 984 1401 1446 
7340 984 172 869 868 
7341 1401 869 833 865 
7342 1446 868 865 148 
7343 984 1401 1446 868 
7344 984 868 869 1401 
7345 1401 1446 868 865 
7346 1401 865 868 869 
7347 150 870 873 927 
7348 870 834 874 1451 
7349 873 874 174 1406 
7350 927 1451 1406 909 
7351 870 873 927 1451 
7352 870 1451 874 873 
7353 873 927 1451 1406 
7354 873 1406 1451 874 
7355 176 877 990 878 
7356 877 826 1452 875 
7357 990 1452 962 1439 
7358 878 875 1439 152 
7359 877 990 878 875 
7360 877 875 1452 990 
7361 990 878 875 1439 
7362 990 1439 875 1452 
7363 834 879 1451 871 
7364 879 176 1438 878 
7365 1451 1438 909 926 
7366 871 878 926 152 
7367 879 1451 871 878 
7368 879 878 1438 1451 
7369 1451 871 878 926 
7370 1451 926 878 1438 
7371 178 882 883 1405 
7372 882 826 876 1453 
7373 883 876 154 929 
7374 1405 1453 929 901 
7375 882 883 1405 1453 
7376 882 1453 876 883 
7377 883 1405 1453 929 
7378 883 929 1453 876 
7379 968 1008 1461 1010 
7380 1008 959 1473 979 
7381 1461 1473 907 1483 
7382 1010 979 1483 969 
7383 1008 1461 1010 979 
7384 1008 979 1473 1461 
7385 1461 1010 979 1483 
7386 1461 1483 979 1473 
7387 837 889 884 1411 
7388 889 180 179 994 
7389 884 179 178 993 
7390 1411 994 993 958 
7391 889 884 1411 994 
7392 889 994 179 884 
7393 884 1411 994 993 
7394 884 993 994 179 
7395 154 155 880 933 
7396 155 156 881 932 
7397 880 881 837 1397 
7398 933 932 1397 897 
7399 155 880 933 932 
7400 155 932 881 880 
7401 880 933 932 1397 
7402 880 1397 932 881 
7403 166 854 167 977 
7404 854 835 859 1455 
7405 167 859 168 978 
7406 977 1455 978 959 
7407 854 167 977 1455 
7408 854 1455 859 167 
7409 167 977 1455 978 
7410 167 978 1455 859 
7411 142 917 143 850 
7412 917 898 916 1454 
7413 143 916 144 851 
7414 850 1454 851 835 
7415 917 143 850 1454 
7416 917 1454 916 143 
7417 143 850 1454 851 
7418 143 851 1454 916 
7419 899 939 950 1426 
7420 939 904 944 1427 
7421 950 944 903 1463 
7422 1426 1427 1463 960 
7423 939 950 1426 1427 
7424 939 1427 944 950 
7425 950 1426 1427 1463 
7426 950 1463 1427 944 
7427 904 1434 937 1484 
7428 1434 958 1412 1004 
7429 937 1412 897 1459 
7430 1484 1004 1459 964 
7431 1434 937 1484 1004 
7432 1434 1004 1412 937 
7433 937 1484 1004 1459 
7434 937 1459 1004 1412 
7435 959 977 1475 979 
7436 977 166 852 976 
7437 1475 852 831 1478 
7438 979 976 1478 969 
7439 977 1475 979 976 
7440 977 976 852 1475 
7441 1475 979 976 1478 
7442 1475 1478 976 852 
7443 908 918 915 1480 
7444 918 898 917 1476 
7445 915 917 142 847 
7446 1480 1476 847 831 
7447 918 915 1480 1476 
7448 918 1476 917 915 
7449 915 1480 1476 847 
7450 915 847 1476 917 
7451 898 948 1481 1421 
7452 948 907 1472 1473 
7453 1481 1472 966 1006 
7454 1421 1473 1006 959 
7455 948 1481 1421 1473 
7456 948 1473 1472 1481 
7457 1481 1421 1473 1006 
7458 1481 1006 1473 1472 
7459 966 1481 1482 1456 
7460 1481 898 921 946 
7461 1482 921 906 945 
7462 1456 946 945 905 
7463 1481 1482 1456 946 
7464 1481 946 921 1482 
7465 1482 1456 946 945 
7466 1482 945 946 921 
7467 961 984 985 1401 
7468 984 172 173 869 
7469 985 173 174 872 
7470 1401 869 872 833 
7471 984 985 1401 869 
7472 984 869 173 985 
7473 985 1401 869 872 
7474 985 872 869 173 
7475 960 973 974 1470 
7476 973 184 185 845 
7477 974 185 6 841 
7478 1470 845 841 830 
7479 973 974 1470 845 
7480 973 845 185 974 
7481 974 1470 845 841 
7482 974 841 845 185 
7483 906 919 1416 922 
7484 919 146 860 147 
7485 1416 860 832 861 
7486 922 147 861 148 
7487 919 1416 922 147 
7488 919 147 860 1416 
7489 1416 922 147 861 
7490 1416 861 147 860 
7491 965 997 999 1467 
7492 997 182 183 894 
7493 999 183 184 896 
7494 1467 894 896 836 
7495 997 999 1467 894 
7496 997 894 183 999 
7497 999 1467 894 896 
7498 999 896 894 183 
7499 833 1413 865 866 
7500 1413 900 924 923 
7501 865 924 148 149 
7502 866 923 149 150 
7503 1413 865 866 923 
7504 1413 923 924 865 
7505 865 866 923 149 
7506 865 149 923 924 
7507 172 983 171 867 
7508 983 967 981 1460 
7509 171 981 170 864 
7510 867 1460 864 832 
7511 983 171 867 1460 
7512 983 1460 981 171 
7513 171 867 1460 864 
7514 171 864 1460 981 
7515 160 159 938 891 
7516 159 158 935 890 
7517 938 935 904 1429 
7518 891 890 1429 836 
7519 159 938 891 890 
7520 159 890 935 938 
7521 938 891 890 1429 
7522 938 1429 890 935 
7523 5 161 912 840 
7524 161 160 913 843 
7525 912 913 899 1471 
7526 840 843 1471 830 
7527 161 912 840 843 
7528 161 843 913 912 
7529 912 840 843 1471 
7530 912 1471 843 913 
7531 969 1445 1483 975 
7532 1445 899 951 1426 
7533 1483 951 907 1464 
7534 975 1426 1464 960 
7535 1445 1483 975 1426 
7536 1445 1426 951 1483 
7537 1483 975 1426 1464 
7538 1483 1464 1426 951 
7539 906 1482 1415 1449 
7540 1482 966 1015 1007 
7541 1415 1015 961 986 
7542 1449 1007 986 967 
7543 1482 1415 1449 1007 
7544 1482 1007 1015 1415 
7545 1415 1449 1007 986 
7546 1415 986 1007 1015 
7547 969 976 1478 972 
7548 976 166 852 165 
7549 1478 852 831 849 
7550 972 165 849 164 
7551 976 1478 972 165 
7552 976 165 852 1478 
7553 1478 972 165 849 
7554 1478 849 165 852 
7555 140 910 141 846 
7556 910 908 915 1480 
7557 141 915 142 847 
7558 846 1480 847 831 
7559 910 141 846 1480 
7560 910 1480 915 141 
7561 141 846 1480 847 
7562 141 847 1480 915 
7563 144 145 855 920 
7564 145 146 856 919 
7565 855 856 827 1436 
7566 920 919 1436 906 
7567 145 855 920 919 
7568 145 919 856 855 
7569 855 920 919 1436 
7570 855 1436 919 856 
7571 967 980 981 1448 
7572 980 168 169 857 
7573 981 169 170 862 
7574 1448 857 862 827 
7575 980 981 1448 857 
7576 980 857 169 981 
7577 981 1448 857 862 
7578 981 862 857 169 
7579 904 935 936 1435 
7580 935 158 157 886 
7581 936 157 156 885 
7582 1435 886 885 828 
7583 935 936 1435 886 
7584 935 886 157 936 
7585 936 1435 886 885 
7586 936 885 886 157 
7587 182 181 892 997 
7588 181 180 887 996 
7589 892 887 828 1474 
7590 997 996 1474 965 
7591 181 892 997 996 
7592 181 996 887 892 
7593 892 997 996 1474 
7594 892 1474 996 887 
7595 829 1444 844 838 
7596 1444 969 972 971 
7597 844 972 164 163 
7598 838 971 163 6 
7599 1444 844 838 971 
7600 1444 971 972 844 
7601 844 838 971 163 
7602 844 163 971 972 
7603 908 910 911 1468 
7604 910 140 139 842 
7605 911 139 5 839 
7606 1468 842 839 829 
7607 910 911 1468 842 
7608 910 842 139 911 
7609 911 1468 842 839 
7610 911 839 842 139 
7611 964 1011 1484 1005 
7612 1011 960 1427 1000 
7613 1484 1427 904 1466 
7614 1005 1000 1466 965 
7615 1011 1484 1005 1000 
7616 1011 1000 1427 1484 
7617 1484 1005 1000 1466 
7618 1484 1466 1000 1427 
7619 904 1434 1484 1466 
7620 1434 958 1004 998 
7621 1484 1004 964 1005 
7622 1466 998 1005 965 
7623 1434 1484 1466 998 
7624 1434 998 1004 1484 
7625 1484 1466 998 1005 
7626 1484 1005 998 1004 
7627 907 949 951 1483 
7628 949 908 914 1469 
7629 951 914 899 1445 
7630 1483 1469 1445 969 
7631 949 951 1483 1469 
7632 949 1469 914 951 
7633 951 1483 1469 1445 
7634 951 1445 1469 914 
7635 898 1481 921 1421 
7636 1481 966 1482 1006 
7637 921 1482 906 1437 
7638 1421 1006 1437 959 
7639 1481 921 1421 1006 
7640 1481 1006 1482 921 
7641 921 1421 1006 1437 
7642 921 1437 1006 1482 
7643 832 1460 864 860 
7644 1460 967 981 1485 
7645 864 981 170 863 
7646 860 1485 863 146 
7647 1460 864 860 1485 
7648 1460 1485 981 864 
7649 864 860 1485 863 
7650 864 863 1485 981 
7651 158 893 1486 890 
7652 893 182 997 894 
7653 1486 997 965 1467 
7654 890 894 1467 836 
7655 893 1486 890 894 
7656 893 894 997 1486 
7657 1486 890 894 1467 
7658 1486 1467 894 997 
7659 827 862 1448 856 
7660 862 170 981 863 
7661 1448 981 967 1485 
7662 856 863 1485 146 
7663 862 1448 856 863 
7664 862 863 981 1448 
7665 1448 856 863 1485 
7666 1448 1485 863 981 
7667 959 1421 1473 979 
7668 1421 898 948 1477 
7669 1473 948 907 1483 
7670 979 1477 1483 969 
7671 1421 1473 979 1477 
7672 1421 1477 948 1473 
7673 1473 979 1477 1483 
7674 1473 1483 1477 948 
7675 182 892 893 997 
7676 892 828 886 1474 
7677 893 886 158 1486 
7678 997 1474 1486 965 
7679 892 893 997 1474 
7680 892 1474 886 893 
7681 893 997 1474 1486 
7682 893 1486 1474 886 
7683 906 1482 1449 1437 
7684 1482 966 1007 1006 
7685 1449 1007 967 982 
7686 1437 1006 982 959 
7687 1482 1449 1437 1006 
7688 1482 1006 1007 1449 
7689 1449 1437 1006 982 
7690 1449 982 1006 1007 
7691 908 949 918 1469 
7692 949 907 948 1483 
7693 918 948 898 1477 
7694 1469 1483 1477 969 
7695 949 918 1469 1483 
7696 949 1483 948 918 
7697 918 1469 1483 1477 
7698 918 1477 1483 948 
7699 146 860 1485 919 
7700 860 832 1460 1416 
7701 1485 1460 967 1449 
7702 919 1416 1449 906 
7703 860 1485 919 1416 
7704 860 1416 1460 1485 
7705 1485 919 1416 1449 
7706 1485 1449 1416 1460 
7707 965 1466 1486 1467 
7708 1466 904 935 1429 
7709 1486 935 158 890 
7710 1467 1429 890 836 
7711 1466 1486 1467 1429 
7712 1466 1429 935 1486 
7713 1486 1467 1429 890 
7714 1486 890 1429 935 
7715 969 1478 1487 972 
7716 1478 831 846 849 
7717 1487 846 140 848 
7718 972 849 848 164 
7719 1478 1487 972 849 
7720 1478 849 846 1487 
7721 1487 972 849 848 
7722 1487 848 849 846 
7723 146 1485 856 919 
7724 1485 967 1448 1449 
7725 856 1448 827 1436 
7726 919 1449 1436 906 
7727 1485 856 919 1449 
7728 1485 1449 1448 856 
7729 856 919 1449 1436 
7730 856 1436 1449 1448 
7731 140 842 1487 848 
7732 842 829 1444 844 
7733 1487 1444 969 972 
7734 848 844 972 164 
7735 842 1487 848 844 
7736 842 844 1444 1487 
7737 1487 848 844 972 
7738 1487 972 844 1444 
7739 828 1435 886 1474 
7740 1435 904 935 1466 
7741 886 935 158 1486 
7742 1474 1466 1486 965 
7743 1435 886 1474 1466 
7744 1435 1466 935 886 
7745 886 1474 1466 1486 
7746 886 1486 1466 935 
7747 140 910 846 1487 
7748 910 908 1480 1469 
7749 846 1480 831 1478 
7750 1487 1469 1478 969 
7751 910 846 1487 1469 
7752 910 1469 1480 846 
7753 846 1487 1469 1478 
7754 846 1478 1469 1480 
7755 908 910 1468 1469 
7756 910 140 842 1487 
7757 1468 842 829 1444 
7758 1469 1487 1444 969 
7759 910 1468 1469 1487 
7760 910 1487 842 1468 
7761 1468 1469 1487 1444 
7762 1468 1444 1487 842 
$EndElements
