solid Created by Gmsh
facet normal 0.997204 0.0747301 -0
  outer loop
    vertex 7 -1.714505518806294e-15 0
    vertex 6.9218157835759 1.043295863233222 0
    vertex 7 -1.714505518806294e-15 0.25
  endloop
endfacet
facet normal 0.997204 0.0747301 3.31868e-16
  outer loop
    vertex 6.9218157835759 1.043295863233222 0
    vertex 6.9218157835759 1.043295863233221 0.25
    vertex 7 -1.714505518806294e-15 0.25
  endloop
endfacet
facet normal 0.974928 0.222521 9.88191e-16
  outer loop
    vertex 6.9218157835759 1.043295863233222 0
    vertex 6.689009640502984 2.063286220876331 0
    vertex 6.9218157835759 1.043295863233221 0.25
  endloop
endfacet
facet normal 0.997204 0.0747301 -0
  outer loop
    vertex 7 -1.714505518806294e-15 0.25
    vertex 6.9218157835759 1.043295863233221 0.25
    vertex 7 -1.714505518806294e-15 0.5
  endloop
endfacet
facet normal 0.974928 -0.222521 0
  outer loop
    vertex 6.689009640502985 -2.063286220876327 0
    vertex 6.9218157835759 -1.043295863233221 0
    vertex 6.9218157835759 -1.043295863233221 0.25
  endloop
endfacet
facet normal 0.997204 -0.0747301 0
  outer loop
    vertex 6.9218157835759 -1.043295863233221 0
    vertex 7 -1.714505518806294e-15 0.25
    vertex 6.9218157835759 -1.043295863233221 0.25
  endloop
endfacet
facet normal 0.997204 -0.0747301 0
  outer loop
    vertex 6.9218157835759 -1.043295863233221 0
    vertex 7 -1.714505518806294e-15 0
    vertex 7 -1.714505518806294e-15 0.25
  endloop
endfacet
facet normal 0.997204 -0.0747301 0
  outer loop
    vertex 6.9218157835759 -1.043295863233221 0.25
    vertex 7 -1.714505518806294e-15 0.25
    vertex 7 -1.714505518806294e-15 0.5
  endloop
endfacet
facet normal 0.997204 0.0747301 -3.18352e-16
  outer loop
    vertex 7 -1.714505518806294e-15 0.5
    vertex 6.9218157835759 1.043295863233221 0.25
    vertex 6.9218157835759 1.043295863233222 0.5
  endloop
endfacet
facet normal 0.974928 0.222521 -9.88191e-16
  outer loop
    vertex 6.9218157835759 1.043295863233221 0.25
    vertex 6.689009640502984 2.063286220876331 0.25
    vertex 6.9218157835759 1.043295863233222 0.5
  endloop
endfacet
facet normal 0.974928 0.222521 0
  outer loop
    vertex 6.9218157835759 1.043295863233221 0.25
    vertex 6.689009640502984 2.063286220876331 0
    vertex 6.689009640502984 2.063286220876331 0.25
  endloop
endfacet
facet normal 0.974928 0.222521 0
  outer loop
    vertex 6.9218157835759 1.043295863233222 0.5
    vertex 6.689009640502984 2.063286220876331 0.25
    vertex 6.689009640502984 2.063286220876331 0.5
  endloop
endfacet
facet normal 0.974928 -0.222521 0
  outer loop
    vertex 6.689009640502985 -2.063286220876327 0.5
    vertex 6.689009640502985 -2.063286220876327 0.25
    vertex 6.9218157835759 -1.043295863233221 0.5
  endloop
endfacet
facet normal 0.974928 -0.222521 0
  outer loop
    vertex 6.689009640502985 -2.063286220876327 0.25
    vertex 6.9218157835759 -1.043295863233221 0.25
    vertex 6.9218157835759 -1.043295863233221 0.5
  endloop
endfacet
facet normal 0.974928 -0.222521 0
  outer loop
    vertex 6.689009640502985 -2.063286220876327 0.25
    vertex 6.689009640502985 -2.063286220876327 0
    vertex 6.9218157835759 -1.043295863233221 0.25
  endloop
endfacet
facet normal 0.997204 -0.0747301 0
  outer loop
    vertex 6.9218157835759 -1.043295863233221 0.5
    vertex 6.9218157835759 -1.043295863233221 0.25
    vertex 7 -1.714505518806294e-15 0.5
  endloop
endfacet
facet normal 0.930874 0.365341 0
  outer loop
    vertex 6.689009640502984 2.063286220876331 0.5
    vertex 6.306782075316932 3.03718617382291 0.25
    vertex 6.306782075316932 3.03718617382291 0.5
  endloop
endfacet
facet normal 0.866025 0.5 -0
  outer loop
    vertex 6.306782075316932 3.03718617382291 0.25
    vertex 5.783671420211962 3.943240406445358 0.25
    vertex 6.306782075316932 3.03718617382291 0.5
  endloop
endfacet
facet normal 0.866025 0.5 0
  outer loop
    vertex 6.306782075316932 3.03718617382291 0.25
    vertex 5.783671420211962 3.943240406445358 0
    vertex 5.783671420211962 3.943240406445358 0.25
  endloop
endfacet
facet normal 0.866025 0.5 0
  outer loop
    vertex 6.306782075316932 3.03718617382291 0.5
    vertex 5.783671420211962 3.943240406445358 0.25
    vertex 5.783671420211962 3.943240406445358 0.5
  endloop
endfacet
facet normal 0.930874 0.365341 0
  outer loop
    vertex 6.689009640502984 2.063286220876331 0.5
    vertex 6.689009640502984 2.063286220876331 0.25
    vertex 6.306782075316932 3.03718617382291 0.25
  endloop
endfacet
facet normal 0.930874 0.365341 0
  outer loop
    vertex 6.689009640502984 2.063286220876331 0.25
    vertex 6.306782075316932 3.03718617382291 0
    vertex 6.306782075316932 3.03718617382291 0.25
  endloop
endfacet
facet normal 0.930874 0.365341 0
  outer loop
    vertex 6.689009640502984 2.063286220876331 0.25
    vertex 6.689009640502984 2.063286220876331 0
    vertex 6.306782075316932 3.03718617382291 0
  endloop
endfacet
facet normal 0.866025 0.5 0
  outer loop
    vertex 6.306782075316932 3.03718617382291 0.25
    vertex 6.306782075316932 3.03718617382291 0
    vertex 5.783671420211962 3.943240406445358 0
  endloop
endfacet
facet normal 0.781831 0.62349 -0
  outer loop
    vertex 5.783671420211962 3.943240406445358 0
    vertex 5.131363102808781 4.76120916439644 0.25
    vertex 5.783671420211962 3.943240406445358 0.25
  endloop
endfacet
facet normal 0.781831 0.62349 2.21508e-15
  outer loop
    vertex 5.131363102808781 4.76120916439644 0.25
    vertex 5.131363102808781 4.761209164396439 0.5
    vertex 5.783671420211962 3.943240406445358 0.25
  endloop
endfacet
facet normal 0.680173 0.733052 2.60432e-15
  outer loop
    vertex 5.131363102808781 4.76120916439644 0.25
    vertex 4.364428613011131 5.472820377276212 0.5
    vertex 5.131363102808781 4.761209164396439 0.5
  endloop
endfacet
facet normal 0.781831 0.62349 -0
  outer loop
    vertex 5.783671420211962 3.943240406445358 0.25
    vertex 5.131363102808781 4.761209164396439 0.5
    vertex 5.783671420211962 3.943240406445358 0.5
  endloop
endfacet
facet normal 0.56332 0.826239 0
  outer loop
    vertex 4.364428613011131 5.472820377276212 0.5
    vertex 4.364428613011131 5.472820377276212 0.25
    vertex 3.499999999999996 6.062177826491072 0.5
  endloop
endfacet
facet normal 0.56332 0.826239 0
  outer loop
    vertex 4.364428613011131 5.472820377276212 0.25
    vertex 3.499999999999996 6.062177826491072 0.25
    vertex 3.499999999999996 6.062177826491072 0.5
  endloop
endfacet
facet normal 0.56332 0.826239 0
  outer loop
    vertex 4.364428613011131 5.472820377276212 0.25
    vertex 4.364428613011131 5.472820377276212 0
    vertex 3.499999999999996 6.062177826491072 0.25
  endloop
endfacet
facet normal 0.433884 0.900969 0
  outer loop
    vertex 3.499999999999996 6.062177826491072 0.5
    vertex 3.499999999999996 6.062177826491072 0.25
    vertex 2.557387170564762 6.516116240509431 0.5
  endloop
endfacet
facet normal 0.781831 0.62349 -2.12235e-15
  outer loop
    vertex 5.783671420211962 3.943240406445358 0
    vertex 5.131363102808781 4.761209164396439 0
    vertex 5.131363102808781 4.76120916439644 0.25
  endloop
endfacet
facet normal 0.680173 0.733052 -2.60432e-15
  outer loop
    vertex 5.131363102808781 4.761209164396439 0
    vertex 4.364428613011131 5.472820377276212 0.25
    vertex 5.131363102808781 4.76120916439644 0.25
  endloop
endfacet
facet normal 0.680173 0.733052 0
  outer loop
    vertex 5.131363102808781 4.761209164396439 0
    vertex 4.364428613011131 5.472820377276212 0
    vertex 4.364428613011131 5.472820377276212 0.25
  endloop
endfacet
facet normal 0.680173 0.733052 0
  outer loop
    vertex 5.131363102808781 4.76120916439644 0.25
    vertex 4.364428613011131 5.472820377276212 0.25
    vertex 4.364428613011131 5.472820377276212 0.5
  endloop
endfacet
facet normal 0.294755 0.955573 1.91011e-15
  outer loop
    vertex 2.557387170564762 6.516116240509431 0.5
    vertex 1.557646537694198 6.824495385272766 0.25
    vertex 1.557646537694197 6.824495385272766 0.5
  endloop
endfacet
facet normal 0.149042 0.988831 9.26633e-16
  outer loop
    vertex 1.557646537694198 6.824495385272766 0.25
    vertex 0.5231106551049661 6.980426580268261 0.25
    vertex 1.557646537694197 6.824495385272766 0.5
  endloop
endfacet
facet normal 0.149042 0.988831 0
  outer loop
    vertex 1.557646537694198 6.824495385272766 0.25
    vertex 0.5231106551049661 6.980426580268261 0
    vertex 0.5231106551049661 6.980426580268261 0.25
  endloop
endfacet
facet normal 0.149042 0.988831 0
  outer loop
    vertex 1.557646537694197 6.824495385272766 0.5
    vertex 0.5231106551049661 6.980426580268261 0.25
    vertex 0.5231106551049661 6.980426580268261 0.5
  endloop
endfacet
facet normal 0.56332 0.826239 0
  outer loop
    vertex 4.364428613011131 5.472820377276212 0
    vertex 3.499999999999996 6.062177826491072 0
    vertex 3.499999999999996 6.062177826491072 0.25
  endloop
endfacet
facet normal 0.433884 0.900969 -0
  outer loop
    vertex 3.499999999999996 6.062177826491072 0
    vertex 2.557387170564762 6.516116240509431 0.25
    vertex 3.499999999999996 6.062177826491072 0.25
  endloop
endfacet
facet normal 0.433884 0.900969 0
  outer loop
    vertex 3.499999999999996 6.062177826491072 0
    vertex 2.557387170564762 6.516116240509431 0
    vertex 2.557387170564762 6.516116240509431 0.25
  endloop
endfacet
facet normal 0.433884 0.900969 0
  outer loop
    vertex 3.499999999999996 6.062177826491072 0.25
    vertex 2.557387170564762 6.516116240509431 0.25
    vertex 2.557387170564762 6.516116240509431 0.5
  endloop
endfacet
facet normal 0.294755 0.955573 0
  outer loop
    vertex 2.557387170564762 6.516116240509431 0.5
    vertex 2.557387170564762 6.516116240509431 0.25
    vertex 1.557646537694198 6.824495385272766 0.25
  endloop
endfacet
facet normal 0.294755 0.955573 -1.91011e-15
  outer loop
    vertex 2.557387170564762 6.516116240509431 0.25
    vertex 1.557646537694197 6.824495385272766 0
    vertex 1.557646537694198 6.824495385272766 0.25
  endloop
endfacet
facet normal 0.294755 0.955573 0
  outer loop
    vertex 2.557387170564762 6.516116240509431 0.25
    vertex 2.557387170564762 6.516116240509431 0
    vertex 1.557646537694197 6.824495385272766 0
  endloop
endfacet
facet normal 0.149042 0.988831 -9.26633e-16
  outer loop
    vertex 1.557646537694198 6.824495385272766 0.25
    vertex 1.557646537694197 6.824495385272766 0
    vertex 0.5231106551049661 6.980426580268261 0
  endloop
endfacet
facet normal -8.48939e-16 1 0
  outer loop
    vertex 0.5231106551049661 6.980426580268261 0
    vertex -0.523110655104973 6.980426580268261 0.25
    vertex 0.5231106551049661 6.980426580268261 0.25
  endloop
endfacet
facet normal -8.48939e-16 1 0
  outer loop
    vertex -0.523110655104973 6.980426580268261 0.25
    vertex -0.523110655104973 6.980426580268261 0.5
    vertex 0.5231106551049661 6.980426580268261 0.25
  endloop
endfacet
facet normal -0.149042 0.988831 0
  outer loop
    vertex -0.523110655104973 6.980426580268261 0.25
    vertex -1.557646537694203 6.824495385272765 0.5
    vertex -0.523110655104973 6.980426580268261 0.5
  endloop
endfacet
facet normal -8.48939e-16 1 0
  outer loop
    vertex 0.5231106551049661 6.980426580268261 0.25
    vertex -0.523110655104973 6.980426580268261 0.5
    vertex 0.5231106551049661 6.980426580268261 0.5
  endloop
endfacet
facet normal -0.294755 0.955573 0
  outer loop
    vertex -1.557646537694203 6.824495385272765 0.5
    vertex -2.557387170564768 6.516116240509428 0.25
    vertex -2.557387170564768 6.516116240509428 0.5
  endloop
endfacet
facet normal -0.433884 0.900969 0
  outer loop
    vertex -2.557387170564768 6.516116240509428 0.25
    vertex -3.500000000000004 6.062177826491068 0.25
    vertex -2.557387170564768 6.516116240509428 0.5
  endloop
endfacet
facet normal -0.433884 0.900969 0
  outer loop
    vertex -2.557387170564768 6.516116240509428 0.25
    vertex -3.500000000000004 6.062177826491068 0
    vertex -3.500000000000004 6.062177826491068 0.25
  endloop
endfacet
facet normal -0.433884 0.900969 0
  outer loop
    vertex -2.557387170564768 6.516116240509428 0.5
    vertex -3.500000000000004 6.062177826491068 0.25
    vertex -3.500000000000004 6.062177826491068 0.5
  endloop
endfacet
facet normal -8.48939e-16 1 0
  outer loop
    vertex 0.5231106551049661 6.980426580268261 0
    vertex -0.523110655104973 6.980426580268261 0
    vertex -0.523110655104973 6.980426580268261 0.25
  endloop
endfacet
facet normal -0.149042 0.988831 0
  outer loop
    vertex -0.523110655104973 6.980426580268261 0
    vertex -1.557646537694203 6.824495385272765 0.25
    vertex -0.523110655104973 6.980426580268261 0.25
  endloop
endfacet
facet normal -0.149042 0.988831 0
  outer loop
    vertex -0.523110655104973 6.980426580268261 0
    vertex -1.557646537694203 6.824495385272765 0
    vertex -1.557646537694203 6.824495385272765 0.25
  endloop
endfacet
facet normal -0.149042 0.988831 0
  outer loop
    vertex -0.523110655104973 6.980426580268261 0.25
    vertex -1.557646537694203 6.824495385272765 0.25
    vertex -1.557646537694203 6.824495385272765 0.5
  endloop
endfacet
facet normal -0.294755 0.955573 0
  outer loop
    vertex -1.557646537694203 6.824495385272765 0.5
    vertex -1.557646537694203 6.824495385272765 0.25
    vertex -2.557387170564768 6.516116240509428 0.25
  endloop
endfacet
facet normal -0.294755 0.955573 0
  outer loop
    vertex -1.557646537694203 6.824495385272765 0.25
    vertex -2.557387170564768 6.516116240509428 0
    vertex -2.557387170564768 6.516116240509428 0.25
  endloop
endfacet
facet normal -0.294755 0.955573 0
  outer loop
    vertex -1.557646537694203 6.824495385272765 0.25
    vertex -1.557646537694203 6.824495385272765 0
    vertex -2.557387170564768 6.516116240509428 0
  endloop
endfacet
facet normal -0.433884 0.900969 0
  outer loop
    vertex -2.557387170564768 6.516116240509428 0.25
    vertex -2.557387170564768 6.516116240509428 0
    vertex -3.500000000000004 6.062177826491068 0
  endloop
endfacet
facet normal -0.56332 0.826239 0
  outer loop
    vertex -3.500000000000004 6.062177826491068 0
    vertex -4.364428613011139 5.472820377276205 0.25
    vertex -3.500000000000004 6.062177826491068 0.25
  endloop
endfacet
facet normal -0.56332 0.826239 -1.86815e-15
  outer loop
    vertex -4.364428613011139 5.472820377276205 0.25
    vertex -4.364428613011137 5.472820377276207 0.5
    vertex -3.500000000000004 6.062177826491068 0.25
  endloop
endfacet
facet normal -0.680173 0.733052 -3.75729e-16
  outer loop
    vertex -4.364428613011139 5.472820377276205 0.25
    vertex -5.131363102808787 4.761209164396433 0.5
    vertex -4.364428613011137 5.472820377276207 0.5
  endloop
endfacet
facet normal -0.56332 0.826239 0
  outer loop
    vertex -3.500000000000004 6.062177826491068 0.25
    vertex -4.364428613011137 5.472820377276207 0.5
    vertex -3.500000000000004 6.062177826491068 0.5
  endloop
endfacet
facet normal -0.781831 0.62349 0
  outer loop
    vertex -5.131363102808787 4.761209164396433 0.5
    vertex -5.783671420211967 3.943240406445351 0.25
    vertex -5.783671420211967 3.943240406445351 0.5
  endloop
endfacet
facet normal -0.866025 0.5 0
  outer loop
    vertex -5.783671420211967 3.943240406445351 0.25
    vertex -6.306782075316937 3.037186173822902 0.25
    vertex -5.783671420211967 3.943240406445351 0.5
  endloop
endfacet
facet normal -0.866025 0.5 0
  outer loop
    vertex -5.783671420211967 3.943240406445351 0.25
    vertex -6.306782075316937 3.037186173822902 0
    vertex -6.306782075316937 3.037186173822902 0.25
  endloop
endfacet
facet normal -0.866025 0.5 0
  outer loop
    vertex -5.783671420211967 3.943240406445351 0.5
    vertex -6.306782075316937 3.037186173822902 0.25
    vertex -6.306782075316937 3.037186173822902 0.5
  endloop
endfacet
facet normal -0.56332 0.826239 2.12235e-15
  outer loop
    vertex -3.500000000000004 6.062177826491068 0
    vertex -4.364428613011137 5.472820377276207 0
    vertex -4.364428613011139 5.472820377276205 0.25
  endloop
endfacet
facet normal -0.680173 0.733052 3.75729e-16
  outer loop
    vertex -4.364428613011137 5.472820377276207 0
    vertex -5.131363102808787 4.761209164396433 0.25
    vertex -4.364428613011139 5.472820377276205 0.25
  endloop
endfacet
facet normal -0.680173 0.733052 0
  outer loop
    vertex -4.364428613011137 5.472820377276207 0
    vertex -5.131363102808787 4.761209164396433 0
    vertex -5.131363102808787 4.761209164396433 0.25
  endloop
endfacet
facet normal -0.680173 0.733052 0
  outer loop
    vertex -4.364428613011139 5.472820377276205 0.25
    vertex -5.131363102808787 4.761209164396433 0.25
    vertex -5.131363102808787 4.761209164396433 0.5
  endloop
endfacet
facet normal -0.781831 0.62349 0
  outer loop
    vertex -5.131363102808787 4.761209164396433 0
    vertex -5.783671420211967 3.943240406445351 0
    vertex -5.131363102808787 4.761209164396433 0.25
  endloop
endfacet
facet normal -0.781831 0.62349 0
  outer loop
    vertex -5.783671420211967 3.943240406445351 0
    vertex -5.783671420211967 3.943240406445351 0.25
    vertex -5.131363102808787 4.761209164396433 0.25
  endloop
endfacet
facet normal -0.866025 0.5 0
  outer loop
    vertex -5.783671420211967 3.943240406445351 0
    vertex -6.306782075316937 3.037186173822902 0
    vertex -5.783671420211967 3.943240406445351 0.25
  endloop
endfacet
facet normal -0.781831 0.62349 0
  outer loop
    vertex -5.131363102808787 4.761209164396433 0.25
    vertex -5.783671420211967 3.943240406445351 0.25
    vertex -5.131363102808787 4.761209164396433 0.5
  endloop
endfacet
facet normal -0.930874 0.365341 0
  outer loop
    vertex -6.306782075316937 3.037186173822902 0.5
    vertex -6.306782075316937 3.037186173822902 0.25
    vertex -6.689009640502986 2.063286220876326 0.5
  endloop
endfacet
facet normal -0.930874 0.365341 0
  outer loop
    vertex -6.306782075316937 3.037186173822902 0.25
    vertex -6.689009640502986 2.063286220876326 0.25
    vertex -6.689009640502986 2.063286220876326 0.5
  endloop
endfacet
facet normal -0.930874 0.365341 0
  outer loop
    vertex -6.306782075316937 3.037186173822902 0.25
    vertex -6.306782075316937 3.037186173822902 0
    vertex -6.689009640502986 2.063286220876326 0.25
  endloop
endfacet
facet normal -0.974928 0.222521 0
  outer loop
    vertex -6.689009640502986 2.063286220876326 0.5
    vertex -6.689009640502986 2.063286220876326 0.25
    vertex -6.921815783575901 1.043295863233217 0.5
  endloop
endfacet
facet normal -0.997204 0.0747301 0
  outer loop
    vertex -6.921815783575901 1.043295863233217 0.5
    vertex -7 -2.251371709547291e-15 0.25
    vertex -7 -2.251371709547291e-15 0.5
  endloop
endfacet
facet normal -0.997204 -0.0747301 0
  outer loop
    vertex -7 -2.251371709547291e-15 0.25
    vertex -6.9218157835759 -1.043295863233224 0.25
    vertex -7 -2.251371709547291e-15 0.5
  endloop
endfacet
facet normal -0.997204 -0.0747301 0
  outer loop
    vertex -7 -2.251371709547291e-15 0.25
    vertex -6.9218157835759 -1.043295863233224 0
    vertex -6.9218157835759 -1.043295863233224 0.25
  endloop
endfacet
facet normal -0.997204 -0.0747301 0
  outer loop
    vertex -7 -2.251371709547291e-15 0.5
    vertex -6.9218157835759 -1.043295863233224 0.25
    vertex -6.9218157835759 -1.043295863233224 0.5
  endloop
endfacet
facet normal -0.930874 0.365341 0
  outer loop
    vertex -6.306782075316937 3.037186173822902 0
    vertex -6.689009640502986 2.063286220876326 0
    vertex -6.689009640502986 2.063286220876326 0.25
  endloop
endfacet
facet normal -0.974928 0.222521 0
  outer loop
    vertex -6.689009640502986 2.063286220876326 0
    vertex -6.921815783575901 1.043295863233217 0.25
    vertex -6.689009640502986 2.063286220876326 0.25
  endloop
endfacet
facet normal -0.974928 0.222521 0
  outer loop
    vertex -6.689009640502986 2.063286220876326 0
    vertex -6.921815783575901 1.043295863233217 0
    vertex -6.921815783575901 1.043295863233217 0.25
  endloop
endfacet
facet normal -0.974928 0.222521 0
  outer loop
    vertex -6.689009640502986 2.063286220876326 0.25
    vertex -6.921815783575901 1.043295863233217 0.25
    vertex -6.921815783575901 1.043295863233217 0.5
  endloop
endfacet
facet normal -0.997204 0.0747301 0
  outer loop
    vertex -6.921815783575901 1.043295863233217 0.5
    vertex -6.921815783575901 1.043295863233217 0.25
    vertex -7 -2.251371709547291e-15 0.25
  endloop
endfacet
facet normal -0.997204 0.0747301 0
  outer loop
    vertex -6.921815783575901 1.043295863233217 0.25
    vertex -7 -2.251371709547291e-15 0
    vertex -7 -2.251371709547291e-15 0.25
  endloop
endfacet
facet normal -0.997204 0.0747301 0
  outer loop
    vertex -6.921815783575901 1.043295863233217 0.25
    vertex -6.921815783575901 1.043295863233217 0
    vertex -7 -2.251371709547291e-15 0
  endloop
endfacet
facet normal -0.997204 -0.0747301 -0
  outer loop
    vertex -7 -2.251371709547291e-15 0.25
    vertex -7 -2.251371709547291e-15 0
    vertex -6.9218157835759 -1.043295863233224 0
  endloop
endfacet
facet normal -0.974928 -0.222521 -0
  outer loop
    vertex -6.9218157835759 -1.043295863233224 0.5
    vertex -6.9218157835759 -1.043295863233224 0.25
    vertex -6.689009640502984 -2.063286220876331 0.5
  endloop
endfacet
facet normal -0.974928 -0.222521 0
  outer loop
    vertex -6.9218157835759 -1.043295863233224 0.25
    vertex -6.689009640502984 -2.063286220876331 0.25
    vertex -6.689009640502984 -2.063286220876331 0.5
  endloop
endfacet
facet normal -0.974928 -0.222521 -0
  outer loop
    vertex -6.9218157835759 -1.043295863233224 0.25
    vertex -6.9218157835759 -1.043295863233224 0
    vertex -6.689009640502984 -2.063286220876331 0.25
  endloop
endfacet
facet normal -0.930874 -0.365341 -0
  outer loop
    vertex -6.689009640502984 -2.063286220876331 0.5
    vertex -6.689009640502984 -2.063286220876331 0.25
    vertex -6.306782075316933 -3.037186173822909 0.5
  endloop
endfacet
facet normal -0.866025 -0.5 -0
  outer loop
    vertex -6.306782075316933 -3.037186173822909 0.5
    vertex -6.306782075316933 -3.037186173822909 0.25
    vertex -5.783671420211962 -3.943240406445357 0.5
  endloop
endfacet
facet normal -0.866025 -0.5 4.66917e-15
  outer loop
    vertex -6.306782075316933 -3.037186173822909 0.25
    vertex -5.783671420211965 -3.943240406445355 0.25
    vertex -5.783671420211962 -3.943240406445357 0.5
  endloop
endfacet
facet normal -0.866025 -0.5 -0
  outer loop
    vertex -6.306782075316933 -3.037186173822909 0.25
    vertex -6.306782075316933 -3.037186173822909 0
    vertex -5.783671420211965 -3.943240406445355 0.25
  endloop
endfacet
facet normal -0.781831 -0.62349 2.79517e-15
  outer loop
    vertex -5.783671420211962 -3.943240406445357 0.5
    vertex -5.783671420211965 -3.943240406445355 0.25
    vertex -5.131363102808784 -4.761209164396436 0.5
  endloop
endfacet
facet normal -0.974928 -0.222521 0
  outer loop
    vertex -6.9218157835759 -1.043295863233224 0
    vertex -6.689009640502984 -2.063286220876331 0
    vertex -6.689009640502984 -2.063286220876331 0.25
  endloop
endfacet
facet normal -0.930874 -0.365341 0
  outer loop
    vertex -6.689009640502984 -2.063286220876331 0
    vertex -6.306782075316933 -3.037186173822909 0.25
    vertex -6.689009640502984 -2.063286220876331 0.25
  endloop
endfacet
facet normal -0.930874 -0.365341 0
  outer loop
    vertex -6.689009640502984 -2.063286220876331 0
    vertex -6.306782075316933 -3.037186173822909 0
    vertex -6.306782075316933 -3.037186173822909 0.25
  endloop
endfacet
facet normal -0.930874 -0.365341 0
  outer loop
    vertex -6.689009640502984 -2.063286220876331 0.25
    vertex -6.306782075316933 -3.037186173822909 0.25
    vertex -6.306782075316933 -3.037186173822909 0.5
  endloop
endfacet
facet normal -0.680173 -0.733052 -0
  outer loop
    vertex -5.131363102808784 -4.761209164396436 0.5
    vertex -5.131363102808784 -4.761209164396436 0.25
    vertex -4.364428613011136 -5.472820377276208 0.5
  endloop
endfacet
facet normal -0.680173 -0.733052 0
  outer loop
    vertex -5.131363102808784 -4.761209164396436 0.25
    vertex -4.364428613011136 -5.472820377276208 0.25
    vertex -4.364428613011136 -5.472820377276208 0.5
  endloop
endfacet
facet normal -0.680173 -0.733052 -0
  outer loop
    vertex -5.131363102808784 -4.761209164396436 0.25
    vertex -5.131363102808784 -4.761209164396436 0
    vertex -4.364428613011136 -5.472820377276208 0.25
  endloop
endfacet
facet normal -0.56332 -0.826239 -0
  outer loop
    vertex -4.364428613011136 -5.472820377276208 0.5
    vertex -4.364428613011136 -5.472820377276208 0.25
    vertex -3.499999999999997 -6.062177826491071 0.5
  endloop
endfacet
facet normal -0.866025 -0.5 -4.66917e-15
  outer loop
    vertex -6.306782075316933 -3.037186173822909 0
    vertex -5.783671420211962 -3.943240406445357 0
    vertex -5.783671420211965 -3.943240406445355 0.25
  endloop
endfacet
facet normal -0.781831 -0.62349 -2.79517e-15
  outer loop
    vertex -5.783671420211962 -3.943240406445357 0
    vertex -5.131363102808784 -4.761209164396436 0.25
    vertex -5.783671420211965 -3.943240406445355 0.25
  endloop
endfacet
facet normal -0.781831 -0.62349 0
  outer loop
    vertex -5.783671420211962 -3.943240406445357 0
    vertex -5.131363102808784 -4.761209164396436 0
    vertex -5.131363102808784 -4.761209164396436 0.25
  endloop
endfacet
facet normal -0.781831 -0.62349 0
  outer loop
    vertex -5.783671420211965 -3.943240406445355 0.25
    vertex -5.131363102808784 -4.761209164396436 0.25
    vertex -5.131363102808784 -4.761209164396436 0.5
  endloop
endfacet
facet normal -0.433884 -0.900969 2.97129e-15
  outer loop
    vertex -3.499999999999997 -6.062177826491071 0.5
    vertex -2.557387170564764 -6.51611624050943 0.25
    vertex -2.557387170564759 -6.516116240509432 0.5
  endloop
endfacet
facet normal -0.294755 -0.955573 -5.06669e-16
  outer loop
    vertex -2.557387170564764 -6.51611624050943 0.25
    vertex -1.557646537694196 -6.824495385272766 0.25
    vertex -2.557387170564759 -6.516116240509432 0.5
  endloop
endfacet
facet normal -0.294755 -0.955573 0
  outer loop
    vertex -2.557387170564764 -6.51611624050943 0.25
    vertex -1.557646537694196 -6.824495385272766 0
    vertex -1.557646537694196 -6.824495385272766 0.25
  endloop
endfacet
facet normal -0.294755 -0.955573 0
  outer loop
    vertex -2.557387170564759 -6.516116240509432 0.5
    vertex -1.557646537694196 -6.824495385272766 0.25
    vertex -1.557646537694196 -6.824495385272766 0.5
  endloop
endfacet
facet normal -0.680173 -0.733052 0
  outer loop
    vertex -5.131363102808784 -4.761209164396436 0
    vertex -4.364428613011136 -5.472820377276208 0
    vertex -4.364428613011136 -5.472820377276208 0.25
  endloop
endfacet
facet normal -0.56332 -0.826239 0
  outer loop
    vertex -4.364428613011136 -5.472820377276208 0
    vertex -3.499999999999997 -6.062177826491071 0.25
    vertex -4.364428613011136 -5.472820377276208 0.25
  endloop
endfacet
facet normal -0.56332 -0.826239 0
  outer loop
    vertex -4.364428613011136 -5.472820377276208 0
    vertex -3.499999999999997 -6.062177826491071 0
    vertex -3.499999999999997 -6.062177826491071 0.25
  endloop
endfacet
facet normal -0.56332 -0.826239 0
  outer loop
    vertex -4.364428613011136 -5.472820377276208 0.25
    vertex -3.499999999999997 -6.062177826491071 0.25
    vertex -3.499999999999997 -6.062177826491071 0.5
  endloop
endfacet
facet normal -0.433884 -0.900969 0
  outer loop
    vertex -3.499999999999997 -6.062177826491071 0
    vertex -2.557387170564759 -6.516116240509432 0
    vertex -3.499999999999997 -6.062177826491071 0.25
  endloop
endfacet
facet normal -0.433884 -0.900969 -2.84702e-15
  outer loop
    vertex -2.557387170564759 -6.516116240509432 0
    vertex -2.557387170564764 -6.51611624050943 0.25
    vertex -3.499999999999997 -6.062177826491071 0.25
  endloop
endfacet
facet normal -0.294755 -0.955573 5.06669e-16
  outer loop
    vertex -2.557387170564759 -6.516116240509432 0
    vertex -1.557646537694196 -6.824495385272766 0
    vertex -2.557387170564764 -6.51611624050943 0.25
  endloop
endfacet
facet normal -0.433884 -0.900969 0
  outer loop
    vertex -3.499999999999997 -6.062177826491071 0.25
    vertex -2.557387170564764 -6.51611624050943 0.25
    vertex -3.499999999999997 -6.062177826491071 0.5
  endloop
endfacet
facet normal -0.149042 -0.988831 0
  outer loop
    vertex -1.557646537694196 -6.824495385272766 0
    vertex -0.5231106551049669 -6.980426580268261 0.25
    vertex -1.557646537694196 -6.824495385272766 0.25
  endloop
endfacet
facet normal -0.149042 -0.988831 0
  outer loop
    vertex -0.5231106551049669 -6.980426580268261 0.25
    vertex -0.5231106551049669 -6.980426580268261 0.5
    vertex -1.557646537694196 -6.824495385272766 0.25
  endloop
endfacet
facet normal 0 -1 0
  outer loop
    vertex -0.5231106551049669 -6.980426580268261 0.25
    vertex 0.5231106551049706 -6.980426580268261 0.5
    vertex -0.5231106551049669 -6.980426580268261 0.5
  endloop
endfacet
facet normal -0.149042 -0.988831 0
  outer loop
    vertex -1.557646537694196 -6.824495385272766 0.25
    vertex -0.5231106551049669 -6.980426580268261 0.5
    vertex -1.557646537694196 -6.824495385272766 0.5
  endloop
endfacet
facet normal 0.149042 -0.988831 0
  outer loop
    vertex 0.5231106551049706 -6.980426580268261 0.5
    vertex 1.557646537694199 -6.824495385272765 0.25
    vertex 1.557646537694199 -6.824495385272765 0.5
  endloop
endfacet
facet normal 0.294755 -0.955573 0
  outer loop
    vertex 1.557646537694199 -6.824495385272765 0.25
    vertex 2.557387170564767 -6.516116240509429 0.25
    vertex 1.557646537694199 -6.824495385272765 0.5
  endloop
endfacet
facet normal 0.294755 -0.955573 0
  outer loop
    vertex 1.557646537694199 -6.824495385272765 0.25
    vertex 2.557387170564767 -6.516116240509429 0
    vertex 2.557387170564767 -6.516116240509429 0.25
  endloop
endfacet
facet normal 0.294755 -0.955573 0
  outer loop
    vertex 1.557646537694199 -6.824495385272765 0.5
    vertex 2.557387170564767 -6.516116240509429 0.25
    vertex 2.557387170564767 -6.516116240509429 0.5
  endloop
endfacet
facet normal -0.149042 -0.988831 0
  outer loop
    vertex -1.557646537694196 -6.824495385272766 0
    vertex -0.5231106551049669 -6.980426580268261 0
    vertex -0.5231106551049669 -6.980426580268261 0.25
  endloop
endfacet
facet normal 0 -1 0
  outer loop
    vertex -0.5231106551049669 -6.980426580268261 0
    vertex 0.5231106551049706 -6.980426580268261 0.25
    vertex -0.5231106551049669 -6.980426580268261 0.25
  endloop
endfacet
facet normal 0 -1 0
  outer loop
    vertex -0.5231106551049669 -6.980426580268261 0
    vertex 0.5231106551049706 -6.980426580268261 0
    vertex 0.5231106551049706 -6.980426580268261 0.25
  endloop
endfacet
facet normal 0 -1 0
  outer loop
    vertex -0.5231106551049669 -6.980426580268261 0.25
    vertex 0.5231106551049706 -6.980426580268261 0.25
    vertex 0.5231106551049706 -6.980426580268261 0.5
  endloop
endfacet
facet normal 0.149042 -0.988831 0
  outer loop
    vertex 0.5231106551049706 -6.980426580268261 0.5
    vertex 0.5231106551049706 -6.980426580268261 0.25
    vertex 1.557646537694199 -6.824495385272765 0.25
  endloop
endfacet
facet normal 0.149042 -0.988831 0
  outer loop
    vertex 0.5231106551049706 -6.980426580268261 0.25
    vertex 1.557646537694199 -6.824495385272765 0
    vertex 1.557646537694199 -6.824495385272765 0.25
  endloop
endfacet
facet normal 0.149042 -0.988831 0
  outer loop
    vertex 0.5231106551049706 -6.980426580268261 0.25
    vertex 0.5231106551049706 -6.980426580268261 0
    vertex 1.557646537694199 -6.824495385272765 0
  endloop
endfacet
facet normal 0.294755 -0.955573 0
  outer loop
    vertex 1.557646537694199 -6.824495385272765 0.25
    vertex 1.557646537694199 -6.824495385272765 0
    vertex 2.557387170564767 -6.516116240509429 0
  endloop
endfacet
facet normal 0.433884 -0.900969 3.39576e-15
  outer loop
    vertex 2.557387170564767 -6.516116240509429 0.5
    vertex 3.500000000000001 -6.06217782649107 0.25
    vertex 3.500000000000006 -6.062177826491067 0.5
  endloop
endfacet
facet normal 0.56332 -0.826239 -2.6633e-16
  outer loop
    vertex 3.500000000000001 -6.06217782649107 0.25
    vertex 4.364428613011138 -5.472820377276205 0.25
    vertex 3.500000000000006 -6.062177826491067 0.5
  endloop
endfacet
facet normal 0.56332 -0.826239 0
  outer loop
    vertex 3.500000000000001 -6.06217782649107 0.25
    vertex 4.364428613011138 -5.472820377276205 0
    vertex 4.364428613011138 -5.472820377276205 0.25
  endloop
endfacet
facet normal 0.56332 -0.826239 0
  outer loop
    vertex 3.500000000000006 -6.062177826491067 0.5
    vertex 4.364428613011138 -5.472820377276205 0.25
    vertex 4.364428613011138 -5.472820377276205 0.5
  endloop
endfacet
facet normal 0.433884 -0.900969 0
  outer loop
    vertex 2.557387170564767 -6.516116240509429 0
    vertex 3.500000000000006 -6.062177826491067 0
    vertex 2.557387170564767 -6.516116240509429 0.25
  endloop
endfacet
facet normal 0.433884 -0.900969 -3.55475e-15
  outer loop
    vertex 3.500000000000006 -6.062177826491067 0
    vertex 3.500000000000001 -6.06217782649107 0.25
    vertex 2.557387170564767 -6.516116240509429 0.25
  endloop
endfacet
facet normal 0.56332 -0.826239 2.6633e-16
  outer loop
    vertex 3.500000000000006 -6.062177826491067 0
    vertex 4.364428613011138 -5.472820377276205 0
    vertex 3.500000000000001 -6.06217782649107 0.25
  endloop
endfacet
facet normal 0.433884 -0.900969 0
  outer loop
    vertex 2.557387170564767 -6.516116240509429 0.25
    vertex 3.500000000000001 -6.06217782649107 0.25
    vertex 2.557387170564767 -6.516116240509429 0.5
  endloop
endfacet
facet normal 0.680173 -0.733052 0
  outer loop
    vertex 4.364428613011138 -5.472820377276205 0.5
    vertex 5.131363102808786 -4.761209164396434 0.25
    vertex 5.131363102808786 -4.761209164396434 0.5
  endloop
endfacet
facet normal 0.781831 -0.62349 0
  outer loop
    vertex 5.131363102808786 -4.761209164396434 0.25
    vertex 5.783671420211965 -3.943240406445354 0.25
    vertex 5.131363102808786 -4.761209164396434 0.5
  endloop
endfacet
facet normal 0.781831 -0.62349 0
  outer loop
    vertex 5.131363102808786 -4.761209164396434 0.25
    vertex 5.783671420211965 -3.943240406445354 0
    vertex 5.783671420211965 -3.943240406445354 0.25
  endloop
endfacet
facet normal 0.781831 -0.62349 0
  outer loop
    vertex 5.131363102808786 -4.761209164396434 0.5
    vertex 5.783671420211965 -3.943240406445354 0.25
    vertex 5.783671420211965 -3.943240406445354 0.5
  endloop
endfacet
facet normal 0.680173 -0.733052 0
  outer loop
    vertex 4.364428613011138 -5.472820377276205 0.5
    vertex 4.364428613011138 -5.472820377276205 0.25
    vertex 5.131363102808786 -4.761209164396434 0.25
  endloop
endfacet
facet normal 0.680173 -0.733052 0
  outer loop
    vertex 4.364428613011138 -5.472820377276205 0.25
    vertex 5.131363102808786 -4.761209164396434 0
    vertex 5.131363102808786 -4.761209164396434 0.25
  endloop
endfacet
facet normal 0.680173 -0.733052 0
  outer loop
    vertex 4.364428613011138 -5.472820377276205 0.25
    vertex 4.364428613011138 -5.472820377276205 0
    vertex 5.131363102808786 -4.761209164396434 0
  endloop
endfacet
facet normal 0.781831 -0.62349 0
  outer loop
    vertex 5.131363102808786 -4.761209164396434 0.25
    vertex 5.131363102808786 -4.761209164396434 0
    vertex 5.783671420211965 -3.943240406445354 0
  endloop
endfacet
facet normal 0.866025 -0.5 0
  outer loop
    vertex 5.783671420211965 -3.943240406445354 0
    vertex 6.306782075316933 -3.037186173822908 0.25
    vertex 5.783671420211965 -3.943240406445354 0.25
  endloop
endfacet
facet normal 0.866025 -0.5 0
  outer loop
    vertex 6.306782075316933 -3.037186173822908 0.25
    vertex 6.306782075316933 -3.037186173822908 0.5
    vertex 5.783671420211965 -3.943240406445354 0.25
  endloop
endfacet
facet normal 0.930874 -0.365341 0
  outer loop
    vertex 6.306782075316933 -3.037186173822908 0.25
    vertex 6.689009640502985 -2.063286220876327 0.5
    vertex 6.306782075316933 -3.037186173822908 0.5
  endloop
endfacet
facet normal 0.866025 -0.5 0
  outer loop
    vertex 5.783671420211965 -3.943240406445354 0.25
    vertex 6.306782075316933 -3.037186173822908 0.5
    vertex 5.783671420211965 -3.943240406445354 0.5
  endloop
endfacet
facet normal 0.866025 -0.5 0
  outer loop
    vertex 5.783671420211965 -3.943240406445354 0
    vertex 6.306782075316933 -3.037186173822908 0
    vertex 6.306782075316933 -3.037186173822908 0.25
  endloop
endfacet
facet normal 0.930874 -0.365341 0
  outer loop
    vertex 6.306782075316933 -3.037186173822908 0
    vertex 6.689009640502985 -2.063286220876327 0.25
    vertex 6.306782075316933 -3.037186173822908 0.25
  endloop
endfacet
facet normal 0.930874 -0.365341 0
  outer loop
    vertex 6.306782075316933 -3.037186173822908 0
    vertex 6.689009640502985 -2.063286220876327 0
    vertex 6.689009640502985 -2.063286220876327 0.25
  endloop
endfacet
facet normal 0.930874 -0.365341 0
  outer loop
    vertex 6.306782075316933 -3.037186173822908 0.25
    vertex 6.689009640502985 -2.063286220876327 0.25
    vertex 6.689009640502985 -2.063286220876327 0.5
  endloop
endfacet
facet normal 0 0 1
  outer loop
    vertex 6.689009640502984 2.063286220876331 0.5
    vertex 5.889335861631493 1.71352853284959 0.5
    vertex 6.9218157835759 1.043295863233222 0.5
  endloop
endfacet
facet normal 0 0 1
  outer loop
    vertex 5.889335861631493 1.71352853284959 0.5
    vertex 6.044831041380001 0.6818854224114244 0.5
    vertex 6.9218157835759 1.043295863233222 0.5
  endloop
endfacet
facet normal 0 0 1
  outer loop
    vertex 5.889335861631493 1.71352853284959 0.5
    vertex 5.089662082760002 1.363770844822849 0.5
    vertex 6.044831041380001 0.6818854224114244 0.5
  endloop
endfacet
facet normal 0 0 1
  outer loop
    vertex 6.9218157835759 1.043295863233222 0.5
    vertex 6.044831041380001 0.6818854224114244 0.5
    vertex 7 -1.714505518806294e-15 0.5
  endloop
endfacet
facet normal 0 0 1
  outer loop
    vertex 7 -1.714505518806294e-15 0.5
    vertex 6.04483104138 -0.6818854224114251 0.5
    vertex 6.9218157835759 -1.043295863233221 0.5
  endloop
endfacet
facet normal 0 0 1
  outer loop
    vertex 6.04483104138 -0.6818854224114251 0.5
    vertex 5.889335861631492 -1.713528532849589 0.5
    vertex 6.9218157835759 -1.043295863233221 0.5
  endloop
endfacet
facet normal 0 0 1
  outer loop
    vertex 6.04483104138 -0.6818854224114251 0.5
    vertex 5.08966208276 -1.36377084482285 0.5
    vertex 5.889335861631492 -1.713528532849589 0.5
  endloop
endfacet
facet normal 0 0 1
  outer loop
    vertex 6.9218157835759 -1.043295863233221 0.5
    vertex 5.889335861631492 -1.713528532849589 0.5
    vertex 6.689009640502985 -2.063286220876327 0.5
  endloop
endfacet
facet normal 0 0 1
  outer loop
    vertex 7 -1.714505518806294e-15 0.5
    vertex 6.044831041380001 0.6818854224114244 0.5
    vertex 6.04483104138 -0.6818854224114251 0.5
  endloop
endfacet
facet normal 0 0 1
  outer loop
    vertex 6.044831041380001 0.6818854224114244 0.5
    vertex 5.089662082760001 -8.881784197001252e-16 0.5
    vertex 6.04483104138 -0.6818854224114251 0.5
  endloop
endfacet
facet normal 0 0 1
  outer loop
    vertex 6.044831041380001 0.6818854224114244 0.5
    vertex 5.089662082760002 1.363770844822849 0.5
    vertex 5.089662082760001 -8.881784197001252e-16 0.5
  endloop
endfacet
facet normal 0 0 1
  outer loop
    vertex 6.04483104138 -0.6818854224114251 0.5
    vertex 5.089662082760001 -8.881784197001252e-16 0.5
    vertex 5.08966208276 -1.36377084482285 0.5
  endloop
endfacet
facet normal 0 -0 1
  outer loop
    vertex 4 -9.797174393178826e-16 0.5
    vertex 4.544831041380001 0.6818854224114244 0.5
    vertex 3.863703305156273 1.035276180410083 0.5
  endloop
endfacet
facet normal 0 0 1
  outer loop
    vertex 4.544831041380001 0.6818854224114244 0.5
    vertex 4.276881848948879 1.681885422411424 0.5
    vertex 3.863703305156273 1.035276180410083 0.5
  endloop
endfacet
facet normal 0 -0 1
  outer loop
    vertex 4.544831041380001 0.6818854224114244 0.5
    vertex 5.089662082760002 1.363770844822849 0.5
    vertex 4.276881848948879 1.681885422411424 0.5
  endloop
endfacet
facet normal 0 -0 1
  outer loop
    vertex 3.863703305156273 1.035276180410083 0.5
    vertex 4.276881848948879 1.681885422411424 0.5
    vertex 3.464101615137754 2 0.5
  endloop
endfacet
facet normal 0 0 1
  outer loop
    vertex 3.464101615137753 -2.000000000000002 0.5
    vertex 4.276881848948877 -1.681885422411426 0.5
    vertex 3.863703305156273 -1.035276180410083 0.5
  endloop
endfacet
facet normal 0 -0 1
  outer loop
    vertex 4.276881848948877 -1.681885422411426 0.5
    vertex 4.54483104138 -0.6818854224114251 0.5
    vertex 3.863703305156273 -1.035276180410083 0.5
  endloop
endfacet
facet normal 0 0 1
  outer loop
    vertex 4.276881848948877 -1.681885422411426 0.5
    vertex 5.08966208276 -1.36377084482285 0.5
    vertex 4.54483104138 -0.6818854224114251 0.5
  endloop
endfacet
facet normal 0 0 1
  outer loop
    vertex 3.863703305156273 -1.035276180410083 0.5
    vertex 4.54483104138 -0.6818854224114251 0.5
    vertex 4 -9.797174393178826e-16 0.5
  endloop
endfacet
facet normal 0 -0 1
  outer loop
    vertex 5.08966208276 -1.36377084482285 0.5
    vertex 5.089662082760001 -8.881784197001252e-16 0.5
    vertex 4.54483104138 -0.6818854224114251 0.5
  endloop
endfacet
facet normal 0 0 1
  outer loop
    vertex 5.089662082760001 -8.881784197001252e-16 0.5
    vertex 4.544831041380001 0.6818854224114244 0.5
    vertex 4.54483104138 -0.6818854224114251 0.5
  endloop
endfacet
facet normal 0 -0 1
  outer loop
    vertex 5.089662082760001 -8.881784197001252e-16 0.5
    vertex 5.089662082760002 1.363770844822849 0.5
    vertex 4.544831041380001 0.6818854224114244 0.5
  endloop
endfacet
facet normal 0 -0 1
  outer loop
    vertex 4.54483104138 -0.6818854224114251 0.5
    vertex 4.544831041380001 0.6818854224114244 0.5
    vertex 4 -9.797174393178826e-16 0.5
  endloop
endfacet
facet normal 0 0 1
  outer loop
    vertex 5.783671420211962 3.943240406445358 0.5
    vertex 5.436666751485982 2.653505625634103 0.5
    vertex 6.306782075316932 3.03718617382291 0.5
  endloop
endfacet
facet normal -0 0 1
  outer loop
    vertex 5.436666751485982 2.653505625634103 0.5
    vertex 5.889335861631493 1.71352853284959 0.5
    vertex 6.306782075316932 3.03718617382291 0.5
  endloop
endfacet
facet normal 0 0 1
  outer loop
    vertex 5.436666751485982 2.653505625634103 0.5
    vertex 5.089662082760002 1.363770844822849 0.5
    vertex 5.889335861631493 1.71352853284959 0.5
  endloop
endfacet
facet normal 0 0 1
  outer loop
    vertex 6.306782075316932 3.03718617382291 0.5
    vertex 5.889335861631493 1.71352853284959 0.5
    vertex 6.689009640502984 2.063286220876331 0.5
  endloop
endfacet
facet normal 0 0 1
  outer loop
    vertex 4.364428613011131 5.472820377276212 0.5
    vertex 4.149300970434144 4.509108687621357 0.5
    vertex 5.131363102808781 4.761209164396439 0.5
  endloop
endfacet
facet normal -0 0 1
  outer loop
    vertex 4.149300970434144 4.509108687621357 0.5
    vertex 4.85892237403456 3.74431870220593 0.5
    vertex 5.131363102808781 4.761209164396439 0.5
  endloop
endfacet
facet normal 0 0 1
  outer loop
    vertex 4.149300970434144 4.509108687621357 0.5
    vertex 3.934173327857158 3.545396997966503 0.5
    vertex 4.85892237403456 3.74431870220593 0.5
  endloop
endfacet
facet normal 0 0 1
  outer loop
    vertex 5.131363102808781 4.761209164396439 0.5
    vertex 4.85892237403456 3.74431870220593 0.5
    vertex 5.783671420211962 3.943240406445358 0.5
  endloop
endfacet
facet normal -0 0 1
  outer loop
    vertex 3.934173327857158 3.545396997966503 0.5
    vertex 4.51191770530858 2.454583921394676 0.5
    vertex 4.85892237403456 3.74431870220593 0.5
  endloop
endfacet
facet normal 0 0 1
  outer loop
    vertex 4.51191770530858 2.454583921394676 0.5
    vertex 5.436666751485982 2.653505625634103 0.5
    vertex 4.85892237403456 3.74431870220593 0.5
  endloop
endfacet
facet normal -0 0 1
  outer loop
    vertex 4.51191770530858 2.454583921394676 0.5
    vertex 5.089662082760002 1.363770844822849 0.5
    vertex 5.436666751485982 2.653505625634103 0.5
  endloop
endfacet
facet normal -0 0 1
  outer loop
    vertex 4.85892237403456 3.74431870220593 0.5
    vertex 5.436666751485982 2.653505625634103 0.5
    vertex 5.783671420211962 3.943240406445358 0.5
  endloop
endfacet
facet normal 0 0 1
  outer loop
    vertex 2.557387170564762 6.516116240509431 0.5
    vertex 2.674624216706836 5.675880897723578 0.5
    vertex 3.499999999999996 6.062177826491072 0.5
  endloop
endfacet
facet normal -0 0 1
  outer loop
    vertex 2.674624216706836 5.675880897723578 0.5
    vertex 3.57814493793002 5.154232966106967 0.5
    vertex 3.499999999999996 6.062177826491072 0.5
  endloop
endfacet
facet normal 0 0 1
  outer loop
    vertex 2.674624216706836 5.675880897723578 0.5
    vertex 2.79186126284891 4.835645554937724 0.5
    vertex 3.57814493793002 5.154232966106967 0.5
  endloop
endfacet
facet normal 0 0 1
  outer loop
    vertex 3.499999999999996 6.062177826491072 0.5
    vertex 3.57814493793002 5.154232966106967 0.5
    vertex 4.364428613011131 5.472820377276212 0.5
  endloop
endfacet
facet normal 0 0 1
  outer loop
    vertex 4.364428613011131 5.472820377276212 0.5
    vertex 3.57814493793002 5.154232966106967 0.5
    vertex 4.149300970434144 4.509108687621357 0.5
  endloop
endfacet
facet normal 0 0 1
  outer loop
    vertex 3.57814493793002 5.154232966106967 0.5
    vertex 3.363017295353034 4.190521276452113 0.5
    vertex 4.149300970434144 4.509108687621357 0.5
  endloop
endfacet
facet normal 0 0 1
  outer loop
    vertex 3.57814493793002 5.154232966106967 0.5
    vertex 2.79186126284891 4.835645554937724 0.5
    vertex 3.363017295353034 4.190521276452113 0.5
  endloop
endfacet
facet normal 0 0 1
  outer loop
    vertex 4.149300970434144 4.509108687621357 0.5
    vertex 3.363017295353034 4.190521276452113 0.5
    vertex 3.934173327857158 3.545396997966503 0.5
  endloop
endfacet
facet normal 0 0 1
  outer loop
    vertex 0.5231106551049661 6.980426580268261 0.5
    vertex 0.813213928958231 6.080109562033488 0.5
    vertex 1.557646537694197 6.824495385272766 0.5
  endloop
endfacet
facet normal -0 0 1
  outer loop
    vertex 0.813213928958231 6.080109562033488 0.5
    vertex 1.830352186688129 5.847954392154073 0.5
    vertex 1.557646537694197 6.824495385272766 0.5
  endloop
endfacet
facet normal 0 0 1
  outer loop
    vertex 0.813213928958231 6.080109562033488 0.5
    vertex 1.103317202811496 5.179792543798715 0.5
    vertex 1.830352186688129 5.847954392154073 0.5
  endloop
endfacet
facet normal 0 0 1
  outer loop
    vertex 1.557646537694197 6.824495385272766 0.5
    vertex 1.830352186688129 5.847954392154073 0.5
    vertex 2.557387170564762 6.516116240509431 0.5
  endloop
endfacet
facet normal -0 0 1
  outer loop
    vertex 1.103317202811496 5.179792543798715 0.5
    vertex 1.947589232830203 5.00771904936822 0.5
    vertex 1.830352186688129 5.847954392154073 0.5
  endloop
endfacet
facet normal 0 -0 1
  outer loop
    vertex 1.947589232830203 5.00771904936822 0.5
    vertex 2.674624216706836 5.675880897723578 0.5
    vertex 1.830352186688129 5.847954392154073 0.5
  endloop
endfacet
facet normal -0 0 1
  outer loop
    vertex 1.947589232830203 5.00771904936822 0.5
    vertex 2.79186126284891 4.835645554937724 0.5
    vertex 2.674624216706836 5.675880897723578 0.5
  endloop
endfacet
facet normal -0 0 1
  outer loop
    vertex 1.830352186688129 5.847954392154073 0.5
    vertex 2.674624216706836 5.675880897723578 0.5
    vertex 2.557387170564762 6.516116240509431 0.5
  endloop
endfacet
facet normal -0 0 1
  outer loop
    vertex -1.557646537694203 6.824495385272765 0.5
    vertex -1.460708691258526 5.957078734016383 0.5
    vertex -0.523110655104973 6.980426580268261 0.5
  endloop
endfacet
facet normal 0 0 1
  outer loop
    vertex -1.460708691258526 5.957078734016383 0.5
    vertex -0.4203300948589412 6.035044331514132 0.5
    vertex -0.523110655104973 6.980426580268261 0.5
  endloop
endfacet
facet normal -0 0 1
  outer loop
    vertex -1.460708691258526 5.957078734016383 0.5
    vertex -1.363770844822848 5.089662082760002 0.5
    vertex -0.4203300948589412 6.035044331514132 0.5
  endloop
endfacet
facet normal -0 0 1
  outer loop
    vertex -0.523110655104973 6.980426580268261 0.5
    vertex -0.4203300948589412 6.035044331514132 0.5
    vertex 0.5231106551049661 6.980426580268261 0.5
  endloop
endfacet
facet normal 0 0 1
  outer loop
    vertex 0.5231106551049661 6.980426580268261 0.5
    vertex -0.4203300948589412 6.035044331514132 0.5
    vertex 0.813213928958231 6.080109562033488 0.5
  endloop
endfacet
facet normal -0 0 1
  outer loop
    vertex -0.4203300948589412 6.035044331514132 0.5
    vertex -0.1302268210056765 5.134727313279359 0.5
    vertex 0.813213928958231 6.080109562033488 0.5
  endloop
endfacet
facet normal 0 0 1
  outer loop
    vertex -0.4203300948589412 6.035044331514132 0.5
    vertex -1.363770844822848 5.089662082760002 0.5
    vertex -0.1302268210056765 5.134727313279359 0.5
  endloop
endfacet
facet normal 0 0 1
  outer loop
    vertex 0.813213928958231 6.080109562033488 0.5
    vertex -0.1302268210056765 5.134727313279359 0.5
    vertex 1.103317202811496 5.179792543798715 0.5
  endloop
endfacet
facet normal -0 0 1
  outer loop
    vertex -3.500000000000004 6.062177826491068 0.5
    vertex -2.431885422411426 5.575919954625535 0.5
    vertex -2.557387170564768 6.516116240509428 0.5
  endloop
endfacet
facet normal 0 -0 1
  outer loop
    vertex -2.431885422411426 5.575919954625535 0.5
    vertex -1.460708691258526 5.957078734016383 0.5
    vertex -2.557387170564768 6.516116240509428 0.5
  endloop
endfacet
facet normal -0 0 1
  outer loop
    vertex -2.431885422411426 5.575919954625535 0.5
    vertex -1.363770844822848 5.089662082760002 0.5
    vertex -1.460708691258526 5.957078734016383 0.5
  endloop
endfacet
facet normal -0 0 1
  outer loop
    vertex -2.557387170564768 6.516116240509428 0.5
    vertex -1.460708691258526 5.957078734016383 0.5
    vertex -1.557646537694203 6.824495385272765 0.5
  endloop
endfacet
facet normal -0 0 1
  outer loop
    vertex -5.131363102808787 4.761209164396433 0.5
    vertex -4.428627170372971 4.243550201166793 0.5
    vertex -4.364428613011137 5.472820377276207 0.5
  endloop
endfacet
facet normal 0 0 1
  outer loop
    vertex -4.428627170372971 4.243550201166793 0.5
    vertex -3.612945618968579 4.894034532214111 0.5
    vertex -4.364428613011137 5.472820377276207 0.5
  endloop
endfacet
facet normal -0 0 1
  outer loop
    vertex -4.428627170372971 4.243550201166793 0.5
    vertex -3.725891237937155 3.725891237937154 0.5
    vertex -3.612945618968579 4.894034532214111 0.5
  endloop
endfacet
facet normal -0 0 1
  outer loop
    vertex -4.364428613011137 5.472820377276207 0.5
    vertex -3.612945618968579 4.894034532214111 0.5
    vertex -3.500000000000004 6.062177826491068 0.5
  endloop
endfacet
facet normal 0 0 1
  outer loop
    vertex -3.725891237937155 3.725891237937154 0.5
    vertex -2.544831041380002 4.407776660348578 0.5
    vertex -3.612945618968579 4.894034532214111 0.5
  endloop
endfacet
facet normal 0 -0 1
  outer loop
    vertex -2.544831041380002 4.407776660348578 0.5
    vertex -2.431885422411426 5.575919954625535 0.5
    vertex -3.612945618968579 4.894034532214111 0.5
  endloop
endfacet
facet normal 0 0 1
  outer loop
    vertex -2.544831041380002 4.407776660348578 0.5
    vertex -1.363770844822848 5.089662082760002 0.5
    vertex -2.431885422411426 5.575919954625535 0.5
  endloop
endfacet
facet normal 0 0 1
  outer loop
    vertex -3.612945618968579 4.894034532214111 0.5
    vertex -2.431885422411426 5.575919954625535 0.5
    vertex -3.500000000000004 6.062177826491068 0.5
  endloop
endfacet
facet normal 0 0 1
  outer loop
    vertex -6.306782075316937 3.037186173822902 0.5
    vertex -5.016336656627046 3.381538705880028 0.5
    vertex -5.783671420211967 3.943240406445351 0.5
  endloop
endfacet
facet normal 0 -0 1
  outer loop
    vertex -5.016336656627046 3.381538705880028 0.5
    vertex -4.428627170372971 4.243550201166793 0.5
    vertex -5.783671420211967 3.943240406445351 0.5
  endloop
endfacet
facet normal 0 0 1
  outer loop
    vertex -5.016336656627046 3.381538705880028 0.5
    vertex -3.725891237937155 3.725891237937154 0.5
    vertex -4.428627170372971 4.243550201166793 0.5
  endloop
endfacet
facet normal 0 0 1
  outer loop
    vertex -5.783671420211967 3.943240406445351 0.5
    vertex -4.428627170372971 4.243550201166793 0.5
    vertex -5.131363102808787 4.761209164396433 0.5
  endloop
endfacet
facet normal 0 0 1
  outer loop
    vertex -6.921815783575901 1.043295863233217 0.5
    vertex -5.979653157122279 1.338845704532714 0.5
    vertex -6.689009640502986 2.063286220876326 0.5
  endloop
endfacet
facet normal 0 -0 1
  outer loop
    vertex -5.979653157122279 1.338845704532714 0.5
    vertex -5.672136302992796 2.335790859827557 0.5
    vertex -6.689009640502986 2.063286220876326 0.5
  endloop
endfacet
facet normal 0 0 1
  outer loop
    vertex -5.979653157122279 1.338845704532714 0.5
    vertex -5.037490530668656 1.634395545832212 0.5
    vertex -5.672136302992796 2.335790859827557 0.5
  endloop
endfacet
facet normal 0 0 1
  outer loop
    vertex -6.689009640502986 2.063286220876326 0.5
    vertex -5.672136302992796 2.335790859827557 0.5
    vertex -6.306782075316937 3.037186173822902 0.5
  endloop
endfacet
facet normal 0 -0 1
  outer loop
    vertex -5.037490530668656 1.634395545832212 0.5
    vertex -4.381690884302905 2.680143391884683 0.5
    vertex -5.672136302992796 2.335790859827557 0.5
  endloop
endfacet
facet normal 0 0 1
  outer loop
    vertex -4.381690884302905 2.680143391884683 0.5
    vertex -5.016336656627046 3.381538705880028 0.5
    vertex -5.672136302992796 2.335790859827557 0.5
  endloop
endfacet
facet normal 0 -0 1
  outer loop
    vertex -4.381690884302905 2.680143391884683 0.5
    vertex -3.725891237937155 3.725891237937154 0.5
    vertex -5.016336656627046 3.381538705880028 0.5
  endloop
endfacet
facet normal 0 -0 1
  outer loop
    vertex -5.672136302992796 2.335790859827557 0.5
    vertex -5.016336656627046 3.381538705880028 0.5
    vertex -6.306782075316937 3.037186173822902 0.5
  endloop
endfacet
facet normal 0 -0 1
  outer loop
    vertex -6.9218157835759 -1.043295863233224 0.5
    vertex -6.252769154636861 -0.521647931616613 0.5
    vertex -7 -2.251371709547291e-15 0.5
  endloop
endfacet
facet normal 0 0 1
  outer loop
    vertex -6.252769154636861 -0.521647931616613 0.5
    vertex -6.252769154636862 0.5216479316166075 0.5
    vertex -7 -2.251371709547291e-15 0.5
  endloop
endfacet
facet normal 0 -0 1
  outer loop
    vertex -6.252769154636861 -0.521647931616613 0.5
    vertex -5.583722525697823 -1.731947918415244e-15 0.5
    vertex -6.252769154636862 0.5216479316166075 0.5
  endloop
endfacet
facet normal 0 0 1
  outer loop
    vertex -7 -2.251371709547291e-15 0.5
    vertex -6.252769154636862 0.5216479316166075 0.5
    vertex -6.921815783575901 1.043295863233217 0.5
  endloop
endfacet
facet normal -0 0 1
  outer loop
    vertex -6.921815783575901 1.043295863233217 0.5
    vertex -6.252769154636862 0.5216479316166075 0.5
    vertex -5.979653157122279 1.338845704532714 0.5
  endloop
endfacet
facet normal 0 0 1
  outer loop
    vertex -6.252769154636862 0.5216479316166075 0.5
    vertex -5.310606528183239 0.8171977729161052 0.5
    vertex -5.979653157122279 1.338845704532714 0.5
  endloop
endfacet
facet normal -0 0 1
  outer loop
    vertex -6.252769154636862 0.5216479316166075 0.5
    vertex -5.583722525697823 -1.731947918415244e-15 0.5
    vertex -5.310606528183239 0.8171977729161052 0.5
  endloop
endfacet
facet normal -0 0 1
  outer loop
    vertex -5.979653157122279 1.338845704532714 0.5
    vertex -5.310606528183239 0.8171977729161052 0.5
    vertex -5.037490530668656 1.634395545832212 0.5
  endloop
endfacet
facet normal 0 -0 1
  outer loop
    vertex -6.306782075316933 -3.037186173822909 0.5
    vertex -5.672136302992794 -2.335790859827561 0.5
    vertex -6.689009640502984 -2.063286220876331 0.5
  endloop
endfacet
facet normal 0 0 1
  outer loop
    vertex -5.672136302992794 -2.335790859827561 0.5
    vertex -5.979653157122278 -1.338845704532719 0.5
    vertex -6.689009640502984 -2.063286220876331 0.5
  endloop
endfacet
facet normal 0 -0 1
  outer loop
    vertex -5.672136302992794 -2.335790859827561 0.5
    vertex -5.037490530668656 -1.634395545832214 0.5
    vertex -5.979653157122278 -1.338845704532719 0.5
  endloop
endfacet
facet normal 0 -0 1
  outer loop
    vertex -6.689009640502984 -2.063286220876331 0.5
    vertex -5.979653157122278 -1.338845704532719 0.5
    vertex -6.9218157835759 -1.043295863233224 0.5
  endloop
endfacet
facet normal 0 0 1
  outer loop
    vertex -5.037490530668656 -1.634395545832214 0.5
    vertex -5.310606528183239 -0.8171977729161078 0.5
    vertex -5.979653157122278 -1.338845704532719 0.5
  endloop
endfacet
facet normal 0 0 1
  outer loop
    vertex -5.310606528183239 -0.8171977729161078 0.5
    vertex -6.252769154636861 -0.521647931616613 0.5
    vertex -5.979653157122278 -1.338845704532719 0.5
  endloop
endfacet
facet normal 0 0 1
  outer loop
    vertex -5.310606528183239 -0.8171977729161078 0.5
    vertex -5.583722525697823 -1.731947918415244e-15 0.5
    vertex -6.252769154636861 -0.521647931616613 0.5
  endloop
endfacet
facet normal 0 0 1
  outer loop
    vertex -5.979653157122278 -1.338845704532719 0.5
    vertex -6.252769154636861 -0.521647931616613 0.5
    vertex -6.9218157835759 -1.043295863233224 0.5
  endloop
endfacet
facet normal 0 -0 1
  outer loop
    vertex -5.131363102808784 -4.761209164396436 0.5
    vertex -4.428627170372968 -4.243550201166794 0.5
    vertex -5.783671420211962 -3.943240406445357 0.5
  endloop
endfacet
facet normal 0 0 1
  outer loop
    vertex -4.428627170372968 -4.243550201166794 0.5
    vertex -5.016336656627042 -3.381538705880031 0.5
    vertex -5.783671420211962 -3.943240406445357 0.5
  endloop
endfacet
facet normal 0 -0 1
  outer loop
    vertex -4.428627170372968 -4.243550201166794 0.5
    vertex -3.725891237937152 -3.725891237937152 0.5
    vertex -5.016336656627042 -3.381538705880031 0.5
  endloop
endfacet
facet normal 0 -0 1
  outer loop
    vertex -5.783671420211962 -3.943240406445357 0.5
    vertex -5.016336656627042 -3.381538705880031 0.5
    vertex -6.306782075316933 -3.037186173822909 0.5
  endloop
endfacet
facet normal -0 0 1
  outer loop
    vertex -6.306782075316933 -3.037186173822909 0.5
    vertex -5.016336656627042 -3.381538705880031 0.5
    vertex -5.672136302992794 -2.335790859827561 0.5
  endloop
endfacet
facet normal 0 -0 1
  outer loop
    vertex -5.016336656627042 -3.381538705880031 0.5
    vertex -4.381690884302904 -2.680143391884683 0.5
    vertex -5.672136302992794 -2.335790859827561 0.5
  endloop
endfacet
facet normal -0 0 1
  outer loop
    vertex -5.016336656627042 -3.381538705880031 0.5
    vertex -3.725891237937152 -3.725891237937152 0.5
    vertex -4.381690884302904 -2.680143391884683 0.5
  endloop
endfacet
facet normal -0 0 1
  outer loop
    vertex -5.672136302992794 -2.335790859827561 0.5
    vertex -4.381690884302904 -2.680143391884683 0.5
    vertex -5.037490530668656 -1.634395545832214 0.5
  endloop
endfacet
facet normal 0 0 1
  outer loop
    vertex -3.499999999999997 -6.062177826491071 0.5
    vertex -3.612945618968574 -4.894034532214112 0.5
    vertex -4.364428613011136 -5.472820377276208 0.5
  endloop
endfacet
facet normal 0 0 1
  outer loop
    vertex -3.612945618968574 -4.894034532214112 0.5
    vertex -4.428627170372968 -4.243550201166794 0.5
    vertex -4.364428613011136 -5.472820377276208 0.5
  endloop
endfacet
facet normal 0 0 1
  outer loop
    vertex -3.612945618968574 -4.894034532214112 0.5
    vertex -3.725891237937152 -3.725891237937152 0.5
    vertex -4.428627170372968 -4.243550201166794 0.5
  endloop
endfacet
facet normal 0 0 1
  outer loop
    vertex -4.364428613011136 -5.472820377276208 0.5
    vertex -4.428627170372968 -4.243550201166794 0.5
    vertex -5.131363102808784 -4.761209164396436 0.5
  endloop
endfacet
facet normal 0 -0 1
  outer loop
    vertex -1.557646537694196 -6.824495385272766 0.5
    vertex -1.460708691258522 -5.957078734016385 0.5
    vertex -2.557387170564759 -6.516116240509432 0.5
  endloop
endfacet
facet normal 0 0 1
  outer loop
    vertex -1.460708691258522 -5.957078734016385 0.5
    vertex -2.431885422411423 -5.575919954625537 0.5
    vertex -2.557387170564759 -6.516116240509432 0.5
  endloop
endfacet
facet normal 0 -0 1
  outer loop
    vertex -1.460708691258522 -5.957078734016385 0.5
    vertex -1.363770844822848 -5.089662082760002 0.5
    vertex -2.431885422411423 -5.575919954625537 0.5
  endloop
endfacet
facet normal 0 -0 1
  outer loop
    vertex -2.557387170564759 -6.516116240509432 0.5
    vertex -2.431885422411423 -5.575919954625537 0.5
    vertex -3.499999999999997 -6.062177826491071 0.5
  endloop
endfacet
facet normal 0 0 1
  outer loop
    vertex -1.363770844822848 -5.089662082760002 0.5
    vertex -2.54483104138 -4.407776660348578 0.5
    vertex -2.431885422411423 -5.575919954625537 0.5
  endloop
endfacet
facet normal 0 0 1
  outer loop
    vertex -2.54483104138 -4.407776660348578 0.5
    vertex -3.612945618968574 -4.894034532214112 0.5
    vertex -2.431885422411423 -5.575919954625537 0.5
  endloop
endfacet
facet normal 0 0 1
  outer loop
    vertex -2.54483104138 -4.407776660348578 0.5
    vertex -3.725891237937152 -3.725891237937152 0.5
    vertex -3.612945618968574 -4.894034532214112 0.5
  endloop
endfacet
facet normal 0 0 1
  outer loop
    vertex -2.431885422411423 -5.575919954625537 0.5
    vertex -3.612945618968574 -4.894034532214112 0.5
    vertex -3.499999999999997 -6.062177826491071 0.5
  endloop
endfacet
facet normal 0 0 1
  outer loop
    vertex 0.5231106551049706 -6.980426580268261 0.5
    vertex -0.4203300948589387 -6.035044331514131 0.5
    vertex -0.5231106551049669 -6.980426580268261 0.5
  endloop
endfacet
facet normal 0 0 1
  outer loop
    vertex -0.4203300948589387 -6.035044331514131 0.5
    vertex -1.460708691258522 -5.957078734016385 0.5
    vertex -0.5231106551049669 -6.980426580268261 0.5
  endloop
endfacet
facet normal 0 0 1
  outer loop
    vertex -0.4203300948589387 -6.035044331514131 0.5
    vertex -1.363770844822848 -5.089662082760002 0.5
    vertex -1.460708691258522 -5.957078734016385 0.5
  endloop
endfacet
facet normal 0 0 1
  outer loop
    vertex -0.5231106551049669 -6.980426580268261 0.5
    vertex -1.460708691258522 -5.957078734016385 0.5
    vertex -1.557646537694196 -6.824495385272766 0.5
  endloop
endfacet
facet normal 0 0 1
  outer loop
    vertex 2.557387170564767 -6.516116240509429 0.5
    vertex 1.830352186688132 -5.847954392154072 0.5
    vertex 1.557646537694199 -6.824495385272765 0.5
  endloop
endfacet
facet normal 0 0 1
  outer loop
    vertex 1.830352186688132 -5.847954392154072 0.5
    vertex 0.8132139289582341 -6.080109562033488 0.5
    vertex 1.557646537694199 -6.824495385272765 0.5
  endloop
endfacet
facet normal 0 0 1
  outer loop
    vertex 1.830352186688132 -5.847954392154072 0.5
    vertex 1.103317202811497 -5.179792543798715 0.5
    vertex 0.8132139289582341 -6.080109562033488 0.5
  endloop
endfacet
facet normal 0 0 1
  outer loop
    vertex 1.557646537694199 -6.824495385272765 0.5
    vertex 0.8132139289582341 -6.080109562033488 0.5
    vertex 0.5231106551049706 -6.980426580268261 0.5
  endloop
endfacet
facet normal 0 0 1
  outer loop
    vertex 1.103317202811497 -5.179792543798715 0.5
    vertex -0.1302268210056752 -5.134727313279359 0.5
    vertex 0.8132139289582341 -6.080109562033488 0.5
  endloop
endfacet
facet normal 0 0 1
  outer loop
    vertex -0.1302268210056752 -5.134727313279359 0.5
    vertex -0.4203300948589387 -6.035044331514131 0.5
    vertex 0.8132139289582341 -6.080109562033488 0.5
  endloop
endfacet
facet normal 0 0 1
  outer loop
    vertex -0.1302268210056752 -5.134727313279359 0.5
    vertex -1.363770844822848 -5.089662082760002 0.5
    vertex -0.4203300948589387 -6.035044331514131 0.5
  endloop
endfacet
facet normal 0 0 1
  outer loop
    vertex 0.8132139289582341 -6.080109562033488 0.5
    vertex -0.4203300948589387 -6.035044331514131 0.5
    vertex 0.5231106551049706 -6.980426580268261 0.5
  endloop
endfacet
facet normal 0 0 1
  outer loop
    vertex 4.364428613011138 -5.472820377276205 0.5
    vertex 3.578144937930025 -5.154232966106963 0.5
    vertex 3.500000000000006 -6.062177826491067 0.5
  endloop
endfacet
facet normal 0 0 1
  outer loop
    vertex 3.578144937930025 -5.154232966106963 0.5
    vertex 2.67462421670684 -5.675880897723575 0.5
    vertex 3.500000000000006 -6.062177826491067 0.5
  endloop
endfacet
facet normal 0 0 1
  outer loop
    vertex 3.578144937930025 -5.154232966106963 0.5
    vertex 2.791861262848912 -4.83564555493772 0.5
    vertex 2.67462421670684 -5.675880897723575 0.5
  endloop
endfacet
facet normal 0 0 1
  outer loop
    vertex 3.500000000000006 -6.062177826491067 0.5
    vertex 2.67462421670684 -5.675880897723575 0.5
    vertex 2.557387170564767 -6.516116240509429 0.5
  endloop
endfacet
facet normal 0 -0 1
  outer loop
    vertex 2.557387170564767 -6.516116240509429 0.5
    vertex 2.67462421670684 -5.675880897723575 0.5
    vertex 1.830352186688132 -5.847954392154072 0.5
  endloop
endfacet
facet normal 0 0 1
  outer loop
    vertex 2.67462421670684 -5.675880897723575 0.5
    vertex 1.947589232830205 -5.007719049368218 0.5
    vertex 1.830352186688132 -5.847954392154072 0.5
  endloop
endfacet
facet normal 0 -0 1
  outer loop
    vertex 2.67462421670684 -5.675880897723575 0.5
    vertex 2.791861262848912 -4.83564555493772 0.5
    vertex 1.947589232830205 -5.007719049368218 0.5
  endloop
endfacet
facet normal 0 -0 1
  outer loop
    vertex 1.830352186688132 -5.847954392154072 0.5
    vertex 1.947589232830205 -5.007719049368218 0.5
    vertex 1.103317202811497 -5.179792543798715 0.5
  endloop
endfacet
facet normal 0 0 1
  outer loop
    vertex 5.783671420211965 -3.943240406445354 0.5
    vertex 4.858922374034561 -3.744318702205927 0.5
    vertex 5.131363102808786 -4.761209164396434 0.5
  endloop
endfacet
facet normal 0 0 1
  outer loop
    vertex 4.858922374034561 -3.744318702205927 0.5
    vertex 4.149300970434148 -4.509108687621353 0.5
    vertex 5.131363102808786 -4.761209164396434 0.5
  endloop
endfacet
facet normal 0 0 1
  outer loop
    vertex 4.858922374034561 -3.744318702205927 0.5
    vertex 3.934173327857158 -3.545396997966501 0.5
    vertex 4.149300970434148 -4.509108687621353 0.5
  endloop
endfacet
facet normal 0 0 1
  outer loop
    vertex 5.131363102808786 -4.761209164396434 0.5
    vertex 4.149300970434148 -4.509108687621353 0.5
    vertex 4.364428613011138 -5.472820377276205 0.5
  endloop
endfacet
facet normal 0 0 1
  outer loop
    vertex 3.934173327857158 -3.545396997966501 0.5
    vertex 3.363017295353036 -4.19052127645211 0.5
    vertex 4.149300970434148 -4.509108687621353 0.5
  endloop
endfacet
facet normal 0 0 1
  outer loop
    vertex 3.363017295353036 -4.19052127645211 0.5
    vertex 3.578144937930025 -5.154232966106963 0.5
    vertex 4.149300970434148 -4.509108687621353 0.5
  endloop
endfacet
facet normal 0 0 1
  outer loop
    vertex 3.363017295353036 -4.19052127645211 0.5
    vertex 2.791861262848912 -4.83564555493772 0.5
    vertex 3.578144937930025 -5.154232966106963 0.5
  endloop
endfacet
facet normal 0 0 1
  outer loop
    vertex 4.149300970434148 -4.509108687621353 0.5
    vertex 3.578144937930025 -5.154232966106963 0.5
    vertex 4.364428613011138 -5.472820377276205 0.5
  endloop
endfacet
facet normal 0 0 1
  outer loop
    vertex 6.689009640502985 -2.063286220876327 0.5
    vertex 5.889335861631492 -1.713528532849589 0.5
    vertex 6.306782075316933 -3.037186173822908 0.5
  endloop
endfacet
facet normal 0 0 1
  outer loop
    vertex 5.889335861631492 -1.713528532849589 0.5
    vertex 5.436666751485983 -2.653505625634102 0.5
    vertex 6.306782075316933 -3.037186173822908 0.5
  endloop
endfacet
facet normal 0 0 1
  outer loop
    vertex 5.889335861631492 -1.713528532849589 0.5
    vertex 5.08966208276 -1.36377084482285 0.5
    vertex 5.436666751485983 -2.653505625634102 0.5
  endloop
endfacet
facet normal 0 0 1
  outer loop
    vertex 6.306782075316933 -3.037186173822908 0.5
    vertex 5.436666751485983 -2.653505625634102 0.5
    vertex 5.783671420211965 -3.943240406445354 0.5
  endloop
endfacet
facet normal 0 0 1
  outer loop
    vertex 5.783671420211965 -3.943240406445354 0.5
    vertex 5.436666751485983 -2.653505625634102 0.5
    vertex 4.858922374034561 -3.744318702205927 0.5
  endloop
endfacet
facet normal 0 0 1
  outer loop
    vertex 5.436666751485983 -2.653505625634102 0.5
    vertex 4.511917705308579 -2.454583921394676 0.5
    vertex 4.858922374034561 -3.744318702205927 0.5
  endloop
endfacet
facet normal 0 0 1
  outer loop
    vertex 5.436666751485983 -2.653505625634102 0.5
    vertex 5.08966208276 -1.36377084482285 0.5
    vertex 4.511917705308579 -2.454583921394676 0.5
  endloop
endfacet
facet normal 0 0 1
  outer loop
    vertex 4.858922374034561 -3.744318702205927 0.5
    vertex 4.511917705308579 -2.454583921394676 0.5
    vertex 3.934173327857158 -3.545396997966501 0.5
  endloop
endfacet
facet normal 0 -0 1
  outer loop
    vertex 3.464101615137754 2 0.5
    vertex 3.699137471497456 2.772698498983251 0.5
    vertex 2.82842712474619 2.82842712474619 0.5
  endloop
endfacet
facet normal 0 0 1
  outer loop
    vertex 3.699137471497456 2.772698498983251 0.5
    vertex 2.967086663928579 3.504749306552129 0.5
    vertex 2.82842712474619 2.82842712474619 0.5
  endloop
endfacet
facet normal 0 -0 1
  outer loop
    vertex 3.699137471497456 2.772698498983251 0.5
    vertex 3.934173327857158 3.545396997966503 0.5
    vertex 2.967086663928579 3.504749306552129 0.5
  endloop
endfacet
facet normal 0 -0 1
  outer loop
    vertex 2.82842712474619 2.82842712474619 0.5
    vertex 2.967086663928579 3.504749306552129 0.5
    vertex 2 3.464101615137755 0.5
  endloop
endfacet
facet normal -0 0 1
  outer loop
    vertex 3.464101615137754 2 0.5
    vertex 4.276881848948879 1.681885422411424 0.5
    vertex 3.699137471497456 2.772698498983251 0.5
  endloop
endfacet
facet normal 0 -0 1
  outer loop
    vertex 4.276881848948879 1.681885422411424 0.5
    vertex 4.51191770530858 2.454583921394676 0.5
    vertex 3.699137471497456 2.772698498983251 0.5
  endloop
endfacet
facet normal -0 0 1
  outer loop
    vertex 4.276881848948879 1.681885422411424 0.5
    vertex 5.089662082760002 1.363770844822849 0.5
    vertex 4.51191770530858 2.454583921394676 0.5
  endloop
endfacet
facet normal -0 0 1
  outer loop
    vertex 3.699137471497456 2.772698498983251 0.5
    vertex 4.51191770530858 2.454583921394676 0.5
    vertex 3.934173327857158 3.545396997966503 0.5
  endloop
endfacet
facet normal 0 0 1
  outer loop
    vertex 2 3.464101615137755 0.5
    vertex 1.551658601405748 4.321947079468235 0.5
    vertex 1.035276180410083 3.863703305156273 0.5
  endloop
endfacet
facet normal 0 0 1
  outer loop
    vertex 1.551658601405748 4.321947079468235 0.5
    vertex 0.551658601405748 4.589896271899358 0.5
    vertex 1.035276180410083 3.863703305156273 0.5
  endloop
endfacet
facet normal 0 0 1
  outer loop
    vertex 1.551658601405748 4.321947079468235 0.5
    vertex 1.103317202811496 5.179792543798715 0.5
    vertex 0.551658601405748 4.589896271899358 0.5
  endloop
endfacet
facet normal 0 0 1
  outer loop
    vertex 1.035276180410083 3.863703305156273 0.5
    vertex 0.551658601405748 4.589896271899358 0.5
    vertex 2.449293598294706e-16 4 0.5
  endloop
endfacet
facet normal 0 0 1
  outer loop
    vertex 3.934173327857158 3.545396997966503 0.5
    vertex 3.363017295353034 4.190521276452113 0.5
    vertex 2.967086663928579 3.504749306552129 0.5
  endloop
endfacet
facet normal 0 0 1
  outer loop
    vertex 3.363017295353034 4.190521276452113 0.5
    vertex 2.395930631424455 4.14987358503774 0.5
    vertex 2.967086663928579 3.504749306552129 0.5
  endloop
endfacet
facet normal 0 0 1
  outer loop
    vertex 3.363017295353034 4.190521276452113 0.5
    vertex 2.79186126284891 4.835645554937724 0.5
    vertex 2.395930631424455 4.14987358503774 0.5
  endloop
endfacet
facet normal 0 0 1
  outer loop
    vertex 2.967086663928579 3.504749306552129 0.5
    vertex 2.395930631424455 4.14987358503774 0.5
    vertex 2 3.464101615137755 0.5
  endloop
endfacet
facet normal 0 -0 1
  outer loop
    vertex 2 3.464101615137755 0.5
    vertex 2.395930631424455 4.14987358503774 0.5
    vertex 1.551658601405748 4.321947079468235 0.5
  endloop
endfacet
facet normal 0 0 1
  outer loop
    vertex 2.395930631424455 4.14987358503774 0.5
    vertex 1.947589232830203 5.00771904936822 0.5
    vertex 1.551658601405748 4.321947079468235 0.5
  endloop
endfacet
facet normal 0 -0 1
  outer loop
    vertex 2.395930631424455 4.14987358503774 0.5
    vertex 2.79186126284891 4.835645554937724 0.5
    vertex 1.947589232830203 5.00771904936822 0.5
  endloop
endfacet
facet normal 0 -0 1
  outer loop
    vertex 1.551658601405748 4.321947079468235 0.5
    vertex 1.947589232830203 5.00771904936822 0.5
    vertex 1.103317202811496 5.179792543798715 0.5
  endloop
endfacet
facet normal 0 0 1
  outer loop
    vertex 2.449293598294706e-16 4 0.5
    vertex -0.6818854224114241 4.544831041380001 0.5
    vertex -1.035276180410083 3.863703305156273 0.5
  endloop
endfacet
facet normal 0 0 1
  outer loop
    vertex -0.6818854224114241 4.544831041380001 0.5
    vertex -1.681885422411425 4.276881848948878 0.5
    vertex -1.035276180410083 3.863703305156273 0.5
  endloop
endfacet
facet normal 0 0 1
  outer loop
    vertex -0.6818854224114241 4.544831041380001 0.5
    vertex -1.363770844822848 5.089662082760002 0.5
    vertex -1.681885422411425 4.276881848948878 0.5
  endloop
endfacet
facet normal 0 0 1
  outer loop
    vertex -1.035276180410083 3.863703305156273 0.5
    vertex -1.681885422411425 4.276881848948878 0.5
    vertex -2.000000000000001 3.464101615137754 0.5
  endloop
endfacet
facet normal 0 0 1
  outer loop
    vertex 1.103317202811496 5.179792543798715 0.5
    vertex -0.1302268210056765 5.134727313279359 0.5
    vertex 0.551658601405748 4.589896271899358 0.5
  endloop
endfacet
facet normal 0 0 1
  outer loop
    vertex -0.1302268210056765 5.134727313279359 0.5
    vertex -0.6818854224114241 4.544831041380001 0.5
    vertex 0.551658601405748 4.589896271899358 0.5
  endloop
endfacet
facet normal 0 0 1
  outer loop
    vertex -0.1302268210056765 5.134727313279359 0.5
    vertex -1.363770844822848 5.089662082760002 0.5
    vertex -0.6818854224114241 4.544831041380001 0.5
  endloop
endfacet
facet normal 0 0 1
  outer loop
    vertex 0.551658601405748 4.589896271899358 0.5
    vertex -0.6818854224114241 4.544831041380001 0.5
    vertex 2.449293598294706e-16 4 0.5
  endloop
endfacet
facet normal 0 0 1
  outer loop
    vertex -2.000000000000001 3.464101615137754 0.5
    vertex -2.862945618968578 3.594996426537454 0.5
    vertex -2.82842712474619 2.82842712474619 0.5
  endloop
endfacet
facet normal 0 0 1
  outer loop
    vertex -2.862945618968578 3.594996426537454 0.5
    vertex -3.594996426537455 2.862945618968577 0.5
    vertex -2.82842712474619 2.82842712474619 0.5
  endloop
endfacet
facet normal 0 0 1
  outer loop
    vertex -2.862945618968578 3.594996426537454 0.5
    vertex -3.725891237937155 3.725891237937154 0.5
    vertex -3.594996426537455 2.862945618968577 0.5
  endloop
endfacet
facet normal 0 0 1
  outer loop
    vertex -2.82842712474619 2.82842712474619 0.5
    vertex -3.594996426537455 2.862945618968577 0.5
    vertex -3.464101615137755 2 0.5
  endloop
endfacet
facet normal 0 -0 1
  outer loop
    vertex -2.000000000000001 3.464101615137754 0.5
    vertex -1.681885422411425 4.276881848948878 0.5
    vertex -2.862945618968578 3.594996426537454 0.5
  endloop
endfacet
facet normal 0 0 1
  outer loop
    vertex -1.681885422411425 4.276881848948878 0.5
    vertex -2.544831041380002 4.407776660348578 0.5
    vertex -2.862945618968578 3.594996426537454 0.5
  endloop
endfacet
facet normal 0 -0 1
  outer loop
    vertex -1.681885422411425 4.276881848948878 0.5
    vertex -1.363770844822848 5.089662082760002 0.5
    vertex -2.544831041380002 4.407776660348578 0.5
  endloop
endfacet
facet normal 0 -0 1
  outer loop
    vertex -2.862945618968578 3.594996426537454 0.5
    vertex -2.544831041380002 4.407776660348578 0.5
    vertex -3.725891237937155 3.725891237937154 0.5
  endloop
endfacet
facet normal 0 0 1
  outer loop
    vertex -3.464101615137755 2 0.5
    vertex -4.250796072903205 1.817197772916106 0.5
    vertex -3.863703305156273 1.035276180410084 0.5
  endloop
endfacet
facet normal 0 0 1
  outer loop
    vertex -4.250796072903205 1.817197772916106 0.5
    vertex -4.518745265334328 0.8171977729161063 0.5
    vertex -3.863703305156273 1.035276180410084 0.5
  endloop
endfacet
facet normal 0 0 1
  outer loop
    vertex -4.250796072903205 1.817197772916106 0.5
    vertex -5.037490530668656 1.634395545832212 0.5
    vertex -4.518745265334328 0.8171977729161063 0.5
  endloop
endfacet
facet normal 0 0 1
  outer loop
    vertex -3.863703305156273 1.035276180410084 0.5
    vertex -4.518745265334328 0.8171977729161063 0.5
    vertex -4 4.898587196589413e-16 0.5
  endloop
endfacet
facet normal 0 0 1
  outer loop
    vertex -3.464101615137755 2 0.5
    vertex -3.594996426537455 2.862945618968577 0.5
    vertex -4.250796072903205 1.817197772916106 0.5
  endloop
endfacet
facet normal 0 0 1
  outer loop
    vertex -3.594996426537455 2.862945618968577 0.5
    vertex -4.381690884302905 2.680143391884683 0.5
    vertex -4.250796072903205 1.817197772916106 0.5
  endloop
endfacet
facet normal 0 0 1
  outer loop
    vertex -3.594996426537455 2.862945618968577 0.5
    vertex -3.725891237937155 3.725891237937154 0.5
    vertex -4.381690884302905 2.680143391884683 0.5
  endloop
endfacet
facet normal 0 0 1
  outer loop
    vertex -4.250796072903205 1.817197772916106 0.5
    vertex -4.381690884302905 2.680143391884683 0.5
    vertex -5.037490530668656 1.634395545832212 0.5
  endloop
endfacet
facet normal 0 0 1
  outer loop
    vertex -4 4.898587196589413e-16 0.5
    vertex -4.518745265334328 -0.8171977729161067 0.5
    vertex -3.863703305156274 -1.035276180410081 0.5
  endloop
endfacet
facet normal 0 0 1
  outer loop
    vertex -4.518745265334328 -0.8171977729161067 0.5
    vertex -4.250796072903205 -1.817197772916106 0.5
    vertex -3.863703305156274 -1.035276180410081 0.5
  endloop
endfacet
facet normal 0 0 1
  outer loop
    vertex -4.518745265334328 -0.8171977729161067 0.5
    vertex -5.037490530668656 -1.634395545832214 0.5
    vertex -4.250796072903205 -1.817197772916106 0.5
  endloop
endfacet
facet normal 0 0 1
  outer loop
    vertex -3.863703305156274 -1.035276180410081 0.5
    vertex -4.250796072903205 -1.817197772916106 0.5
    vertex -3.464101615137755 -1.999999999999999 0.5
  endloop
endfacet
facet normal 0 0 1
  outer loop
    vertex -5.037490530668656 1.634395545832212 0.5
    vertex -5.310606528183239 0.8171977729161052 0.5
    vertex -4.518745265334328 0.8171977729161063 0.5
  endloop
endfacet
facet normal -0 0 1
  outer loop
    vertex -5.310606528183239 0.8171977729161052 0.5
    vertex -4.791861262848911 -6.210445993781515e-16 0.5
    vertex -4.518745265334328 0.8171977729161063 0.5
  endloop
endfacet
facet normal 0 0 1
  outer loop
    vertex -5.310606528183239 0.8171977729161052 0.5
    vertex -5.583722525697823 -1.731947918415244e-15 0.5
    vertex -4.791861262848911 -6.210445993781515e-16 0.5
  endloop
endfacet
facet normal 0 0 1
  outer loop
    vertex -4.518745265334328 0.8171977729161063 0.5
    vertex -4.791861262848911 -6.210445993781515e-16 0.5
    vertex -4 4.898587196589413e-16 0.5
  endloop
endfacet
facet normal 0 0 1
  outer loop
    vertex -4 4.898587196589413e-16 0.5
    vertex -4.791861262848911 -6.210445993781515e-16 0.5
    vertex -4.518745265334328 -0.8171977729161067 0.5
  endloop
endfacet
facet normal 0 0 1
  outer loop
    vertex -4.791861262848911 -6.210445993781515e-16 0.5
    vertex -5.310606528183239 -0.8171977729161078 0.5
    vertex -4.518745265334328 -0.8171977729161067 0.5
  endloop
endfacet
facet normal 0 0 1
  outer loop
    vertex -4.791861262848911 -6.210445993781515e-16 0.5
    vertex -5.583722525697823 -1.731947918415244e-15 0.5
    vertex -5.310606528183239 -0.8171977729161078 0.5
  endloop
endfacet
facet normal 0 0 1
  outer loop
    vertex -4.518745265334328 -0.8171977729161067 0.5
    vertex -5.310606528183239 -0.8171977729161078 0.5
    vertex -5.037490530668656 -1.634395545832214 0.5
  endloop
endfacet
facet normal 0 0 1
  outer loop
    vertex -3.464101615137755 -1.999999999999999 0.5
    vertex -3.594996426537453 -2.862945618968576 0.5
    vertex -2.828427124746191 -2.82842712474619 0.5
  endloop
endfacet
facet normal -0 0 1
  outer loop
    vertex -3.594996426537453 -2.862945618968576 0.5
    vertex -2.862945618968575 -3.594996426537454 0.5
    vertex -2.828427124746191 -2.82842712474619 0.5
  endloop
endfacet
facet normal 0 0 1
  outer loop
    vertex -3.594996426537453 -2.862945618968576 0.5
    vertex -3.725891237937152 -3.725891237937152 0.5
    vertex -2.862945618968575 -3.594996426537454 0.5
  endloop
endfacet
facet normal 0 0 1
  outer loop
    vertex -2.828427124746191 -2.82842712474619 0.5
    vertex -2.862945618968575 -3.594996426537454 0.5
    vertex -1.999999999999998 -3.464101615137755 0.5
  endloop
endfacet
facet normal 0 0 1
  outer loop
    vertex -5.037490530668656 -1.634395545832214 0.5
    vertex -4.381690884302904 -2.680143391884683 0.5
    vertex -4.250796072903205 -1.817197772916106 0.5
  endloop
endfacet
facet normal -0 0 1
  outer loop
    vertex -4.381690884302904 -2.680143391884683 0.5
    vertex -3.594996426537453 -2.862945618968576 0.5
    vertex -4.250796072903205 -1.817197772916106 0.5
  endloop
endfacet
facet normal 0 0 1
  outer loop
    vertex -4.381690884302904 -2.680143391884683 0.5
    vertex -3.725891237937152 -3.725891237937152 0.5
    vertex -3.594996426537453 -2.862945618968576 0.5
  endloop
endfacet
facet normal 0 0 1
  outer loop
    vertex -4.250796072903205 -1.817197772916106 0.5
    vertex -3.594996426537453 -2.862945618968576 0.5
    vertex -3.464101615137755 -1.999999999999999 0.5
  endloop
endfacet
facet normal 0 0 1
  outer loop
    vertex -1.999999999999998 -3.464101615137755 0.5
    vertex -1.681885422411423 -4.276881848948879 0.5
    vertex -1.035276180410083 -3.863703305156273 0.5
  endloop
endfacet
facet normal -0 0 1
  outer loop
    vertex -1.681885422411423 -4.276881848948879 0.5
    vertex -0.6818854224114242 -4.544831041380001 0.5
    vertex -1.035276180410083 -3.863703305156273 0.5
  endloop
endfacet
facet normal 0 0 1
  outer loop
    vertex -1.681885422411423 -4.276881848948879 0.5
    vertex -1.363770844822848 -5.089662082760002 0.5
    vertex -0.6818854224114242 -4.544831041380001 0.5
  endloop
endfacet
facet normal 0 0 1
  outer loop
    vertex -1.035276180410083 -3.863703305156273 0.5
    vertex -0.6818854224114242 -4.544831041380001 0.5
    vertex -7.347880794884119e-16 -4 0.5
  endloop
endfacet
facet normal 0 0 1
  outer loop
    vertex -1.999999999999998 -3.464101615137755 0.5
    vertex -2.862945618968575 -3.594996426537454 0.5
    vertex -1.681885422411423 -4.276881848948879 0.5
  endloop
endfacet
facet normal 0 0 1
  outer loop
    vertex -2.862945618968575 -3.594996426537454 0.5
    vertex -2.54483104138 -4.407776660348578 0.5
    vertex -1.681885422411423 -4.276881848948879 0.5
  endloop
endfacet
facet normal 0 0 1
  outer loop
    vertex -2.862945618968575 -3.594996426537454 0.5
    vertex -3.725891237937152 -3.725891237937152 0.5
    vertex -2.54483104138 -4.407776660348578 0.5
  endloop
endfacet
facet normal 0 0 1
  outer loop
    vertex -1.681885422411423 -4.276881848948879 0.5
    vertex -2.54483104138 -4.407776660348578 0.5
    vertex -1.363770844822848 -5.089662082760002 0.5
  endloop
endfacet
facet normal -0 0 1
  outer loop
    vertex -7.347880794884119e-16 -4 0.5
    vertex 0.5516586014057483 -4.589896271899358 0.5
    vertex 1.035276180410081 -3.863703305156274 0.5
  endloop
endfacet
facet normal 0 0 1
  outer loop
    vertex 0.5516586014057483 -4.589896271899358 0.5
    vertex 1.551658601405749 -4.321947079468234 0.5
    vertex 1.035276180410081 -3.863703305156274 0.5
  endloop
endfacet
facet normal -0 0 1
  outer loop
    vertex 0.5516586014057483 -4.589896271899358 0.5
    vertex 1.103317202811497 -5.179792543798715 0.5
    vertex 1.551658601405749 -4.321947079468234 0.5
  endloop
endfacet
facet normal -0 0 1
  outer loop
    vertex 1.035276180410081 -3.863703305156274 0.5
    vertex 1.551658601405749 -4.321947079468234 0.5
    vertex 2 -3.464101615137754 0.5
  endloop
endfacet
facet normal 0 0 1
  outer loop
    vertex -7.347880794884119e-16 -4 0.5
    vertex -0.6818854224114242 -4.544831041380001 0.5
    vertex 0.5516586014057483 -4.589896271899358 0.5
  endloop
endfacet
facet normal 0 0 1
  outer loop
    vertex -0.6818854224114242 -4.544831041380001 0.5
    vertex -0.1302268210056752 -5.134727313279359 0.5
    vertex 0.5516586014057483 -4.589896271899358 0.5
  endloop
endfacet
facet normal 0 0 1
  outer loop
    vertex -0.6818854224114242 -4.544831041380001 0.5
    vertex -1.363770844822848 -5.089662082760002 0.5
    vertex -0.1302268210056752 -5.134727313279359 0.5
  endloop
endfacet
facet normal 0 0 1
  outer loop
    vertex 0.5516586014057483 -4.589896271899358 0.5
    vertex -0.1302268210056752 -5.134727313279359 0.5
    vertex 1.103317202811497 -5.179792543798715 0.5
  endloop
endfacet
facet normal -0 0 1
  outer loop
    vertex 2 -3.464101615137754 0.5
    vertex 2.967086663928579 -3.504749306552128 0.5
    vertex 2.828427124746189 -2.828427124746191 0.5
  endloop
endfacet
facet normal 0 -0 1
  outer loop
    vertex 2.967086663928579 -3.504749306552128 0.5
    vertex 3.699137471497456 -2.772698498983251 0.5
    vertex 2.828427124746189 -2.828427124746191 0.5
  endloop
endfacet
facet normal -0 0 1
  outer loop
    vertex 2.967086663928579 -3.504749306552128 0.5
    vertex 3.934173327857158 -3.545396997966501 0.5
    vertex 3.699137471497456 -2.772698498983251 0.5
  endloop
endfacet
facet normal 0 0 1
  outer loop
    vertex 2.828427124746189 -2.828427124746191 0.5
    vertex 3.699137471497456 -2.772698498983251 0.5
    vertex 3.464101615137753 -2.000000000000002 0.5
  endloop
endfacet
facet normal 0 0 1
  outer loop
    vertex 1.103317202811497 -5.179792543798715 0.5
    vertex 1.947589232830205 -5.007719049368218 0.5
    vertex 1.551658601405749 -4.321947079468234 0.5
  endloop
endfacet
facet normal 0 -0 1
  outer loop
    vertex 1.947589232830205 -5.007719049368218 0.5
    vertex 2.395930631424457 -4.149873585037737 0.5
    vertex 1.551658601405749 -4.321947079468234 0.5
  endloop
endfacet
facet normal 0 0 1
  outer loop
    vertex 1.947589232830205 -5.007719049368218 0.5
    vertex 2.791861262848912 -4.83564555493772 0.5
    vertex 2.395930631424457 -4.149873585037737 0.5
  endloop
endfacet
facet normal 0 0 1
  outer loop
    vertex 1.551658601405749 -4.321947079468234 0.5
    vertex 2.395930631424457 -4.149873585037737 0.5
    vertex 2 -3.464101615137754 0.5
  endloop
endfacet
facet normal 0 0 1
  outer loop
    vertex 2 -3.464101615137754 0.5
    vertex 2.395930631424457 -4.149873585037737 0.5
    vertex 2.967086663928579 -3.504749306552128 0.5
  endloop
endfacet
facet normal -0 0 1
  outer loop
    vertex 2.395930631424457 -4.149873585037737 0.5
    vertex 3.363017295353036 -4.19052127645211 0.5
    vertex 2.967086663928579 -3.504749306552128 0.5
  endloop
endfacet
facet normal 0 0 1
  outer loop
    vertex 2.395930631424457 -4.149873585037737 0.5
    vertex 2.791861262848912 -4.83564555493772 0.5
    vertex 3.363017295353036 -4.19052127645211 0.5
  endloop
endfacet
facet normal 0 0 1
  outer loop
    vertex 2.967086663928579 -3.504749306552128 0.5
    vertex 3.363017295353036 -4.19052127645211 0.5
    vertex 3.934173327857158 -3.545396997966501 0.5
  endloop
endfacet
facet normal 0 -0 1
  outer loop
    vertex 3.934173327857158 -3.545396997966501 0.5
    vertex 4.511917705308579 -2.454583921394676 0.5
    vertex 3.699137471497456 -2.772698498983251 0.5
  endloop
endfacet
facet normal 0 0 1
  outer loop
    vertex 4.511917705308579 -2.454583921394676 0.5
    vertex 4.276881848948877 -1.681885422411426 0.5
    vertex 3.699137471497456 -2.772698498983251 0.5
  endloop
endfacet
facet normal 0 -0 1
  outer loop
    vertex 4.511917705308579 -2.454583921394676 0.5
    vertex 5.08966208276 -1.36377084482285 0.5
    vertex 4.276881848948877 -1.681885422411426 0.5
  endloop
endfacet
facet normal 0 -0 1
  outer loop
    vertex 3.699137471497456 -2.772698498983251 0.5
    vertex 4.276881848948877 -1.681885422411426 0.5
    vertex 3.464101615137753 -2.000000000000002 0.5
  endloop
endfacet
facet normal 0 -0 -1
  outer loop
    vertex 6.689009640502984 2.063286220876331 0
    vertex 6.9218157835759 1.043295863233222 0
    vertex 5.870412160267138 1.555280995583997 0
  endloop
endfacet
facet normal -0 0 -1
  outer loop
    vertex 6.9218157835759 1.043295863233222 0
    vertex 6.025907340015646 0.5236378851458314 0
    vertex 5.870412160267138 1.555280995583997 0
  endloop
endfacet
facet normal 0 -0 -1
  outer loop
    vertex 6.9218157835759 1.043295863233222 0
    vertex 7 -1.714505518806294e-15 0
    vertex 6.025907340015646 0.5236378851458314 0
  endloop
endfacet
facet normal 0 -0 -1
  outer loop
    vertex 5.870412160267138 1.555280995583997 0
    vertex 6.025907340015646 0.5236378851458314 0
    vertex 5.051814680031292 1.047275770291663 0
  endloop
endfacet
facet normal 0 0 -1
  outer loop
    vertex 7 -1.714505518806294e-15 0
    vertex 6.9218157835759 -1.043295863233221 0
    vertex 6.028823268847102 -0.3811587793908471 0
  endloop
endfacet
facet normal -0 0 -1
  outer loop
    vertex 6.9218157835759 -1.043295863233221 0
    vertex 5.873328089098594 -1.412801889829011 0
    vertex 6.028823268847102 -0.3811587793908471 0
  endloop
endfacet
facet normal 0 0 -1
  outer loop
    vertex 6.9218157835759 -1.043295863233221 0
    vertex 6.689009640502985 -2.063286220876327 0
    vertex 5.873328089098594 -1.412801889829011 0
  endloop
endfacet
facet normal 0 0 -1
  outer loop
    vertex 6.028823268847102 -0.3811587793908471 0
    vertex 5.873328089098594 -1.412801889829011 0
    vertex 5.057646537694204 -0.7623175587816942 0
  endloop
endfacet
facet normal -0 0 -1
  outer loop
    vertex 7 -1.714505518806294e-15 0
    vertex 6.028823268847102 -0.3811587793908471 0
    vertex 6.025907340015646 0.5236378851458314 0
  endloop
endfacet
facet normal 0 0 -1
  outer loop
    vertex 6.028823268847102 -0.3811587793908471 0
    vertex 5.054730608862748 0.1424791057549843 0
    vertex 6.025907340015646 0.5236378851458314 0
  endloop
endfacet
facet normal -0 0 -1
  outer loop
    vertex 6.028823268847102 -0.3811587793908471 0
    vertex 5.057646537694204 -0.7623175587816942 0
    vertex 5.054730608862748 0.1424791057549843 0
  endloop
endfacet
facet normal -0 0 -1
  outer loop
    vertex 6.025907340015646 0.5236378851458314 0
    vertex 5.054730608862748 0.1424791057549843 0
    vertex 5.051814680031292 1.047275770291663 0
  endloop
endfacet
facet normal 0 -0 -1
  outer loop
    vertex 5.783671420211962 3.943240406445358 0
    vertex 6.306782075316932 3.03718617382291 0
    vertex 5.387185750944248 3.268452237031095 0
  endloop
endfacet
facet normal -0 0 -1
  outer loop
    vertex 6.306782075316932 3.03718617382291 0
    vertex 5.839854861089758 2.328475144246582 0
    vertex 5.387185750944248 3.268452237031095 0
  endloop
endfacet
facet normal 0 -0 -1
  outer loop
    vertex 6.306782075316932 3.03718617382291 0
    vertex 6.689009640502984 2.063286220876331 0
    vertex 5.839854861089758 2.328475144246582 0
  endloop
endfacet
facet normal 0 -0 -1
  outer loop
    vertex 5.387185750944248 3.268452237031095 0
    vertex 5.839854861089758 2.328475144246582 0
    vertex 4.990700081676533 2.593664067616832 0
  endloop
endfacet
facet normal -0 0 -1
  outer loop
    vertex 6.689009640502984 2.063286220876331 0
    vertex 5.870412160267138 1.555280995583997 0
    vertex 5.839854861089758 2.328475144246582 0
  endloop
endfacet
facet normal 0 0 -1
  outer loop
    vertex 5.870412160267138 1.555280995583997 0
    vertex 5.021257380853912 1.820469918954247 0
    vertex 5.839854861089758 2.328475144246582 0
  endloop
endfacet
facet normal -0 0 -1
  outer loop
    vertex 5.870412160267138 1.555280995583997 0
    vertex 5.051814680031292 1.047275770291663 0
    vertex 5.021257380853912 1.820469918954247 0
  endloop
endfacet
facet normal -0 0 -1
  outer loop
    vertex 5.839854861089758 2.328475144246582 0
    vertex 5.021257380853912 1.820469918954247 0
    vertex 4.990700081676533 2.593664067616832 0
  endloop
endfacet
facet normal 0 -0 -1
  outer loop
    vertex 4.364428613011131 5.472820377276212 0
    vertex 5.131363102808781 4.761209164396439 0
    vertex 4.078568632000927 4.545173019146853 0
  endloop
endfacet
facet normal 0 0 -1
  outer loop
    vertex 5.131363102808781 4.761209164396439 0
    vertex 4.788190035601342 3.780383033731426 0
    vertex 4.078568632000927 4.545173019146853 0
  endloop
endfacet
facet normal 0 -0 -1
  outer loop
    vertex 5.131363102808781 4.761209164396439 0
    vertex 5.783671420211962 3.943240406445358 0
    vertex 4.788190035601342 3.780383033731426 0
  endloop
endfacet
facet normal 0 -0 -1
  outer loop
    vertex 4.078568632000927 4.545173019146853 0
    vertex 4.788190035601342 3.780383033731426 0
    vertex 3.792708650990723 3.617525661017495 0
  endloop
endfacet
facet normal 0 0 -1
  outer loop
    vertex 3.792708650990723 3.617525661017495 0
    vertex 4.788190035601342 3.780383033731426 0
    vertex 4.391704366333627 3.105594864317164 0
  endloop
endfacet
facet normal 0 -0 -1
  outer loop
    vertex 4.788190035601342 3.780383033731426 0
    vertex 5.387185750944248 3.268452237031095 0
    vertex 4.391704366333627 3.105594864317164 0
  endloop
endfacet
facet normal 0 0 -1
  outer loop
    vertex 4.788190035601342 3.780383033731426 0
    vertex 5.783671420211962 3.943240406445358 0
    vertex 5.387185750944248 3.268452237031095 0
  endloop
endfacet
facet normal 0 0 -1
  outer loop
    vertex 4.391704366333627 3.105594864317164 0
    vertex 5.387185750944248 3.268452237031095 0
    vertex 4.990700081676533 2.593664067616832 0
  endloop
endfacet
facet normal 0 0 -1
  outer loop
    vertex 2.557387170564762 6.516116240509431 0
    vertex 3.499999999999996 6.062177826491072 0
    vertex 2.69507708078117 5.697445206185995 0
  endloop
endfacet
facet normal 0 -0 -1
  outer loop
    vertex 3.499999999999996 6.062177826491072 0
    vertex 3.598597802004354 5.175797274569385 0
    vertex 2.69507708078117 5.697445206185995 0
  endloop
endfacet
facet normal 0 0 -1
  outer loop
    vertex 3.499999999999996 6.062177826491072 0
    vertex 4.364428613011131 5.472820377276212 0
    vertex 3.598597802004354 5.175797274569385 0
  endloop
endfacet
facet normal 0 0 -1
  outer loop
    vertex 2.69507708078117 5.697445206185995 0
    vertex 3.598597802004354 5.175797274569385 0
    vertex 2.832766990997577 4.878774171862558 0
  endloop
endfacet
facet normal 0 0 -1
  outer loop
    vertex 4.364428613011131 5.472820377276212 0
    vertex 4.078568632000927 4.545173019146853 0
    vertex 3.598597802004354 5.175797274569385 0
  endloop
endfacet
facet normal -0 0 -1
  outer loop
    vertex 4.078568632000927 4.545173019146853 0
    vertex 3.31273782099415 4.248149916440026 0
    vertex 3.598597802004354 5.175797274569385 0
  endloop
endfacet
facet normal 0 0 -1
  outer loop
    vertex 4.078568632000927 4.545173019146853 0
    vertex 3.792708650990723 3.617525661017495 0
    vertex 3.31273782099415 4.248149916440026 0
  endloop
endfacet
facet normal 0 0 -1
  outer loop
    vertex 3.598597802004354 5.175797274569385 0
    vertex 3.31273782099415 4.248149916440026 0
    vertex 2.832766990997577 4.878774171862558 0
  endloop
endfacet
facet normal 0 0 -1
  outer loop
    vertex 0.5231106551049661 6.980426580268261 0
    vertex 1.557646537694197 6.824495385272766 0
    vertex 0.9882541012650503 6.168368495115895 0
  endloop
endfacet
facet normal 0 -0 -1
  outer loop
    vertex 1.557646537694197 6.824495385272766 0
    vertex 2.005392358994948 5.93621332523648 0
    vertex 0.9882541012650503 6.168368495115895 0
  endloop
endfacet
facet normal 0 0 -1
  outer loop
    vertex 1.557646537694197 6.824495385272766 0
    vertex 2.557387170564762 6.516116240509431 0
    vertex 2.005392358994948 5.93621332523648 0
  endloop
endfacet
facet normal 0 0 -1
  outer loop
    vertex 0.9882541012650503 6.168368495115895 0
    vertex 2.005392358994948 5.93621332523648 0
    vertex 1.453397547425135 5.356310409963529 0
  endloop
endfacet
facet normal 0 0 -1
  outer loop
    vertex 1.453397547425135 5.356310409963529 0
    vertex 2.005392358994948 5.93621332523648 0
    vertex 2.143082269211356 5.117542290913043 0
  endloop
endfacet
facet normal 0 0 -1
  outer loop
    vertex 2.005392358994948 5.93621332523648 0
    vertex 2.69507708078117 5.697445206185995 0
    vertex 2.143082269211356 5.117542290913043 0
  endloop
endfacet
facet normal 0 0 -1
  outer loop
    vertex 2.005392358994948 5.93621332523648 0
    vertex 2.557387170564762 6.516116240509431 0
    vertex 2.69507708078117 5.697445206185995 0
  endloop
endfacet
facet normal 0 0 -1
  outer loop
    vertex 2.143082269211356 5.117542290913043 0
    vertex 2.69507708078117 5.697445206185995 0
    vertex 2.832766990997577 4.878774171862558 0
  endloop
endfacet
facet normal 0 0 -1
  outer loop
    vertex -1.557646537694203 6.824495385272765 0
    vertex -0.523110655104973 6.980426580268261 0
    vertex -0.8889551238395874 5.883149553837873 0
  endloop
endfacet
facet normal 0 -0 -1
  outer loop
    vertex -0.523110655104973 6.980426580268261 0
    vertex 0.1514234725599974 5.961115151335622 0
    vertex -0.8889551238395874 5.883149553837873 0
  endloop
endfacet
facet normal 0 0 -1
  outer loop
    vertex -0.523110655104973 6.980426580268261 0
    vertex 0.5231106551049661 6.980426580268261 0
    vertex 0.1514234725599974 5.961115151335622 0
  endloop
endfacet
facet normal 0 0 -1
  outer loop
    vertex -0.8889551238395874 5.883149553837873 0
    vertex 0.1514234725599974 5.961115151335622 0
    vertex -0.2202637099849713 4.941803722402982 0
  endloop
endfacet
facet normal 0 0 -1
  outer loop
    vertex -0.2202637099849713 4.941803722402982 0
    vertex 0.1514234725599974 5.961115151335622 0
    vertex 0.6165669187200816 5.149057066183255 0
  endloop
endfacet
facet normal 0 0 -1
  outer loop
    vertex 0.1514234725599974 5.961115151335622 0
    vertex 0.9882541012650503 6.168368495115895 0
    vertex 0.6165669187200816 5.149057066183255 0
  endloop
endfacet
facet normal 0 0 -1
  outer loop
    vertex 0.1514234725599974 5.961115151335622 0
    vertex 0.5231106551049661 6.980426580268261 0
    vertex 0.9882541012650503 6.168368495115895 0
  endloop
endfacet
facet normal 0 0 -1
  outer loop
    vertex 0.6165669187200816 5.149057066183255 0
    vertex 0.9882541012650503 6.168368495115895 0
    vertex 1.453397547425135 5.356310409963529 0
  endloop
endfacet
facet normal 0 0 -1
  outer loop
    vertex -3.500000000000004 6.062177826491068 0
    vertex -2.557387170564768 6.516116240509428 0
    vertex -2.783866191251475 5.602180099602625 0
  endloop
endfacet
facet normal 0 -0 -1
  outer loop
    vertex -2.557387170564768 6.516116240509428 0
    vertex -1.812689460098575 5.983338878993473 0
    vertex -2.783866191251475 5.602180099602625 0
  endloop
endfacet
facet normal 0 0 -1
  outer loop
    vertex -2.557387170564768 6.516116240509428 0
    vertex -1.557646537694203 6.824495385272765 0
    vertex -1.812689460098575 5.983338878993473 0
  endloop
endfacet
facet normal 0 0 -1
  outer loop
    vertex -2.783866191251475 5.602180099602625 0
    vertex -1.812689460098575 5.983338878993473 0
    vertex -2.067732382502946 5.142182372714181 0
  endloop
endfacet
facet normal 0 -0 -1
  outer loop
    vertex -1.557646537694203 6.824495385272765 0
    vertex -0.8889551238395874 5.883149553837873 0
    vertex -1.812689460098575 5.983338878993473 0
  endloop
endfacet
facet normal -0 0 -1
  outer loop
    vertex -0.8889551238395874 5.883149553837873 0
    vertex -1.143998046243959 5.041993047558582 0
    vertex -1.812689460098575 5.983338878993473 0
  endloop
endfacet
facet normal 0 -0 -1
  outer loop
    vertex -0.8889551238395874 5.883149553837873 0
    vertex -0.2202637099849713 4.941803722402982 0
    vertex -1.143998046243959 5.041993047558582 0
  endloop
endfacet
facet normal 0 -0 -1
  outer loop
    vertex -1.812689460098575 5.983338878993473 0
    vertex -1.143998046243959 5.041993047558582 0
    vertex -2.067732382502946 5.142182372714181 0
  endloop
endfacet
facet normal 0 0 -1
  outer loop
    vertex -5.131363102808787 4.761209164396433 0
    vertex -4.364428613011137 5.472820377276207 0
    vertex -4.244475368357086 4.505264826593602 0
  endloop
endfacet
facet normal 0 0 -1
  outer loop
    vertex -4.364428613011137 5.472820377276207 0
    vertex -3.428793816952694 5.155749157640919 0
    vertex -4.244475368357086 4.505264826593602 0
  endloop
endfacet
facet normal 0 0 -1
  outer loop
    vertex -4.364428613011137 5.472820377276207 0
    vertex -3.500000000000004 6.062177826491068 0
    vertex -3.428793816952694 5.155749157640919 0
  endloop
endfacet
facet normal 0 0 -1
  outer loop
    vertex -4.244475368357086 4.505264826593602 0
    vertex -3.428793816952694 5.155749157640919 0
    vertex -3.357587633905384 4.249320488790771 0
  endloop
endfacet
facet normal 0 0 -1
  outer loop
    vertex -3.357587633905384 4.249320488790771 0
    vertex -3.428793816952694 5.155749157640919 0
    vertex -2.712660008204165 4.695751430752476 0
  endloop
endfacet
facet normal 0 0 -1
  outer loop
    vertex -3.428793816952694 5.155749157640919 0
    vertex -2.783866191251475 5.602180099602625 0
    vertex -2.712660008204165 4.695751430752476 0
  endloop
endfacet
facet normal 0 0 -1
  outer loop
    vertex -3.428793816952694 5.155749157640919 0
    vertex -3.500000000000004 6.062177826491068 0
    vertex -2.783866191251475 5.602180099602625 0
  endloop
endfacet
facet normal 0 0 -1
  outer loop
    vertex -2.712660008204165 4.695751430752476 0
    vertex -2.783866191251475 5.602180099602625 0
    vertex -2.067732382502946 5.142182372714181 0
  endloop
endfacet
facet normal 0 0 -1
  outer loop
    vertex -6.306782075316937 3.037186173822902 0
    vertex -5.783671420211967 3.943240406445351 0
    vertex -5.469716815649869 3.123738127615912 0
  endloop
endfacet
facet normal 0 0 -1
  outer loop
    vertex -5.783671420211967 3.943240406445351 0
    vertex -4.882007329395794 3.985749622902678 0
    vertex -5.469716815649869 3.123738127615912 0
  endloop
endfacet
facet normal 0 0 -1
  outer loop
    vertex -5.783671420211967 3.943240406445351 0
    vertex -5.131363102808787 4.761209164396433 0
    vertex -4.882007329395794 3.985749622902678 0
  endloop
endfacet
facet normal 0 0 -1
  outer loop
    vertex -5.469716815649869 3.123738127615912 0
    vertex -4.882007329395794 3.985749622902678 0
    vertex -4.632651555982801 3.210290081408922 0
  endloop
endfacet
facet normal 0 0 -1
  outer loop
    vertex -5.131363102808787 4.761209164396433 0
    vertex -4.244475368357086 4.505264826593602 0
    vertex -4.882007329395794 3.985749622902678 0
  endloop
endfacet
facet normal 0 -0 -1
  outer loop
    vertex -4.244475368357086 4.505264826593602 0
    vertex -3.995119594944093 3.729805285099846 0
    vertex -4.882007329395794 3.985749622902678 0
  endloop
endfacet
facet normal 0 0 -1
  outer loop
    vertex -4.244475368357086 4.505264826593602 0
    vertex -3.357587633905384 4.249320488790771 0
    vertex -3.995119594944093 3.729805285099846 0
  endloop
endfacet
facet normal 0 0 -1
  outer loop
    vertex -4.882007329395794 3.985749622902678 0
    vertex -3.995119594944093 3.729805285099846 0
    vertex -4.632651555982801 3.210290081408922 0
  endloop
endfacet
facet normal 0 0 -1
  outer loop
    vertex -6.921815783575901 1.043295863233217 0
    vertex -6.689009640502986 2.063286220876326 0
    vertex -5.970817097610036 1.412285176751013 0
  endloop
endfacet
facet normal 0 0 -1
  outer loop
    vertex -6.689009640502986 2.063286220876326 0
    vertex -5.663300243480554 2.409230332045855 0
    vertex -5.970817097610036 1.412285176751013 0
  endloop
endfacet
facet normal 0 0 -1
  outer loop
    vertex -6.689009640502986 2.063286220876326 0
    vertex -6.306782075316937 3.037186173822902 0
    vertex -5.663300243480554 2.409230332045855 0
  endloop
endfacet
facet normal 0 0 -1
  outer loop
    vertex -5.970817097610036 1.412285176751013 0
    vertex -5.663300243480554 2.409230332045855 0
    vertex -5.019818411644172 1.781274490268808 0
  endloop
endfacet
facet normal 0 0 -1
  outer loop
    vertex -5.019818411644172 1.781274490268808 0
    vertex -5.663300243480554 2.409230332045855 0
    vertex -4.826234983813487 2.495782285838865 0
  endloop
endfacet
facet normal 0 0 -1
  outer loop
    vertex -5.663300243480554 2.409230332045855 0
    vertex -5.469716815649869 3.123738127615912 0
    vertex -4.826234983813487 2.495782285838865 0
  endloop
endfacet
facet normal 0 0 -1
  outer loop
    vertex -5.663300243480554 2.409230332045855 0
    vertex -6.306782075316937 3.037186173822902 0
    vertex -5.469716815649869 3.123738127615912 0
  endloop
endfacet
facet normal 0 0 -1
  outer loop
    vertex -4.826234983813487 2.495782285838865 0
    vertex -5.469716815649869 3.123738127615912 0
    vertex -4.632651555982801 3.210290081408922 0
  endloop
endfacet
facet normal 0 0 -1
  outer loop
    vertex -6.9218157835759 -1.043295863233224 0
    vertex -7 -2.251371709547291e-15 0
    vertex -6.172486659817683 -0.5087484156043052 0
  endloop
endfacet
facet normal 0 0 -1
  outer loop
    vertex -7 -2.251371709547291e-15 0
    vertex -6.172486659817684 0.5345474476289154 0
    vertex -6.172486659817683 -0.5087484156043052 0
  endloop
endfacet
facet normal 0 0 -1
  outer loop
    vertex -7 -2.251371709547291e-15 0
    vertex -6.921815783575901 1.043295863233217 0
    vertex -6.172486659817684 0.5345474476289154 0
  endloop
endfacet
facet normal 0 0 -1
  outer loop
    vertex -6.172486659817683 -0.5087484156043052 0
    vertex -6.172486659817684 0.5345474476289154 0
    vertex -5.423157536059467 0.02579903202461393 0
  endloop
endfacet
facet normal 0 0 -1
  outer loop
    vertex -6.921815783575901 1.043295863233217 0
    vertex -5.970817097610036 1.412285176751013 0
    vertex -6.172486659817684 0.5345474476289154 0
  endloop
endfacet
facet normal 0 -0 -1
  outer loop
    vertex -5.970817097610036 1.412285176751013 0
    vertex -5.221487973851819 0.9035367611467112 0
    vertex -6.172486659817684 0.5345474476289154 0
  endloop
endfacet
facet normal 0 0 -1
  outer loop
    vertex -5.970817097610036 1.412285176751013 0
    vertex -5.019818411644172 1.781274490268808 0
    vertex -5.221487973851819 0.9035367611467112 0
  endloop
endfacet
facet normal 0 0 -1
  outer loop
    vertex -6.172486659817684 0.5345474476289154 0
    vertex -5.221487973851819 0.9035367611467112 0
    vertex -5.423157536059467 0.02579903202461393 0
  endloop
endfacet
facet normal 0 0 -1
  outer loop
    vertex -6.306782075316933 -3.037186173822909 0
    vertex -6.689009640502984 -2.063286220876331 0
    vertex -5.811103944931027 -2.310159885582626 0
  endloop
endfacet
facet normal 0 0 -1
  outer loop
    vertex -6.689009640502984 -2.063286220876331 0
    vertex -6.11862079906051 -1.313214730287784 0
    vertex -5.811103944931027 -2.310159885582626 0
  endloop
endfacet
facet normal 0 0 -1
  outer loop
    vertex -6.689009640502984 -2.063286220876331 0
    vertex -6.9218157835759 -1.043295863233224 0
    vertex -6.11862079906051 -1.313214730287784 0
  endloop
endfacet
facet normal 0 0 -1
  outer loop
    vertex -5.811103944931027 -2.310159885582626 0
    vertex -6.11862079906051 -1.313214730287784 0
    vertex -5.315425814545121 -1.583133597342344 0
  endloop
endfacet
facet normal 0 0 -1
  outer loop
    vertex -5.315425814545121 -1.583133597342344 0
    vertex -6.11862079906051 -1.313214730287784 0
    vertex -5.369291675302294 -0.7786672826588651 0
  endloop
endfacet
facet normal 0 0 -1
  outer loop
    vertex -6.11862079906051 -1.313214730287784 0
    vertex -6.172486659817683 -0.5087484156043052 0
    vertex -5.369291675302294 -0.7786672826588651 0
  endloop
endfacet
facet normal 0 0 -1
  outer loop
    vertex -6.11862079906051 -1.313214730287784 0
    vertex -6.9218157835759 -1.043295863233224 0
    vertex -6.172486659817683 -0.5087484156043052 0
  endloop
endfacet
facet normal 0 0 -1
  outer loop
    vertex -5.369291675302294 -0.7786672826588651 0
    vertex -6.172486659817683 -0.5087484156043052 0
    vertex -5.423157536059467 0.02579903202461393 0
  endloop
endfacet
facet normal 0 0 -1
  outer loop
    vertex -5.131363102808784 -4.761209164396436 0
    vertex -5.783671420211962 -3.943240406445357 0
    vertex -4.651237341942074 -3.800677380132892 0
  endloop
endfacet
facet normal 0 0 -1
  outer loop
    vertex -5.783671420211962 -3.943240406445357 0
    vertex -5.238946828196148 -2.938665884846128 0
    vertex -4.651237341942074 -3.800677380132892 0
  endloop
endfacet
facet normal 0 0 -1
  outer loop
    vertex -5.783671420211962 -3.943240406445357 0
    vertex -6.306782075316933 -3.037186173822909 0
    vertex -5.238946828196148 -2.938665884846128 0
  endloop
endfacet
facet normal 0 0 -1
  outer loop
    vertex -4.651237341942074 -3.800677380132892 0
    vertex -5.238946828196148 -2.938665884846128 0
    vertex -4.171111581075364 -2.840145595869347 0
  endloop
endfacet
facet normal -0 0 -1
  outer loop
    vertex -4.171111581075364 -2.840145595869347 0
    vertex -5.238946828196148 -2.938665884846128 0
    vertex -4.743268697810242 -2.211639596605846 0
  endloop
endfacet
facet normal 0 0 -1
  outer loop
    vertex -5.238946828196148 -2.938665884846128 0
    vertex -5.811103944931027 -2.310159885582626 0
    vertex -4.743268697810242 -2.211639596605846 0
  endloop
endfacet
facet normal -0 0 -1
  outer loop
    vertex -5.238946828196148 -2.938665884846128 0
    vertex -6.306782075316933 -3.037186173822909 0
    vertex -5.811103944931027 -2.310159885582626 0
  endloop
endfacet
facet normal -0 0 -1
  outer loop
    vertex -4.743268697810242 -2.211639596605846 0
    vertex -5.811103944931027 -2.310159885582626 0
    vertex -5.315425814545121 -1.583133597342344 0
  endloop
endfacet
facet normal 0 0 -1
  outer loop
    vertex -3.499999999999997 -6.062177826491071 0
    vertex -4.364428613011136 -5.472820377276208 0
    vertex -2.945160973645602 -5.196452661276577 0
  endloop
endfacet
facet normal 0 0 -1
  outer loop
    vertex -4.364428613011136 -5.472820377276208 0
    vertex -3.760842525049996 -4.545968330229259 0
    vertex -2.945160973645602 -5.196452661276577 0
  endloop
endfacet
facet normal 0 0 -1
  outer loop
    vertex -4.364428613011136 -5.472820377276208 0
    vertex -5.131363102808784 -4.761209164396436 0
    vertex -3.760842525049996 -4.545968330229259 0
  endloop
endfacet
facet normal 0 0 -1
  outer loop
    vertex -2.945160973645602 -5.196452661276577 0
    vertex -3.760842525049996 -4.545968330229259 0
    vertex -2.390321947291207 -4.330727496062083 0
  endloop
endfacet
facet normal 0 0 -1
  outer loop
    vertex -5.131363102808784 -4.761209164396436 0
    vertex -4.651237341942074 -3.800677380132892 0
    vertex -3.760842525049996 -4.545968330229259 0
  endloop
endfacet
facet normal 0 0 -1
  outer loop
    vertex -4.651237341942074 -3.800677380132892 0
    vertex -3.280716764183286 -3.585436545965715 0
    vertex -3.760842525049996 -4.545968330229259 0
  endloop
endfacet
facet normal 0 0 -1
  outer loop
    vertex -4.651237341942074 -3.800677380132892 0
    vertex -4.171111581075364 -2.840145595869347 0
    vertex -3.280716764183286 -3.585436545965715 0
  endloop
endfacet
facet normal 0 0 -1
  outer loop
    vertex -3.760842525049996 -4.545968330229259 0
    vertex -3.280716764183286 -3.585436545965715 0
    vertex -2.390321947291207 -4.330727496062083 0
  endloop
endfacet
facet normal 0 0 -1
  outer loop
    vertex -1.557646537694196 -6.824495385272766 0
    vertex -2.557387170564759 -6.516116240509432 0
    vertex -1.973984242492702 -5.577611440667425 0
  endloop
endfacet
facet normal 0 0 -1
  outer loop
    vertex -2.557387170564759 -6.516116240509432 0
    vertex -2.945160973645602 -5.196452661276577 0
    vertex -1.973984242492702 -5.577611440667425 0
  endloop
endfacet
facet normal 0 0 -1
  outer loop
    vertex -2.557387170564759 -6.516116240509432 0
    vertex -3.499999999999997 -6.062177826491071 0
    vertex -2.945160973645602 -5.196452661276577 0
  endloop
endfacet
facet normal 0 0 -1
  outer loop
    vertex -1.973984242492702 -5.577611440667425 0
    vertex -2.945160973645602 -5.196452661276577 0
    vertex -2.390321947291207 -4.330727496062083 0
  endloop
endfacet
facet normal 0 0 -1
  outer loop
    vertex 0.5231106551049706 -6.980426580268261 0
    vertex -0.5231106551049669 -6.980426580268261 0
    vertex 0.0704415449594607 -6.04044948748375 0
  endloop
endfacet
facet normal 0 0 -1
  outer loop
    vertex -0.5231106551049669 -6.980426580268261 0
    vertex -0.9699370514401225 -5.962483889986004 0
    vertex 0.0704415449594607 -6.04044948748375 0
  endloop
endfacet
facet normal 0 0 -1
  outer loop
    vertex -0.5231106551049669 -6.980426580268261 0
    vertex -1.557646537694196 -6.824495385272766 0
    vertex -0.9699370514401225 -5.962483889986004 0
  endloop
endfacet
facet normal 0 0 -1
  outer loop
    vertex 0.0704415449594607 -6.04044948748375 0
    vertex -0.9699370514401225 -5.962483889986004 0
    vertex -0.3822275651860492 -5.10047239469924 0
  endloop
endfacet
facet normal -0 0 -1
  outer loop
    vertex -0.3822275651860492 -5.10047239469924 0
    vertex -0.9699370514401225 -5.962483889986004 0
    vertex -1.386274756238628 -4.715599945380662 0
  endloop
endfacet
facet normal 0 0 -1
  outer loop
    vertex -0.9699370514401225 -5.962483889986004 0
    vertex -1.973984242492702 -5.577611440667425 0
    vertex -1.386274756238628 -4.715599945380662 0
  endloop
endfacet
facet normal -0 0 -1
  outer loop
    vertex -0.9699370514401225 -5.962483889986004 0
    vertex -1.557646537694196 -6.824495385272766 0
    vertex -1.973984242492702 -5.577611440667425 0
  endloop
endfacet
facet normal -0 0 -1
  outer loop
    vertex -1.386274756238628 -4.715599945380662 0
    vertex -1.973984242492702 -5.577611440667425 0
    vertex -2.390321947291207 -4.330727496062083 0
  endloop
endfacet
facet normal -0 0 -1
  outer loop
    vertex 2.557387170564767 -6.516116240509429 0
    vertex 1.557646537694199 -6.824495385272765 0
    vertex 1.885034119117053 -5.952117505620988 0
  endloop
endfacet
facet normal 0 0 -1
  outer loop
    vertex 1.557646537694199 -6.824495385272765 0
    vertex 0.867895861387155 -6.184272675500404 0
    vertex 1.885034119117053 -5.952117505620988 0
  endloop
endfacet
facet normal -0 0 -1
  outer loop
    vertex 1.557646537694199 -6.824495385272765 0
    vertex 0.5231106551049706 -6.980426580268261 0
    vertex 0.867895861387155 -6.184272675500404 0
  endloop
endfacet
facet normal -0 0 -1
  outer loop
    vertex 1.885034119117053 -5.952117505620988 0
    vertex 0.867895861387155 -6.184272675500404 0
    vertex 1.212681067669339 -5.388118770732547 0
  endloop
endfacet
facet normal 0 0 -1
  outer loop
    vertex 0.5231106551049706 -6.980426580268261 0
    vertex 0.0704415449594607 -6.04044948748375 0
    vertex 0.867895861387155 -6.184272675500404 0
  endloop
endfacet
facet normal 0 0 -1
  outer loop
    vertex 0.0704415449594607 -6.04044948748375 0
    vertex 0.4152267512416451 -5.244295582715893 0
    vertex 0.867895861387155 -6.184272675500404 0
  endloop
endfacet
facet normal 0 0 -1
  outer loop
    vertex 0.0704415449594607 -6.04044948748375 0
    vertex -0.3822275651860492 -5.10047239469924 0
    vertex 0.4152267512416451 -5.244295582715893 0
  endloop
endfacet
facet normal 0 0 -1
  outer loop
    vertex 0.867895861387155 -6.184272675500404 0
    vertex 0.4152267512416451 -5.244295582715893 0
    vertex 1.212681067669339 -5.388118770732547 0
  endloop
endfacet
facet normal -0 0 -1
  outer loop
    vertex 4.364428613011138 -5.472820377276205 0
    vertex 3.500000000000006 -6.062177826491067 0
    vertex 3.444478713591373 -4.835010446412452 0
  endloop
endfacet
facet normal 0 0 -1
  outer loop
    vertex 3.500000000000006 -6.062177826491067 0
    vertex 2.540957992368188 -5.356658378029064 0
    vertex 3.444478713591373 -4.835010446412452 0
  endloop
endfacet
facet normal -0 0 -1
  outer loop
    vertex 3.500000000000006 -6.062177826491067 0
    vertex 2.557387170564767 -6.516116240509429 0
    vertex 2.540957992368188 -5.356658378029064 0
  endloop
endfacet
facet normal -0 0 -1
  outer loop
    vertex 3.444478713591373 -4.835010446412452 0
    vertex 2.540957992368188 -5.356658378029064 0
    vertex 2.524528814171608 -4.197200515548698 0
  endloop
endfacet
facet normal 0 -0 -1
  outer loop
    vertex 2.524528814171608 -4.197200515548698 0
    vertex 2.540957992368188 -5.356658378029064 0
    vertex 1.868604940920474 -4.792659643140622 0
  endloop
endfacet
facet normal -0 0 -1
  outer loop
    vertex 2.540957992368188 -5.356658378029064 0
    vertex 1.885034119117053 -5.952117505620988 0
    vertex 1.868604940920474 -4.792659643140622 0
  endloop
endfacet
facet normal 0 -0 -1
  outer loop
    vertex 2.540957992368188 -5.356658378029064 0
    vertex 2.557387170564767 -6.516116240509429 0
    vertex 1.885034119117053 -5.952117505620988 0
  endloop
endfacet
facet normal 0 -0 -1
  outer loop
    vertex 1.868604940920474 -4.792659643140622 0
    vertex 1.885034119117053 -5.952117505620988 0
    vertex 1.212681067669339 -5.388118770732547 0
  endloop
endfacet
facet normal -0 0 -1
  outer loop
    vertex 5.783671420211965 -3.943240406445354 0
    vertex 5.131363102808786 -4.761209164396434 0
    vertex 4.981220403000142 -3.80344868937622 0
  endloop
endfacet
facet normal 0 0 -1
  outer loop
    vertex 5.131363102808786 -4.761209164396434 0
    vertex 4.271598999399728 -4.568238674791647 0
    vertex 4.981220403000142 -3.80344868937622 0
  endloop
endfacet
facet normal -0 0 -1
  outer loop
    vertex 5.131363102808786 -4.761209164396434 0
    vertex 4.364428613011138 -5.472820377276205 0
    vertex 4.271598999399728 -4.568238674791647 0
  endloop
endfacet
facet normal -0 0 -1
  outer loop
    vertex 4.981220403000142 -3.80344868937622 0
    vertex 4.271598999399728 -4.568238674791647 0
    vertex 4.178769385788319 -3.663656972307088 0
  endloop
endfacet
facet normal 0 0 -1
  outer loop
    vertex 4.364428613011138 -5.472820377276205 0
    vertex 3.444478713591373 -4.835010446412452 0
    vertex 4.271598999399728 -4.568238674791647 0
  endloop
endfacet
facet normal 0 0 -1
  outer loop
    vertex 3.444478713591373 -4.835010446412452 0
    vertex 3.351649099979964 -3.930428743927893 0
    vertex 4.271598999399728 -4.568238674791647 0
  endloop
endfacet
facet normal 0 0 -1
  outer loop
    vertex 3.444478713591373 -4.835010446412452 0
    vertex 2.524528814171608 -4.197200515548698 0
    vertex 3.351649099979964 -3.930428743927893 0
  endloop
endfacet
facet normal 0 0 -1
  outer loop
    vertex 4.271598999399728 -4.568238674791647 0
    vertex 3.351649099979964 -3.930428743927893 0
    vertex 4.178769385788319 -3.663656972307088 0
  endloop
endfacet
facet normal 0 0 -1
  outer loop
    vertex 6.689009640502985 -2.063286220876327 0
    vertex 6.306782075316933 -3.037186173822908 0
    vertex 5.873328089098594 -2.249460212164815 0
  endloop
endfacet
facet normal -0 0 -1
  outer loop
    vertex 6.306782075316933 -3.037186173822908 0
    vertex 5.420658978953083 -3.189437304949328 0
    vertex 5.873328089098594 -2.249460212164815 0
  endloop
endfacet
facet normal 0 0 -1
  outer loop
    vertex 6.306782075316933 -3.037186173822908 0
    vertex 5.783671420211965 -3.943240406445354 0
    vertex 5.420658978953083 -3.189437304949328 0
  endloop
endfacet
facet normal 0 0 -1
  outer loop
    vertex 5.873328089098594 -2.249460212164815 0
    vertex 5.420658978953083 -3.189437304949328 0
    vertex 5.057646537694202 -2.435634203453302 0
  endloop
endfacet
facet normal 0 -0 -1
  outer loop
    vertex 5.057646537694202 -2.435634203453302 0
    vertex 5.420658978953083 -3.189437304949328 0
    vertex 4.618207961741261 -3.049645587880195 0
  endloop
endfacet
facet normal -0 0 -1
  outer loop
    vertex 5.420658978953083 -3.189437304949328 0
    vertex 4.981220403000142 -3.80344868937622 0
    vertex 4.618207961741261 -3.049645587880195 0
  endloop
endfacet
facet normal 0 -0 -1
  outer loop
    vertex 5.420658978953083 -3.189437304949328 0
    vertex 5.783671420211965 -3.943240406445354 0
    vertex 4.981220403000142 -3.80344868937622 0
  endloop
endfacet
facet normal 0 -0 -1
  outer loop
    vertex 4.618207961741261 -3.049645587880195 0
    vertex 4.981220403000142 -3.80344868937622 0
    vertex 4.178769385788319 -3.663656972307088 0
  endloop
endfacet
facet normal 0 -0 -1
  outer loop
    vertex 5.057646537694204 -0.7623175587816942 0
    vertex 5.873328089098594 -1.412801889829011 0
    vertex 5.057646537694203 -1.598975881117498 0
  endloop
endfacet
facet normal 0 -0 -1
  outer loop
    vertex 5.873328089098594 -1.412801889829011 0
    vertex 5.873328089098594 -2.249460212164815 0
    vertex 5.057646537694203 -1.598975881117498 0
  endloop
endfacet
facet normal 0 0 -1
  outer loop
    vertex 5.873328089098594 -1.412801889829011 0
    vertex 6.689009640502985 -2.063286220876327 0
    vertex 5.873328089098594 -2.249460212164815 0
  endloop
endfacet
facet normal 0 -0 -1
  outer loop
    vertex 5.057646537694203 -1.598975881117498 0
    vertex 5.873328089098594 -2.249460212164815 0
    vertex 5.057646537694202 -2.435634203453302 0
  endloop
endfacet
facet normal 0 0 -1
  outer loop
    vertex 3.291042898911373 -1.96031670944741 0
    vertex 2.907785856541491 -3.078758612498055 0
    vertex 2.32922857481129 -2.24240961778493 0
  endloop
endfacet
facet normal -0 0 -1
  outer loop
    vertex 2.907785856541491 -3.078758612498055 0
    vertex 1.945971532441408 -3.360851520835574 0
    vertex 2.32922857481129 -2.24240961778493 0
  endloop
endfacet
facet normal 0 0 -1
  outer loop
    vertex 2.907785856541491 -3.078758612498055 0
    vertex 2.524528814171608 -4.197200515548698 0
    vertex 1.945971532441408 -3.360851520835574 0
  endloop
endfacet
facet normal 0 0 -1
  outer loop
    vertex 2.32922857481129 -2.24240961778493 0
    vertex 1.945971532441408 -3.360851520835574 0
    vertex 1.367414250711207 -2.524502526122451 0
  endloop
endfacet
facet normal 0 0 -1
  outer loop
    vertex 2.524528814171608 -4.197200515548698 0
    vertex 2.907785856541491 -3.078758612498055 0
    vertex 3.351649099979964 -3.930428743927893 0
  endloop
endfacet
facet normal 0 0 -1
  outer loop
    vertex 2.907785856541491 -3.078758612498055 0
    vertex 3.734906142349846 -2.811986840877249 0
    vertex 3.351649099979964 -3.930428743927893 0
  endloop
endfacet
facet normal 0 0 -1
  outer loop
    vertex 2.907785856541491 -3.078758612498055 0
    vertex 3.291042898911373 -1.96031670944741 0
    vertex 3.734906142349846 -2.811986840877249 0
  endloop
endfacet
facet normal 0 0 -1
  outer loop
    vertex 3.351649099979964 -3.930428743927893 0
    vertex 3.734906142349846 -2.811986840877249 0
    vertex 4.178769385788319 -3.663656972307088 0
  endloop
endfacet
facet normal 0 -0 -1
  outer loop
    vertex 1.367414250711207 -2.524502526122451 0
    vertex 1.945971532441408 -3.360851520835574 0
    vertex 1.074637417017852 -3.265054722226086 0
  endloop
endfacet
facet normal -0 0 -1
  outer loop
    vertex 1.945971532441408 -3.360851520835574 0
    vertex 1.653194698748053 -4.10140371693921 0
    vertex 1.074637417017852 -3.265054722226086 0
  endloop
endfacet
facet normal 0 -0 -1
  outer loop
    vertex 1.945971532441408 -3.360851520835574 0
    vertex 2.524528814171608 -4.197200515548698 0
    vertex 1.653194698748053 -4.10140371693921 0
  endloop
endfacet
facet normal 0 -0 -1
  outer loop
    vertex 1.074637417017852 -3.265054722226086 0
    vertex 1.653194698748053 -4.10140371693921 0
    vertex 0.7818605833244971 -4.005606918329722 0
  endloop
endfacet
facet normal -0 0 -1
  outer loop
    vertex 2.524528814171608 -4.197200515548698 0
    vertex 1.868604940920474 -4.792659643140622 0
    vertex 1.653194698748053 -4.10140371693921 0
  endloop
endfacet
facet normal 0 0 -1
  outer loop
    vertex 1.868604940920474 -4.792659643140622 0
    vertex 0.9972708254969183 -4.696862844531134 0
    vertex 1.653194698748053 -4.10140371693921 0
  endloop
endfacet
facet normal -0 0 -1
  outer loop
    vertex 1.868604940920474 -4.792659643140622 0
    vertex 1.212681067669339 -5.388118770732547 0
    vertex 0.9972708254969183 -4.696862844531134 0
  endloop
endfacet
facet normal -0 0 -1
  outer loop
    vertex 1.653194698748053 -4.10140371693921 0
    vertex 0.9972708254969183 -4.696862844531134 0
    vertex 0.7818605833244971 -4.005606918329722 0
  endloop
endfacet
facet normal 0 0 -1
  outer loop
    vertex -1.703164030930164 3.633114440613323 0
    vertex -2.530375832417774 3.941217464702047 0
    vertex -1.885448206716555 4.387648406663752 0
  endloop
endfacet
facet normal 0 0 -1
  outer loop
    vertex -2.530375832417774 3.941217464702047 0
    vertex -2.712660008204165 4.695751430752476 0
    vertex -1.885448206716555 4.387648406663752 0
  endloop
endfacet
facet normal 0 0 -1
  outer loop
    vertex -2.530375832417774 3.941217464702047 0
    vertex -3.357587633905384 4.249320488790771 0
    vertex -2.712660008204165 4.695751430752476 0
  endloop
endfacet
facet normal 0 0 -1
  outer loop
    vertex -1.885448206716555 4.387648406663752 0
    vertex -2.712660008204165 4.695751430752476 0
    vertex -2.067732382502946 5.142182372714181 0
  endloop
endfacet
facet normal 0 0 -1
  outer loop
    vertex -3.357587633905384 4.249320488790771 0
    vertex -2.530375832417774 3.941217464702047 0
    vertex -3.338604292963542 3.368304569125945 0
  endloop
endfacet
facet normal 0 -0 -1
  outer loop
    vertex -2.530375832417774 3.941217464702047 0
    vertex -2.511392491475932 3.060201545037221 0
    vertex -3.338604292963542 3.368304569125945 0
  endloop
endfacet
facet normal 0 0 -1
  outer loop
    vertex -2.530375832417774 3.941217464702047 0
    vertex -1.703164030930164 3.633114440613323 0
    vertex -2.511392491475932 3.060201545037221 0
  endloop
endfacet
facet normal 0 0 -1
  outer loop
    vertex -3.338604292963542 3.368304569125945 0
    vertex -2.511392491475932 3.060201545037221 0
    vertex -3.319620952021699 2.48728864946112 0
  endloop
endfacet
facet normal 0 0 -1
  outer loop
    vertex -4.632651555982801 3.210290081408922 0
    vertex -3.995119594944093 3.729805285099846 0
    vertex -3.97613625400225 2.848789365435021 0
  endloop
endfacet
facet normal 0 0 -1
  outer loop
    vertex -3.995119594944093 3.729805285099846 0
    vertex -3.338604292963542 3.368304569125945 0
    vertex -3.97613625400225 2.848789365435021 0
  endloop
endfacet
facet normal 0 0 -1
  outer loop
    vertex -3.995119594944093 3.729805285099846 0
    vertex -3.357587633905384 4.249320488790771 0
    vertex -3.338604292963542 3.368304569125945 0
  endloop
endfacet
facet normal 0 0 -1
  outer loop
    vertex -3.97613625400225 2.848789365435021 0
    vertex -3.338604292963542 3.368304569125945 0
    vertex -3.319620952021699 2.48728864946112 0
  endloop
endfacet
facet normal 0 0 -1
  outer loop
    vertex -4.171111581075364 -2.840145595869347 0
    vertex -3.196805132872641 -2.53216612288349 0
    vertex -3.280716764183286 -3.585436545965715 0
  endloop
endfacet
facet normal 0 -0 -1
  outer loop
    vertex -3.196805132872641 -2.53216612288349 0
    vertex -2.306410315980563 -3.277457072979859 0
    vertex -3.280716764183286 -3.585436545965715 0
  endloop
endfacet
facet normal 0 0 -1
  outer loop
    vertex -3.196805132872641 -2.53216612288349 0
    vertex -2.222498684669919 -2.224186649897633 0
    vertex -2.306410315980563 -3.277457072979859 0
  endloop
endfacet
facet normal 0 0 -1
  outer loop
    vertex -3.280716764183286 -3.585436545965715 0
    vertex -2.306410315980563 -3.277457072979859 0
    vertex -2.390321947291207 -4.330727496062083 0
  endloop
endfacet
facet normal -0 0 -1
  outer loop
    vertex -2.222498684669919 -2.224186649897633 0
    vertex -3.196805132872641 -2.53216612288349 0
    vertex -2.997531155019726 -1.599021633932697 0
  endloop
endfacet
facet normal 0 0 -1
  outer loop
    vertex -3.196805132872641 -2.53216612288349 0
    vertex -3.971837603222448 -1.907001106918554 0
    vertex -2.997531155019726 -1.599021633932697 0
  endloop
endfacet
facet normal -0 0 -1
  outer loop
    vertex -3.196805132872641 -2.53216612288349 0
    vertex -4.171111581075364 -2.840145595869347 0
    vertex -3.971837603222448 -1.907001106918554 0
  endloop
endfacet
facet normal -0 0 -1
  outer loop
    vertex -2.997531155019726 -1.599021633932697 0
    vertex -3.971837603222448 -1.907001106918554 0
    vertex -3.772563625369533 -0.9738566179677611 0
  endloop
endfacet
facet normal 0 0 -1
  outer loop
    vertex -3.772563625369533 -0.9738566179677611 0
    vertex -3.971837603222448 -1.907001106918554 0
    vertex -4.543994719957327 -1.278495107655053 0
  endloop
endfacet
facet normal -0 0 -1
  outer loop
    vertex -3.971837603222448 -1.907001106918554 0
    vertex -4.743268697810242 -2.211639596605846 0
    vertex -4.543994719957327 -1.278495107655053 0
  endloop
endfacet
facet normal 0 0 -1
  outer loop
    vertex -3.971837603222448 -1.907001106918554 0
    vertex -4.171111581075364 -2.840145595869347 0
    vertex -4.743268697810242 -2.211639596605846 0
  endloop
endfacet
facet normal 0 0 -1
  outer loop
    vertex -4.543994719957327 -1.278495107655053 0
    vertex -4.743268697810242 -2.211639596605846 0
    vertex -5.315425814545121 -1.583133597342344 0
  endloop
endfacet
facet normal 0 0 -1
  outer loop
    vertex 3.792708650990723 3.617525661017495 0
    vertex 2.778695172686301 3.620695329363127 0
    vertex 3.31273782099415 4.248149916440026 0
  endloop
endfacet
facet normal 0 0 -1
  outer loop
    vertex 2.778695172686301 3.620695329363127 0
    vertex 2.298724342689728 4.251319584785659 0
    vertex 3.31273782099415 4.248149916440026 0
  endloop
endfacet
facet normal 0 0 -1
  outer loop
    vertex 2.778695172686301 3.620695329363127 0
    vertex 1.764681694381879 3.62386499770876 0
    vertex 2.298724342689728 4.251319584785659 0
  endloop
endfacet
facet normal 0 0 -1
  outer loop
    vertex 3.31273782099415 4.248149916440026 0
    vertex 2.298724342689728 4.251319584785659 0
    vertex 2.832766990997577 4.878774171862558 0
  endloop
endfacet
facet normal 0 0 -1
  outer loop
    vertex 1.764681694381879 3.62386499770876 0
    vertex 2.778695172686301 3.620695329363127 0
    vertex 2.510136162858355 2.833376907851267 0
  endloop
endfacet
facet normal 0 -0 -1
  outer loop
    vertex 2.778695172686301 3.620695329363127 0
    vertex 3.524149641162778 2.830207239505635 0
    vertex 2.510136162858355 2.833376907851267 0
  endloop
endfacet
facet normal 0 0 -1
  outer loop
    vertex 2.778695172686301 3.620695329363127 0
    vertex 3.792708650990723 3.617525661017495 0
    vertex 3.524149641162778 2.830207239505635 0
  endloop
endfacet
facet normal 0 0 -1
  outer loop
    vertex 2.510136162858355 2.833376907851267 0
    vertex 3.524149641162778 2.830207239505635 0
    vertex 3.255590631334832 2.042888817993774 0
  endloop
endfacet
facet normal 0 0 -1
  outer loop
    vertex 3.255590631334832 2.042888817993774 0
    vertex 3.524149641162778 2.830207239505635 0
    vertex 4.123145356505683 2.318276442805303 0
  endloop
endfacet
facet normal 0 0 -1
  outer loop
    vertex 3.524149641162778 2.830207239505635 0
    vertex 4.391704366333627 3.105594864317164 0
    vertex 4.123145356505683 2.318276442805303 0
  endloop
endfacet
facet normal 0 0 -1
  outer loop
    vertex 3.524149641162778 2.830207239505635 0
    vertex 3.792708650990723 3.617525661017495 0
    vertex 4.391704366333627 3.105594864317164 0
  endloop
endfacet
facet normal 0 0 -1
  outer loop
    vertex 4.123145356505683 2.318276442805303 0
    vertex 4.391704366333627 3.105594864317164 0
    vertex 4.990700081676533 2.593664067616832 0
  endloop
endfacet
facet normal 0 0 -1
  outer loop
    vertex 5.057646537694204 -0.7623175587816942 0
    vertex 5.057646537694203 -1.598975881117498 0
    vertex 4.174344718302788 -1.361317134114552 0
  endloop
endfacet
facet normal -0 0 -1
  outer loop
    vertex 5.057646537694203 -1.598975881117498 0
    vertex 4.174344718302788 -2.197975456450356 0
    vertex 4.174344718302788 -1.361317134114552 0
  endloop
endfacet
facet normal 0 0 -1
  outer loop
    vertex 5.057646537694203 -1.598975881117498 0
    vertex 5.057646537694202 -2.435634203453302 0
    vertex 4.174344718302788 -2.197975456450356 0
  endloop
endfacet
facet normal 0 0 -1
  outer loop
    vertex 4.174344718302788 -1.361317134114552 0
    vertex 4.174344718302788 -2.197975456450356 0
    vertex 3.291042898911373 -1.96031670944741 0
  endloop
endfacet
facet normal -0 0 -1
  outer loop
    vertex 5.057646537694204 -0.7623175587816942 0
    vertex 4.174344718302788 -1.361317134114552 0
    vertex 4.204930628526764 -0.2022779954718509 0
  endloop
endfacet
facet normal 0 0 -1
  outer loop
    vertex 4.174344718302788 -1.361317134114552 0
    vertex 3.321628809135349 -0.8012775708047091 0
    vertex 4.204930628526764 -0.2022779954718509 0
  endloop
endfacet
facet normal -0 0 -1
  outer loop
    vertex 4.174344718302788 -1.361317134114552 0
    vertex 3.291042898911373 -1.96031670944741 0
    vertex 3.321628809135349 -0.8012775708047091 0
  endloop
endfacet
facet normal -0 0 -1
  outer loop
    vertex 4.204930628526764 -0.2022779954718509 0
    vertex 3.321628809135349 -0.8012775708047091 0
    vertex 3.352214719359324 0.3577615678379923 0
  endloop
endfacet
facet normal 0 0 -1
  outer loop
    vertex 5.057646537694204 -0.7623175587816942 0
    vertex 4.204930628526764 -0.2022779954718509 0
    vertex 5.054730608862748 0.1424791057549843 0
  endloop
endfacet
facet normal 0 0 -1
  outer loop
    vertex 4.204930628526764 -0.2022779954718509 0
    vertex 4.202014699695308 0.7025186690648275 0
    vertex 5.054730608862748 0.1424791057549843 0
  endloop
endfacet
facet normal 0 0 -1
  outer loop
    vertex 4.204930628526764 -0.2022779954718509 0
    vertex 3.352214719359324 0.3577615678379923 0
    vertex 4.202014699695308 0.7025186690648275 0
  endloop
endfacet
facet normal 0 0 -1
  outer loop
    vertex 5.054730608862748 0.1424791057549843 0
    vertex 4.202014699695308 0.7025186690648275 0
    vertex 5.051814680031292 1.047275770291663 0
  endloop
endfacet
facet normal 0 -0 -1
  outer loop
    vertex -0.6118620592008883 -3.22454396529109 0
    vertex -0.4970448121934687 -4.162508179995165 0
    vertex -1.501092003246048 -3.777635730676587 0
  endloop
endfacet
facet normal -0 0 -1
  outer loop
    vertex -0.4970448121934687 -4.162508179995165 0
    vertex -1.386274756238628 -4.715599945380662 0
    vertex -1.501092003246048 -3.777635730676587 0
  endloop
endfacet
facet normal 0 -0 -1
  outer loop
    vertex -0.4970448121934687 -4.162508179995165 0
    vertex -0.3822275651860492 -5.10047239469924 0
    vertex -1.386274756238628 -4.715599945380662 0
  endloop
endfacet
facet normal 0 -0 -1
  outer loop
    vertex -1.501092003246048 -3.777635730676587 0
    vertex -1.386274756238628 -4.715599945380662 0
    vertex -2.390321947291207 -4.330727496062083 0
  endloop
endfacet
facet normal 0 0 -1
  outer loop
    vertex -0.3822275651860492 -5.10047239469924 0
    vertex -0.4970448121934687 -4.162508179995165 0
    vertex 0.199816509069224 -4.553039656514481 0
  endloop
endfacet
facet normal 0 0 -1
  outer loop
    vertex -0.4970448121934687 -4.162508179995165 0
    vertex 0.08499926206180441 -3.615075441810406 0
    vertex 0.199816509069224 -4.553039656514481 0
  endloop
endfacet
facet normal 0 0 -1
  outer loop
    vertex -0.4970448121934687 -4.162508179995165 0
    vertex -0.6118620592008883 -3.22454396529109 0
    vertex 0.08499926206180441 -3.615075441810406 0
  endloop
endfacet
facet normal 0 0 -1
  outer loop
    vertex 0.199816509069224 -4.553039656514481 0
    vertex 0.08499926206180441 -3.615075441810406 0
    vertex 0.7818605833244971 -4.005606918329722 0
  endloop
endfacet
facet normal 0 0 -1
  outer loop
    vertex 1.212681067669339 -5.388118770732547 0
    vertex 0.4152267512416451 -5.244295582715893 0
    vertex 0.9972708254969183 -4.696862844531134 0
  endloop
endfacet
facet normal 0 0 -1
  outer loop
    vertex 0.4152267512416451 -5.244295582715893 0
    vertex 0.199816509069224 -4.553039656514481 0
    vertex 0.9972708254969183 -4.696862844531134 0
  endloop
endfacet
facet normal 0 0 -1
  outer loop
    vertex 0.4152267512416451 -5.244295582715893 0
    vertex -0.3822275651860492 -5.10047239469924 0
    vertex 0.199816509069224 -4.553039656514481 0
  endloop
endfacet
facet normal 0 0 -1
  outer loop
    vertex 0.9972708254969183 -4.696862844531134 0
    vertex 0.199816509069224 -4.553039656514481 0
    vertex 0.7818605833244971 -4.005606918329722 0
  endloop
endfacet
facet normal 0 0 -1
  outer loop
    vertex -0.050419790287013 2.785054689593972 0
    vertex -0.1353417501359921 3.863429205998477 0
    vertex 0.8571309520474329 3.204459843651366 0
  endloop
endfacet
facet normal 0 0 -1
  outer loop
    vertex -0.1353417501359921 3.863429205998477 0
    vertex 0.7722089921984538 4.282834360055871 0
    vertex 0.8571309520474329 3.204459843651366 0
  endloop
endfacet
facet normal 0 0 -1
  outer loop
    vertex -0.1353417501359921 3.863429205998477 0
    vertex -0.2202637099849713 4.941803722402982 0
    vertex 0.7722089921984538 4.282834360055871 0
  endloop
endfacet
facet normal 0 0 -1
  outer loop
    vertex 0.8571309520474329 3.204459843651366 0
    vertex 0.7722089921984538 4.282834360055871 0
    vertex 1.764681694381879 3.62386499770876 0
  endloop
endfacet
facet normal 0 -0 -1
  outer loop
    vertex -0.2202637099849713 4.941803722402982 0
    vertex -0.1353417501359921 3.863429205998477 0
    vertex -0.9617138704575678 4.287459081508152 0
  endloop
endfacet
facet normal -0 0 -1
  outer loop
    vertex -0.1353417501359921 3.863429205998477 0
    vertex -0.8767919106085887 3.209084565103647 0
    vertex -0.9617138704575678 4.287459081508152 0
  endloop
endfacet
facet normal 0 -0 -1
  outer loop
    vertex -0.1353417501359921 3.863429205998477 0
    vertex -0.050419790287013 2.785054689593972 0
    vertex -0.8767919106085887 3.209084565103647 0
  endloop
endfacet
facet normal 0 -0 -1
  outer loop
    vertex -0.9617138704575678 4.287459081508152 0
    vertex -0.8767919106085887 3.209084565103647 0
    vertex -1.703164030930164 3.633114440613323 0
  endloop
endfacet
facet normal 0 0 -1
  outer loop
    vertex 1.764681694381879 3.62386499770876 0
    vertex 0.7722089921984538 4.282834360055871 0
    vertex 1.609039620903507 4.490087703836144 0
  endloop
endfacet
facet normal 0 0 -1
  outer loop
    vertex 0.7722089921984538 4.282834360055871 0
    vertex 0.6165669187200816 5.149057066183255 0
    vertex 1.609039620903507 4.490087703836144 0
  endloop
endfacet
facet normal 0 0 -1
  outer loop
    vertex 0.7722089921984538 4.282834360055871 0
    vertex -0.2202637099849713 4.941803722402982 0
    vertex 0.6165669187200816 5.149057066183255 0
  endloop
endfacet
facet normal 0 0 -1
  outer loop
    vertex 1.609039620903507 4.490087703836144 0
    vertex 0.6165669187200816 5.149057066183255 0
    vertex 1.453397547425135 5.356310409963529 0
  endloop
endfacet
facet normal -0 0 -1
  outer loop
    vertex -0.2202637099849713 4.941803722402982 0
    vertex -0.9617138704575678 4.287459081508152 0
    vertex -1.143998046243959 5.041993047558582 0
  endloop
endfacet
facet normal 0 0 -1
  outer loop
    vertex -0.9617138704575678 4.287459081508152 0
    vertex -1.885448206716555 4.387648406663752 0
    vertex -1.143998046243959 5.041993047558582 0
  endloop
endfacet
facet normal -0 0 -1
  outer loop
    vertex -0.9617138704575678 4.287459081508152 0
    vertex -1.703164030930164 3.633114440613323 0
    vertex -1.885448206716555 4.387648406663752 0
  endloop
endfacet
facet normal -0 0 -1
  outer loop
    vertex -1.143998046243959 5.041993047558582 0
    vertex -1.885448206716555 4.387648406663752 0
    vertex -2.067732382502946 5.142182372714181 0
  endloop
endfacet
facet normal 0 0 -1
  outer loop
    vertex -5.019818411644172 1.781274490268808 0
    vertex -4.826234983813487 2.495782285838865 0
    vertex -4.169719681832936 2.134281569864964 0
  endloop
endfacet
facet normal 0 0 -1
  outer loop
    vertex -4.826234983813487 2.495782285838865 0
    vertex -3.97613625400225 2.848789365435021 0
    vertex -4.169719681832936 2.134281569864964 0
  endloop
endfacet
facet normal 0 0 -1
  outer loop
    vertex -4.826234983813487 2.495782285838865 0
    vertex -4.632651555982801 3.210290081408922 0
    vertex -3.97613625400225 2.848789365435021 0
  endloop
endfacet
facet normal 0 0 -1
  outer loop
    vertex -4.169719681832936 2.134281569864964 0
    vertex -3.97613625400225 2.848789365435021 0
    vertex -3.319620952021699 2.48728864946112 0
  endloop
endfacet
facet normal 0 -0 -1
  outer loop
    vertex -5.019818411644172 1.781274490268808 0
    vertex -4.23280299724061 1.331666798756933 0
    vertex -5.221487973851819 0.9035367611467112 0
  endloop
endfacet
facet normal 0 0 -1
  outer loop
    vertex -4.23280299724061 1.331666798756933 0
    vertex -4.434472559448258 0.4539290696348359 0
    vertex -5.221487973851819 0.9035367611467112 0
  endloop
endfacet
facet normal 0 -0 -1
  outer loop
    vertex -4.23280299724061 1.331666798756933 0
    vertex -3.445787582837049 0.8820591072450579 0
    vertex -4.434472559448258 0.4539290696348359 0
  endloop
endfacet
facet normal 0 -0 -1
  outer loop
    vertex -5.221487973851819 0.9035367611467112 0
    vertex -4.434472559448258 0.4539290696348359 0
    vertex -5.423157536059467 0.02579903202461393 0
  endloop
endfacet
facet normal 0 0 -1
  outer loop
    vertex -3.445787582837049 0.8820591072450579 0
    vertex -4.23280299724061 1.331666798756933 0
    vertex -3.382704267429374 1.684673878353089 0
  endloop
endfacet
facet normal 0 0 -1
  outer loop
    vertex -4.23280299724061 1.331666798756933 0
    vertex -4.169719681832936 2.134281569864964 0
    vertex -3.382704267429374 1.684673878353089 0
  endloop
endfacet
facet normal 0 0 -1
  outer loop
    vertex -4.23280299724061 1.331666798756933 0
    vertex -5.019818411644172 1.781274490268808 0
    vertex -4.169719681832936 2.134281569864964 0
  endloop
endfacet
facet normal 0 0 -1
  outer loop
    vertex -3.382704267429374 1.684673878353089 0
    vertex -4.169719681832936 2.134281569864964 0
    vertex -3.319620952021699 2.48728864946112 0
  endloop
endfacet
facet normal 0 0 -1
  outer loop
    vertex 3.291042898911373 -1.96031670944741 0
    vertex 4.174344718302788 -2.197975456450356 0
    vertex 3.734906142349846 -2.811986840877249 0
  endloop
endfacet
facet normal 0 -0 -1
  outer loop
    vertex 4.174344718302788 -2.197975456450356 0
    vertex 4.618207961741261 -3.049645587880195 0
    vertex 3.734906142349846 -2.811986840877249 0
  endloop
endfacet
facet normal 0 0 -1
  outer loop
    vertex 4.174344718302788 -2.197975456450356 0
    vertex 5.057646537694202 -2.435634203453302 0
    vertex 4.618207961741261 -3.049645587880195 0
  endloop
endfacet
facet normal 0 0 -1
  outer loop
    vertex 3.734906142349846 -2.811986840877249 0
    vertex 4.618207961741261 -3.049645587880195 0
    vertex 4.178769385788319 -3.663656972307088 0
  endloop
endfacet
facet normal 0 0 -1
  outer loop
    vertex 3.352214719359324 0.3577615678379923 0
    vertex 3.321628809135349 -0.8012775708047091 0
    vertex 2.436157305774643 -0.08058667014700405 0
  endloop
endfacet
facet normal -0 0 -1
  outer loop
    vertex 3.321628809135349 -0.8012775708047091 0
    vertex 2.405571395550667 -1.239625808789705 0
    vertex 2.436157305774643 -0.08058667014700405 0
  endloop
endfacet
facet normal 0 0 -1
  outer loop
    vertex 3.321628809135349 -0.8012775708047091 0
    vertex 3.291042898911373 -1.96031670944741 0
    vertex 2.405571395550667 -1.239625808789705 0
  endloop
endfacet
facet normal 0 0 -1
  outer loop
    vertex 2.436157305774643 -0.08058667014700405 0
    vertex 2.405571395550667 -1.239625808789705 0
    vertex 1.520099892189962 -0.5189349081320004 0
  endloop
endfacet
facet normal 0 -0 -1
  outer loop
    vertex 1.520099892189962 -0.5189349081320004 0
    vertex 2.405571395550667 -1.239625808789705 0
    vertex 1.443757071450585 -1.521718717127226 0
  endloop
endfacet
facet normal 0 0 -1
  outer loop
    vertex 2.405571395550667 -1.239625808789705 0
    vertex 2.32922857481129 -2.24240961778493 0
    vertex 1.443757071450585 -1.521718717127226 0
  endloop
endfacet
facet normal 0 -0 -1
  outer loop
    vertex 2.405571395550667 -1.239625808789705 0
    vertex 3.291042898911373 -1.96031670944741 0
    vertex 2.32922857481129 -2.24240961778493 0
  endloop
endfacet
facet normal 0 -0 -1
  outer loop
    vertex 1.443757071450585 -1.521718717127226 0
    vertex 2.32922857481129 -2.24240961778493 0
    vertex 1.367414250711207 -2.524502526122451 0
  endloop
endfacet
facet normal -0 0 -1
  outer loop
    vertex 3.352214719359324 0.3577615678379923 0
    vertex 2.436157305774643 -0.08058667014700405 0
    vertex 2.474019992161709 0.9301515993444222 0
  endloop
endfacet
facet normal 0 0 -1
  outer loop
    vertex 2.436157305774643 -0.08058667014700405 0
    vertex 1.557962578577028 0.4918033613594258 0
    vertex 2.474019992161709 0.9301515993444222 0
  endloop
endfacet
facet normal -0 0 -1
  outer loop
    vertex 2.436157305774643 -0.08058667014700405 0
    vertex 1.520099892189962 -0.5189349081320004 0
    vertex 1.557962578577028 0.4918033613594258 0
  endloop
endfacet
facet normal -0 0 -1
  outer loop
    vertex 2.474019992161709 0.9301515993444222 0
    vertex 1.557962578577028 0.4918033613594258 0
    vertex 1.595825264964093 1.502541630850852 0
  endloop
endfacet
facet normal 0 0 -1
  outer loop
    vertex 3.352214719359324 0.3577615678379923 0
    vertex 2.474019992161709 0.9301515993444222 0
    vertex 3.303902675347078 1.200325192915883 0
  endloop
endfacet
facet normal 0 0 -1
  outer loop
    vertex 2.474019992161709 0.9301515993444222 0
    vertex 2.425707948149463 1.772715224422313 0
    vertex 3.303902675347078 1.200325192915883 0
  endloop
endfacet
facet normal 0 0 -1
  outer loop
    vertex 2.474019992161709 0.9301515993444222 0
    vertex 1.595825264964093 1.502541630850852 0
    vertex 2.425707948149463 1.772715224422313 0
  endloop
endfacet
facet normal 0 0 -1
  outer loop
    vertex 3.303902675347078 1.200325192915883 0
    vertex 2.425707948149463 1.772715224422313 0
    vertex 3.255590631334832 2.042888817993774 0
  endloop
endfacet
facet normal -0 0 -1
  outer loop
    vertex 5.051814680031292 1.047275770291663 0
    vertex 4.202014699695308 0.7025186690648275 0
    vertex 4.153702655683063 1.545082294142718 0
  endloop
endfacet
facet normal 0 0 -1
  outer loop
    vertex 4.202014699695308 0.7025186690648275 0
    vertex 3.303902675347078 1.200325192915883 0
    vertex 4.153702655683063 1.545082294142718 0
  endloop
endfacet
facet normal -0 0 -1
  outer loop
    vertex 4.202014699695308 0.7025186690648275 0
    vertex 3.352214719359324 0.3577615678379923 0
    vertex 3.303902675347078 1.200325192915883 0
  endloop
endfacet
facet normal -0 0 -1
  outer loop
    vertex 4.153702655683063 1.545082294142718 0
    vertex 3.303902675347078 1.200325192915883 0
    vertex 3.255590631334832 2.042888817993774 0
  endloop
endfacet
facet normal 0 0 -1
  outer loop
    vertex 1.595825264964093 1.502541630850852 0
    vertex 1.557962578577028 0.4918033613594258 0
    vertex 0.6888629783627123 1.098395792936132 0
  endloop
endfacet
facet normal -0 0 -1
  outer loop
    vertex 1.557962578577028 0.4918033613594258 0
    vertex 0.6510002919756466 0.08765752344470623 0
    vertex 0.6888629783627123 1.098395792936132 0
  endloop
endfacet
facet normal 0 0 -1
  outer loop
    vertex 1.557962578577028 0.4918033613594258 0
    vertex 1.520099892189962 -0.5189349081320004 0
    vertex 0.6510002919756466 0.08765752344470623 0
  endloop
endfacet
facet normal 0 0 -1
  outer loop
    vertex 0.6888629783627123 1.098395792936132 0
    vertex 0.6510002919756466 0.08765752344470623 0
    vertex -0.2180993082386689 0.6942499550214127 0
  endloop
endfacet
facet normal 0 -0 -1
  outer loop
    vertex -0.2180993082386689 0.6942499550214127 0
    vertex 0.6510002919756466 0.08765752344470623 0
    vertex -0.2975955928883379 -0.3204333560320483 0
  endloop
endfacet
facet normal 0 0 -1
  outer loop
    vertex 0.6510002919756466 0.08765752344470623 0
    vertex 0.5715040073259776 -0.9270257876087549 0
    vertex -0.2975955928883379 -0.3204333560320483 0
  endloop
endfacet
facet normal 0 -0 -1
  outer loop
    vertex 0.6510002919756466 0.08765752344470623 0
    vertex 1.520099892189962 -0.5189349081320004 0
    vertex 0.5715040073259776 -0.9270257876087549 0
  endloop
endfacet
facet normal 0 -0 -1
  outer loop
    vertex -0.2975955928883379 -0.3204333560320483 0
    vertex 0.5715040073259776 -0.9270257876087549 0
    vertex -0.3770918775380068 -1.335116667085509 0
  endloop
endfacet
facet normal 0 0 -1
  outer loop
    vertex -0.3770918775380068 -1.335116667085509 0
    vertex 0.5715040073259776 -0.9270257876087549 0
    vertex 0.4951611865866001 -1.92980959660398 0
  endloop
endfacet
facet normal 0 -0 -1
  outer loop
    vertex 0.5715040073259776 -0.9270257876087549 0
    vertex 1.443757071450585 -1.521718717127226 0
    vertex 0.4951611865866001 -1.92980959660398 0
  endloop
endfacet
facet normal 0 0 -1
  outer loop
    vertex 0.5715040073259776 -0.9270257876087549 0
    vertex 1.520099892189962 -0.5189349081320004 0
    vertex 1.443757071450585 -1.521718717127226 0
  endloop
endfacet
facet normal 0 0 -1
  outer loop
    vertex 0.4951611865866001 -1.92980959660398 0
    vertex 1.443757071450585 -1.521718717127226 0
    vertex 1.367414250711207 -2.524502526122451 0
  endloop
endfacet
facet normal -0 0 -1
  outer loop
    vertex 1.595825264964093 1.502541630850852 0
    vertex 0.6888629783627123 1.098395792936132 0
    vertex 0.7727027373385401 2.143798160222412 0
  endloop
endfacet
facet normal 0 0 -1
  outer loop
    vertex 0.6888629783627123 1.098395792936132 0
    vertex -0.1342595492628409 1.739652322307693 0
    vertex 0.7727027373385401 2.143798160222412 0
  endloop
endfacet
facet normal -0 0 -1
  outer loop
    vertex 0.6888629783627123 1.098395792936132 0
    vertex -0.2180993082386689 0.6942499550214127 0
    vertex -0.1342595492628409 1.739652322307693 0
  endloop
endfacet
facet normal -0 0 -1
  outer loop
    vertex 0.7727027373385401 2.143798160222412 0
    vertex -0.1342595492628409 1.739652322307693 0
    vertex -0.050419790287013 2.785054689593972 0
  endloop
endfacet
facet normal 0 0 -1
  outer loop
    vertex 1.595825264964093 1.502541630850852 0
    vertex 0.7727027373385401 2.143798160222412 0
    vertex 1.680253479672986 2.563203314279806 0
  endloop
endfacet
facet normal 0 0 -1
  outer loop
    vertex 0.7727027373385401 2.143798160222412 0
    vertex 0.8571309520474329 3.204459843651366 0
    vertex 1.680253479672986 2.563203314279806 0
  endloop
endfacet
facet normal 0 0 -1
  outer loop
    vertex 0.7727027373385401 2.143798160222412 0
    vertex -0.050419790287013 2.785054689593972 0
    vertex 0.8571309520474329 3.204459843651366 0
  endloop
endfacet
facet normal 0 0 -1
  outer loop
    vertex 1.680253479672986 2.563203314279806 0
    vertex 0.8571309520474329 3.204459843651366 0
    vertex 1.764681694381879 3.62386499770876 0
  endloop
endfacet
facet normal 0 0 -1
  outer loop
    vertex 1.595825264964093 1.502541630850852 0
    vertex 1.680253479672986 2.563203314279806 0
    vertex 2.425707948149463 1.772715224422313 0
  endloop
endfacet
facet normal 0 0 -1
  outer loop
    vertex 1.680253479672986 2.563203314279806 0
    vertex 2.510136162858355 2.833376907851267 0
    vertex 2.425707948149463 1.772715224422313 0
  endloop
endfacet
facet normal 0 0 -1
  outer loop
    vertex 1.680253479672986 2.563203314279806 0
    vertex 1.764681694381879 3.62386499770876 0
    vertex 2.510136162858355 2.833376907851267 0
  endloop
endfacet
facet normal 0 0 -1
  outer loop
    vertex 2.425707948149463 1.772715224422313 0
    vertex 2.510136162858355 2.833376907851267 0
    vertex 3.255590631334832 2.042888817993774 0
  endloop
endfacet
facet normal 0 0 -1
  outer loop
    vertex -0.2180993082386689 0.6942499550214127 0
    vertex -0.2975955928883379 -0.3204333560320483 0
    vertex -1.106808906683237 0.2533885949180008 0
  endloop
endfacet
facet normal -0 0 -1
  outer loop
    vertex -0.2975955928883379 -0.3204333560320483 0
    vertex -1.186305191332906 -0.7612947161354602 0
    vertex -1.106808906683237 0.2533885949180008 0
  endloop
endfacet
facet normal 0 0 -1
  outer loop
    vertex -0.2975955928883379 -0.3204333560320483 0
    vertex -0.3770918775380068 -1.335116667085509 0
    vertex -1.186305191332906 -0.7612947161354602 0
  endloop
endfacet
facet normal 0 0 -1
  outer loop
    vertex -1.106808906683237 0.2533885949180008 0
    vertex -1.186305191332906 -0.7612947161354602 0
    vertex -1.995518505127805 -0.1874727651854112 0
  endloop
endfacet
facet normal -0 0 -1
  outer loop
    vertex -0.2180993082386689 0.6942499550214127 0
    vertex -1.106808906683237 0.2533885949180008 0
    vertex -0.9737441486463785 1.222134082469337 0
  endloop
endfacet
facet normal 0 0 -1
  outer loop
    vertex -1.106808906683237 0.2533885949180008 0
    vertex -1.862453747090946 0.7812727223659254 0
    vertex -0.9737441486463785 1.222134082469337 0
  endloop
endfacet
facet normal -0 0 -1
  outer loop
    vertex -1.106808906683237 0.2533885949180008 0
    vertex -1.995518505127805 -0.1874727651854112 0
    vertex -1.862453747090946 0.7812727223659254 0
  endloop
endfacet
facet normal -0 0 -1
  outer loop
    vertex -0.9737441486463785 1.222134082469337 0
    vertex -1.862453747090946 0.7812727223659254 0
    vertex -1.729388989054088 1.750018209917262 0
  endloop
endfacet
facet normal 0 0 -1
  outer loop
    vertex -0.2180993082386689 0.6942499550214127 0
    vertex -0.9737441486463785 1.222134082469337 0
    vertex -0.1342595492628409 1.739652322307693 0
  endloop
endfacet
facet normal 0 0 -1
  outer loop
    vertex -0.9737441486463785 1.222134082469337 0
    vertex -0.8899043896705505 2.267536449755617 0
    vertex -0.1342595492628409 1.739652322307693 0
  endloop
endfacet
facet normal 0 0 -1
  outer loop
    vertex -0.9737441486463785 1.222134082469337 0
    vertex -1.729388989054088 1.750018209917262 0
    vertex -0.8899043896705505 2.267536449755617 0
  endloop
endfacet
facet normal 0 0 -1
  outer loop
    vertex -0.1342595492628409 1.739652322307693 0
    vertex -0.8899043896705505 2.267536449755617 0
    vertex -0.050419790287013 2.785054689593972 0
  endloop
endfacet
facet normal 0 -0 -1
  outer loop
    vertex -1.995518505127805 -0.1874727651854112 0
    vertex -1.186305191332906 -0.7612947161354602 0
    vertex -2.109008594898862 -1.205829707541522 0
  endloop
endfacet
facet normal 0 0 -1
  outer loop
    vertex -1.186305191332906 -0.7612947161354602 0
    vertex -1.299795281103963 -1.779651658491571 0
    vertex -2.109008594898862 -1.205829707541522 0
  endloop
endfacet
facet normal 0 -0 -1
  outer loop
    vertex -1.186305191332906 -0.7612947161354602 0
    vertex -0.3770918775380068 -1.335116667085509 0
    vertex -1.299795281103963 -1.779651658491571 0
  endloop
endfacet
facet normal 0 -0 -1
  outer loop
    vertex -2.109008594898862 -1.205829707541522 0
    vertex -1.299795281103963 -1.779651658491571 0
    vertex -2.222498684669919 -2.224186649897633 0
  endloop
endfacet
facet normal 0 -0 -1
  outer loop
    vertex -0.3770918775380068 -1.335116667085509 0
    vertex 0.4951611865866001 -1.92980959660398 0
    vertex -0.4944769683694475 -2.2798303161883 0
  endloop
endfacet
facet normal 0 0 -1
  outer loop
    vertex 0.4951611865866001 -1.92980959660398 0
    vertex 0.3777760957551594 -2.87452324570677 0
    vertex -0.4944769683694475 -2.2798303161883 0
  endloop
endfacet
facet normal 0 -0 -1
  outer loop
    vertex 0.4951611865866001 -1.92980959660398 0
    vertex 1.367414250711207 -2.524502526122451 0
    vertex 0.3777760957551594 -2.87452324570677 0
  endloop
endfacet
facet normal 0 -0 -1
  outer loop
    vertex -0.4944769683694475 -2.2798303161883 0
    vertex 0.3777760957551594 -2.87452324570677 0
    vertex -0.6118620592008883 -3.22454396529109 0
  endloop
endfacet
facet normal 0 0 -1
  outer loop
    vertex -2.222498684669919 -2.224186649897633 0
    vertex -1.299795281103963 -1.779651658491571 0
    vertex -1.417180371935404 -2.724365307594362 0
  endloop
endfacet
facet normal 0 -0 -1
  outer loop
    vertex -1.299795281103963 -1.779651658491571 0
    vertex -0.4944769683694475 -2.2798303161883 0
    vertex -1.417180371935404 -2.724365307594362 0
  endloop
endfacet
facet normal 0 0 -1
  outer loop
    vertex -1.299795281103963 -1.779651658491571 0
    vertex -0.3770918775380068 -1.335116667085509 0
    vertex -0.4944769683694475 -2.2798303161883 0
  endloop
endfacet
facet normal 0 0 -1
  outer loop
    vertex -1.417180371935404 -2.724365307594362 0
    vertex -0.4944769683694475 -2.2798303161883 0
    vertex -0.6118620592008883 -3.22454396529109 0
  endloop
endfacet
facet normal 0 0 -1
  outer loop
    vertex -1.729388989054088 1.750018209917262 0
    vertex -1.862453747090946 0.7812727223659254 0
    vertex -2.587588285945568 1.31603865858116 0
  endloop
endfacet
facet normal -0 0 -1
  outer loop
    vertex -1.862453747090946 0.7812727223659254 0
    vertex -2.720653043982427 0.3472931710298234 0
    vertex -2.587588285945568 1.31603865858116 0
  endloop
endfacet
facet normal 0 0 -1
  outer loop
    vertex -1.862453747090946 0.7812727223659254 0
    vertex -1.995518505127805 -0.1874727651854112 0
    vertex -2.720653043982427 0.3472931710298234 0
  endloop
endfacet
facet normal 0 0 -1
  outer loop
    vertex -2.587588285945568 1.31603865858116 0
    vertex -2.720653043982427 0.3472931710298234 0
    vertex -3.445787582837049 0.8820591072450579 0
  endloop
endfacet
facet normal 0 0 -1
  outer loop
    vertex -1.995518505127805 -0.1874727651854112 0
    vertex -2.109008594898862 -1.205829707541522 0
    vertex -2.884041065248669 -0.5806646915765862 0
  endloop
endfacet
facet normal -0 0 -1
  outer loop
    vertex -2.109008594898862 -1.205829707541522 0
    vertex -2.997531155019726 -1.599021633932697 0
    vertex -2.884041065248669 -0.5806646915765862 0
  endloop
endfacet
facet normal 0 0 -1
  outer loop
    vertex -2.109008594898862 -1.205829707541522 0
    vertex -2.222498684669919 -2.224186649897633 0
    vertex -2.997531155019726 -1.599021633932697 0
  endloop
endfacet
facet normal 0 0 -1
  outer loop
    vertex -2.884041065248669 -0.5806646915765862 0
    vertex -2.997531155019726 -1.599021633932697 0
    vertex -3.772563625369533 -0.9738566179677611 0
  endloop
endfacet
facet normal -0 0 -1
  outer loop
    vertex -1.995518505127805 -0.1874727651854112 0
    vertex -2.884041065248669 -0.5806646915765862 0
    vertex -2.720653043982427 0.3472931710298234 0
  endloop
endfacet
facet normal 0 0 -1
  outer loop
    vertex -2.884041065248669 -0.5806646915765862 0
    vertex -3.609175604103291 -0.04589875536135157 0
    vertex -2.720653043982427 0.3472931710298234 0
  endloop
endfacet
facet normal -0 0 -1
  outer loop
    vertex -2.884041065248669 -0.5806646915765862 0
    vertex -3.772563625369533 -0.9738566179677611 0
    vertex -3.609175604103291 -0.04589875536135157 0
  endloop
endfacet
facet normal -0 0 -1
  outer loop
    vertex -2.720653043982427 0.3472931710298234 0
    vertex -3.609175604103291 -0.04589875536135157 0
    vertex -3.445787582837049 0.8820591072450579 0
  endloop
endfacet
facet normal -0 0 -1
  outer loop
    vertex -0.050419790287013 2.785054689593972 0
    vertex -0.8899043896705505 2.267536449755617 0
    vertex -0.8767919106085887 3.209084565103647 0
  endloop
endfacet
facet normal 0 0 -1
  outer loop
    vertex -0.8899043896705505 2.267536449755617 0
    vertex -1.716276509992126 2.691566325265292 0
    vertex -0.8767919106085887 3.209084565103647 0
  endloop
endfacet
facet normal -0 0 -1
  outer loop
    vertex -0.8899043896705505 2.267536449755617 0
    vertex -1.729388989054088 1.750018209917262 0
    vertex -1.716276509992126 2.691566325265292 0
  endloop
endfacet
facet normal -0 0 -1
  outer loop
    vertex -0.8767919106085887 3.209084565103647 0
    vertex -1.716276509992126 2.691566325265292 0
    vertex -1.703164030930164 3.633114440613323 0
  endloop
endfacet
facet normal 0 0 -1
  outer loop
    vertex -1.703164030930164 3.633114440613323 0
    vertex -1.716276509992126 2.691566325265292 0
    vertex -2.511392491475932 3.060201545037221 0
  endloop
endfacet
facet normal -0 0 -1
  outer loop
    vertex -1.716276509992126 2.691566325265292 0
    vertex -2.524504970537894 2.118653429689191 0
    vertex -2.511392491475932 3.060201545037221 0
  endloop
endfacet
facet normal 0 0 -1
  outer loop
    vertex -1.716276509992126 2.691566325265292 0
    vertex -1.729388989054088 1.750018209917262 0
    vertex -2.524504970537894 2.118653429689191 0
  endloop
endfacet
facet normal 0 0 -1
  outer loop
    vertex -2.511392491475932 3.060201545037221 0
    vertex -2.524504970537894 2.118653429689191 0
    vertex -3.319620952021699 2.48728864946112 0
  endloop
endfacet
facet normal -0 0 -1
  outer loop
    vertex -1.729388989054088 1.750018209917262 0
    vertex -2.587588285945568 1.31603865858116 0
    vertex -2.524504970537894 2.118653429689191 0
  endloop
endfacet
facet normal 0 0 -1
  outer loop
    vertex -2.587588285945568 1.31603865858116 0
    vertex -3.382704267429374 1.684673878353089 0
    vertex -2.524504970537894 2.118653429689191 0
  endloop
endfacet
facet normal -0 0 -1
  outer loop
    vertex -2.587588285945568 1.31603865858116 0
    vertex -3.445787582837049 0.8820591072450579 0
    vertex -3.382704267429374 1.684673878353089 0
  endloop
endfacet
facet normal -0 0 -1
  outer loop
    vertex -2.524504970537894 2.118653429689191 0
    vertex -3.382704267429374 1.684673878353089 0
    vertex -3.319620952021699 2.48728864946112 0
  endloop
endfacet
facet normal 0 0 -1
  outer loop
    vertex -0.6118620592008883 -3.22454396529109 0
    vertex 0.3777760957551594 -2.87452324570677 0
    vertex 0.08499926206180441 -3.615075441810406 0
  endloop
endfacet
facet normal 0 -0 -1
  outer loop
    vertex 0.3777760957551594 -2.87452324570677 0
    vertex 1.074637417017852 -3.265054722226086 0
    vertex 0.08499926206180441 -3.615075441810406 0
  endloop
endfacet
facet normal 0 0 -1
  outer loop
    vertex 0.3777760957551594 -2.87452324570677 0
    vertex 1.367414250711207 -2.524502526122451 0
    vertex 1.074637417017852 -3.265054722226086 0
  endloop
endfacet
facet normal 0 0 -1
  outer loop
    vertex 0.08499926206180441 -3.615075441810406 0
    vertex 1.074637417017852 -3.265054722226086 0
    vertex 0.7818605833244971 -4.005606918329722 0
  endloop
endfacet
facet normal 0 -0 -1
  outer loop
    vertex -2.222498684669919 -2.224186649897633 0
    vertex -1.417180371935404 -2.724365307594362 0
    vertex -2.306410315980563 -3.277457072979859 0
  endloop
endfacet
facet normal 0 0 -1
  outer loop
    vertex -1.417180371935404 -2.724365307594362 0
    vertex -1.501092003246048 -3.777635730676587 0
    vertex -2.306410315980563 -3.277457072979859 0
  endloop
endfacet
facet normal 0 -0 -1
  outer loop
    vertex -1.417180371935404 -2.724365307594362 0
    vertex -0.6118620592008883 -3.22454396529109 0
    vertex -1.501092003246048 -3.777635730676587 0
  endloop
endfacet
facet normal 0 -0 -1
  outer loop
    vertex -2.306410315980563 -3.277457072979859 0
    vertex -1.501092003246048 -3.777635730676587 0
    vertex -2.390321947291207 -4.330727496062083 0
  endloop
endfacet
facet normal 0 0 -1
  outer loop
    vertex 1.764681694381879 3.62386499770876 0
    vertex 1.609039620903507 4.490087703836144 0
    vertex 2.298724342689728 4.251319584785659 0
  endloop
endfacet
facet normal 0 0 -1
  outer loop
    vertex 1.609039620903507 4.490087703836144 0
    vertex 2.143082269211356 5.117542290913043 0
    vertex 2.298724342689728 4.251319584785659 0
  endloop
endfacet
facet normal 0 0 -1
  outer loop
    vertex 1.609039620903507 4.490087703836144 0
    vertex 1.453397547425135 5.356310409963529 0
    vertex 2.143082269211356 5.117542290913043 0
  endloop
endfacet
facet normal 0 0 -1
  outer loop
    vertex 2.298724342689728 4.251319584785659 0
    vertex 2.143082269211356 5.117542290913043 0
    vertex 2.832766990997577 4.878774171862558 0
  endloop
endfacet
facet normal -0 0 -1
  outer loop
    vertex -3.772563625369533 -0.9738566179677611 0
    vertex -4.543994719957327 -1.278495107655053 0
    vertex -4.597860580714499 -0.4740287929715736 0
  endloop
endfacet
facet normal 0 0 -1
  outer loop
    vertex -4.543994719957327 -1.278495107655053 0
    vertex -5.369291675302294 -0.7786672826588651 0
    vertex -4.597860580714499 -0.4740287929715736 0
  endloop
endfacet
facet normal -0 0 -1
  outer loop
    vertex -4.543994719957327 -1.278495107655053 0
    vertex -5.315425814545121 -1.583133597342344 0
    vertex -5.369291675302294 -0.7786672826588651 0
  endloop
endfacet
facet normal -0 0 -1
  outer loop
    vertex -4.597860580714499 -0.4740287929715736 0
    vertex -5.369291675302294 -0.7786672826588651 0
    vertex -5.423157536059467 0.02579903202461393 0
  endloop
endfacet
facet normal 0 0 -1
  outer loop
    vertex -3.445787582837049 0.8820591072450579 0
    vertex -3.609175604103291 -0.04589875536135157 0
    vertex -4.434472559448258 0.4539290696348359 0
  endloop
endfacet
facet normal -0 0 -1
  outer loop
    vertex -3.609175604103291 -0.04589875536135157 0
    vertex -4.597860580714499 -0.4740287929715736 0
    vertex -4.434472559448258 0.4539290696348359 0
  endloop
endfacet
facet normal 0 0 -1
  outer loop
    vertex -3.609175604103291 -0.04589875536135157 0
    vertex -3.772563625369533 -0.9738566179677611 0
    vertex -4.597860580714499 -0.4740287929715736 0
  endloop
endfacet
facet normal 0 0 -1
  outer loop
    vertex -4.434472559448258 0.4539290696348359 0
    vertex -4.597860580714499 -0.4740287929715736 0
    vertex -5.423157536059467 0.02579903202461393 0
  endloop
endfacet
facet normal 0 0 -1
  outer loop
    vertex 5.051814680031292 1.047275770291663 0
    vertex 4.153702655683063 1.545082294142718 0
    vertex 5.021257380853912 1.820469918954247 0
  endloop
endfacet
facet normal 0 0 -1
  outer loop
    vertex 4.153702655683063 1.545082294142718 0
    vertex 4.123145356505683 2.318276442805303 0
    vertex 5.021257380853912 1.820469918954247 0
  endloop
endfacet
facet normal 0 0 -1
  outer loop
    vertex 4.153702655683063 1.545082294142718 0
    vertex 3.255590631334832 2.042888817993774 0
    vertex 4.123145356505683 2.318276442805303 0
  endloop
endfacet
facet normal 0 0 -1
  outer loop
    vertex 5.021257380853912 1.820469918954247 0
    vertex 4.123145356505683 2.318276442805303 0
    vertex 4.990700081676533 2.593664067616832 0
  endloop
endfacet
facet normal 0.997859 0.0654031 -0
  outer loop
    vertex 4 -9.797174393178826e-16 0.5
    vertex 3.965779445495242 0.5221047688802062 0.8784492989880569
    vertex 4 -9.797174393178826e-16 1.25
  endloop
endfacet
facet normal 0.997859 0.0654031 -0
  outer loop
    vertex 3.965779445495242 0.5221047688802062 0.8784492989880569
    vertex 3.965779445495242 0.5221047688802062 1.628449298988057
    vertex 4 -9.797174393178826e-16 1.25
  endloop
endfacet
facet normal 0.980785 0.19509 -0
  outer loop
    vertex 3.965779445495242 0.5221047688802062 0.8784492989880569
    vertex 3.863703305156273 1.035276180410084 1.256898597976114
    vertex 3.965779445495242 0.5221047688802062 1.628449298988057
  endloop
endfacet
facet normal 0.997859 0.0654031 -0
  outer loop
    vertex 4 -9.797174393178826e-16 1.25
    vertex 3.965779445495242 0.5221047688802062 1.628449298988057
    vertex 4 -9.797174393178826e-16 2
  endloop
endfacet
facet normal 0.997859 -0.0654031 0
  outer loop
    vertex 4 -9.797174393178826e-16 2
    vertex 3.965779445495241 -0.5221047688802103 1.628449298988057
    vertex 4 -9.797174393178826e-16 1.25
  endloop
endfacet
facet normal 0.997859 -0.0654031 0
  outer loop
    vertex 3.965779445495241 -0.5221047688802103 1.628449298988057
    vertex 3.965779445495241 -0.5221047688802103 0.8784492989880568
    vertex 4 -9.797174393178826e-16 1.25
  endloop
endfacet
facet normal 0.980785 -0.19509 0
  outer loop
    vertex 3.965779445495241 -0.5221047688802103 1.628449298988057
    vertex 3.863703305156272 -1.035276180410086 1.256898597976114
    vertex 3.965779445495241 -0.5221047688802103 0.8784492989880568
  endloop
endfacet
facet normal 0.997859 -0.0654031 0
  outer loop
    vertex 4 -9.797174393178826e-16 1.25
    vertex 3.965779445495241 -0.5221047688802103 0.8784492989880568
    vertex 4 -9.797174393178826e-16 0.5
  endloop
endfacet
facet normal 0.920126 0.381128 -0.0900557
  outer loop
    vertex 3.464101615137754 2 0.5
    vertex 3.695518130045147 1.53073372946036 0.8784492989880569
    vertex 3.863703305156273 1.035276180410083 0.5
  endloop
endfacet
facet normal 0.962001 0.257767 0.0900557
  outer loop
    vertex 3.695518130045147 1.53073372946036 0.8784492989880569
    vertex 3.965779445495242 0.5221047688802062 0.8784492989880569
    vertex 3.863703305156273 1.035276180410083 0.5
  endloop
endfacet
facet normal 0.962001 0.257767 -0.0900557
  outer loop
    vertex 3.695518130045147 1.53073372946036 0.8784492989880569
    vertex 3.863703305156273 1.035276180410084 1.256898597976114
    vertex 3.965779445495242 0.5221047688802062 0.8784492989880569
  endloop
endfacet
facet normal 0.987416 0.129996 -0.0900557
  outer loop
    vertex 3.863703305156273 1.035276180410083 0.5
    vertex 3.965779445495242 0.5221047688802062 0.8784492989880569
    vertex 4 -9.797174393178826e-16 0.5
  endloop
endfacet
facet normal 0.987416 -0.129996 -0.0900557
  outer loop
    vertex 4 -9.797174393178826e-16 0.5
    vertex 3.965779445495241 -0.5221047688802103 0.8784492989880568
    vertex 3.863703305156273 -1.035276180410083 0.5
  endloop
endfacet
facet normal 0.962001 -0.257767 0.0900557
  outer loop
    vertex 3.965779445495241 -0.5221047688802103 0.8784492989880568
    vertex 3.695518130045146 -1.530733729460362 0.8784492989880568
    vertex 3.863703305156273 -1.035276180410083 0.5
  endloop
endfacet
facet normal 0.962001 -0.257767 -0.0900557
  outer loop
    vertex 3.965779445495241 -0.5221047688802103 0.8784492989880568
    vertex 3.863703305156272 -1.035276180410086 1.256898597976114
    vertex 3.695518130045146 -1.530733729460362 0.8784492989880568
  endloop
endfacet
facet normal 0.920126 -0.381128 -0.0900557
  outer loop
    vertex 3.863703305156273 -1.035276180410083 0.5
    vertex 3.695518130045146 -1.530733729460362 0.8784492989880568
    vertex 3.464101615137753 -2.000000000000002 0.5
  endloop
endfacet
facet normal 0.987266 0.129976 0.0917138
  outer loop
    vertex 4 -9.797174393178826e-16 2
    vertex 3.965779445495242 0.5221047688802062 1.628449298988057
    vertex 3.863703305156273 1.035276180410083 2
  endloop
endfacet
facet normal 0.961855 0.257728 -0.0917138
  outer loop
    vertex 3.965779445495242 0.5221047688802062 1.628449298988057
    vertex 3.695518130045147 1.53073372946036 1.628449298988057
    vertex 3.863703305156273 1.035276180410083 2
  endloop
endfacet
facet normal 0.961855 0.257728 0.0917138
  outer loop
    vertex 3.965779445495242 0.5221047688802062 1.628449298988057
    vertex 3.863703305156273 1.035276180410084 1.256898597976114
    vertex 3.695518130045147 1.53073372946036 1.628449298988057
  endloop
endfacet
facet normal 0.919986 0.381071 0.0917138
  outer loop
    vertex 3.863703305156273 1.035276180410083 2
    vertex 3.695518130045147 1.53073372946036 1.628449298988057
    vertex 3.464101615137754 2 2
  endloop
endfacet
facet normal 0.919986 -0.381071 0.0917138
  outer loop
    vertex 3.464101615137753 -2.000000000000002 2
    vertex 3.695518130045146 -1.530733729460362 1.628449298988057
    vertex 3.863703305156273 -1.035276180410083 2
  endloop
endfacet
facet normal 0.961855 -0.257728 -0.0917138
  outer loop
    vertex 3.695518130045146 -1.530733729460362 1.628449298988057
    vertex 3.965779445495241 -0.5221047688802103 1.628449298988057
    vertex 3.863703305156273 -1.035276180410083 2
  endloop
endfacet
facet normal 0.961855 -0.257728 0.0917138
  outer loop
    vertex 3.695518130045146 -1.530733729460362 1.628449298988057
    vertex 3.863703305156272 -1.035276180410086 1.256898597976114
    vertex 3.965779445495241 -0.5221047688802103 1.628449298988057
  endloop
endfacet
facet normal 0.987266 -0.129976 0.0917138
  outer loop
    vertex 3.863703305156273 -1.035276180410083 2
    vertex 3.965779445495241 -0.5221047688802103 1.628449298988057
    vertex 4 -9.797174393178826e-16 2
  endloop
endfacet
facet normal 0.606288 0.79013 -0.0900557
  outer loop
    vertex 2 3.464101615137755 0.5
    vertex 2.435045716034882 3.173413361164941 0.8784492989880569
    vertex 2.82842712474619 2.82842712474619 0.5
  endloop
endfacet
facet normal 0.704234 0.704234 0.0900557
  outer loop
    vertex 2.435045716034882 3.173413361164941 0.8784492989880569
    vertex 3.173413361164941 2.435045716034882 0.8784492989880569
    vertex 2.82842712474619 2.82842712474619 0.5
  endloop
endfacet
facet normal 0.704234 0.704234 -0.0900557
  outer loop
    vertex 2.435045716034882 3.173413361164941 0.8784492989880569
    vertex 2.82842712474619 2.82842712474619 1.256898597976114
    vertex 3.173413361164941 2.435045716034882 0.8784492989880569
  endloop
endfacet
facet normal 0.79013 0.606288 -0.0900557
  outer loop
    vertex 2.82842712474619 2.82842712474619 0.5
    vertex 3.173413361164941 2.435045716034882 0.8784492989880569
    vertex 3.464101615137754 2 0.5
  endloop
endfacet
facet normal 0.896873 0.442289 2.61888e-16
  outer loop
    vertex 3.464101615137754 2 2
    vertex 3.695518130045147 1.53073372946036 1.628449298988057
    vertex 3.464101615137754 2 1.25
  endloop
endfacet
facet normal 0.896873 0.442289 0
  outer loop
    vertex 3.695518130045147 1.53073372946036 1.628449298988057
    vertex 3.695518130045147 1.53073372946036 0.8784492989880569
    vertex 3.464101615137754 2 1.25
  endloop
endfacet
facet normal 0.94693 0.321439 0
  outer loop
    vertex 3.695518130045147 1.53073372946036 1.628449298988057
    vertex 3.863703305156273 1.035276180410084 1.256898597976114
    vertex 3.695518130045147 1.53073372946036 0.8784492989880569
  endloop
endfacet
facet normal 0.896873 0.442289 -2.61888e-16
  outer loop
    vertex 3.464101615137754 2 1.25
    vertex 3.695518130045147 1.53073372946036 0.8784492989880569
    vertex 3.464101615137754 2 0.5
  endloop
endfacet
facet normal 0.83147 0.55557 -3.28964e-16
  outer loop
    vertex 3.464101615137754 2 0.5
    vertex 3.173413361164941 2.435045716034882 0.8784492989880569
    vertex 3.464101615137754 2 1.25
  endloop
endfacet
facet normal 0.83147 0.55557 -0
  outer loop
    vertex 3.173413361164941 2.435045716034882 0.8784492989880569
    vertex 3.173413361164941 2.435045716034882 1.628449298988057
    vertex 3.464101615137754 2 1.25
  endloop
endfacet
facet normal 0.75184 0.659346 -0
  outer loop
    vertex 3.173413361164941 2.435045716034882 0.8784492989880569
    vertex 2.82842712474619 2.82842712474619 1.256898597976114
    vertex 3.173413361164941 2.435045716034882 1.628449298988057
  endloop
endfacet
facet normal 0.83147 0.55557 3.28964e-16
  outer loop
    vertex 3.464101615137754 2 1.25
    vertex 3.173413361164941 2.435045716034882 1.628449298988057
    vertex 3.464101615137754 2 2
  endloop
endfacet
facet normal 0.129976 0.987266 -0.0917138
  outer loop
    vertex 2.449293598294706e-16 4 0.5
    vertex 0.522104768880206 3.965779445495242 0.8715507010119431
    vertex 1.035276180410083 3.863703305156273 0.5
  endloop
endfacet
facet normal 0.257728 0.961855 0.0917138
  outer loop
    vertex 0.522104768880206 3.965779445495242 0.8715507010119431
    vertex 1.530733729460359 3.695518130045147 0.8715507010119431
    vertex 1.035276180410083 3.863703305156273 0.5
  endloop
endfacet
facet normal 0.257728 0.961855 -0.0917138
  outer loop
    vertex 0.522104768880206 3.965779445495242 0.8715507010119431
    vertex 1.035276180410083 3.863703305156273 1.243101402023886
    vertex 1.530733729460359 3.695518130045147 0.8715507010119431
  endloop
endfacet
facet normal 0.381071 0.919986 -0.0917138
  outer loop
    vertex 1.035276180410083 3.863703305156273 0.5
    vertex 1.530733729460359 3.695518130045147 0.8715507010119431
    vertex 2 3.464101615137755 0.5
  endloop
endfacet
facet normal 0.55557 0.83147 0
  outer loop
    vertex 2 3.464101615137755 2
    vertex 2.435045716034882 3.173413361164941 1.628449298988057
    vertex 2 3.464101615137755 1.25
  endloop
endfacet
facet normal 0.55557 0.83147 0
  outer loop
    vertex 2.435045716034882 3.173413361164941 1.628449298988057
    vertex 2.435045716034882 3.173413361164941 0.8784492989880569
    vertex 2 3.464101615137755 1.25
  endloop
endfacet
facet normal 0.659346 0.75184 0
  outer loop
    vertex 2.435045716034882 3.173413361164941 1.628449298988057
    vertex 2.82842712474619 2.82842712474619 1.256898597976114
    vertex 2.435045716034882 3.173413361164941 0.8784492989880569
  endloop
endfacet
facet normal 0.55557 0.83147 0
  outer loop
    vertex 2 3.464101615137755 1.25
    vertex 2.435045716034882 3.173413361164941 0.8784492989880569
    vertex 2 3.464101615137755 0.5
  endloop
endfacet
facet normal 0.442289 0.896873 -0
  outer loop
    vertex 2 3.464101615137755 0.5
    vertex 1.530733729460359 3.695518130045147 0.8715507010119431
    vertex 2 3.464101615137755 1.25
  endloop
endfacet
facet normal 0.442289 0.896873 -0
  outer loop
    vertex 1.530733729460359 3.695518130045147 0.8715507010119431
    vertex 1.530733729460359 3.695518130045147 1.621550701011943
    vertex 2 3.464101615137755 1.25
  endloop
endfacet
facet normal 0.321439 0.94693 -0
  outer loop
    vertex 1.530733729460359 3.695518130045147 0.8715507010119431
    vertex 1.035276180410083 3.863703305156273 1.243101402023886
    vertex 1.530733729460359 3.695518130045147 1.621550701011943
  endloop
endfacet
facet normal 0.442289 0.896873 -0
  outer loop
    vertex 2 3.464101615137755 1.25
    vertex 1.530733729460359 3.695518130045147 1.621550701011943
    vertex 2 3.464101615137755 2
  endloop
endfacet
facet normal -0.381128 0.920126 -0.0900557
  outer loop
    vertex -2.000000000000001 3.464101615137754 0.5
    vertex -1.53073372946036 3.695518130045147 0.8784492989880569
    vertex -1.035276180410083 3.863703305156273 0.5
  endloop
endfacet
facet normal -0.257767 0.962001 0.0900557
  outer loop
    vertex -1.53073372946036 3.695518130045147 0.8784492989880569
    vertex -0.5221047688802064 3.965779445495242 0.8784492989880569
    vertex -1.035276180410083 3.863703305156273 0.5
  endloop
endfacet
facet normal -0.257767 0.962001 -0.0900557
  outer loop
    vertex -1.53073372946036 3.695518130045147 0.8784492989880569
    vertex -1.035276180410083 3.863703305156273 1.256898597976114
    vertex -0.5221047688802064 3.965779445495242 0.8784492989880569
  endloop
endfacet
facet normal -0.129996 0.987416 -0.0900557
  outer loop
    vertex -1.035276180410083 3.863703305156273 0.5
    vertex -0.5221047688802064 3.965779445495242 0.8784492989880569
    vertex 2.449293598294706e-16 4 0.5
  endloop
endfacet
facet normal -0.0654031 0.997859 0
  outer loop
    vertex 2.449293598294706e-16 4 0.5
    vertex -0.5221047688802064 3.965779445495242 0.8784492989880569
    vertex 2.449293598294706e-16 4 1.25
  endloop
endfacet
facet normal -0.0654031 0.997859 0
  outer loop
    vertex -0.5221047688802064 3.965779445495242 0.8784492989880569
    vertex -0.5221047688802064 3.965779445495242 1.628449298988057
    vertex 2.449293598294706e-16 4 1.25
  endloop
endfacet
facet normal -0.19509 0.980785 0
  outer loop
    vertex -0.5221047688802064 3.965779445495242 0.8784492989880569
    vertex -1.035276180410083 3.863703305156273 1.256898597976114
    vertex -0.5221047688802064 3.965779445495242 1.628449298988057
  endloop
endfacet
facet normal -0.0654031 0.997859 0
  outer loop
    vertex 2.449293598294706e-16 4 1.25
    vertex -0.5221047688802064 3.965779445495242 1.628449298988057
    vertex 2.449293598294706e-16 4 2
  endloop
endfacet
facet normal 0.0654031 0.997859 0
  outer loop
    vertex 2.449293598294706e-16 4 2
    vertex 0.522104768880206 3.965779445495242 1.621550701011943
    vertex 2.449293598294706e-16 4 1.25
  endloop
endfacet
facet normal 0.0654031 0.997859 0
  outer loop
    vertex 0.522104768880206 3.965779445495242 1.621550701011943
    vertex 0.522104768880206 3.965779445495242 0.8715507010119431
    vertex 2.449293598294706e-16 4 1.25
  endloop
endfacet
facet normal 0.19509 0.980785 0
  outer loop
    vertex 0.522104768880206 3.965779445495242 1.621550701011943
    vertex 1.035276180410083 3.863703305156273 1.243101402023886
    vertex 0.522104768880206 3.965779445495242 0.8715507010119431
  endloop
endfacet
facet normal 0.0654031 0.997859 0
  outer loop
    vertex 2.449293598294706e-16 4 1.25
    vertex 0.522104768880206 3.965779445495242 0.8715507010119431
    vertex 2.449293598294706e-16 4 0.5
  endloop
endfacet
facet normal -0.79013 0.606288 -0.0900557
  outer loop
    vertex -3.464101615137755 2 0.5
    vertex -3.173413361164941 2.435045716034882 0.8784492989880575
    vertex -2.82842712474619 2.82842712474619 0.5
  endloop
endfacet
facet normal -0.704234 0.704234 0.0900557
  outer loop
    vertex -3.173413361164941 2.435045716034882 0.8784492989880575
    vertex -2.435045716034884 3.173413361164939 0.8784492989880575
    vertex -2.82842712474619 2.82842712474619 0.5
  endloop
endfacet
facet normal -0.704234 0.704234 -0.0900557
  outer loop
    vertex -3.173413361164941 2.435045716034882 0.8784492989880575
    vertex -2.828427124746191 2.828427124746189 1.256898597976115
    vertex -2.435045716034884 3.173413361164939 0.8784492989880575
  endloop
endfacet
facet normal -0.606288 0.79013 -0.0900557
  outer loop
    vertex -2.82842712474619 2.82842712474619 0.5
    vertex -2.435045716034884 3.173413361164939 0.8784492989880575
    vertex -2.000000000000001 3.464101615137754 0.5
  endloop
endfacet
facet normal -0.442289 0.896873 0
  outer loop
    vertex -2.000000000000001 3.464101615137754 2
    vertex -1.53073372946036 3.695518130045147 1.628449298988057
    vertex -2.000000000000001 3.464101615137754 1.25
  endloop
endfacet
facet normal -0.442289 0.896873 0
  outer loop
    vertex -1.53073372946036 3.695518130045147 1.628449298988057
    vertex -1.53073372946036 3.695518130045147 0.8784492989880569
    vertex -2.000000000000001 3.464101615137754 1.25
  endloop
endfacet
facet normal -0.321439 0.94693 0
  outer loop
    vertex -1.53073372946036 3.695518130045147 1.628449298988057
    vertex -1.035276180410083 3.863703305156273 1.256898597976114
    vertex -1.53073372946036 3.695518130045147 0.8784492989880569
  endloop
endfacet
facet normal -0.442289 0.896873 0
  outer loop
    vertex -2.000000000000001 3.464101615137754 1.25
    vertex -1.53073372946036 3.695518130045147 0.8784492989880569
    vertex -2.000000000000001 3.464101615137754 0.5
  endloop
endfacet
facet normal -0.55557 0.83147 0
  outer loop
    vertex -2.000000000000001 3.464101615137754 0.5
    vertex -2.435045716034884 3.173413361164939 0.8784492989880575
    vertex -2.000000000000001 3.464101615137754 1.25
  endloop
endfacet
facet normal -0.55557 0.83147 0
  outer loop
    vertex -2.435045716034884 3.173413361164939 0.8784492989880575
    vertex -2.435045716034884 3.173413361164939 1.628449298988057
    vertex -2.000000000000001 3.464101615137754 1.25
  endloop
endfacet
facet normal -0.659346 0.75184 0
  outer loop
    vertex -2.435045716034884 3.173413361164939 0.8784492989880575
    vertex -2.828427124746191 2.828427124746189 1.256898597976115
    vertex -2.435045716034884 3.173413361164939 1.628449298988057
  endloop
endfacet
facet normal -0.55557 0.83147 0
  outer loop
    vertex -2.000000000000001 3.464101615137754 1.25
    vertex -2.435045716034884 3.173413361164939 1.628449298988057
    vertex -2.000000000000001 3.464101615137754 2
  endloop
endfacet
facet normal -0.987266 0.129976 -0.0917138
  outer loop
    vertex -4 4.898587196589413e-16 0.5
    vertex -3.965779445495242 0.522104768880208 0.8715507010119431
    vertex -3.863703305156273 1.035276180410084 0.5
  endloop
endfacet
facet normal -0.961855 0.257728 0.0917138
  outer loop
    vertex -3.965779445495242 0.522104768880208 0.8715507010119431
    vertex -3.695518130045147 1.53073372946036 0.8715507010119431
    vertex -3.863703305156273 1.035276180410084 0.5
  endloop
endfacet
facet normal -0.961855 0.257728 -0.0917138
  outer loop
    vertex -3.965779445495242 0.522104768880208 0.8715507010119431
    vertex -3.863703305156273 1.035276180410084 1.243101402023886
    vertex -3.695518130045147 1.53073372946036 0.8715507010119431
  endloop
endfacet
facet normal -0.919986 0.381071 -0.0917138
  outer loop
    vertex -3.863703305156273 1.035276180410084 0.5
    vertex -3.695518130045147 1.53073372946036 0.8715507010119431
    vertex -3.464101615137755 2 0.5
  endloop
endfacet
facet normal -0.896873 0.442289 0
  outer loop
    vertex -3.464101615137755 2 0.5
    vertex -3.695518130045147 1.53073372946036 0.8715507010119431
    vertex -3.464101615137755 2 1.25
  endloop
endfacet
facet normal -0.896873 0.442289 0
  outer loop
    vertex -3.695518130045147 1.53073372946036 0.8715507010119431
    vertex -3.695518130045147 1.53073372946036 1.621550701011943
    vertex -3.464101615137755 2 1.25
  endloop
endfacet
facet normal -0.94693 0.321439 0
  outer loop
    vertex -3.695518130045147 1.53073372946036 0.8715507010119431
    vertex -3.863703305156273 1.035276180410084 1.243101402023886
    vertex -3.695518130045147 1.53073372946036 1.621550701011943
  endloop
endfacet
facet normal -0.896873 0.442289 0
  outer loop
    vertex -3.464101615137755 2 1.25
    vertex -3.695518130045147 1.53073372946036 1.621550701011943
    vertex -3.464101615137755 2 2
  endloop
endfacet
facet normal -0.83147 0.55557 0
  outer loop
    vertex -3.464101615137755 2 2
    vertex -3.173413361164941 2.435045716034882 1.628449298988057
    vertex -3.464101615137755 2 1.25
  endloop
endfacet
facet normal -0.83147 0.55557 0
  outer loop
    vertex -3.173413361164941 2.435045716034882 1.628449298988057
    vertex -3.173413361164941 2.435045716034882 0.8784492989880575
    vertex -3.464101615137755 2 1.25
  endloop
endfacet
facet normal -0.75184 0.659346 0
  outer loop
    vertex -3.173413361164941 2.435045716034882 1.628449298988057
    vertex -2.828427124746191 2.828427124746189 1.256898597976115
    vertex -3.173413361164941 2.435045716034882 0.8784492989880575
  endloop
endfacet
facet normal -0.83147 0.55557 0
  outer loop
    vertex -3.464101615137755 2 1.25
    vertex -3.173413361164941 2.435045716034882 0.8784492989880575
    vertex -3.464101615137755 2 0.5
  endloop
endfacet
facet normal -0.920057 -0.3811 -0.0908772
  outer loop
    vertex -3.464101615137755 -1.999999999999999 0.5
    vertex -3.695580882741622 -1.530582222265324 0.875
    vertex -3.863703305156274 -1.035276180410081 0.5
  endloop
endfacet
facet normal -0.961939 -0.257709 0.0908772
  outer loop
    vertex -3.695580882741622 -1.530582222265324 0.875
    vertex -3.96580084699789 -0.5219421825746752 0.875
    vertex -3.863703305156274 -1.035276180410081 0.5
  endloop
endfacet
facet normal -0.961939 -0.257709 -0.0908772
  outer loop
    vertex -3.695580882741622 -1.530582222265324 0.875
    vertex -3.863788179024592 -1.034959374869288 1.25
    vertex -3.96580084699789 -0.5219421825746752 0.875
  endloop
endfacet
facet normal -0.987342 -0.129986 -0.0908772
  outer loop
    vertex -3.863703305156274 -1.035276180410081 0.5
    vertex -3.96580084699789 -0.5219421825746752 0.875
    vertex -4 4.898587196589413e-16 0.5
  endloop
endfacet
facet normal -0.997859 0.0654031 0
  outer loop
    vertex -4 4.898587196589413e-16 2
    vertex -3.965779445495242 0.522104768880208 1.621550701011943
    vertex -4 4.898587196589413e-16 1.25
  endloop
endfacet
facet normal -0.997859 0.0654031 0
  outer loop
    vertex -3.965779445495242 0.522104768880208 1.621550701011943
    vertex -3.965779445495242 0.522104768880208 0.8715507010119431
    vertex -4 4.898587196589413e-16 1.25
  endloop
endfacet
facet normal -0.980785 0.19509 0
  outer loop
    vertex -3.965779445495242 0.522104768880208 1.621550701011943
    vertex -3.863703305156273 1.035276180410084 1.243101402023886
    vertex -3.965779445495242 0.522104768880208 0.8715507010119431
  endloop
endfacet
facet normal -0.997859 0.0654031 0
  outer loop
    vertex -4 4.898587196589413e-16 1.25
    vertex -3.965779445495242 0.522104768880208 0.8715507010119431
    vertex -4 4.898587196589413e-16 0.5
  endloop
endfacet
facet normal -0.99786 -0.0653827 0
  outer loop
    vertex -4 4.898587196589413e-16 0.5
    vertex -3.96580084699789 -0.5219421825746752 0.875
    vertex -4 4.898587196589413e-16 1.25
  endloop
endfacet
facet normal -0.99786 -0.0653827 0
  outer loop
    vertex -3.96580084699789 -0.5219421825746752 0.875
    vertex -3.96580084699789 -0.5219421825746752 1.625
    vertex -4 4.898587196589413e-16 1.25
  endloop
endfacet
facet normal -0.980797 -0.19503 0
  outer loop
    vertex -3.96580084699789 -0.5219421825746752 0.875
    vertex -3.863788179024592 -1.034959374869288 1.25
    vertex -3.96580084699789 -0.5219421825746752 1.625
  endloop
endfacet
facet normal -0.99786 -0.0653827 0
  outer loop
    vertex -4 4.898587196589413e-16 1.25
    vertex -3.96580084699789 -0.5219421825746752 1.625
    vertex -4 4.898587196589413e-16 2
  endloop
endfacet
facet normal -0.606196 -0.79001 -0.0917138
  outer loop
    vertex -1.999999999999998 -3.464101615137755 0.5
    vertex -2.435045716034884 -3.17341336116494 0.8715507010119421
    vertex -2.828427124746191 -2.82842712474619 0.5
  endloop
endfacet
facet normal -0.704127 -0.704127 0.0917138
  outer loop
    vertex -2.435045716034884 -3.17341336116494 0.8715507010119421
    vertex -3.173413361164942 -2.435045716034881 0.8715507010119421
    vertex -2.828427124746191 -2.82842712474619 0.5
  endloop
endfacet
facet normal -0.704127 -0.704127 -0.0917138
  outer loop
    vertex -2.435045716034884 -3.17341336116494 0.8715507010119421
    vertex -2.828427124746192 -2.828427124746189 1.243101402023884
    vertex -3.173413361164942 -2.435045716034881 0.8715507010119421
  endloop
endfacet
facet normal -0.79001 -0.606196 -0.0917138
  outer loop
    vertex -2.828427124746191 -2.82842712474619 0.5
    vertex -3.173413361164942 -2.435045716034881 0.8715507010119421
    vertex -3.464101615137755 -1.999999999999999 0.5
  endloop
endfacet
facet normal -0.83147 -0.55557 0
  outer loop
    vertex -3.464101615137755 -1.999999999999999 0.5
    vertex -3.173413361164942 -2.435045716034881 0.8715507010119421
    vertex -3.464101615137755 -1.999999999999999 1.25
  endloop
endfacet
facet normal -0.83147 -0.55557 0
  outer loop
    vertex -3.173413361164942 -2.435045716034881 0.8715507010119421
    vertex -3.173413361164942 -2.435045716034881 1.621550701011942
    vertex -3.464101615137755 -1.999999999999999 1.25
  endloop
endfacet
facet normal -0.75184 -0.659346 0
  outer loop
    vertex -3.173413361164942 -2.435045716034881 0.8715507010119421
    vertex -2.828427124746192 -2.828427124746189 1.243101402023884
    vertex -3.173413361164942 -2.435045716034881 1.621550701011942
  endloop
endfacet
facet normal -0.83147 -0.55557 0
  outer loop
    vertex -3.464101615137755 -1.999999999999999 1.25
    vertex -3.173413361164942 -2.435045716034881 1.621550701011942
    vertex -3.464101615137755 -1.999999999999999 2
  endloop
endfacet
facet normal -0.896882 -0.44227 -0
  outer loop
    vertex -3.464101615137755 -1.999999999999999 2
    vertex -3.695580882741622 -1.530582222265324 1.625
    vertex -3.464101615137755 -1.999999999999999 1.25
  endloop
endfacet
facet normal -0.896882 -0.44227 -0
  outer loop
    vertex -3.695580882741622 -1.530582222265324 1.625
    vertex -3.695580882741622 -1.530582222265324 0.875
    vertex -3.464101615137755 -1.999999999999999 1.25
  endloop
endfacet
facet normal -0.94695 -0.321381 -0
  outer loop
    vertex -3.695580882741622 -1.530582222265324 1.625
    vertex -3.863788179024592 -1.034959374869288 1.25
    vertex -3.695580882741622 -1.530582222265324 0.875
  endloop
endfacet
facet normal -0.896882 -0.44227 -0
  outer loop
    vertex -3.464101615137755 -1.999999999999999 1.25
    vertex -3.695580882741622 -1.530582222265324 0.875
    vertex -3.464101615137755 -1.999999999999999 0.5
  endloop
endfacet
facet normal -0.129986 -0.987342 -0.0908772
  outer loop
    vertex -7.347880794884119e-16 -4 0.5
    vertex -0.5222673543082017 -3.965758037327027 0.875
    vertex -1.035276180410083 -3.863703305156273 0.5
  endloop
endfacet
facet normal -0.257788 -0.961918 0.0908772
  outer loop
    vertex -0.5222673543082017 -3.965758037327027 0.875
    vertex -1.530885234082582 -3.695455371137354 0.875
    vertex -1.035276180410083 -3.863703305156273 0.5
  endloop
endfacet
facet normal -0.257788 -0.961918 -0.0908772
  outer loop
    vertex -0.5222673543082017 -3.965758037327027 0.875
    vertex -1.035592978990632 -3.863618405311957 1.25
    vertex -1.530885234082582 -3.695455371137354 0.875
  endloop
endfacet
facet normal -0.3811 -0.920057 -0.0908772
  outer loop
    vertex -1.035276180410083 -3.863703305156273 0.5
    vertex -1.530885234082582 -3.695455371137354 0.875
    vertex -1.999999999999998 -3.464101615137755 0.5
  endloop
endfacet
facet normal -0.55557 -0.83147 -0
  outer loop
    vertex -1.999999999999998 -3.464101615137755 2
    vertex -2.435045716034884 -3.17341336116494 1.621550701011942
    vertex -1.999999999999998 -3.464101615137755 1.25
  endloop
endfacet
facet normal -0.55557 -0.83147 -0
  outer loop
    vertex -2.435045716034884 -3.17341336116494 1.621550701011942
    vertex -2.435045716034884 -3.17341336116494 0.8715507010119421
    vertex -1.999999999999998 -3.464101615137755 1.25
  endloop
endfacet
facet normal -0.659346 -0.75184 -0
  outer loop
    vertex -2.435045716034884 -3.17341336116494 1.621550701011942
    vertex -2.828427124746192 -2.828427124746189 1.243101402023884
    vertex -2.435045716034884 -3.17341336116494 0.8715507010119421
  endloop
endfacet
facet normal -0.55557 -0.83147 -0
  outer loop
    vertex -1.999999999999998 -3.464101615137755 1.25
    vertex -2.435045716034884 -3.17341336116494 0.8715507010119421
    vertex -1.999999999999998 -3.464101615137755 0.5
  endloop
endfacet
facet normal -0.442307 -0.896864 0
  outer loop
    vertex -1.999999999999998 -3.464101615137755 0.5
    vertex -1.530885234082582 -3.695455371137354 0.875
    vertex -1.999999999999998 -3.464101615137755 1.25
  endloop
endfacet
facet normal -0.442307 -0.896864 0
  outer loop
    vertex -1.530885234082582 -3.695455371137354 0.875
    vertex -1.530885234082582 -3.695455371137354 1.625
    vertex -1.999999999999998 -3.464101615137755 1.25
  endloop
endfacet
facet normal -0.321498 -0.94691 0
  outer loop
    vertex -1.530885234082582 -3.695455371137354 0.875
    vertex -1.035592978990632 -3.863618405311957 1.25
    vertex -1.530885234082582 -3.695455371137354 1.625
  endloop
endfacet
facet normal -0.442307 -0.896864 0
  outer loop
    vertex -1.999999999999998 -3.464101615137755 1.25
    vertex -1.530885234082582 -3.695455371137354 1.625
    vertex -1.999999999999998 -3.464101615137755 2
  endloop
endfacet
facet normal 0.381128 -0.920126 -0.0900557
  outer loop
    vertex 2 -3.464101615137754 0.5
    vertex 1.530733729460357 -3.695518130045148 0.8784492989880573
    vertex 1.035276180410081 -3.863703305156274 0.5
  endloop
endfacet
facet normal 0.257767 -0.962001 0.0900557
  outer loop
    vertex 1.530733729460357 -3.695518130045148 0.8784492989880573
    vertex 0.5221047688802051 -3.965779445495242 0.8784492989880573
    vertex 1.035276180410081 -3.863703305156274 0.5
  endloop
endfacet
facet normal 0.257767 -0.962001 -0.0900557
  outer loop
    vertex 1.530733729460357 -3.695518130045148 0.8784492989880573
    vertex 1.035276180410081 -3.863703305156274 1.256898597976115
    vertex 0.5221047688802051 -3.965779445495242 0.8784492989880573
  endloop
endfacet
facet normal 0.129996 -0.987416 -0.0900557
  outer loop
    vertex 1.035276180410081 -3.863703305156274 0.5
    vertex 0.5221047688802051 -3.965779445495242 0.8784492989880573
    vertex -7.347880794884119e-16 -4 0.5
  endloop
endfacet
facet normal 0.0654031 -0.997859 0
  outer loop
    vertex -7.347880794884119e-16 -4 0.5
    vertex 0.5221047688802051 -3.965779445495242 0.8784492989880573
    vertex -7.347880794884119e-16 -4 1.25
  endloop
endfacet
facet normal 0.0654031 -0.997859 0
  outer loop
    vertex 0.5221047688802051 -3.965779445495242 0.8784492989880573
    vertex 0.5221047688802051 -3.965779445495242 1.628449298988057
    vertex -7.347880794884119e-16 -4 1.25
  endloop
endfacet
facet normal 0.19509 -0.980785 0
  outer loop
    vertex 0.5221047688802051 -3.965779445495242 0.8784492989880573
    vertex 1.035276180410081 -3.863703305156274 1.256898597976115
    vertex 0.5221047688802051 -3.965779445495242 1.628449298988057
  endloop
endfacet
facet normal 0.0654031 -0.997859 0
  outer loop
    vertex -7.347880794884119e-16 -4 1.25
    vertex 0.5221047688802051 -3.965779445495242 1.628449298988057
    vertex -7.347880794884119e-16 -4 2
  endloop
endfacet
facet normal -0.0654236 -0.997858 -0
  outer loop
    vertex -7.347880794884119e-16 -4 2
    vertex -0.5222673543082017 -3.965758037327027 1.625
    vertex -7.347880794884119e-16 -4 1.25
  endloop
endfacet
facet normal -0.0654236 -0.997858 -0
  outer loop
    vertex -0.5222673543082017 -3.965758037327027 1.625
    vertex -0.5222673543082017 -3.965758037327027 0.875
    vertex -7.347880794884119e-16 -4 1.25
  endloop
endfacet
facet normal -0.195151 -0.980773 -0
  outer loop
    vertex -0.5222673543082017 -3.965758037327027 1.625
    vertex -1.035592978990632 -3.863618405311957 1.25
    vertex -0.5222673543082017 -3.965758037327027 0.875
  endloop
endfacet
facet normal -0.0654236 -0.997858 -0
  outer loop
    vertex -7.347880794884119e-16 -4 1.25
    vertex -0.5222673543082017 -3.965758037327027 0.875
    vertex -7.347880794884119e-16 -4 0.5
  endloop
endfacet
facet normal 0.79001 -0.606196 -0.0917138
  outer loop
    vertex 3.464101615137753 -2.000000000000002 0.5
    vertex 3.17341336116494 -2.435045716034884 0.8715507010119428
    vertex 2.828427124746189 -2.828427124746191 0.5
  endloop
endfacet
facet normal 0.704127 -0.704127 0.0917138
  outer loop
    vertex 3.17341336116494 -2.435045716034884 0.8715507010119428
    vertex 2.435045716034882 -3.173413361164941 0.8715507010119428
    vertex 2.828427124746189 -2.828427124746191 0.5
  endloop
endfacet
facet normal 0.704127 -0.704127 -0.0917138
  outer loop
    vertex 3.17341336116494 -2.435045716034884 0.8715507010119428
    vertex 2.828427124746189 -2.828427124746191 1.243101402023886
    vertex 2.435045716034882 -3.173413361164941 0.8715507010119428
  endloop
endfacet
facet normal 0.606196 -0.79001 -0.0917138
  outer loop
    vertex 2.828427124746189 -2.828427124746191 0.5
    vertex 2.435045716034882 -3.173413361164941 0.8715507010119428
    vertex 2 -3.464101615137754 0.5
  endloop
endfacet
facet normal 0.442289 -0.896873 0
  outer loop
    vertex 2 -3.464101615137754 2
    vertex 1.530733729460357 -3.695518130045148 1.628449298988057
    vertex 2 -3.464101615137754 1.25
  endloop
endfacet
facet normal 0.442289 -0.896873 0
  outer loop
    vertex 1.530733729460357 -3.695518130045148 1.628449298988057
    vertex 1.530733729460357 -3.695518130045148 0.8784492989880573
    vertex 2 -3.464101615137754 1.25
  endloop
endfacet
facet normal 0.321439 -0.94693 0
  outer loop
    vertex 1.530733729460357 -3.695518130045148 1.628449298988057
    vertex 1.035276180410081 -3.863703305156274 1.256898597976115
    vertex 1.530733729460357 -3.695518130045148 0.8784492989880573
  endloop
endfacet
facet normal 0.442289 -0.896873 0
  outer loop
    vertex 2 -3.464101615137754 1.25
    vertex 1.530733729460357 -3.695518130045148 0.8784492989880573
    vertex 2 -3.464101615137754 0.5
  endloop
endfacet
facet normal 0.55557 -0.83147 0
  outer loop
    vertex 2 -3.464101615137754 0.5
    vertex 2.435045716034882 -3.173413361164941 0.8715507010119428
    vertex 2 -3.464101615137754 1.25
  endloop
endfacet
facet normal 0.55557 -0.83147 0
  outer loop
    vertex 2.435045716034882 -3.173413361164941 0.8715507010119428
    vertex 2.435045716034882 -3.173413361164941 1.621550701011943
    vertex 2 -3.464101615137754 1.25
  endloop
endfacet
facet normal 0.659346 -0.75184 0
  outer loop
    vertex 2.435045716034882 -3.173413361164941 0.8715507010119428
    vertex 2.828427124746189 -2.828427124746191 1.243101402023886
    vertex 2.435045716034882 -3.173413361164941 1.621550701011943
  endloop
endfacet
facet normal 0.55557 -0.83147 0
  outer loop
    vertex 2 -3.464101615137754 1.25
    vertex 2.435045716034882 -3.173413361164941 1.621550701011943
    vertex 2 -3.464101615137754 2
  endloop
endfacet
facet normal 0.896873 -0.442289 0
  outer loop
    vertex 3.464101615137753 -2.000000000000002 0.5
    vertex 3.695518130045146 -1.530733729460362 0.8784492989880568
    vertex 3.464101615137753 -2.000000000000002 1.25
  endloop
endfacet
facet normal 0.896873 -0.442289 0
  outer loop
    vertex 3.695518130045146 -1.530733729460362 0.8784492989880568
    vertex 3.695518130045146 -1.530733729460362 1.628449298988057
    vertex 3.464101615137753 -2.000000000000002 1.25
  endloop
endfacet
facet normal 0.94693 -0.321439 0
  outer loop
    vertex 3.695518130045146 -1.530733729460362 0.8784492989880568
    vertex 3.863703305156272 -1.035276180410086 1.256898597976114
    vertex 3.695518130045146 -1.530733729460362 1.628449298988057
  endloop
endfacet
facet normal 0.896873 -0.442289 0
  outer loop
    vertex 3.464101615137753 -2.000000000000002 1.25
    vertex 3.695518130045146 -1.530733729460362 1.628449298988057
    vertex 3.464101615137753 -2.000000000000002 2
  endloop
endfacet
facet normal 0.83147 -0.55557 0
  outer loop
    vertex 3.464101615137753 -2.000000000000002 2
    vertex 3.17341336116494 -2.435045716034884 1.621550701011943
    vertex 3.464101615137753 -2.000000000000002 1.25
  endloop
endfacet
facet normal 0.83147 -0.55557 0
  outer loop
    vertex 3.17341336116494 -2.435045716034884 1.621550701011943
    vertex 3.17341336116494 -2.435045716034884 0.8715507010119428
    vertex 3.464101615137753 -2.000000000000002 1.25
  endloop
endfacet
facet normal 0.75184 -0.659346 0
  outer loop
    vertex 3.17341336116494 -2.435045716034884 1.621550701011943
    vertex 2.828427124746189 -2.828427124746191 1.243101402023886
    vertex 3.17341336116494 -2.435045716034884 0.8715507010119428
  endloop
endfacet
facet normal 0.83147 -0.55557 0
  outer loop
    vertex 3.464101615137753 -2.000000000000002 1.25
    vertex 3.17341336116494 -2.435045716034884 0.8715507010119428
    vertex 3.464101615137753 -2.000000000000002 0.5
  endloop
endfacet
facet normal 0.79001 0.606196 0.0917138
  outer loop
    vertex 3.464101615137754 2 2
    vertex 3.173413361164941 2.435045716034882 1.628449298988057
    vertex 2.82842712474619 2.82842712474619 2
  endloop
endfacet
facet normal 0.704127 0.704127 -0.0917138
  outer loop
    vertex 3.173413361164941 2.435045716034882 1.628449298988057
    vertex 2.435045716034882 3.173413361164941 1.628449298988057
    vertex 2.82842712474619 2.82842712474619 2
  endloop
endfacet
facet normal 0.704127 0.704127 0.0917138
  outer loop
    vertex 3.173413361164941 2.435045716034882 1.628449298988057
    vertex 2.82842712474619 2.82842712474619 1.256898597976114
    vertex 2.435045716034882 3.173413361164941 1.628449298988057
  endloop
endfacet
facet normal 0.606196 0.79001 0.0917138
  outer loop
    vertex 2.82842712474619 2.82842712474619 2
    vertex 2.435045716034882 3.173413361164941 1.628449298988057
    vertex 2 3.464101615137755 2
  endloop
endfacet
facet normal 0.381128 0.920126 0.0900557
  outer loop
    vertex 2 3.464101615137755 2
    vertex 1.530733729460359 3.695518130045147 1.621550701011943
    vertex 1.035276180410083 3.863703305156273 2
  endloop
endfacet
facet normal 0.257767 0.962001 -0.0900557
  outer loop
    vertex 1.530733729460359 3.695518130045147 1.621550701011943
    vertex 0.522104768880206 3.965779445495242 1.621550701011943
    vertex 1.035276180410083 3.863703305156273 2
  endloop
endfacet
facet normal 0.257767 0.962001 0.0900557
  outer loop
    vertex 1.530733729460359 3.695518130045147 1.621550701011943
    vertex 1.035276180410083 3.863703305156273 1.243101402023886
    vertex 0.522104768880206 3.965779445495242 1.621550701011943
  endloop
endfacet
facet normal 0.129996 0.987416 0.0900557
  outer loop
    vertex 1.035276180410083 3.863703305156273 2
    vertex 0.522104768880206 3.965779445495242 1.621550701011943
    vertex 2.449293598294706e-16 4 2
  endloop
endfacet
facet normal -0.129976 0.987266 0.0917138
  outer loop
    vertex 2.449293598294706e-16 4 2
    vertex -0.5221047688802064 3.965779445495242 1.628449298988057
    vertex -1.035276180410083 3.863703305156273 2
  endloop
endfacet
facet normal -0.257728 0.961855 -0.0917138
  outer loop
    vertex -0.5221047688802064 3.965779445495242 1.628449298988057
    vertex -1.53073372946036 3.695518130045147 1.628449298988057
    vertex -1.035276180410083 3.863703305156273 2
  endloop
endfacet
facet normal -0.257728 0.961855 0.0917138
  outer loop
    vertex -0.5221047688802064 3.965779445495242 1.628449298988057
    vertex -1.035276180410083 3.863703305156273 1.256898597976114
    vertex -1.53073372946036 3.695518130045147 1.628449298988057
  endloop
endfacet
facet normal -0.381071 0.919986 0.0917138
  outer loop
    vertex -1.035276180410083 3.863703305156273 2
    vertex -1.53073372946036 3.695518130045147 1.628449298988057
    vertex -2.000000000000001 3.464101615137754 2
  endloop
endfacet
facet normal -0.606196 0.79001 0.0917138
  outer loop
    vertex -2.000000000000001 3.464101615137754 2
    vertex -2.435045716034884 3.173413361164939 1.628449298988057
    vertex -2.82842712474619 2.82842712474619 2
  endloop
endfacet
facet normal -0.704127 0.704127 -0.0917138
  outer loop
    vertex -2.435045716034884 3.173413361164939 1.628449298988057
    vertex -3.173413361164941 2.435045716034882 1.628449298988057
    vertex -2.82842712474619 2.82842712474619 2
  endloop
endfacet
facet normal -0.704127 0.704127 0.0917138
  outer loop
    vertex -2.435045716034884 3.173413361164939 1.628449298988057
    vertex -2.828427124746191 2.828427124746189 1.256898597976115
    vertex -3.173413361164941 2.435045716034882 1.628449298988057
  endloop
endfacet
facet normal -0.79001 0.606196 0.0917138
  outer loop
    vertex -2.82842712474619 2.82842712474619 2
    vertex -3.173413361164941 2.435045716034882 1.628449298988057
    vertex -3.464101615137755 2 2
  endloop
endfacet
facet normal -0.920126 0.381128 0.0900557
  outer loop
    vertex -3.464101615137755 2 2
    vertex -3.695518130045147 1.53073372946036 1.621550701011943
    vertex -3.863703305156273 1.035276180410084 2
  endloop
endfacet
facet normal -0.962001 0.257767 -0.0900557
  outer loop
    vertex -3.695518130045147 1.53073372946036 1.621550701011943
    vertex -3.965779445495242 0.522104768880208 1.621550701011943
    vertex -3.863703305156273 1.035276180410084 2
  endloop
endfacet
facet normal -0.962001 0.257767 0.0900557
  outer loop
    vertex -3.695518130045147 1.53073372946036 1.621550701011943
    vertex -3.863703305156273 1.035276180410084 1.243101402023886
    vertex -3.965779445495242 0.522104768880208 1.621550701011943
  endloop
endfacet
facet normal -0.987416 0.129996 0.0900557
  outer loop
    vertex -3.863703305156273 1.035276180410084 2
    vertex -3.965779445495242 0.522104768880208 1.621550701011943
    vertex -4 4.898587196589413e-16 2
  endloop
endfacet
facet normal -0.987342 -0.129986 0.0908772
  outer loop
    vertex -4 4.898587196589413e-16 2
    vertex -3.96580084699789 -0.5219421825746752 1.625
    vertex -3.863703305156274 -1.035276180410081 2
  endloop
endfacet
facet normal -0.961939 -0.257709 -0.0908772
  outer loop
    vertex -3.96580084699789 -0.5219421825746752 1.625
    vertex -3.695580882741622 -1.530582222265324 1.625
    vertex -3.863703305156274 -1.035276180410081 2
  endloop
endfacet
facet normal -0.961939 -0.257709 0.0908772
  outer loop
    vertex -3.96580084699789 -0.5219421825746752 1.625
    vertex -3.863788179024592 -1.034959374869288 1.25
    vertex -3.695580882741622 -1.530582222265324 1.625
  endloop
endfacet
facet normal -0.920057 -0.3811 0.0908772
  outer loop
    vertex -3.863703305156274 -1.035276180410081 2
    vertex -3.695580882741622 -1.530582222265324 1.625
    vertex -3.464101615137755 -1.999999999999999 2
  endloop
endfacet
facet normal -0.79013 -0.606288 0.0900557
  outer loop
    vertex -3.464101615137755 -1.999999999999999 2
    vertex -3.173413361164942 -2.435045716034881 1.621550701011942
    vertex -2.828427124746191 -2.82842712474619 2
  endloop
endfacet
facet normal -0.704234 -0.704234 -0.0900557
  outer loop
    vertex -3.173413361164942 -2.435045716034881 1.621550701011942
    vertex -2.435045716034884 -3.17341336116494 1.621550701011942
    vertex -2.828427124746191 -2.82842712474619 2
  endloop
endfacet
facet normal -0.704234 -0.704234 0.0900557
  outer loop
    vertex -3.173413361164942 -2.435045716034881 1.621550701011942
    vertex -2.828427124746192 -2.828427124746189 1.243101402023884
    vertex -2.435045716034884 -3.17341336116494 1.621550701011942
  endloop
endfacet
facet normal -0.606288 -0.79013 0.0900557
  outer loop
    vertex -2.828427124746191 -2.82842712474619 2
    vertex -2.435045716034884 -3.17341336116494 1.621550701011942
    vertex -1.999999999999998 -3.464101615137755 2
  endloop
endfacet
facet normal -0.3811 -0.920057 0.0908772
  outer loop
    vertex -1.999999999999998 -3.464101615137755 2
    vertex -1.530885234082582 -3.695455371137354 1.625
    vertex -1.035276180410083 -3.863703305156273 2
  endloop
endfacet
facet normal -0.257788 -0.961918 -0.0908772
  outer loop
    vertex -1.530885234082582 -3.695455371137354 1.625
    vertex -0.5222673543082017 -3.965758037327027 1.625
    vertex -1.035276180410083 -3.863703305156273 2
  endloop
endfacet
facet normal -0.257788 -0.961918 0.0908772
  outer loop
    vertex -1.530885234082582 -3.695455371137354 1.625
    vertex -1.035592978990632 -3.863618405311957 1.25
    vertex -0.5222673543082017 -3.965758037327027 1.625
  endloop
endfacet
facet normal -0.129986 -0.987342 0.0908772
  outer loop
    vertex -1.035276180410083 -3.863703305156273 2
    vertex -0.5222673543082017 -3.965758037327027 1.625
    vertex -7.347880794884119e-16 -4 2
  endloop
endfacet
facet normal 0.129976 -0.987266 0.0917138
  outer loop
    vertex -7.347880794884119e-16 -4 2
    vertex 0.5221047688802051 -3.965779445495242 1.628449298988057
    vertex 1.035276180410081 -3.863703305156274 2
  endloop
endfacet
facet normal 0.257728 -0.961855 -0.0917138
  outer loop
    vertex 0.5221047688802051 -3.965779445495242 1.628449298988057
    vertex 1.530733729460357 -3.695518130045148 1.628449298988057
    vertex 1.035276180410081 -3.863703305156274 2
  endloop
endfacet
facet normal 0.257728 -0.961855 0.0917138
  outer loop
    vertex 0.5221047688802051 -3.965779445495242 1.628449298988057
    vertex 1.035276180410081 -3.863703305156274 1.256898597976115
    vertex 1.530733729460357 -3.695518130045148 1.628449298988057
  endloop
endfacet
facet normal 0.381071 -0.919986 0.0917138
  outer loop
    vertex 1.035276180410081 -3.863703305156274 2
    vertex 1.530733729460357 -3.695518130045148 1.628449298988057
    vertex 2 -3.464101615137754 2
  endloop
endfacet
facet normal 0.606288 -0.79013 0.0900557
  outer loop
    vertex 2 -3.464101615137754 2
    vertex 2.435045716034882 -3.173413361164941 1.621550701011943
    vertex 2.828427124746189 -2.828427124746191 2
  endloop
endfacet
facet normal 0.704234 -0.704234 -0.0900557
  outer loop
    vertex 2.435045716034882 -3.173413361164941 1.621550701011943
    vertex 3.17341336116494 -2.435045716034884 1.621550701011943
    vertex 2.828427124746189 -2.828427124746191 2
  endloop
endfacet
facet normal 0.704234 -0.704234 0.0900557
  outer loop
    vertex 2.435045716034882 -3.173413361164941 1.621550701011943
    vertex 2.828427124746189 -2.828427124746191 1.243101402023886
    vertex 3.17341336116494 -2.435045716034884 1.621550701011943
  endloop
endfacet
facet normal 0.79013 -0.606288 0.0900557
  outer loop
    vertex 2.828427124746189 -2.828427124746191 2
    vertex 3.17341336116494 -2.435045716034884 1.621550701011943
    vertex 3.464101615137753 -2.000000000000002 2
  endloop
endfacet
facet normal 0 0 1
  outer loop
    vertex 3.464101615137754 2 2
    vertex 3.482050807568877 1 2
    vertex 3.863703305156273 1.035276180410083 2
  endloop
endfacet
facet normal -0 0 1
  outer loop
    vertex 3.482050807568877 1 2
    vertex 3.75 0 2
    vertex 3.863703305156273 1.035276180410083 2
  endloop
endfacet
facet normal 0 0 1
  outer loop
    vertex 3.482050807568877 1 2
    vertex 3.5 -8.572527594031472e-16 2
    vertex 3.75 0 2
  endloop
endfacet
facet normal 0 0 1
  outer loop
    vertex 3.863703305156273 1.035276180410083 2
    vertex 3.75 0 2
    vertex 4 -9.797174393178826e-16 2
  endloop
endfacet
facet normal 0 0 1
  outer loop
    vertex 4 -9.797174393178826e-16 2
    vertex 3.75 0 2
    vertex 3.863703305156273 -1.035276180410083 2
  endloop
endfacet
facet normal 0 0 1
  outer loop
    vertex 3.75 0 2
    vertex 3.482050807568877 -1.000000000000001 2
    vertex 3.863703305156273 -1.035276180410083 2
  endloop
endfacet
facet normal 0 0 1
  outer loop
    vertex 3.75 0 2
    vertex 3.5 -8.572527594031472e-16 2
    vertex 3.482050807568877 -1.000000000000001 2
  endloop
endfacet
facet normal 0 0 1
  outer loop
    vertex 3.863703305156273 -1.035276180410083 2
    vertex 3.482050807568877 -1.000000000000001 2
    vertex 3.464101615137753 -2.000000000000002 2
  endloop
endfacet
facet normal -0 0 1
  outer loop
    vertex 2.944387364909133 1.892242861094593 2
    vertex 3.358225407650741 0.9860639489450048 2
    vertex 3.204244490023444 1.946121430547296 2
  endloop
endfacet
facet normal 0 -0 1
  outer loop
    vertex 3.358225407650741 0.9860639489450048 2
    vertex 3.482050807568877 1 2
    vertex 3.204244490023444 1.946121430547296 2
  endloop
endfacet
facet normal -0 0 1
  outer loop
    vertex 3.358225407650741 0.9860639489450048 2
    vertex 3.5 -8.572527594031472e-16 2
    vertex 3.482050807568877 1 2
  endloop
endfacet
facet normal -0 0 1
  outer loop
    vertex 3.204244490023444 1.946121430547296 2
    vertex 3.482050807568877 1 2
    vertex 3.464101615137754 2 2
  endloop
endfacet
facet normal 0 -0 1
  outer loop
    vertex 3.464101615137753 -2.000000000000002 2
    vertex 3.482050807568877 -1.000000000000001 2
    vertex 3.204244490023444 -1.946121430547296 2
  endloop
endfacet
facet normal 0 0 1
  outer loop
    vertex 3.482050807568877 -1.000000000000001 2
    vertex 3.358225407650741 -0.9860639489450043 2
    vertex 3.204244490023444 -1.946121430547296 2
  endloop
endfacet
facet normal 0 -0 1
  outer loop
    vertex 3.482050807568877 -1.000000000000001 2
    vertex 3.5 -8.572527594031472e-16 2
    vertex 3.358225407650741 -0.9860639489450043 2
  endloop
endfacet
facet normal 0 -0 1
  outer loop
    vertex 3.204244490023444 -1.946121430547296 2
    vertex 3.358225407650741 -0.9860639489450043 2
    vertex 2.944387364909134 -1.892242861094591 2
  endloop
endfacet
facet normal 0 0 1
  outer loop
    vertex 3.464101615137754 2 2
    vertex 2.82842712474619 2.82842712474619 2
    vertex 3.204244490023444 1.946121430547296 2
  endloop
endfacet
facet normal 0 0 1
  outer loop
    vertex 2.82842712474619 2.82842712474619 2
    vertex 2.472193682454566 2.678172238116174 2
    vertex 3.204244490023444 1.946121430547296 2
  endloop
endfacet
facet normal 0 0 1
  outer loop
    vertex 2.82842712474619 2.82842712474619 2
    vertex 2 3.464101615137755 2
    vertex 2.472193682454566 2.678172238116174 2
  endloop
endfacet
facet normal 0 0 1
  outer loop
    vertex 3.204244490023444 1.946121430547296 2
    vertex 2.472193682454566 2.678172238116174 2
    vertex 2.944387364909133 1.892242861094593 2
  endloop
endfacet
facet normal 0 0 1
  outer loop
    vertex 2 3.464101615137755 2
    vertex 1.035276180410083 3.863703305156273 2
    vertex 1.7269762727533 3.323906799439285 2
  endloop
endfacet
facet normal 0 0 1
  outer loop
    vertex 1.035276180410083 3.863703305156273 2
    vertex 0.7269762727533007 3.591855991870407 2
    vertex 1.7269762727533 3.323906799439285 2
  endloop
endfacet
facet normal 0 0 1
  outer loop
    vertex 1.035276180410083 3.863703305156273 2
    vertex 2.449293598294706e-16 4 2
    vertex 0.7269762727533007 3.591855991870407 2
  endloop
endfacet
facet normal 0 0 1
  outer loop
    vertex 1.7269762727533 3.323906799439285 2
    vertex 0.7269762727533007 3.591855991870407 2
    vertex 1.453952545506601 3.183711983740815 2
  endloop
endfacet
facet normal 0 0 1
  outer loop
    vertex 2.944387364909133 1.892242861094593 2
    vertex 2.472193682454566 2.678172238116174 2
    vertex 2.292012568808496 2.645123510239905 2
  endloop
endfacet
facet normal 0 0 1
  outer loop
    vertex 2.472193682454566 2.678172238116174 2
    vertex 1.7269762727533 3.323906799439285 2
    vertex 2.292012568808496 2.645123510239905 2
  endloop
endfacet
facet normal 0 0 1
  outer loop
    vertex 2.472193682454566 2.678172238116174 2
    vertex 2 3.464101615137755 2
    vertex 1.7269762727533 3.323906799439285 2
  endloop
endfacet
facet normal 0 0 1
  outer loop
    vertex 2.292012568808496 2.645123510239905 2
    vertex 1.7269762727533 3.323906799439285 2
    vertex 1.453952545506601 3.183711983740815 2
  endloop
endfacet
facet normal 0 0 1
  outer loop
    vertex 2.449293598294706e-16 4 2
    vertex -1.035276180410083 3.863703305156273 2
    vertex -0.2490509669782498 3.732187523291632 2
  endloop
endfacet
facet normal 0 0 1
  outer loop
    vertex -1.035276180410083 3.863703305156273 2
    vertex -1.24905096697825 3.464238330860509 2
    vertex -0.2490509669782498 3.732187523291632 2
  endloop
endfacet
facet normal 0 0 1
  outer loop
    vertex -1.035276180410083 3.863703305156273 2
    vertex -2.000000000000001 3.464101615137754 2
    vertex -1.24905096697825 3.464238330860509 2
  endloop
endfacet
facet normal 0 0 1
  outer loop
    vertex -0.2490509669782498 3.732187523291632 2
    vertex -1.24905096697825 3.464238330860509 2
    vertex -0.4981019339564998 3.464375046583264 2
  endloop
endfacet
facet normal 0 0 1
  outer loop
    vertex 1.453952545506601 3.183711983740815 2
    vertex 0.7269762727533007 3.591855991870407 2
    vertex 0.4981019339564964 3.464375046583265 2
  endloop
endfacet
facet normal 0 0 1
  outer loop
    vertex 0.7269762727533007 3.591855991870407 2
    vertex -0.2490509669782498 3.732187523291632 2
    vertex 0.4981019339564964 3.464375046583265 2
  endloop
endfacet
facet normal 0 0 1
  outer loop
    vertex 0.7269762727533007 3.591855991870407 2
    vertex 2.449293598294706e-16 4 2
    vertex -0.2490509669782498 3.732187523291632 2
  endloop
endfacet
facet normal 0 0 1
  outer loop
    vertex 0.4981019339564964 3.464375046583265 2
    vertex -0.2490509669782498 3.732187523291632 2
    vertex -0.4981019339564998 3.464375046583264 2
  endloop
endfacet
facet normal 0 -0 1
  outer loop
    vertex -2.292012568808499 2.645123510239903 2
    vertex -2.14600628440425 3.054612562688829 2
    vertex -2.878057091973127 2.322561755119951 2
  endloop
endfacet
facet normal 0 0 1
  outer loop
    vertex -2.14600628440425 3.054612562688829 2
    vertex -2.82842712474619 2.82842712474619 2
    vertex -2.878057091973127 2.322561755119951 2
  endloop
endfacet
facet normal 0 -0 1
  outer loop
    vertex -2.14600628440425 3.054612562688829 2
    vertex -2.000000000000001 3.464101615137754 2
    vertex -2.82842712474619 2.82842712474619 2
  endloop
endfacet
facet normal 0 -0 1
  outer loop
    vertex -2.878057091973127 2.322561755119951 2
    vertex -2.82842712474619 2.82842712474619 2
    vertex -3.464101615137755 2 2
  endloop
endfacet
facet normal 0 0 1
  outer loop
    vertex -0.4981019339564998 3.464375046583264 2
    vertex -1.24905096697825 3.464238330860509 2
    vertex -1.453952545506604 3.183711983740814 2
  endloop
endfacet
facet normal 0 0 1
  outer loop
    vertex -1.24905096697825 3.464238330860509 2
    vertex -2.14600628440425 3.054612562688829 2
    vertex -1.453952545506604 3.183711983740814 2
  endloop
endfacet
facet normal 0 0 1
  outer loop
    vertex -1.24905096697825 3.464238330860509 2
    vertex -2.000000000000001 3.464101615137754 2
    vertex -2.14600628440425 3.054612562688829 2
  endloop
endfacet
facet normal 0 0 1
  outer loop
    vertex -1.453952545506604 3.183711983740814 2
    vertex -2.14600628440425 3.054612562688829 2
    vertex -2.292012568808499 2.645123510239903 2
  endloop
endfacet
facet normal 0 0 1
  outer loop
    vertex -3.464101615137755 2 2
    vertex -3.863703305156273 1.035276180410084 2
    vertex -3.411163511394248 1.493031974472501 2
  endloop
endfacet
facet normal -0 0 1
  outer loop
    vertex -3.863703305156273 1.035276180410084 2
    vertex -3.67911270382537 0.4930319744725014 2
    vertex -3.411163511394248 1.493031974472501 2
  endloop
endfacet
facet normal 0 0 1
  outer loop
    vertex -3.863703305156273 1.035276180410084 2
    vertex -4 4.898587196589413e-16 2
    vertex -3.67911270382537 0.4930319744725014 2
  endloop
endfacet
facet normal 0 0 1
  outer loop
    vertex -3.411163511394248 1.493031974472501 2
    vertex -3.67911270382537 0.4930319744725014 2
    vertex -3.358225407650741 0.9860639489450023 2
  endloop
endfacet
facet normal 0 0 1
  outer loop
    vertex -2.292012568808499 2.645123510239903 2
    vertex -2.878057091973127 2.322561755119951 2
    vertex -2.944387364909135 1.892242861094591 2
  endloop
endfacet
facet normal 0 0 1
  outer loop
    vertex -2.878057091973127 2.322561755119951 2
    vertex -3.411163511394248 1.493031974472501 2
    vertex -2.944387364909135 1.892242861094591 2
  endloop
endfacet
facet normal 0 0 1
  outer loop
    vertex -2.878057091973127 2.322561755119951 2
    vertex -3.464101615137755 2 2
    vertex -3.411163511394248 1.493031974472501 2
  endloop
endfacet
facet normal 0 0 1
  outer loop
    vertex -2.944387364909135 1.892242861094591 2
    vertex -3.411163511394248 1.493031974472501 2
    vertex -3.358225407650741 0.9860639489450023 2
  endloop
endfacet
facet normal 0 0 1
  outer loop
    vertex -3.358225407650741 -0.9860639489450045 2
    vertex -3.67911270382537 -0.493031974472502 2
    vertex -3.411163511394248 -1.493031974472502 2
  endloop
endfacet
facet normal 0 0 1
  outer loop
    vertex -3.67911270382537 -0.493031974472502 2
    vertex -3.863703305156274 -1.035276180410081 2
    vertex -3.411163511394248 -1.493031974472502 2
  endloop
endfacet
facet normal 0 0 1
  outer loop
    vertex -3.67911270382537 -0.493031974472502 2
    vertex -4 4.898587196589413e-16 2
    vertex -3.863703305156274 -1.035276180410081 2
  endloop
endfacet
facet normal 0 0 1
  outer loop
    vertex -3.411163511394248 -1.493031974472502 2
    vertex -3.863703305156274 -1.035276180410081 2
    vertex -3.464101615137755 -1.999999999999999 2
  endloop
endfacet
facet normal 0 0 1
  outer loop
    vertex -3.358225407650741 0.9860639489450023 2
    vertex -3.67911270382537 0.4930319744725014 2
    vertex -3.5 -1.125685854773646e-15 2
  endloop
endfacet
facet normal 0 0 1
  outer loop
    vertex -3.67911270382537 0.4930319744725014 2
    vertex -3.67911270382537 -0.493031974472502 2
    vertex -3.5 -1.125685854773646e-15 2
  endloop
endfacet
facet normal 0 0 1
  outer loop
    vertex -3.67911270382537 0.4930319744725014 2
    vertex -4 4.898587196589413e-16 2
    vertex -3.67911270382537 -0.493031974472502 2
  endloop
endfacet
facet normal 0 0 1
  outer loop
    vertex -3.5 -1.125685854773646e-15 2
    vertex -3.67911270382537 -0.493031974472502 2
    vertex -3.358225407650741 -0.9860639489450045 2
  endloop
endfacet
facet normal 0 0 1
  outer loop
    vertex -2.292012568808498 -2.645123510239904 2
    vertex -2.878057091973127 -2.322561755119951 2
    vertex -2.146006284404248 -3.054612562688829 2
  endloop
endfacet
facet normal 0 0 1
  outer loop
    vertex -2.878057091973127 -2.322561755119951 2
    vertex -2.828427124746191 -2.82842712474619 2
    vertex -2.146006284404248 -3.054612562688829 2
  endloop
endfacet
facet normal 0 0 1
  outer loop
    vertex -2.878057091973127 -2.322561755119951 2
    vertex -3.464101615137755 -1.999999999999999 2
    vertex -2.828427124746191 -2.82842712474619 2
  endloop
endfacet
facet normal 0 0 1
  outer loop
    vertex -2.146006284404248 -3.054612562688829 2
    vertex -2.828427124746191 -2.82842712474619 2
    vertex -1.999999999999998 -3.464101615137755 2
  endloop
endfacet
facet normal 0 0 1
  outer loop
    vertex -3.358225407650741 -0.9860639489450045 2
    vertex -3.411163511394248 -1.493031974472502 2
    vertex -2.944387364909134 -1.892242861094591 2
  endloop
endfacet
facet normal 0 0 1
  outer loop
    vertex -3.411163511394248 -1.493031974472502 2
    vertex -2.878057091973127 -2.322561755119951 2
    vertex -2.944387364909134 -1.892242861094591 2
  endloop
endfacet
facet normal 0 0 1
  outer loop
    vertex -3.411163511394248 -1.493031974472502 2
    vertex -3.464101615137755 -1.999999999999999 2
    vertex -2.878057091973127 -2.322561755119951 2
  endloop
endfacet
facet normal 0 0 1
  outer loop
    vertex -2.944387364909134 -1.892242861094591 2
    vertex -2.878057091973127 -2.322561755119951 2
    vertex -2.292012568808498 -2.645123510239904 2
  endloop
endfacet
facet normal 0 0 1
  outer loop
    vertex -1.999999999999998 -3.464101615137755 2
    vertex -1.035276180410083 -3.863703305156273 2
    vertex -1.249050966978248 -3.46423833086051 2
  endloop
endfacet
facet normal 0 -0 1
  outer loop
    vertex -1.035276180410083 -3.863703305156273 2
    vertex -0.2490509669782495 -3.732187523291632 2
    vertex -1.249050966978248 -3.46423833086051 2
  endloop
endfacet
facet normal -0 0 1
  outer loop
    vertex -1.035276180410083 -3.863703305156273 2
    vertex -7.347880794884119e-16 -4 2
    vertex -0.2490509669782495 -3.732187523291632 2
  endloop
endfacet
facet normal 0 0 1
  outer loop
    vertex -1.249050966978248 -3.46423833086051 2
    vertex -0.2490509669782495 -3.732187523291632 2
    vertex -0.4981019339564983 -3.464375046583264 2
  endloop
endfacet
facet normal 0 0 1
  outer loop
    vertex -2.292012568808498 -2.645123510239904 2
    vertex -2.146006284404248 -3.054612562688829 2
    vertex -1.453952545506602 -3.183711983740815 2
  endloop
endfacet
facet normal 0 0 1
  outer loop
    vertex -2.146006284404248 -3.054612562688829 2
    vertex -1.249050966978248 -3.46423833086051 2
    vertex -1.453952545506602 -3.183711983740815 2
  endloop
endfacet
facet normal 0 0 1
  outer loop
    vertex -2.146006284404248 -3.054612562688829 2
    vertex -1.999999999999998 -3.464101615137755 2
    vertex -1.249050966978248 -3.46423833086051 2
  endloop
endfacet
facet normal 0 0 1
  outer loop
    vertex -1.453952545506602 -3.183711983740815 2
    vertex -1.249050966978248 -3.46423833086051 2
    vertex -0.4981019339564983 -3.464375046583264 2
  endloop
endfacet
facet normal 0 0 1
  outer loop
    vertex -7.347880794884119e-16 -4 2
    vertex 1.035276180410081 -3.863703305156274 2
    vertex 0.7269762727533016 -3.591855991870407 2
  endloop
endfacet
facet normal 0 -0 1
  outer loop
    vertex 1.035276180410081 -3.863703305156274 2
    vertex 1.726976272753302 -3.323906799439284 2
    vertex 0.7269762727533016 -3.591855991870407 2
  endloop
endfacet
facet normal 0 0 1
  outer loop
    vertex 1.035276180410081 -3.863703305156274 2
    vertex 2 -3.464101615137754 2
    vertex 1.726976272753302 -3.323906799439284 2
  endloop
endfacet
facet normal 0 0 1
  outer loop
    vertex 0.7269762727533016 -3.591855991870407 2
    vertex 1.726976272753302 -3.323906799439284 2
    vertex 1.453952545506604 -3.183711983740814 2
  endloop
endfacet
facet normal 0 0 1
  outer loop
    vertex -0.4981019339564983 -3.464375046583264 2
    vertex -0.2490509669782495 -3.732187523291632 2
    vertex 0.498101933956497 -3.464375046583265 2
  endloop
endfacet
facet normal 0 0 1
  outer loop
    vertex -0.2490509669782495 -3.732187523291632 2
    vertex 0.7269762727533016 -3.591855991870407 2
    vertex 0.498101933956497 -3.464375046583265 2
  endloop
endfacet
facet normal -0 0 1
  outer loop
    vertex -0.2490509669782495 -3.732187523291632 2
    vertex -7.347880794884119e-16 -4 2
    vertex 0.7269762727533016 -3.591855991870407 2
  endloop
endfacet
facet normal -0 0 1
  outer loop
    vertex 0.498101933956497 -3.464375046583265 2
    vertex 0.7269762727533016 -3.591855991870407 2
    vertex 1.453952545506604 -3.183711983740814 2
  endloop
endfacet
facet normal 0 0 1
  outer loop
    vertex 2 -3.464101615137754 2
    vertex 2.828427124746189 -2.828427124746191 2
    vertex 2.472193682454567 -2.678172238116173 2
  endloop
endfacet
facet normal 0 -0 1
  outer loop
    vertex 2.828427124746189 -2.828427124746191 2
    vertex 3.204244490023444 -1.946121430547296 2
    vertex 2.472193682454567 -2.678172238116173 2
  endloop
endfacet
facet normal 0 0 1
  outer loop
    vertex 2.828427124746189 -2.828427124746191 2
    vertex 3.464101615137753 -2.000000000000002 2
    vertex 3.204244490023444 -1.946121430547296 2
  endloop
endfacet
facet normal 0 0 1
  outer loop
    vertex 2.472193682454567 -2.678172238116173 2
    vertex 3.204244490023444 -1.946121430547296 2
    vertex 2.944387364909134 -1.892242861094591 2
  endloop
endfacet
facet normal -0 0 1
  outer loop
    vertex 1.453952545506604 -3.183711983740814 2
    vertex 1.726976272753302 -3.323906799439284 2
    vertex 2.292012568808499 -2.645123510239904 2
  endloop
endfacet
facet normal 0 0 1
  outer loop
    vertex 1.726976272753302 -3.323906799439284 2
    vertex 2.472193682454567 -2.678172238116173 2
    vertex 2.292012568808499 -2.645123510239904 2
  endloop
endfacet
facet normal -0 0 1
  outer loop
    vertex 1.726976272753302 -3.323906799439284 2
    vertex 2 -3.464101615137754 2
    vertex 2.472193682454567 -2.678172238116173 2
  endloop
endfacet
facet normal -0 0 1
  outer loop
    vertex 2.292012568808499 -2.645123510239904 2
    vertex 2.472193682454567 -2.678172238116173 2
    vertex 2.944387364909134 -1.892242861094591 2
  endloop
endfacet
facet normal 0.908119 0.414724 -0.0576476
  outer loop
    vertex 2.944387364909133 1.892242861094593 2
    vertex 3.127070234954283 1.572078797536231 2.574492000737839
    vertex 3.358225407650741 0.9860639489450048 2
  endloop
endfacet
facet normal 0.946701 0.316915 0.0576476
  outer loop
    vertex 3.127070234954283 1.572078797536231 2.574492000737839
    vertex 3.443307697623753 0.6274010674879399 2.574492000737839
    vertex 3.358225407650741 0.9860639489450048 2
  endloop
endfacet
facet normal 0.946701 0.316915 -0.0576476
  outer loop
    vertex 3.127070234954283 1.572078797536231 2.574492000737839
    vertex 3.275067371722853 1.234477100102048 3.148984001475678
    vertex 3.443307697623753 0.6274010674879399 2.574492000737839
  endloop
endfacet
facet normal 0.988175 0.142078 -0.0576476
  outer loop
    vertex 3.358225407650741 0.9860639489450048 2
    vertex 3.443307697623753 0.6274010674879399 2.574492000737839
    vertex 3.5 -8.572527594031472e-16 2
  endloop
endfacet
facet normal 0.988192 -0.142081 -0.0573627
  outer loop
    vertex 3.5 -8.572527594031472e-16 2
    vertex 3.442790634752949 -0.6302322153439843 2.575459553293824
    vertex 3.358225407650741 -0.9860639489450043 2
  endloop
endfacet
facet normal 0.946455 -0.317698 0.0573627
  outer loop
    vertex 3.442790634752949 -0.6302322153439843 2.575459553293824
    vertex 3.125776490238551 -1.574649590566728 2.575459553293824
    vertex 3.358225407650741 -0.9860639489450043 2
  endloop
endfacet
facet normal 0.946455 -0.317698 -0.0573627
  outer loop
    vertex 3.442790634752949 -0.6302322153439843 2.575459553293824
    vertex 3.273032774138637 -1.239861467831927 3.150919106587647
    vertex 3.125776490238551 -1.574649590566728 2.575459553293824
  endloop
endfacet
facet normal 0.908134 -0.414731 -0.0573627
  outer loop
    vertex 3.358225407650741 -0.9860639489450043 2
    vertex 3.125776490238551 -1.574649590566728 2.575459553293824
    vertex 2.944387364909134 -1.892242861094591 2
  endloop
endfacet
facet normal 0.995942 0.0899939 -0
  outer loop
    vertex 3.5 -8.572527594031472e-16 2
    vertex 3.443307697623753 0.6274010674879399 2.574492000737839
    vertex 3.5 -8.572527594031472e-16 2.833333333333334
  endloop
endfacet
facet normal 0.995942 0.0899939 -0
  outer loop
    vertex 3.443307697623753 0.6274010674879399 2.574492000737839
    vertex 3.443307697623753 0.6274010674879399 3.407825334071173
    vertex 3.5 -8.572527594031472e-16 2.833333333333334
  endloop
endfacet
facet normal 0.963678 0.267066 -0
  outer loop
    vertex 3.443307697623753 0.6274010674879399 2.574492000737839
    vertex 3.275067371722853 1.234477100102048 3.148984001475678
    vertex 3.443307697623753 0.6274010674879399 3.407825334071173
  endloop
endfacet
facet normal 0.995942 0.0899939 -0
  outer loop
    vertex 3.5 -8.572527594031472e-16 2.833333333333334
    vertex 3.443307697623753 0.6274010674879399 3.407825334071173
    vertex 3.5 -8.572527594031472e-16 3.666666666666668
  endloop
endfacet
facet normal 0.995905 -0.0904034 0
  outer loop
    vertex 3.5 -8.572527594031472e-16 3.666666666666668
    vertex 3.442790634752949 -0.6302322153439843 3.408792886627158
    vertex 3.5 -8.572527594031472e-16 2.833333333333334
  endloop
endfacet
facet normal 0.995905 -0.0904034 0
  outer loop
    vertex 3.442790634752949 -0.6302322153439843 3.408792886627158
    vertex 3.442790634752949 -0.6302322153439843 2.575459553293824
    vertex 3.5 -8.572527594031472e-16 2.833333333333334
  endloop
endfacet
facet normal 0.963348 -0.268255 0
  outer loop
    vertex 3.442790634752949 -0.6302322153439843 3.408792886627158
    vertex 3.273032774138637 -1.239861467831927 3.150919106587647
    vertex 3.442790634752949 -0.6302322153439843 2.575459553293824
  endloop
endfacet
facet normal 0.995905 -0.0904034 0
  outer loop
    vertex 3.5 -8.572527594031472e-16 2.833333333333334
    vertex 3.442790634752949 -0.6302322153439843 2.575459553293824
    vertex 3.5 -8.572527594031472e-16 2
  endloop
endfacet
facet normal 0.995905 0.0904034 -0
  outer loop
    vertex 3.5 -8.572527594031472e-16 5.333333333333334
    vertex 3.442790634753017 0.6302322153436136 5.591207113371491
    vertex 3.5 -8.572527594031472e-16 6.166666666666667
  endloop
endfacet
facet normal 0.995905 0.0904034 -0
  outer loop
    vertex 3.442790634753017 0.6302322153436136 5.591207113371491
    vertex 3.442790634753017 0.6302322153436136 6.424540446704824
    vertex 3.5 -8.572527594031472e-16 6.166666666666667
  endloop
endfacet
facet normal 0.963348 0.268255 -0
  outer loop
    vertex 3.442790634753017 0.6302322153436136 5.591207113371491
    vertex 3.273032774138903 1.239861467831223 5.849080893409647
    vertex 3.442790634753017 0.6302322153436136 6.424540446704824
  endloop
endfacet
facet normal 0.995905 0.0904034 -0
  outer loop
    vertex 3.5 -8.572527594031472e-16 6.166666666666667
    vertex 3.442790634753017 0.6302322153436136 6.424540446704824
    vertex 3.5 -8.572527594031472e-16 7
  endloop
endfacet
facet normal 0.995942 -0.0899939 0
  outer loop
    vertex 3.5 -8.572527594031472e-16 7
    vertex 3.443307697623753 -0.6274010674879399 6.425507999262162
    vertex 3.5 -8.572527594031472e-16 6.166666666666667
  endloop
endfacet
facet normal 0.995942 -0.0899939 0
  outer loop
    vertex 3.443307697623753 -0.6274010674879399 6.425507999262162
    vertex 3.443307697623753 -0.6274010674879399 5.592174665928829
    vertex 3.5 -8.572527594031472e-16 6.166666666666667
  endloop
endfacet
facet normal 0.963678 -0.267066 0
  outer loop
    vertex 3.443307697623753 -0.6274010674879399 6.425507999262162
    vertex 3.275067371722855 -1.234477100102044 5.851015998524325
    vertex 3.443307697623753 -0.6274010674879399 5.592174665928829
  endloop
endfacet
facet normal 0.995942 -0.0899939 0
  outer loop
    vertex 3.5 -8.572527594031472e-16 6.166666666666667
    vertex 3.443307697623753 -0.6274010674879399 5.592174665928829
    vertex 3.5 -8.572527594031472e-16 5.333333333333334
  endloop
endfacet
facet normal 0.988192 0.142081 0.0573627
  outer loop
    vertex 3.5 -8.572527594031472e-16 7
    vertex 3.442790634753017 0.6302322153436136 6.424540446704824
    vertex 3.358225407650741 0.9860639489450048 7
  endloop
endfacet
facet normal 0.946455 0.317698 -0.0573627
  outer loop
    vertex 3.442790634753017 0.6302322153436136 6.424540446704824
    vertex 3.12577649023872 1.574649590566394 6.424540446704824
    vertex 3.358225407650741 0.9860639489450048 7
  endloop
endfacet
facet normal 0.946455 0.317698 0.0573627
  outer loop
    vertex 3.442790634753017 0.6302322153436136 6.424540446704824
    vertex 3.273032774138903 1.239861467831223 5.849080893409647
    vertex 3.12577649023872 1.574649590566394 6.424540446704824
  endloop
endfacet
facet normal 0.908134 0.414731 0.0573627
  outer loop
    vertex 3.358225407650741 0.9860639489450048 7
    vertex 3.12577649023872 1.574649590566394 6.424540446704824
    vertex 2.944387364909133 1.892242861094593 7
  endloop
endfacet
facet normal 0.908119 -0.414724 0.0576476
  outer loop
    vertex 2.944387364909134 -1.892242861094591 7
    vertex 3.127070234954284 -1.572078797536229 6.425507999262162
    vertex 3.358225407650741 -0.9860639489450043 7
  endloop
endfacet
facet normal 0.946701 -0.316915 -0.0576476
  outer loop
    vertex 3.127070234954284 -1.572078797536229 6.425507999262162
    vertex 3.443307697623753 -0.6274010674879399 6.425507999262162
    vertex 3.358225407650741 -0.9860639489450043 7
  endloop
endfacet
facet normal 0.946701 -0.316915 0.0576476
  outer loop
    vertex 3.127070234954284 -1.572078797536229 6.425507999262162
    vertex 3.275067371722855 -1.234477100102044 5.851015998524325
    vertex 3.443307697623753 -0.6274010674879399 6.425507999262162
  endloop
endfacet
facet normal 0.988175 -0.142078 0.0576476
  outer loop
    vertex 3.358225407650741 -0.9860639489450043 7
    vertex 3.443307697623753 -0.6274010674879399 6.425507999262162
    vertex 3.5 -8.572527594031472e-16 7
  endloop
endfacet
facet normal 0.540047 0.84033 -0.0468522
  outer loop
    vertex 1.453952545506601 3.183711983740815 2
    vertex 1.911876659183157 2.93167659199828 2.757868176549961
    vertex 2.292012568808496 2.645123510239905 2
  endloop
endfacet
facet normal 0.659172 0.750531 0.0468522
  outer loop
    vertex 1.911876659183157 2.93167659199828 2.757868176549961
    vertex 2.660380962999643 2.274285191375324 2.757868176549961
    vertex 2.292012568808496 2.645123510239905 2
  endloop
endfacet
facet normal 0.659172 0.750531 -0.0468522
  outer loop
    vertex 1.911876659183157 2.93167659199828 2.757868176549961
    vertex 2.327159472519948 2.614254920519549 3.515736353099921
    vertex 2.660380962999643 2.274285191375324 2.757868176549961
  endloop
endfacet
facet normal 0.75492 0.654142 -0.0468522
  outer loop
    vertex 2.292012568808496 2.645123510239905 2
    vertex 2.660380962999643 2.274285191375324 2.757868176549961
    vertex 2.944387364909133 1.892242861094593 2
  endloop
endfacet
facet normal 0.754959 0.654654 0.0382731
  outer loop
    vertex 2.327159472519948 2.614254920519549 3.515736353099921
    vertex 2.88481942450783 1.981872066502355 3.332360177287799
    vertex 2.660380962999643 2.274285191375324 2.757868176549961
  endloop
endfacet
facet normal 0.827596 0.560018 -0.0382731
  outer loop
    vertex 2.88481942450783 1.981872066502355 3.332360177287799
    vertex 3.127070234954283 1.572078797536231 2.574492000737839
    vertex 2.660380962999643 2.274285191375324 2.757868176549961
  endloop
endfacet
facet normal 0.88961 0.455114 0.0382731
  outer loop
    vertex 2.88481942450783 1.981872066502355 3.332360177287799
    vertex 3.275067371722853 1.234477100102048 3.148984001475678
    vertex 3.127070234954283 1.572078797536231 2.574492000737839
  endloop
endfacet
facet normal 0.836811 0.546153 0.0382731
  outer loop
    vertex 2.660380962999643 2.274285191375324 2.757868176549961
    vertex 3.127070234954283 1.572078797536231 2.574492000737839
    vertex 2.944387364909133 1.892242861094593 2
  endloop
endfacet
facet normal -4.45391e-16 0.999125 -0.0418254
  outer loop
    vertex -0.4981019339564998 3.464375046583264 2
    vertex -1.339999044624432e-15 3.5 2.851009150830832
    vertex 0.4981019339564964 3.464375046583265 2
  endloop
endfacet
facet normal 0.14219 0.988955 0.0418254
  outer loop
    vertex -1.339999044624432e-15 3.5 2.851009150830832
    vertex 0.9860639489450029 3.358225407650741 2.851009150830832
    vertex 0.4981019339564964 3.464375046583265 2
  endloop
endfacet
facet normal 0.14219 0.988955 -0.0418254
  outer loop
    vertex -1.339999044624432e-15 3.5 2.851009150830832
    vertex 0.4981019339564964 3.464375046583265 3.702018301661664
    vertex 0.9860639489450029 3.358225407650741 2.851009150830832
  endloop
endfacet
facet normal 0.281486 0.958653 -0.0418254
  outer loop
    vertex 0.4981019339564964 3.464375046583265 2
    vertex 0.9860639489450029 3.358225407650741 2.851009150830832
    vertex 1.453952545506601 3.183711983740815 2
  endloop
endfacet
facet normal 0.28868 0.956308 0.0462427
  outer loop
    vertex 0.4981019339564964 3.464375046583265 3.702018301661664
    vertex 1.475195431431362 3.173924768970437 3.608877327380792
    vertex 0.9860639489450029 3.358225407650741 2.851009150830832
  endloop
endfacet
facet normal 0.414163 0.909027 -0.0462427
  outer loop
    vertex 1.475195431431362 3.173924768970437 3.608877327380792
    vertex 1.911876659183157 2.93167659199828 2.757868176549961
    vertex 0.9860639489450029 3.358225407650741 2.851009150830832
  endloop
endfacet
facet normal 0.551985 0.832571 0.0462427
  outer loop
    vertex 1.475195431431362 3.173924768970437 3.608877327380792
    vertex 2.327159472519948 2.614254920519549 3.515736353099921
    vertex 1.911876659183157 2.93167659199828 2.757868176549961
  endloop
endfacet
facet normal 0.421838 0.905491 0.0462427
  outer loop
    vertex 0.9860639489450029 3.358225407650741 2.851009150830832
    vertex 1.911876659183157 2.93167659199828 2.757868176549961
    vertex 1.453952545506601 3.183711983740815 2
  endloop
endfacet
facet normal -0.539997 0.840251 -0.0488005
  outer loop
    vertex -2.292012568808499 2.645123510239903 2
    vertex -1.892242861094593 2.944387364909133 2.72914284766937
    vertex -1.453952545506604 3.183711983740814 2
  endloop
endfacet
facet normal -0.41492 0.908548 0.0488005
  outer loop
    vertex -1.892242861094593 2.944387364909133 2.72914284766937
    vertex -0.9860639489450054 3.35822540765074 2.72914284766937
    vertex -1.453952545506604 3.183711983740814 2
  endloop
endfacet
facet normal -0.41492 0.908548 -0.0488005
  outer loop
    vertex -1.892242861094593 2.944387364909133 2.72914284766937
    vertex -1.453952545506604 3.183711983740814 3.45828569533874
    vertex -0.9860639489450054 3.35822540765074 2.72914284766937
  endloop
endfacet
facet normal -0.281397 0.95835 -0.0488005
  outer loop
    vertex -1.453952545506604 3.183711983740814 2
    vertex -0.9860639489450054 3.35822540765074 2.72914284766937
    vertex -0.4981019339564998 3.464375046583264 2
  endloop
endfacet
facet normal -0.147622 0.988018 0.0450441
  outer loop
    vertex -0.4981019339564998 3.464375046583264 2
    vertex -0.9860639489450054 3.35822540765074 2.72914284766937
    vertex -1.339999044624432e-15 3.5 2.851009150830832
  endloop
endfacet
facet normal -0.136714 0.989586 -0.0450441
  outer loop
    vertex -0.9860639489450054 3.35822540765074 2.72914284766937
    vertex -0.4981019339564998 3.464375046583264 3.580151998500202
    vertex -1.339999044624432e-15 3.5 2.851009150830832
  endloop
endfacet
facet normal -0.286729 0.956952 0.0450441
  outer loop
    vertex -0.9860639489450054 3.35822540765074 2.72914284766937
    vertex -1.453952545506604 3.183711983740814 3.45828569533874
    vertex -0.4981019339564998 3.464375046583264 3.580151998500202
  endloop
endfacet
facet normal -0.00551027 0.99897 0.0450441
  outer loop
    vertex -1.339999044624432e-15 3.5 2.851009150830832
    vertex -0.4981019339564998 3.464375046583264 3.580151998500202
    vertex 0.4981019339564964 3.464375046583265 3.702018301661664
  endloop
endfacet
facet normal -0.908836 0.415051 -0.0418254
  outer loop
    vertex -3.358225407650741 0.9860639489450023 2
    vertex -3.183711983740815 1.453952545506602 2.851009150830832
    vertex -2.944387364909135 1.892242861094591 2
  endloop
endfacet
facet normal -0.840517 0.540168 0.0418254
  outer loop
    vertex -3.183711983740815 1.453952545506602 2.851009150830832
    vertex -2.645123510239905 2.292012568808497 2.851009150830832
    vertex -2.944387364909135 1.892242861094591 2
  endloop
endfacet
facet normal -0.840517 0.540168 -0.0418254
  outer loop
    vertex -3.183711983740815 1.453952545506602 2.851009150830832
    vertex -2.944387364909135 1.892242861094591 3.702018301661664
    vertex -2.645123510239905 2.292012568808497 2.851009150830832
  endloop
endfacet
facet normal -0.755088 0.654288 -0.0418254
  outer loop
    vertex -2.944387364909135 1.892242861094591 2
    vertex -2.645123510239905 2.292012568808497 2.851009150830832
    vertex -2.292012568808499 2.645123510239903 2
  endloop
endfacet
facet normal -0.751363 0.65835 0.0450441
  outer loop
    vertex -2.944387364909135 1.892242861094591 3.702018301661664
    vertex -2.292012568808499 2.645123510239903 3.580151998500201
    vertex -2.645123510239905 2.292012568808497 2.851009150830832
  endloop
endfacet
facet normal -0.65835 0.751363 -0.0450441
  outer loop
    vertex -2.292012568808499 2.645123510239903 3.580151998500201
    vertex -1.892242861094593 2.944387364909133 2.72914284766937
    vertex -2.645123510239905 2.292012568808497 2.851009150830832
  endloop
endfacet
facet normal -0.535448 0.843366 0.0450441
  outer loop
    vertex -2.292012568808499 2.645123510239903 3.580151998500201
    vertex -1.453952545506604 3.183711983740814 3.45828569533874
    vertex -1.892242861094593 2.944387364909133 2.72914284766937
  endloop
endfacet
facet normal -0.650022 0.758579 0.0450441
  outer loop
    vertex -2.645123510239905 2.292012568808497 2.851009150830832
    vertex -1.892242861094593 2.944387364909133 2.72914284766937
    vertex -2.292012568808499 2.645123510239903 2
  endloop
endfacet
facet normal -0.988642 -0.142145 -0.0488005
  outer loop
    vertex -3.358225407650741 -0.9860639489450045 2
    vertex -3.464375046583265 -0.4981019339564972 2.72914284766937
    vertex -3.5 -1.125685854773646e-15 2
  endloop
endfacet
facet normal -0.998809 4.4525e-16 0.0488005
  outer loop
    vertex -3.464375046583265 -0.4981019339564972 2.72914284766937
    vertex -3.464375046583264 0.4981019339564981 2.72914284766937
    vertex -3.5 -1.125685854773646e-15 2
  endloop
endfacet
facet normal -0.998809 4.4525e-16 -0.0488005
  outer loop
    vertex -3.464375046583265 -0.4981019339564972 2.72914284766937
    vertex -3.5 4.286263797015736e-16 3.45828569533874
    vertex -3.464375046583264 0.4981019339564981 2.72914284766937
  endloop
endfacet
facet normal -0.988642 0.142145 -0.0488005
  outer loop
    vertex -3.5 -1.125685854773646e-15 2
    vertex -3.464375046583264 0.4981019339564981 2.72914284766937
    vertex -3.358225407650741 0.9860639489450023 2
  endloop
endfacet
facet normal -0.960057 0.276155 0.0450441
  outer loop
    vertex -3.358225407650741 0.9860639489450023 2
    vertex -3.464375046583264 0.4981019339564981 2.72914284766937
    vertex -3.183711983740815 1.453952545506602 2.851009150830832
  endloop
endfacet
facet normal -0.956952 0.286729 -0.0450441
  outer loop
    vertex -3.464375046583264 0.4981019339564981 2.72914284766937
    vertex -3.358225407650741 0.9860639489450038 3.580151998500201
    vertex -3.183711983740815 1.453952545506602 2.851009150830832
  endloop
endfacet
facet normal -0.989586 0.136714 0.0450441
  outer loop
    vertex -3.464375046583264 0.4981019339564981 2.72914284766937
    vertex -3.5 4.286263797015736e-16 3.45828569533874
    vertex -3.358225407650741 0.9860639489450038 3.580151998500201
  endloop
endfacet
facet normal -0.910984 0.409975 0.0450441
  outer loop
    vertex -3.183711983740815 1.453952545506602 2.851009150830832
    vertex -3.358225407650741 0.9860639489450038 3.580151998500201
    vertex -2.944387364909135 1.892242861094591 3.702018301661664
  endloop
endfacet
facet normal -0.755088 -0.654288 -0.0418254
  outer loop
    vertex -2.292012568808498 -2.645123510239904 2
    vertex -2.645123510239904 -2.292012568808497 2.851009150830832
    vertex -2.944387364909134 -1.892242861094591 2
  endloop
endfacet
facet normal -0.840517 -0.540168 0.0418254
  outer loop
    vertex -2.645123510239904 -2.292012568808497 2.851009150830832
    vertex -3.183711983740814 -1.453952545506603 2.851009150830832
    vertex -2.944387364909134 -1.892242861094591 2
  endloop
endfacet
facet normal -0.840517 -0.540168 -0.0418254
  outer loop
    vertex -2.645123510239904 -2.292012568808497 2.851009150830832
    vertex -2.944387364909134 -1.892242861094591 3.702018301661664
    vertex -3.183711983740814 -1.453952545506603 2.851009150830832
  endloop
endfacet
facet normal -0.908836 -0.415051 -0.0418254
  outer loop
    vertex -2.944387364909134 -1.892242861094591 2
    vertex -3.183711983740814 -1.453952545506603 2.851009150830832
    vertex -3.358225407650741 -0.9860639489450045 2
  endloop
endfacet
facet normal -0.910984 -0.409975 0.0450441
  outer loop
    vertex -2.944387364909134 -1.892242861094591 3.702018301661664
    vertex -3.358225407650741 -0.9860639489450029 3.580151998500201
    vertex -3.183711983740814 -1.453952545506603 2.851009150830832
  endloop
endfacet
facet normal -0.956952 -0.286729 -0.0450441
  outer loop
    vertex -3.358225407650741 -0.9860639489450029 3.580151998500201
    vertex -3.464375046583265 -0.4981019339564972 2.72914284766937
    vertex -3.183711983740814 -1.453952545506603 2.851009150830832
  endloop
endfacet
facet normal -0.989586 -0.136714 0.0450441
  outer loop
    vertex -3.358225407650741 -0.9860639489450029 3.580151998500201
    vertex -3.5 4.286263797015736e-16 3.45828569533874
    vertex -3.464375046583265 -0.4981019339564972 2.72914284766937
  endloop
endfacet
facet normal -0.960057 -0.276155 0.0450441
  outer loop
    vertex -3.183711983740814 -1.453952545506603 2.851009150830832
    vertex -3.464375046583265 -0.4981019339564972 2.72914284766937
    vertex -3.358225407650741 -0.9860639489450045 2
  endloop
endfacet
facet normal -0.281397 -0.95835 -0.0488005
  outer loop
    vertex -0.4981019339564983 -3.464375046583264 2
    vertex -0.986063948945004 -3.358225407650741 2.72914284766937
    vertex -1.453952545506602 -3.183711983740815 2
  endloop
endfacet
facet normal -0.41492 -0.908548 0.0488005
  outer loop
    vertex -0.986063948945004 -3.358225407650741 2.72914284766937
    vertex -1.892242861094591 -2.944387364909134 2.72914284766937
    vertex -1.453952545506602 -3.183711983740815 2
  endloop
endfacet
facet normal -0.41492 -0.908548 -0.0488005
  outer loop
    vertex -0.986063948945004 -3.358225407650741 2.72914284766937
    vertex -1.453952545506602 -3.183711983740815 3.45828569533874
    vertex -1.892242861094591 -2.944387364909134 2.72914284766937
  endloop
endfacet
facet normal -0.539997 -0.840251 -0.0488005
  outer loop
    vertex -1.453952545506602 -3.183711983740815 2
    vertex -1.892242861094591 -2.944387364909134 2.72914284766937
    vertex -2.292012568808498 -2.645123510239904 2
  endloop
endfacet
facet normal -0.650022 -0.758579 0.0450441
  outer loop
    vertex -2.292012568808498 -2.645123510239904 2
    vertex -1.892242861094591 -2.944387364909134 2.72914284766937
    vertex -2.645123510239904 -2.292012568808497 2.851009150830832
  endloop
endfacet
facet normal -0.65835 -0.751363 -0.0450441
  outer loop
    vertex -1.892242861094591 -2.944387364909134 2.72914284766937
    vertex -2.292012568808498 -2.645123510239904 3.580151998500201
    vertex -2.645123510239904 -2.292012568808497 2.851009150830832
  endloop
endfacet
facet normal -0.535448 -0.843366 0.0450441
  outer loop
    vertex -1.892242861094591 -2.944387364909134 2.72914284766937
    vertex -1.453952545506602 -3.183711983740815 3.45828569533874
    vertex -2.292012568808498 -2.645123510239904 3.580151998500201
  endloop
endfacet
facet normal -0.751363 -0.65835 0.0450441
  outer loop
    vertex -2.645123510239904 -2.292012568808497 2.851009150830832
    vertex -2.292012568808498 -2.645123510239904 3.580151998500201
    vertex -2.944387364909134 -1.892242861094591 3.702018301661664
  endloop
endfacet
facet normal 0.281486 -0.958653 -0.0418254
  outer loop
    vertex 1.453952545506604 -3.183711983740814 2
    vertex 0.9860639489450058 -3.35822540765074 2.851009150830832
    vertex 0.498101933956497 -3.464375046583265 2
  endloop
endfacet
facet normal 0.14219 -0.988955 0.0418254
  outer loop
    vertex 0.9860639489450058 -3.35822540765074 2.851009150830832
    vertex -6.429395695523604e-16 -3.5 2.851009150830832
    vertex 0.498101933956497 -3.464375046583265 2
  endloop
endfacet
facet normal 0.14219 -0.988955 -0.0418254
  outer loop
    vertex 0.9860639489450058 -3.35822540765074 2.851009150830832
    vertex 0.4981019339565002 -3.464375046583264 3.702018301661664
    vertex -6.429395695523604e-16 -3.5 2.851009150830832
  endloop
endfacet
facet normal -4.45391e-16 -0.999125 -0.0418254
  outer loop
    vertex 0.498101933956497 -3.464375046583265 2
    vertex -6.429395695523604e-16 -3.5 2.851009150830832
    vertex -0.4981019339564983 -3.464375046583264 2
  endloop
endfacet
facet normal -0.00551027 -0.99897 0.0450441
  outer loop
    vertex 0.4981019339565002 -3.464375046583264 3.702018301661664
    vertex -0.4981019339564983 -3.464375046583264 3.580151998500202
    vertex -6.429395695523604e-16 -3.5 2.851009150830832
  endloop
endfacet
facet normal -0.136714 -0.989586 -0.0450441
  outer loop
    vertex -0.4981019339564983 -3.464375046583264 3.580151998500202
    vertex -0.986063948945004 -3.358225407650741 2.72914284766937
    vertex -6.429395695523604e-16 -3.5 2.851009150830832
  endloop
endfacet
facet normal -0.286729 -0.956952 0.0450441
  outer loop
    vertex -0.4981019339564983 -3.464375046583264 3.580151998500202
    vertex -1.453952545506602 -3.183711983740815 3.45828569533874
    vertex -0.986063948945004 -3.358225407650741 2.72914284766937
  endloop
endfacet
facet normal -0.147622 -0.988018 0.0450441
  outer loop
    vertex -6.429395695523604e-16 -3.5 2.851009150830832
    vertex -0.986063948945004 -3.358225407650741 2.72914284766937
    vertex -0.4981019339564983 -3.464375046583264 2
  endloop
endfacet
facet normal 0.75492 -0.654142 -0.0468437
  outer loop
    vertex 2.944387364909134 -1.892242861094591 2
    vertex 2.659955270917059 -2.274783057067324 2.758097596260539
    vertex 2.292012568808499 -2.645123510239904 2
  endloop
endfacet
facet normal 0.659032 -0.750655 0.0468437
  outer loop
    vertex 2.659955270917059 -2.274783057067324 2.758097596260539
    vertex 1.911327945646624 -2.932034359312704 2.758097596260539
    vertex 2.292012568808499 -2.645123510239904 2
  endloop
endfacet
facet normal 0.659032 -0.750655 -0.0468437
  outer loop
    vertex 2.659955270917059 -2.274783057067324 2.758097596260539
    vertex 2.32618076396871 -2.615125819791841 3.516195192521079
    vertex 1.911327945646624 -2.932034359312704 2.758097596260539
  endloop
endfacet
facet normal 0.540047 -0.84033 -0.0468437
  outer loop
    vertex 2.292012568808499 -2.645123510239904 2
    vertex 1.911327945646624 -2.932034359312704 2.758097596260539
    vertex 1.453952545506604 -3.183711983740814 2
  endloop
endfacet
facet normal 0.421743 -0.905539 0.0461803
  outer loop
    vertex 1.453952545506604 -3.183711983740814 2
    vertex 1.911327945646624 -2.932034359312704 2.758097596260539
    vertex 0.9860639489450058 -3.35822540765074 2.851009150830832
  endloop
endfacet
facet normal 0.414091 -0.909063 -0.0461803
  outer loop
    vertex 1.911327945646624 -2.932034359312704 2.758097596260539
    vertex 1.47460138740996 -3.174200804651246 3.609106747091372
    vertex 0.9860639489450058 -3.35822540765074 2.851009150830832
  endloop
endfacet
facet normal 0.551742 -0.832735 0.0461803
  outer loop
    vertex 1.911327945646624 -2.932034359312704 2.758097596260539
    vertex 2.32618076396871 -2.615125819791841 3.516195192521079
    vertex 1.47460138740996 -3.174200804651246 3.609106747091372
  endloop
endfacet
facet normal 0.288578 -0.956342 0.0461803
  outer loop
    vertex 0.9860639489450058 -3.35822540765074 2.851009150830832
    vertex 1.47460138740996 -3.174200804651246 3.609106747091372
    vertex 0.4981019339565002 -3.464375046583264 3.702018301661664
  endloop
endfacet
facet normal 0.836506 -0.546638 0.0380138
  outer loop
    vertex 2.944387364909134 -1.892242861094591 2
    vertex 3.125776490238551 -1.574649590566728 2.575459553293824
    vertex 2.659955270917059 -2.274783057067324 2.758097596260539
  endloop
endfacet
facet normal 0.827359 -0.560385 -0.0380138
  outer loop
    vertex 3.125776490238551 -1.574649590566728 2.575459553293824
    vertex 2.88281738422226 -1.984783093747507 3.333557149554363
    vertex 2.659955270917059 -2.274783057067324 2.758097596260539
  endloop
endfacet
facet normal 0.888983 -0.45636 0.0380138
  outer loop
    vertex 3.125776490238551 -1.574649590566728 2.575459553293824
    vertex 3.273032774138637 -1.239861467831927 3.150919106587647
    vertex 2.88281738422226 -1.984783093747507 3.333557149554363
  endloop
endfacet
facet normal 0.754469 -0.655234 0.0380138
  outer loop
    vertex 2.659955270917059 -2.274783057067324 2.758097596260539
    vertex 2.88281738422226 -1.984783093747507 3.333557149554363
    vertex 2.32618076396871 -2.615125819791841 3.516195192521079
  endloop
endfacet
facet normal 0.994441 0.105292 -0
  outer loop
    vertex 3.5 -8.572527594031472e-16 3.666666666666668
    vertex 3.422395719658992 0.7329444304037054 4.085303545917079
    vertex 3.5 -8.572527594031472e-16 4.500000000000001
  endloop
endfacet
facet normal 0.994441 0.105292 -0
  outer loop
    vertex 3.422395719658992 0.7329444304037054 4.085303545917079
    vertex 3.422395719658992 0.7329444304037054 4.918636879250412
    vertex 3.5 -8.572527594031472e-16 4.500000000000001
  endloop
endfacet
facet normal 0.950343 0.311206 -0
  outer loop
    vertex 3.422395719658992 0.7329444304037054 4.085303545917079
    vertex 3.193024263965822 1.43338621792088 4.503940425167491
    vertex 3.422395719658992 0.7329444304037054 4.918636879250412
  endloop
endfacet
facet normal 0.994441 0.105292 -0
  outer loop
    vertex 3.5 -8.572527594031472e-16 4.500000000000001
    vertex 3.422395719658992 0.7329444304037054 4.918636879250412
    vertex 3.5 -8.572527594031472e-16 5.333333333333334
  endloop
endfacet
facet normal 0.994441 -0.105292 0
  outer loop
    vertex 3.5 -8.572527594031472e-16 5.333333333333334
    vertex 3.422395719659466 -0.7329444304014889 4.918923548746396
    vertex 3.5 -8.572527594031472e-16 4.500000000000001
  endloop
endfacet
facet normal 0.994441 -0.105292 0
  outer loop
    vertex 3.422395719659466 -0.7329444304014889 4.918923548746396
    vertex 3.422395719659466 -0.7329444304014889 4.085590215413063
    vertex 3.5 -8.572527594031472e-16 4.500000000000001
  endloop
endfacet
facet normal 0.950343 -0.311206 0
  outer loop
    vertex 3.422395719659466 -0.7329444304014889 4.918923548746396
    vertex 3.19302426396768 -1.43338621791674 4.504513764159459
    vertex 3.422395719659466 -0.7329444304014889 4.085590215413063
  endloop
endfacet
facet normal 0.994441 -0.105292 0
  outer loop
    vertex 3.5 -8.572527594031472e-16 4.500000000000001
    vertex 3.422395719659466 -0.7329444304014889 4.085590215413063
    vertex 3.5 -8.572527594031472e-16 3.666666666666668
  endloop
endfacet
facet normal 0.995218 0.096406 0.0157008
  outer loop
    vertex 3.5 -8.572527594031472e-16 3.666666666666668
    vertex 3.443307697623753 0.6274010674879399 3.407825334071173
    vertex 3.422395719658992 0.7329444304037054 4.085303545917079
  endloop
endfacet
facet normal 0.956789 0.290358 -0.0157008
  outer loop
    vertex 3.443307697623753 0.6274010674879399 3.407825334071173
    vertex 3.23557468793479 1.334562264862785 3.826462213321584
    vertex 3.422395719658992 0.7329444304037054 4.085303545917079
  endloop
endfacet
facet normal 0.961816 0.273245 0.0157008
  outer loop
    vertex 3.443307697623753 0.6274010674879399 3.407825334071173
    vertex 3.275067371722853 1.234477100102048 3.148984001475678
    vertex 3.23557468793479 1.334562264862785 3.826462213321584
  endloop
endfacet
facet normal 0.952963 0.30268 0.0157008
  outer loop
    vertex 3.422395719658992 0.7329444304037054 4.085303545917079
    vertex 3.23557468793479 1.334562264862785 3.826462213321584
    vertex 3.193024263965822 1.43338621792088 4.503940425167491
  endloop
endfacet
facet normal 0.952906 -0.302878 0.015328
  outer loop
    vertex 3.19302426396768 -1.43338621791674 4.504513764159459
    vertex 3.234476211418922 -1.337222359132952 3.827716435373553
    vertex 3.422395719659466 -0.7329444304014889 4.085590215413063
  endloop
endfacet
facet normal 0.956616 -0.290949 -0.015328
  outer loop
    vertex 3.234476211418922 -1.337222359132952 3.827716435373553
    vertex 3.442790634752949 -0.6302322153439843 3.408792886627158
    vertex 3.422395719659466 -0.7329444304014889 4.085590215413063
  endloop
endfacet
facet normal 0.961541 -0.274235 0.015328
  outer loop
    vertex 3.234476211418922 -1.337222359132952 3.827716435373553
    vertex 3.273032774138637 -1.239861467831927 3.150919106587647
    vertex 3.442790634752949 -0.6302322153439843 3.408792886627158
  endloop
endfacet
facet normal 0.995204 -0.0966115 0.015328
  outer loop
    vertex 3.422395719659466 -0.7329444304014889 4.085590215413063
    vertex 3.442790634752949 -0.6302322153439843 3.408792886627158
    vertex 3.5 -8.572527594031472e-16 3.666666666666668
  endloop
endfacet
facet normal 0.952894 0.302913 -0.0154186
  outer loop
    vertex 3.193024263965822 1.43338621792088 4.503940425167491
    vertex 3.234476211418199 1.3372223591347 5.176510659288569
    vertex 3.422395719658992 0.7329444304037054 4.918636879250412
  endloop
endfacet
facet normal 0.956625 0.290913 0.0154186
  outer loop
    vertex 3.234476211418199 1.3372223591347 5.176510659288569
    vertex 3.442790634753017 0.6302322153436136 5.591207113371491
    vertex 3.422395719658992 0.7329444304037054 4.918636879250412
  endloop
endfacet
facet normal 0.961529 0.27427 -0.0154186
  outer loop
    vertex 3.234476211418199 1.3372223591347 5.176510659288569
    vertex 3.273032774138903 1.239861467831223 5.849080893409647
    vertex 3.442790634753017 0.6302322153436136 5.591207113371491
  endloop
endfacet
facet normal 0.995199 0.0966481 -0.0154186
  outer loop
    vertex 3.422395719658992 0.7329444304037054 4.918636879250412
    vertex 3.442790634753017 0.6302322153436136 5.591207113371491
    vertex 3.5 -8.572527594031472e-16 5.333333333333334
  endloop
endfacet
facet normal 0.995213 -0.0964437 -0.0157933
  outer loop
    vertex 3.5 -8.572527594031472e-16 5.333333333333334
    vertex 3.443307697623753 -0.6274010674879399 5.592174665928829
    vertex 3.422395719659466 -0.7329444304014889 4.918923548746396
  endloop
endfacet
facet normal 0.956799 -0.290321 0.0157933
  outer loop
    vertex 3.443307697623753 -0.6274010674879399 5.592174665928829
    vertex 3.235574687935656 -1.334562264860685 5.177764881341892
    vertex 3.422395719659466 -0.7329444304014889 4.918923548746396
  endloop
endfacet
facet normal 0.961805 -0.273281 -0.0157933
  outer loop
    vertex 3.443307697623753 -0.6274010674879399 5.592174665928829
    vertex 3.275067371722855 -1.234477100102044 5.851015998524325
    vertex 3.235574687935656 -1.334562264860685 5.177764881341892
  endloop
endfacet
facet normal 0.95295 -0.302716 -0.0157933
  outer loop
    vertex 3.422395719659466 -0.7329444304014889 4.918923548746396
    vertex 3.235574687935656 -1.334562264860685 5.177764881341892
    vertex 3.19302426396768 -1.43338621791674 4.504513764159459
  endloop
endfacet
facet normal 0.754935 0.654155 0.0464057
  outer loop
    vertex 2.944387364909133 1.892242861094593 7
    vertex 2.640681819437006 2.297128539828555 6.23328318951061
    vertex 2.292012568808496 2.645123510239905 7
  endloop
endfacet
facet normal 0.652693 0.7562 -0.0464057
  outer loop
    vertex 2.640681819437006 2.297128539828555 6.23328318951061
    vertex 1.886539754382035 2.948044734249494 6.23328318951061
    vertex 2.292012568808496 2.645123510239905 7
  endloop
endfacet
facet normal 0.652693 0.7562 0.0464057
  outer loop
    vertex 2.640681819437006 2.297128539828555 6.23328318951061
    vertex 2.281754880880976 2.653977140741014 5.46656637902122
    vertex 1.886539754382035 2.948044734249494 6.23328318951061
  endloop
endfacet
facet normal 0.540058 0.840347 0.0464057
  outer loop
    vertex 2.292012568808496 2.645123510239905 7
    vertex 1.886539754382035 2.948044734249494 6.23328318951061
    vertex 1.453952545506601 3.183711983740815 7
  endloop
endfacet
facet normal 0.834451 0.549607 -0.0403006
  outer loop
    vertex 2.944387364909133 1.892242861094593 7
    vertex 3.12577649023872 1.574649590566394 6.424540446704824
    vertex 2.640681819437006 2.297128539828555 6.23328318951061
  endloop
endfacet
facet normal 0.824576 0.564314 0.0403006
  outer loop
    vertex 3.12577649023872 1.574649590566394 6.424540446704824
    vertex 2.865981028754828 2.009017855275909 5.657823636215434
    vertex 2.640681819437006 2.297128539828555 6.23328318951061
  endloop
endfacet
facet normal 0.887249 0.459527 -0.0403006
  outer loop
    vertex 3.12577649023872 1.574649590566394 6.424540446704824
    vertex 3.273032774138903 1.239861467831223 5.849080893409647
    vertex 2.865981028754828 2.009017855275909 5.657823636215434
  endloop
endfacet
facet normal 0.746455 0.664214 -0.0403006
  outer loop
    vertex 2.640681819437006 2.297128539828555 6.23328318951061
    vertex 2.865981028754828 2.009017855275909 5.657823636215434
    vertex 2.281754880880976 2.653977140741014 5.46656637902122
  endloop
endfacet
facet normal 0.281372 0.958264 0.0505959
  outer loop
    vertex 1.453952545506601 3.183711983740815 7
    vertex 1.001757452087229 3.353577493839631 6.297549293404455
    vertex 0.4981019339564964 3.464375046583265 7
  endloop
endfacet
facet normal 0.146754 0.987878 -0.0505959
  outer loop
    vertex 1.001757452087229 3.353577493839631 6.297549293404455
    vertex 0.01636727463834524 3.499961730122333 6.297549293404455
    vertex 0.4981019339564964 3.464375046583265 7
  endloop
endfacet
facet normal 0.146754 0.987878 0.0505959
  outer loop
    vertex 1.001757452087229 3.353577493839631 6.297549293404455
    vertex 0.5304811530695936 3.45956496488185 5.595098586808908
    vertex 0.01636727463834524 3.499961730122333 6.297549293404455
  endloop
endfacet
facet normal -4.45211e-16 0.998719 0.0505959
  outer loop
    vertex 0.4981019339564964 3.464375046583265 7
    vertex 0.01636727463834524 3.499961730122333 6.297549293404455
    vertex -0.4981019339564998 3.464375046583264 7
  endloop
endfacet
facet normal 0.537015 0.842304 -0.0462465
  outer loop
    vertex 2.281754880880976 2.653977140741014 5.46656637902122
    vertex 1.462672490089117 3.17971526818621 5.530832482915065
    vertex 1.886539754382035 2.948044734249494 6.23328318951061
  endloop
endfacet
facet normal 0.418989 0.906813 0.0462465
  outer loop
    vertex 1.462672490089117 3.17971526818621 5.530832482915065
    vertex 1.001757452087229 3.353577493839631 6.297549293404455
    vertex 1.886539754382035 2.948044734249494 6.23328318951061
  endloop
endfacet
facet normal 0.284295 0.957621 -0.0462465
  outer loop
    vertex 1.462672490089117 3.17971526818621 5.530832482915065
    vertex 0.5304811530695936 3.45956496488185 5.595098586808908
    vertex 1.001757452087229 3.353577493839631 6.297549293404455
  endloop
endfacet
facet normal 0.413437 0.909357 -0.0462465
  outer loop
    vertex 1.886539754382035 2.948044734249494 6.23328318951061
    vertex 1.001757452087229 3.353577493839631 6.297549293404455
    vertex 1.453952545506601 3.183711983740815 7
  endloop
endfacet
facet normal -0.281486 0.958653 0.0418254
  outer loop
    vertex -0.4981019339564998 3.464375046583264 7
    vertex -0.9860639489450062 3.35822540765074 6.148990849169169
    vertex -1.453952545506604 3.183711983740814 7
  endloop
endfacet
facet normal -0.415051 0.908836 -0.0418254
  outer loop
    vertex -0.9860639489450062 3.35822540765074 6.148990849169169
    vertex -1.892242861094593 2.944387364909133 6.148990849169169
    vertex -1.453952545506604 3.183711983740814 7
  endloop
endfacet
facet normal -0.415051 0.908836 0.0418254
  outer loop
    vertex -0.9860639489450062 3.35822540765074 6.148990849169169
    vertex -1.453952545506604 3.183711983740813 5.297981698338338
    vertex -1.892242861094593 2.944387364909133 6.148990849169169
  endloop
endfacet
facet normal -0.540168 0.840517 0.0418254
  outer loop
    vertex -1.453952545506604 3.183711983740814 7
    vertex -1.892242861094593 2.944387364909133 6.148990849169169
    vertex -2.292012568808499 2.645123510239903 7
  endloop
endfacet
facet normal -0.132977 0.989993 -0.0472376
  outer loop
    vertex -0.4981019339564998 3.464375046583264 7
    vertex 0.01636727463834524 3.499961730122333 6.297549293404455
    vertex -0.9860639489450062 3.35822540765074 6.148990849169169
  endloop
endfacet
facet normal -0.146704 0.988052 0.0472376
  outer loop
    vertex 0.01636727463834524 3.499961730122333 6.297549293404455
    vertex -0.4818958082028594 3.466666472280902 5.446540142573623
    vertex -0.9860639489450062 3.35822540765074 6.148990849169169
  endloop
endfacet
facet normal 0.0139379 0.998786 -0.0472376
  outer loop
    vertex 0.01636727463834524 3.499961730122333 6.297549293404455
    vertex 0.5304811530695936 3.45956496488185 5.595098586808908
    vertex -0.4818958082028594 3.466666472280902 5.446540142573623
  endloop
endfacet
facet normal -0.272514 0.960991 -0.0472376
  outer loop
    vertex -0.9860639489450062 3.35822540765074 6.148990849169169
    vertex -0.4818958082028594 3.466666472280902 5.446540142573623
    vertex -1.453952545506604 3.183711983740813 5.297981698338338
  endloop
endfacet
facet normal -0.754849 0.65408 0.0488005
  outer loop
    vertex -2.292012568808499 2.645123510239903 7
    vertex -2.645123510239905 2.292012568808497 6.270857152330631
    vertex -2.944387364909135 1.892242861094591 7
  endloop
endfacet
facet normal -0.840251 0.539997 -0.0488005
  outer loop
    vertex -2.645123510239905 2.292012568808497 6.270857152330631
    vertex -3.183711983740815 1.4539525455066 6.270857152330631
    vertex -2.944387364909135 1.892242861094591 7
  endloop
endfacet
facet normal -0.840251 0.539997 0.0488005
  outer loop
    vertex -2.645123510239905 2.292012568808497 6.270857152330631
    vertex -2.944387364909135 1.892242861094589 5.541714304661262
    vertex -3.183711983740815 1.4539525455066 6.270857152330631
  endloop
endfacet
facet normal -0.908548 0.41492 0.0488005
  outer loop
    vertex -2.944387364909135 1.892242861094591 7
    vertex -3.183711983740815 1.4539525455066 6.270857152330631
    vertex -3.358225407650741 0.9860639489450023 7
  endloop
endfacet
facet normal -0.544719 0.837408 -0.0450441
  outer loop
    vertex -1.453952545506604 3.183711983740813 5.297981698338338
    vertex -2.292012568808499 2.645123510239903 5.4198480014998
    vertex -1.892242861094593 2.944387364909133 6.148990849169169
  endloop
endfacet
facet normal -0.650022 0.758579 0.0450441
  outer loop
    vertex -2.292012568808499 2.645123510239903 5.4198480014998
    vertex -2.645123510239905 2.292012568808497 6.270857152330631
    vertex -1.892242861094593 2.944387364909133 6.148990849169169
  endloop
endfacet
facet normal -0.758579 0.650022 -0.0450441
  outer loop
    vertex -2.292012568808499 2.645123510239903 5.4198480014998
    vertex -2.944387364909135 1.892242861094589 5.541714304661262
    vertex -2.645123510239905 2.292012568808497 6.270857152330631
  endloop
endfacet
facet normal -0.65835 0.751363 -0.0450441
  outer loop
    vertex -1.892242861094593 2.944387364909133 6.148990849169169
    vertex -2.645123510239905 2.292012568808497 6.270857152330631
    vertex -2.292012568808499 2.645123510239903 7
  endloop
endfacet
facet normal -0.988955 0.14219 0.0418254
  outer loop
    vertex -3.358225407650741 0.9860639489450023 7
    vertex -3.464375046583265 0.4981019339564965 6.14899084916917
    vertex -3.5 -1.125685854773646e-15 7
  endloop
endfacet
facet normal -0.999125 -4.45391e-16 -0.0418254
  outer loop
    vertex -3.464375046583265 0.4981019339564965 6.14899084916917
    vertex -3.464375046583264 -0.4981019339564988 6.14899084916917
    vertex -3.5 -1.125685854773646e-15 7
  endloop
endfacet
facet normal -0.999125 -4.45391e-16 0.0418254
  outer loop
    vertex -3.464375046583265 0.4981019339564965 6.14899084916917
    vertex -3.5 -1.125685854773646e-15 5.297981698338339
    vertex -3.464375046583264 -0.4981019339564988 6.14899084916917
  endloop
endfacet
facet normal -0.988955 -0.14219 0.0418254
  outer loop
    vertex -3.5 -1.125685854773646e-15 7
    vertex -3.464375046583264 -0.4981019339564988 6.14899084916917
    vertex -3.358225407650741 -0.9860639489450045 7
  endloop
endfacet
facet normal -0.956952 0.286729 -0.0450441
  outer loop
    vertex -3.358225407650741 0.9860639489450023 7
    vertex -3.183711983740815 1.4539525455066 6.270857152330631
    vertex -3.464375046583265 0.4981019339564965 6.14899084916917
  endloop
endfacet
facet normal -0.960057 0.276155 0.0450441
  outer loop
    vertex -3.183711983740815 1.4539525455066 6.270857152330631
    vertex -3.358225407650741 0.9860639489450023 5.419848001499801
    vertex -3.464375046583265 0.4981019339564965 6.14899084916917
  endloop
endfacet
facet normal -0.906406 0.419999 -0.0450441
  outer loop
    vertex -3.183711983740815 1.4539525455066 6.270857152330631
    vertex -2.944387364909135 1.892242861094589 5.541714304661262
    vertex -3.358225407650741 0.9860639489450023 5.419848001499801
  endloop
endfacet
facet normal -0.988018 0.147622 -0.0450441
  outer loop
    vertex -3.464375046583265 0.4981019339564965 6.14899084916917
    vertex -3.358225407650741 0.9860639489450023 5.419848001499801
    vertex -3.5 -1.125685854773646e-15 5.297981698338339
  endloop
endfacet
facet normal -0.908548 -0.41492 0.0488005
  outer loop
    vertex -3.358225407650741 -0.9860639489450045 7
    vertex -3.183711983740814 -1.453952545506603 6.270857152330631
    vertex -2.944387364909134 -1.892242861094591 7
  endloop
endfacet
facet normal -0.840251 -0.539997 -0.0488005
  outer loop
    vertex -3.183711983740814 -1.453952545506603 6.270857152330631
    vertex -2.645123510239904 -2.292012568808497 6.270857152330631
    vertex -2.944387364909134 -1.892242861094591 7
  endloop
endfacet
facet normal -0.840251 -0.539997 0.0488005
  outer loop
    vertex -3.183711983740814 -1.453952545506603 6.270857152330631
    vertex -2.944387364909134 -1.892242861094591 5.541714304661261
    vertex -2.645123510239904 -2.292012568808497 6.270857152330631
  endloop
endfacet
facet normal -0.754849 -0.65408 0.0488005
  outer loop
    vertex -2.944387364909134 -1.892242861094591 7
    vertex -2.645123510239904 -2.292012568808497 6.270857152330631
    vertex -2.292012568808498 -2.645123510239904 7
  endloop
endfacet
facet normal -0.988018 -0.147622 -0.0450441
  outer loop
    vertex -3.5 -1.125685854773646e-15 5.297981698338339
    vertex -3.358225407650741 -0.9860639489450045 5.4198480014998
    vertex -3.464375046583264 -0.4981019339564988 6.14899084916917
  endloop
endfacet
facet normal -0.960057 -0.276155 0.0450441
  outer loop
    vertex -3.358225407650741 -0.9860639489450045 5.4198480014998
    vertex -3.183711983740814 -1.453952545506603 6.270857152330631
    vertex -3.464375046583264 -0.4981019339564988 6.14899084916917
  endloop
endfacet
facet normal -0.906406 -0.419999 -0.0450441
  outer loop
    vertex -3.358225407650741 -0.9860639489450045 5.4198480014998
    vertex -2.944387364909134 -1.892242861094591 5.541714304661261
    vertex -3.183711983740814 -1.453952545506603 6.270857152330631
  endloop
endfacet
facet normal -0.956952 -0.286729 -0.0450441
  outer loop
    vertex -3.464375046583264 -0.4981019339564988 6.14899084916917
    vertex -3.183711983740814 -1.453952545506603 6.270857152330631
    vertex -3.358225407650741 -0.9860639489450045 7
  endloop
endfacet
facet normal -0.540168 -0.840517 0.0418254
  outer loop
    vertex -2.292012568808498 -2.645123510239904 7
    vertex -1.892242861094591 -2.944387364909134 6.148990849169169
    vertex -1.453952545506602 -3.183711983740815 7
  endloop
endfacet
facet normal -0.415051 -0.908836 -0.0418254
  outer loop
    vertex -1.892242861094591 -2.944387364909134 6.148990849169169
    vertex -0.986063948945004 -3.358225407650741 6.148990849169169
    vertex -1.453952545506602 -3.183711983740815 7
  endloop
endfacet
facet normal -0.415051 -0.908836 0.0418254
  outer loop
    vertex -1.892242861094591 -2.944387364909134 6.148990849169169
    vertex -1.453952545506602 -3.183711983740815 5.297981698338338
    vertex -0.986063948945004 -3.358225407650741 6.148990849169169
  endloop
endfacet
facet normal -0.281486 -0.958653 0.0418254
  outer loop
    vertex -1.453952545506602 -3.183711983740815 7
    vertex -0.986063948945004 -3.358225407650741 6.148990849169169
    vertex -0.4981019339564983 -3.464375046583264 7
  endloop
endfacet
facet normal -0.65835 -0.751363 -0.0450441
  outer loop
    vertex -2.292012568808498 -2.645123510239904 7
    vertex -2.645123510239904 -2.292012568808497 6.270857152330631
    vertex -1.892242861094591 -2.944387364909134 6.148990849169169
  endloop
endfacet
facet normal -0.650022 -0.758579 0.0450441
  outer loop
    vertex -2.645123510239904 -2.292012568808497 6.270857152330631
    vertex -2.292012568808498 -2.645123510239904 5.419848001499799
    vertex -1.892242861094591 -2.944387364909134 6.148990849169169
  endloop
endfacet
facet normal -0.758579 -0.650022 -0.0450441
  outer loop
    vertex -2.645123510239904 -2.292012568808497 6.270857152330631
    vertex -2.944387364909134 -1.892242861094591 5.541714304661261
    vertex -2.292012568808498 -2.645123510239904 5.419848001499799
  endloop
endfacet
facet normal -0.544719 -0.837408 -0.0450441
  outer loop
    vertex -1.892242861094591 -2.944387364909134 6.148990849169169
    vertex -2.292012568808498 -2.645123510239904 5.419848001499799
    vertex -1.453952545506602 -3.183711983740815 5.297981698338338
  endloop
endfacet
facet normal -4.45211e-16 -0.998719 0.0505959
  outer loop
    vertex -0.4981019339564983 -3.464375046583264 7
    vertex 0.0163672746416869 -3.499961730122317 6.297549293403266
    vertex 0.498101933956497 -3.464375046583265 7
  endloop
endfacet
facet normal 0.146754 -0.987878 -0.0505959
  outer loop
    vertex 0.0163672746416869 -3.499961730122317 6.297549293403266
    vertex 1.001757452090434 -3.353577493838674 6.297549293403266
    vertex 0.498101933956497 -3.464375046583265 7
  endloop
endfacet
facet normal 0.146754 -0.987878 0.0505959
  outer loop
    vertex 0.0163672746416869 -3.499961730122317 6.297549293403266
    vertex 0.5304811530762022 -3.459564964880836 5.595098586806532
    vertex 1.001757452090434 -3.353577493838674 6.297549293403266
  endloop
endfacet
facet normal 0.281372 -0.958264 0.0505959
  outer loop
    vertex 0.498101933956497 -3.464375046583265 7
    vertex 1.001757452090434 -3.353577493838674 6.297549293403266
    vertex 1.453952545506604 -3.183711983740814 7
  endloop
endfacet
facet normal -0.272514 -0.960991 -0.0472376
  outer loop
    vertex -1.453952545506602 -3.183711983740815 5.297981698338338
    vertex -0.4818958081995487 -3.466666472281362 5.446540142572435
    vertex -0.986063948945004 -3.358225407650741 6.148990849169169
  endloop
endfacet
facet normal -0.146704 -0.988052 0.0472376
  outer loop
    vertex -0.4818958081995487 -3.466666472281362 5.446540142572435
    vertex 0.0163672746416869 -3.499961730122317 6.297549293403266
    vertex -0.986063948945004 -3.358225407650741 6.148990849169169
  endloop
endfacet
facet normal 0.0139379 -0.998786 -0.0472376
  outer loop
    vertex -0.4818958081995487 -3.466666472281362 5.446540142572435
    vertex 0.5304811530762022 -3.459564964880836 5.595098586806532
    vertex 0.0163672746416869 -3.499961730122317 6.297549293403266
  endloop
endfacet
facet normal -0.132977 -0.989993 -0.0472376
  outer loop
    vertex -0.986063948945004 -3.358225407650741 6.148990849169169
    vertex 0.0163672746416869 -3.499961730122317 6.297549293403266
    vertex -0.4981019339564983 -3.464375046583264 7
  endloop
endfacet
facet normal 0.540058 -0.840347 0.0464057
  outer loop
    vertex 1.453952545506604 -3.183711983740814 7
    vertex 1.886539754390876 -2.948044734243837 6.233283189507103
    vertex 2.292012568808499 -2.645123510239904 7
  endloop
endfacet
facet normal 0.652693 -0.7562 -0.0464057
  outer loop
    vertex 1.886539754390876 -2.948044734243837 6.233283189507103
    vertex 2.640681819443894 -2.297128539820636 6.233283189507103
    vertex 2.292012568808499 -2.645123510239904 7
  endloop
endfacet
facet normal 0.652693 -0.7562 0.0464057
  outer loop
    vertex 1.886539754390876 -2.948044734243837 6.233283189507103
    vertex 2.281754880896893 -2.653977140727328 5.466566379014207
    vertex 2.640681819443894 -2.297128539820636 6.233283189507103
  endloop
endfacet
facet normal 0.754935 -0.654155 0.0464057
  outer loop
    vertex 2.292012568808499 -2.645123510239904 7
    vertex 2.640681819443894 -2.297128539820636 6.233283189507103
    vertex 2.944387364909134 -1.892242861094591 7
  endloop
endfacet
facet normal 0.413437 -0.909357 -0.0462465
  outer loop
    vertex 1.453952545506604 -3.183711983740814 7
    vertex 1.001757452090434 -3.353577493838674 6.297549293403266
    vertex 1.886539754390876 -2.948044734243837 6.233283189507103
  endloop
endfacet
facet normal 0.418989 -0.906813 0.0462465
  outer loop
    vertex 1.001757452090434 -3.353577493838674 6.297549293403266
    vertex 1.462672490101688 -3.179715268180427 5.53083248291037
    vertex 1.886539754390876 -2.948044734243837 6.233283189507103
  endloop
endfacet
facet normal 0.284295 -0.957621 -0.0462465
  outer loop
    vertex 1.001757452090434 -3.353577493838674 6.297549293403266
    vertex 0.5304811530762022 -3.459564964880836 5.595098586806532
    vertex 1.462672490101688 -3.179715268180427 5.53083248291037
  endloop
endfacet
facet normal 0.537015 -0.842304 -0.0462465
  outer loop
    vertex 1.886539754390876 -2.948044734243837 6.233283189507103
    vertex 1.462672490101688 -3.179715268180427 5.53083248291037
    vertex 2.281754880896893 -2.653977140727328 5.466566379014207
  endloop
endfacet
facet normal 0.746777 -0.663832 -0.0406287
  outer loop
    vertex 2.281754880896893 -2.653977140727328 5.466566379014207
    vertex 2.867632033252575 -2.006660539768424 5.658791188769266
    vertex 2.640681819443894 -2.297128539820636 6.233283189507103
  endloop
endfacet
facet normal 0.824747 -0.56404 0.0406287
  outer loop
    vertex 2.867632033252575 -2.006660539768424 5.658791188769266
    vertex 3.127070234954284 -1.572078797536229 6.425507999262162
    vertex 2.640681819443894 -2.297128539820636 6.233283189507103
  endloop
endfacet
facet normal 0.887844 -0.458348 -0.0406287
  outer loop
    vertex 2.867632033252575 -2.006660539768424 5.658791188769266
    vertex 3.275067371722855 -1.234477100102044 5.851015998524325
    vertex 3.127070234954284 -1.572078797536229 6.425507999262162
  endloop
endfacet
facet normal 0.834714 -0.549183 -0.0406287
  outer loop
    vertex 2.640681819443894 -2.297128539820636 6.233283189507103
    vertex 3.127070234954284 -1.572078797536229 6.425507999262162
    vertex 2.944387364909134 -1.892242861094591 7
  endloop
endfacet
facet normal 0.738271 0.674497 0.00331655
  outer loop
    vertex 2.327159472519948 2.614254920519549 3.515736353099921
    vertex 2.304542762228789 2.634213859400733 4.491151366060571
    vertex 2.82253783753819 2.0696086962673 4.009838389133706
  endloop
endfacet
facet normal 0.735454 0.677567 -0.00331655
  outer loop
    vertex 2.304542762228789 2.634213859400733 4.491151366060571
    vertex 2.804596623657328 2.093857153334467 4.985253402094355
    vertex 2.82253783753819 2.0696086962673 4.009838389133706
  endloop
endfacet
facet normal 0.73243 0.680834 0.00331655
  outer loop
    vertex 2.304542762228789 2.634213859400733 4.491151366060571
    vertex 2.281754880880976 2.653977140741014 5.46656637902122
    vertex 2.804596623657328 2.093857153334467 4.985253402094355
  endloop
endfacet
facet normal 0.863032 0.505138 0.00331655
  outer loop
    vertex 2.82253783753819 2.0696086962673 4.009838389133706
    vertex 2.804596623657328 2.093857153334467 4.985253402094355
    vertex 3.193024263965822 1.43338621792088 4.503940425167491
  endloop
endfacet
facet normal 0.869812 0.493079 -0.0172952
  outer loop
    vertex 3.193024263965822 1.43338621792088 4.503940425167491
    vertex 3.23557468793479 1.334562264862785 3.826462213321584
    vertex 2.82253783753819 2.0696086962673 4.009838389133706
  endloop
endfacet
facet normal 0.873498 0.486521 0.0172952
  outer loop
    vertex 3.23557468793479 1.334562264862785 3.826462213321584
    vertex 2.88481942450783 1.981872066502355 3.332360177287799
    vertex 2.82253783753819 2.0696086962673 4.009838389133706
  endloop
endfacet
facet normal 0.884558 0.46611 -0.0172952
  outer loop
    vertex 3.23557468793479 1.334562264862785 3.826462213321584
    vertex 3.275067371722853 1.234477100102048 3.148984001475678
    vertex 2.88481942450783 1.981872066502355 3.332360177287799
  endloop
endfacet
facet normal 0.747424 0.664123 -0.0172952
  outer loop
    vertex 2.82253783753819 2.0696086962673 4.009838389133706
    vertex 2.88481942450783 1.981872066502355 3.332360177287799
    vertex 2.327159472519948 2.614254920519549 3.515736353099921
  endloop
endfacet
facet normal 0.738417 0.674114 0.0176399
  outer loop
    vertex 2.281754880880976 2.653977140741014 5.46656637902122
    vertex 2.865981028754828 2.009017855275909 5.657823636215434
    vertex 2.804596623657328 2.093857153334467 4.985253402094355
  endloop
endfacet
facet normal 0.871243 0.490535 -0.0176399
  outer loop
    vertex 2.865981028754828 2.009017855275909 5.657823636215434
    vertex 3.234476211418199 1.3372223591347 5.176510659288569
    vertex 2.804596623657328 2.093857153334467 4.985253402094355
  endloop
endfacet
facet normal 0.881901 0.471105 0.0176399
  outer loop
    vertex 2.865981028754828 2.009017855275909 5.657823636215434
    vertex 3.273032774138903 1.239861467831223 5.849080893409647
    vertex 3.234476211418199 1.3372223591347 5.176510659288569
  endloop
endfacet
facet normal 0.867413 0.497277 0.0176399
  outer loop
    vertex 2.804596623657328 2.093857153334467 4.985253402094355
    vertex 3.234476211418199 1.3372223591347 5.176510659288569
    vertex 3.193024263965822 1.43338621792088 4.503940425167491
  endloop
endfacet
facet normal 0.863009 -0.505177 0.00324676
  outer loop
    vertex 3.19302426396768 -1.43338621791674 4.504513764159459
    vertex 2.804596623664965 -2.093857153324238 4.985540071586833
    vertex 2.822150448994448 -2.070136914129217 4.010354478340268
  endloop
endfacet
facet normal 0.735358 -0.677671 -0.00324676
  outer loop
    vertex 2.804596623664965 -2.093857153324238 4.985540071586833
    vertex 2.304049713675978 -2.634645121626373 4.491380785767642
    vertex 2.822150448994448 -2.070136914129217 4.010354478340268
  endloop
endfacet
facet normal 0.7324 -0.680867 0.00324676
  outer loop
    vertex 2.804596623664965 -2.093857153324238 4.985540071586833
    vertex 2.281754880896893 -2.653977140727328 5.466566379014207
    vertex 2.304049713675978 -2.634645121626373 4.491380785767642
  endloop
endfacet
facet normal 0.738114 -0.674668 0.00324676
  outer loop
    vertex 2.822150448994448 -2.070136914129217 4.010354478340268
    vertex 2.304049713675978 -2.634645121626373 4.491380785767642
    vertex 2.32618076396871 -2.615125819791841 3.516195192521079
  endloop
endfacet
facet normal 0.747038 -0.664568 -0.0168484
  outer loop
    vertex 2.32618076396871 -2.615125819791841 3.516195192521079
    vertex 2.88281738422226 -1.984783093747507 3.333557149554363
    vertex 2.822150448994448 -2.070136914129217 4.010354478340268
  endloop
endfacet
facet normal 0.873209 -0.487055 0.0168484
  outer loop
    vertex 2.88281738422226 -1.984783093747507 3.333557149554363
    vertex 3.234476211418922 -1.337222359132952 3.827716435373553
    vertex 2.822150448994448 -2.070136914129217 4.010354478340268
  endloop
endfacet
facet normal 0.883993 -0.467197 -0.0168484
  outer loop
    vertex 2.88281738422226 -1.984783093747507 3.333557149554363
    vertex 3.273032774138637 -1.239861467831927 3.150919106587647
    vertex 3.234476211418922 -1.337222359132952 3.827716435373553
  endloop
endfacet
facet normal 0.869621 -0.493433 -0.0168484
  outer loop
    vertex 2.822150448994448 -2.070136914129217 4.010354478340268
    vertex 3.234476211418922 -1.337222359132952 3.827716435373553
    vertex 3.19302426396768 -1.43338621791674 4.504513764159459
  endloop
endfacet
facet normal 0.867553 -0.497014 0.0181242
  outer loop
    vertex 3.19302426396768 -1.43338621791674 4.504513764159459
    vertex 3.235574687935656 -1.334562264860685 5.177764881341892
    vertex 2.804596623664965 -2.093857153324238 4.985540071586833
  endloop
endfacet
facet normal 0.871493 -0.490073 -0.0181242
  outer loop
    vertex 3.235574687935656 -1.334562264860685 5.177764881341892
    vertex 2.867632033252575 -2.006660539768424 5.658791188769266
    vertex 2.804596623664965 -2.093857153324238 4.985540071586833
  endloop
endfacet
facet normal 0.88242 -0.470113 0.0181242
  outer loop
    vertex 3.235574687935656 -1.334562264860685 5.177764881341892
    vertex 3.275067371722855 -1.234477100102044 5.851015998524325
    vertex 2.867632033252575 -2.006660539768424 5.658791188769266
  endloop
endfacet
facet normal 0.738611 -0.673888 0.0181242
  outer loop
    vertex 2.804596623664965 -2.093857153324238 4.985540071586833
    vertex 2.867632033252575 -2.006660539768424 5.658791188769266
    vertex 2.281754880896893 -2.653977140727328 5.466566379014207
  endloop
endfacet
facet normal -0.909632 0.415415 0
  outer loop
    vertex -2.944387364909135 1.892242861094591 3.702018301661664
    vertex -3.358225407650741 0.9860639489450038 3.580151998500201
    vertex -3.358225407650741 0.9860639489450038 4.500000000000002
  endloop
endfacet
facet normal -0.989821 0.142315 0
  outer loop
    vertex -3.358225407650741 0.9860639489450038 3.580151998500201
    vertex -3.5 4.286263797015736e-16 4.378133696838539
    vertex -3.358225407650741 0.9860639489450038 4.500000000000002
  endloop
endfacet
facet normal -0.989821 0.142315 0
  outer loop
    vertex -3.358225407650741 0.9860639489450038 3.580151998500201
    vertex -3.5 4.286263797015736e-16 3.45828569533874
    vertex -3.5 4.286263797015736e-16 4.378133696838539
  endloop
endfacet
facet normal -0.989821 0.142315 2.42313e-16
  outer loop
    vertex -3.358225407650741 0.9860639489450038 4.500000000000002
    vertex -3.5 4.286263797015736e-16 4.378133696838539
    vertex -3.5 -1.125685854773646e-15 5.297981698338339
  endloop
endfacet
facet normal -0.989821 0.142315 -2.42313e-16
  outer loop
    vertex -3.5 -1.125685854773646e-15 5.297981698338339
    vertex -3.358225407650741 0.9860639489450023 5.419848001499801
    vertex -3.358225407650741 0.9860639489450038 4.500000000000002
  endloop
endfacet
facet normal -0.909632 0.415415 2.6279e-16
  outer loop
    vertex -3.358225407650741 0.9860639489450023 5.419848001499801
    vertex -2.944387364909135 1.892242861094591 4.621866303161463
    vertex -3.358225407650741 0.9860639489450038 4.500000000000002
  endloop
endfacet
facet normal -0.909632 0.415415 3.63469e-16
  outer loop
    vertex -3.358225407650741 0.9860639489450023 5.419848001499801
    vertex -2.944387364909135 1.892242861094589 5.541714304661262
    vertex -2.944387364909135 1.892242861094591 4.621866303161463
  endloop
endfacet
facet normal -0.909632 0.415415 0
  outer loop
    vertex -3.358225407650741 0.9860639489450038 4.500000000000002
    vertex -2.944387364909135 1.892242861094591 4.621866303161463
    vertex -2.944387364909135 1.892242861094591 3.702018301661664
  endloop
endfacet
facet normal -0.540641 0.841254 1.46247e-17
  outer loop
    vertex -1.453952545506604 3.183711983740813 5.297981698338338
    vertex -1.453952545506604 3.183711983740814 4.378133696838539
    vertex -2.292012568808499 2.645123510239903 4.500000000000001
  endloop
endfacet
facet normal -0.540641 0.841254 0
  outer loop
    vertex -1.453952545506604 3.183711983740814 4.378133696838539
    vertex -2.292012568808499 2.645123510239903 3.580151998500201
    vertex -2.292012568808499 2.645123510239903 4.500000000000001
  endloop
endfacet
facet normal -0.540641 0.841254 0
  outer loop
    vertex -1.453952545506604 3.183711983740814 4.378133696838539
    vertex -1.453952545506604 3.183711983740814 3.45828569533874
    vertex -2.292012568808499 2.645123510239903 3.580151998500201
  endloop
endfacet
facet normal -0.75575 0.654861 0
  outer loop
    vertex -2.292012568808499 2.645123510239903 4.500000000000001
    vertex -2.292012568808499 2.645123510239903 3.580151998500201
    vertex -2.944387364909135 1.892242861094591 3.702018301661664
  endloop
endfacet
facet normal -0.75575 0.654861 0
  outer loop
    vertex -2.944387364909135 1.892242861094591 3.702018301661664
    vertex -2.944387364909135 1.892242861094591 4.621866303161463
    vertex -2.292012568808499 2.645123510239903 4.500000000000001
  endloop
endfacet
facet normal -0.75575 0.654861 0
  outer loop
    vertex -2.944387364909135 1.892242861094591 4.621866303161463
    vertex -2.292012568808499 2.645123510239903 5.4198480014998
    vertex -2.292012568808499 2.645123510239903 4.500000000000001
  endloop
endfacet
facet normal -0.75575 0.654861 8.99764e-16
  outer loop
    vertex -2.944387364909135 1.892242861094591 4.621866303161463
    vertex -2.944387364909135 1.892242861094589 5.541714304661262
    vertex -2.292012568808499 2.645123510239903 5.4198480014998
  endloop
endfacet
facet normal -0.540641 0.841254 0
  outer loop
    vertex -2.292012568808499 2.645123510239903 4.500000000000001
    vertex -2.292012568808499 2.645123510239903 5.4198480014998
    vertex -1.453952545506604 3.183711983740813 5.297981698338338
  endloop
endfacet
facet normal -0.989821 -0.142315 -2.40476e-16
  outer loop
    vertex -3.5 -1.125685854773646e-15 5.297981698338339
    vertex -3.5 4.286263797015736e-16 4.378133696838539
    vertex -3.358225407650741 -0.9860639489450045 4.500000000000002
  endloop
endfacet
facet normal -0.989821 -0.142315 2.42313e-16
  outer loop
    vertex -3.5 4.286263797015736e-16 4.378133696838539
    vertex -3.358225407650741 -0.9860639489450029 3.580151998500201
    vertex -3.358225407650741 -0.9860639489450045 4.500000000000002
  endloop
endfacet
facet normal -0.989821 -0.142315 -0
  outer loop
    vertex -3.5 4.286263797015736e-16 4.378133696838539
    vertex -3.5 4.286263797015736e-16 3.45828569533874
    vertex -3.358225407650741 -0.9860639489450029 3.580151998500201
  endloop
endfacet
facet normal -0.909632 -0.415415 -2.6279e-16
  outer loop
    vertex -3.358225407650741 -0.9860639489450045 4.500000000000002
    vertex -3.358225407650741 -0.9860639489450029 3.580151998500201
    vertex -2.944387364909134 -1.892242861094591 3.702018301661664
  endloop
endfacet
facet normal -0.909632 -0.415415 6.22337e-17
  outer loop
    vertex -2.944387364909134 -1.892242861094591 3.702018301661664
    vertex -2.944387364909135 -1.89224286109459 4.621866303161463
    vertex -3.358225407650741 -0.9860639489450045 4.500000000000002
  endloop
endfacet
facet normal -0.909632 -0.415415 0
  outer loop
    vertex -2.944387364909135 -1.89224286109459 4.621866303161463
    vertex -3.358225407650741 -0.9860639489450045 5.4198480014998
    vertex -3.358225407650741 -0.9860639489450045 4.500000000000002
  endloop
endfacet
facet normal -0.909632 -0.415415 -6.22337e-17
  outer loop
    vertex -2.944387364909135 -1.89224286109459 4.621866303161463
    vertex -2.944387364909134 -1.892242861094591 5.541714304661261
    vertex -3.358225407650741 -0.9860639489450045 5.4198480014998
  endloop
endfacet
facet normal -0.989821 -0.142315 0
  outer loop
    vertex -3.358225407650741 -0.9860639489450045 4.500000000000002
    vertex -3.358225407650741 -0.9860639489450045 5.4198480014998
    vertex -3.5 -1.125685854773646e-15 5.297981698338339
  endloop
endfacet
facet normal -0.75575 -0.654861 0
  outer loop
    vertex -2.944387364909134 -1.892242861094591 3.702018301661664
    vertex -2.292012568808498 -2.645123510239904 3.580151998500201
    vertex -2.292012568808498 -2.645123510239904 4.500000000000001
  endloop
endfacet
facet normal -0.540641 -0.841254 0
  outer loop
    vertex -2.292012568808498 -2.645123510239904 3.580151998500201
    vertex -1.453952545506602 -3.183711983740815 4.378133696838539
    vertex -2.292012568808498 -2.645123510239904 4.500000000000001
  endloop
endfacet
facet normal -0.540641 -0.841254 0
  outer loop
    vertex -2.292012568808498 -2.645123510239904 3.580151998500201
    vertex -1.453952545506602 -3.183711983740815 3.45828569533874
    vertex -1.453952545506602 -3.183711983740815 4.378133696838539
  endloop
endfacet
facet normal -0.540641 -0.841254 0
  outer loop
    vertex -2.292012568808498 -2.645123510239904 4.500000000000001
    vertex -1.453952545506602 -3.183711983740815 4.378133696838539
    vertex -1.453952545506602 -3.183711983740815 5.297981698338338
  endloop
endfacet
facet normal -0.540641 -0.841254 0
  outer loop
    vertex -1.453952545506602 -3.183711983740815 5.297981698338338
    vertex -2.292012568808498 -2.645123510239904 5.419848001499799
    vertex -2.292012568808498 -2.645123510239904 4.500000000000001
  endloop
endfacet
facet normal -0.75575 -0.654861 -0
  outer loop
    vertex -2.292012568808498 -2.645123510239904 5.419848001499799
    vertex -2.944387364909135 -1.89224286109459 4.621866303161463
    vertex -2.292012568808498 -2.645123510239904 4.500000000000001
  endloop
endfacet
facet normal -0.75575 -0.654861 -4.24047e-16
  outer loop
    vertex -2.292012568808498 -2.645123510239904 5.419848001499799
    vertex -2.944387364909134 -1.892242861094591 5.541714304661261
    vertex -2.944387364909135 -1.89224286109459 4.621866303161463
  endloop
endfacet
facet normal -0.75575 -0.654861 4.24047e-16
  outer loop
    vertex -2.292012568808498 -2.645123510239904 4.500000000000001
    vertex -2.944387364909135 -1.89224286109459 4.621866303161463
    vertex -2.944387364909134 -1.892242861094591 3.702018301661664
  endloop
endfacet
facet normal -4.45781e-16 1 0
  outer loop
    vertex 0.4981019339564964 3.464375046583265 3.702018301661664
    vertex -0.4981019339564998 3.464375046583264 3.580151998500202
    vertex -0.4981019339564998 3.464375046583264 4.500000000000002
  endloop
endfacet
facet normal -0.281733 0.959493 0
  outer loop
    vertex -0.4981019339564998 3.464375046583264 3.580151998500202
    vertex -1.453952545506604 3.183711983740814 4.378133696838539
    vertex -0.4981019339564998 3.464375046583264 4.500000000000002
  endloop
endfacet
facet normal -0.281733 0.959493 0
  outer loop
    vertex -0.4981019339564998 3.464375046583264 3.580151998500202
    vertex -1.453952545506604 3.183711983740814 3.45828569533874
    vertex -1.453952545506604 3.183711983740814 4.378133696838539
  endloop
endfacet
facet normal -0.281733 0.959493 2.42313e-16
  outer loop
    vertex -0.4981019339564998 3.464375046583264 4.500000000000002
    vertex -1.453952545506604 3.183711983740814 4.378133696838539
    vertex -1.453952545506604 3.183711983740813 5.297981698338338
  endloop
endfacet
facet normal -0.279835 0.960045 0.00246706
  outer loop
    vertex -1.453952545506604 3.183711983740813 5.297981698338338
    vertex -0.4818958082028594 3.466666472280902 5.446540142573623
    vertex -0.4981019339564998 3.464375046583264 4.500000000000002
  endloop
endfacet
facet normal 0.00270019 0.999993 -0.00246706
  outer loop
    vertex -0.4818958082028594 3.466666472280902 5.446540142573623
    vertex 0.5142971669672349 3.462007860194641 4.648558444235286
    vertex -0.4981019339564998 3.464375046583264 4.500000000000002
  endloop
endfacet
facet normal 0.00665249 0.999975 0.00246706
  outer loop
    vertex -0.4818958082028594 3.466666472280902 5.446540142573623
    vertex 0.5304811530695936 3.45956496488185 5.595098586808908
    vertex 0.5142971669672349 3.462007860194641 4.648558444235286
  endloop
endfacet
facet normal 0.00197617 0.999995 0.00246706
  outer loop
    vertex -0.4981019339564998 3.464375046583264 4.500000000000002
    vertex 0.5142971669672349 3.462007860194641 4.648558444235286
    vertex 0.4981019339564964 3.464375046583265 3.702018301661664
  endloop
endfacet
facet normal 0.28455 0.958651 -0.00438359
  outer loop
    vertex 0.4981019339564964 3.464375046583265 3.702018301661664
    vertex 1.447786990271 3.186520489625328 4.584292340341442
    vertex 1.475195431431362 3.173924768970437 3.608877327380792
  endloop
endfacet
facet normal 0.542154 0.840268 0.00438359
  outer loop
    vertex 1.447786990271 3.186520489625328 4.584292340341442
    vertex 2.304542762228789 2.634213859400733 4.491151366060571
    vertex 1.475195431431362 3.173924768970437 3.608877327380792
  endloop
endfacet
facet normal 0.541481 0.840702 -0.00438359
  outer loop
    vertex 1.447786990271 3.186520489625328 4.584292340341442
    vertex 2.281754880880976 2.653977140741014 5.46656637902122
    vertex 2.304542762228789 2.634213859400733 4.491151366060571
  endloop
endfacet
facet normal 0.548706 0.836004 -0.00438359
  outer loop
    vertex 1.475195431431362 3.173924768970437 3.608877327380792
    vertex 2.304542762228789 2.634213859400733 4.491151366060571
    vertex 2.327159472519948 2.614254920519549 3.515736353099921
  endloop
endfacet
facet normal 0.282892 0.959149 -0.00244154
  outer loop
    vertex 0.4981019339564964 3.464375046583265 3.702018301661664
    vertex 0.5142971669672349 3.462007860194641 4.648558444235286
    vertex 1.447786990271 3.186520489625328 4.584292340341442
  endloop
endfacet
facet normal 0.283201 0.959058 0.00244154
  outer loop
    vertex 0.5142971669672349 3.462007860194641 4.648558444235286
    vertex 1.462672490089117 3.17971526818621 5.530832482915065
    vertex 1.447786990271 3.186520489625328 4.584292340341442
  endloop
endfacet
facet normal 0.287374 0.957815 -0.00244154
  outer loop
    vertex 0.5142971669672349 3.462007860194641 4.648558444235286
    vertex 0.5304811530695936 3.45956496488185 5.595098586808908
    vertex 1.462672490089117 3.17971526818621 5.530832482915065
  endloop
endfacet
facet normal 0.540028 0.841644 -0.00244154
  outer loop
    vertex 1.447786990271 3.186520489625328 4.584292340341442
    vertex 1.462672490089117 3.17971526818621 5.530832482915065
    vertex 2.281754880880976 2.653977140741014 5.46656637902122
  endloop
endfacet
facet normal -0.281733 -0.959493 -0
  outer loop
    vertex -1.453952545506602 -3.183711983740815 5.297981698338338
    vertex -1.453952545506602 -3.183711983740815 4.378133696838539
    vertex -0.4981019339564983 -3.464375046583264 4.500000000000002
  endloop
endfacet
facet normal -0.281733 -0.959493 0
  outer loop
    vertex -1.453952545506602 -3.183711983740815 4.378133696838539
    vertex -0.4981019339564983 -3.464375046583264 3.580151998500202
    vertex -0.4981019339564983 -3.464375046583264 4.500000000000002
  endloop
endfacet
facet normal -0.281733 -0.959493 -0
  outer loop
    vertex -1.453952545506602 -3.183711983740815 4.378133696838539
    vertex -1.453952545506602 -3.183711983740815 3.45828569533874
    vertex -0.4981019339564983 -3.464375046583264 3.580151998500202
  endloop
endfacet
facet normal 0 -1 0
  outer loop
    vertex -0.4981019339564983 -3.464375046583264 4.500000000000002
    vertex -0.4981019339564983 -3.464375046583264 3.580151998500202
    vertex 0.4981019339565002 -3.464375046583264 3.702018301661664
  endloop
endfacet
facet normal 0.00197617 -0.999995 0.00246706
  outer loop
    vertex 0.4981019339565002 -3.464375046583264 3.702018301661664
    vertex 0.5142971669705433 -3.46200786019415 4.648558444234098
    vertex -0.4981019339564983 -3.464375046583264 4.500000000000002
  endloop
endfacet
facet normal 0.00270019 -0.999993 -0.00246706
  outer loop
    vertex 0.5142971669705433 -3.46200786019415 4.648558444234098
    vertex -0.4818958081995487 -3.466666472281362 5.446540142572435
    vertex -0.4981019339564983 -3.464375046583264 4.500000000000002
  endloop
endfacet
facet normal 0.00665249 -0.999975 0.00246706
  outer loop
    vertex 0.5142971669705433 -3.46200786019415 4.648558444234098
    vertex 0.5304811530762022 -3.459564964880836 5.595098586806532
    vertex -0.4818958081995487 -3.466666472281362 5.446540142572435
  endloop
endfacet
facet normal -0.279835 -0.960045 0.00246706
  outer loop
    vertex -0.4981019339564983 -3.464375046583264 4.500000000000002
    vertex -0.4818958081995487 -3.466666472281362 5.446540142572435
    vertex -1.453952545506602 -3.183711983740815 5.297981698338338
  endloop
endfacet
facet normal 0.548479 -0.836153 -0.00428913
  outer loop
    vertex 2.32618076396871 -2.615125819791841 3.516195192521079
    vertex 2.304049713675978 -2.634645121626373 4.491380785767642
    vertex 1.47460138740996 -3.174200804651246 3.609106747091372
  endloop
endfacet
facet normal 0.542068 -0.840324 0.00428913
  outer loop
    vertex 2.304049713675978 -2.634645121626373 4.491380785767642
    vertex 1.447786990280556 -3.186520489620986 4.584292340337935
    vertex 1.47460138740996 -3.174200804651246 3.609106747091372
  endloop
endfacet
facet normal 0.54141 -0.840748 -0.00428913
  outer loop
    vertex 2.304049713675978 -2.634645121626373 4.491380785767642
    vertex 2.281754880896893 -2.653977140727328 5.466566379014207
    vertex 1.447786990280556 -3.186520489620986 4.584292340337935
  endloop
endfacet
facet normal 0.28447 -0.958675 -0.00428913
  outer loop
    vertex 1.47460138740996 -3.174200804651246 3.609106747091372
    vertex 1.447786990280556 -3.186520489620986 4.584292340337935
    vertex 0.4981019339565002 -3.464375046583264 3.702018301661664
  endloop
endfacet
facet normal 0.540028 -0.841644 -0.00244154
  outer loop
    vertex 2.281754880896893 -2.653977140727328 5.466566379014207
    vertex 1.462672490101688 -3.179715268180427 5.53083248291037
    vertex 1.447786990280556 -3.186520489620986 4.584292340337935
  endloop
endfacet
facet normal 0.283201 -0.959058 0.00244154
  outer loop
    vertex 1.462672490101688 -3.179715268180427 5.53083248291037
    vertex 0.5142971669705433 -3.46200786019415 4.648558444234098
    vertex 1.447786990280556 -3.186520489620986 4.584292340337935
  endloop
endfacet
facet normal 0.287374 -0.957815 -0.00244154
  outer loop
    vertex 1.462672490101688 -3.179715268180427 5.53083248291037
    vertex 0.5304811530762022 -3.459564964880836 5.595098586806532
    vertex 0.5142971669705433 -3.46200786019415 4.648558444234098
  endloop
endfacet
facet normal 0.282892 -0.959149 -0.00244154
  outer loop
    vertex 1.447786990280556 -3.186520489620986 4.584292340337935
    vertex 0.5142971669705433 -3.46200786019415 4.648558444234098
    vertex 0.4981019339565002 -3.464375046583264 3.702018301661664
  endloop
endfacet
facet normal 0 0 1
  outer loop
    vertex 2.944387364909133 1.892242861094593 7
    vertex 2.444884400579308 0.9521359418672465 7
    vertex 3.358225407650741 0.9860639489450048 7
  endloop
endfacet
facet normal -0 0 1
  outer loop
    vertex 2.444884400579308 0.9521359418672465 7
    vertex 2.722690718124741 0.006014511319949977 7
    vertex 3.358225407650741 0.9860639489450048 7
  endloop
endfacet
facet normal 0 0 1
  outer loop
    vertex 2.444884400579308 0.9521359418672465 7
    vertex 1.945381436249482 0.01202902263989995 7
    vertex 2.722690718124741 0.006014511319949977 7
  endloop
endfacet
facet normal 0 0 1
  outer loop
    vertex 3.358225407650741 0.9860639489450048 7
    vertex 2.722690718124741 0.006014511319949977 7
    vertex 3.5 -8.572527594031472e-16 7
  endloop
endfacet
facet normal 0 0 1
  outer loop
    vertex 3.5 -8.572527594031472e-16 7
    vertex 2.722690718124741 0.006014511319949977 7
    vertex 3.358225407650741 -0.9860639489450043 7
  endloop
endfacet
facet normal 0 0 1
  outer loop
    vertex 2.722690718124741 0.006014511319949977 7
    vertex 2.444884400579308 -0.9401069192273457 7
    vertex 3.358225407650741 -0.9860639489450043 7
  endloop
endfacet
facet normal 0 0 1
  outer loop
    vertex 2.722690718124741 0.006014511319949977 7
    vertex 1.945381436249482 0.01202902263989995 7
    vertex 2.444884400579308 -0.9401069192273457 7
  endloop
endfacet
facet normal 0 0 1
  outer loop
    vertex 3.358225407650741 -0.9860639489450043 7
    vertex 2.444884400579308 -0.9401069192273457 7
    vertex 2.944387364909134 -1.892242861094591 7
  endloop
endfacet
facet normal 0 0 1
  outer loop
    vertex 1.453952545506601 3.183711983740815 7
    vertex 1.32562821691161 2.282737164815788 7
    vertex 2.292012568808496 2.645123510239905 7
  endloop
endfacet
facet normal -0 0 1
  outer loop
    vertex 1.32562821691161 2.282737164815788 7
    vertex 2.070845626612876 1.637002603492677 7
    vertex 2.292012568808496 2.645123510239905 7
  endloop
endfacet
facet normal 0 0 1
  outer loop
    vertex 1.32562821691161 2.282737164815788 7
    vertex 1.197303888316618 1.381762345890762 7
    vertex 2.070845626612876 1.637002603492677 7
  endloop
endfacet
facet normal 0 0 1
  outer loop
    vertex 2.292012568808496 2.645123510239905 7
    vertex 2.070845626612876 1.637002603492677 7
    vertex 2.944387364909133 1.892242861094593 7
  endloop
endfacet
facet normal -0 0 1
  outer loop
    vertex 1.197303888316618 1.381762345890762 7
    vertex 1.57134266228305 0.6968956842653309 7
    vertex 2.070845626612876 1.637002603492677 7
  endloop
endfacet
facet normal 0 0 1
  outer loop
    vertex 1.57134266228305 0.6968956842653309 7
    vertex 2.444884400579308 0.9521359418672465 7
    vertex 2.070845626612876 1.637002603492677 7
  endloop
endfacet
facet normal -0 0 1
  outer loop
    vertex 1.57134266228305 0.6968956842653309 7
    vertex 1.945381436249482 0.01202902263989995 7
    vertex 2.444884400579308 0.9521359418672465 7
  endloop
endfacet
facet normal -0 0 1
  outer loop
    vertex 2.070845626612876 1.637002603492677 7
    vertex 2.444884400579308 0.9521359418672465 7
    vertex 2.944387364909133 1.892242861094593 7
  endloop
endfacet
facet normal -0 0 1
  outer loop
    vertex -0.4981019339564998 3.464375046583264 7
    vertex -0.389150558727847 2.706601587173173 7
    vertex 0.4981019339564964 3.464375046583265 7
  endloop
endfacet
facet normal -0 0 1
  outer loop
    vertex -0.389150558727847 2.706601587173173 7
    vertex 0.5868766810037034 2.566270055751948 7
    vertex 0.4981019339564964 3.464375046583265 7
  endloop
endfacet
facet normal 0 0 1
  outer loop
    vertex -0.389150558727847 2.706601587173173 7
    vertex -0.2801991834991943 1.948828127763081 7
    vertex 0.5868766810037034 2.566270055751948 7
  endloop
endfacet
facet normal 0 0 1
  outer loop
    vertex 0.4981019339564964 3.464375046583265 7
    vertex 0.5868766810037034 2.566270055751948 7
    vertex 1.453952545506601 3.183711983740815 7
  endloop
endfacet
facet normal 0 0 1
  outer loop
    vertex 1.453952545506601 3.183711983740815 7
    vertex 0.5868766810037034 2.566270055751948 7
    vertex 1.32562821691161 2.282737164815788 7
  endloop
endfacet
facet normal 0 0 1
  outer loop
    vertex 0.5868766810037034 2.566270055751948 7
    vertex 0.4585523524087118 1.665295236826922 7
    vertex 1.32562821691161 2.282737164815788 7
  endloop
endfacet
facet normal 0 0 1
  outer loop
    vertex 0.5868766810037034 2.566270055751948 7
    vertex -0.2801991834991943 1.948828127763081 7
    vertex 0.4585523524087118 1.665295236826922 7
  endloop
endfacet
facet normal 0 0 1
  outer loop
    vertex 1.32562821691161 2.282737164815788 7
    vertex 0.4585523524087118 1.665295236826922 7
    vertex 1.197303888316618 1.381762345890762 7
  endloop
endfacet
facet normal -0 0 1
  outer loop
    vertex -2.292012568808499 2.645123510239903 7
    vertex -1.286105876153846 2.296975819001492 7
    vertex -1.453952545506604 3.183711983740814 7
  endloop
endfacet
facet normal 0 -0 1
  outer loop
    vertex -1.286105876153846 2.296975819001492 7
    vertex -0.389150558727847 2.706601587173173 7
    vertex -1.453952545506604 3.183711983740814 7
  endloop
endfacet
facet normal -0 0 1
  outer loop
    vertex -1.286105876153846 2.296975819001492 7
    vertex -0.2801991834991943 1.948828127763081 7
    vertex -0.389150558727847 2.706601587173173 7
  endloop
endfacet
facet normal -0 0 1
  outer loop
    vertex -1.453952545506604 3.183711983740814 7
    vertex -0.389150558727847 2.706601587173173 7
    vertex -0.4981019339564998 3.464375046583264 7
  endloop
endfacet
facet normal -0 0 1
  outer loop
    vertex -3.358225407650741 0.9860639489450023 7
    vertex -2.469402240364829 0.9821686707176824 7
    vertex -2.944387364909135 1.892242861094591 7
  endloop
endfacet
facet normal 0 -0 1
  outer loop
    vertex -2.469402240364829 0.9821686707176824 7
    vertex -1.936295820943708 1.811698451365133 7
    vertex -2.944387364909135 1.892242861094591 7
  endloop
endfacet
facet normal -0 0 1
  outer loop
    vertex -2.469402240364829 0.9821686707176824 7
    vertex -1.580579073078917 0.9782733924903625 7
    vertex -1.936295820943708 1.811698451365133 7
  endloop
endfacet
facet normal -0 0 1
  outer loop
    vertex -2.944387364909135 1.892242861094591 7
    vertex -1.936295820943708 1.811698451365133 7
    vertex -2.292012568808499 2.645123510239903 7
  endloop
endfacet
facet normal 0 -0 1
  outer loop
    vertex -1.580579073078917 0.9782733924903625 7
    vertex -0.9303891282890555 1.463550760126722 7
    vertex -1.936295820943708 1.811698451365133 7
  endloop
endfacet
facet normal 0 0 1
  outer loop
    vertex -0.9303891282890555 1.463550760126722 7
    vertex -1.286105876153846 2.296975819001492 7
    vertex -1.936295820943708 1.811698451365133 7
  endloop
endfacet
facet normal 0 -0 1
  outer loop
    vertex -0.9303891282890555 1.463550760126722 7
    vertex -0.2801991834991943 1.948828127763081 7
    vertex -1.286105876153846 2.296975819001492 7
  endloop
endfacet
facet normal 0 -0 1
  outer loop
    vertex -1.936295820943708 1.811698451365133 7
    vertex -1.286105876153846 2.296975819001492 7
    vertex -2.292012568808499 2.645123510239903 7
  endloop
endfacet
facet normal 0 -0 1
  outer loop
    vertex -3.358225407650741 -0.9860639489450045 7
    vertex -2.593236451958059 -0.7873688827862746 7
    vertex -3.5 -1.125685854773646e-15 7
  endloop
endfacet
facet normal 0 0 1
  outer loop
    vertex -2.593236451958059 -0.7873688827862746 7
    vertex -2.593236451958059 0.1986950661587289 7
    vertex -3.5 -1.125685854773646e-15 7
  endloop
endfacet
facet normal 0 -0 1
  outer loop
    vertex -2.593236451958059 -0.7873688827862746 7
    vertex -1.828247496265377 -0.5886738166275446 7
    vertex -2.593236451958059 0.1986950661587289 7
  endloop
endfacet
facet normal 0 0 1
  outer loop
    vertex -3.5 -1.125685854773646e-15 7
    vertex -2.593236451958059 0.1986950661587289 7
    vertex -3.358225407650741 0.9860639489450023 7
  endloop
endfacet
facet normal 0 0 1
  outer loop
    vertex -3.358225407650741 0.9860639489450023 7
    vertex -2.593236451958059 0.1986950661587289 7
    vertex -2.469402240364829 0.9821686707176824 7
  endloop
endfacet
facet normal -0 0 1
  outer loop
    vertex -2.593236451958059 0.1986950661587289 7
    vertex -1.704413284672147 0.194799787931409 7
    vertex -2.469402240364829 0.9821686707176824 7
  endloop
endfacet
facet normal 0 0 1
  outer loop
    vertex -2.593236451958059 0.1986950661587289 7
    vertex -1.828247496265377 -0.5886738166275446 7
    vertex -1.704413284672147 0.194799787931409 7
  endloop
endfacet
facet normal 0 0 1
  outer loop
    vertex -2.469402240364829 0.9821686707176824 7
    vertex -1.704413284672147 0.194799787931409 7
    vertex -1.580579073078917 0.9782733924903625 7
  endloop
endfacet
facet normal 0 -0 1
  outer loop
    vertex -2.292012568808498 -2.645123510239904 7
    vertex -2.060130032536938 -1.616898663433724 7
    vertex -2.944387364909134 -1.892242861094591 7
  endloop
endfacet
facet normal 0 0 1
  outer loop
    vertex -2.060130032536938 -1.616898663433724 7
    vertex -2.593236451958059 -0.7873688827862746 7
    vertex -2.944387364909134 -1.892242861094591 7
  endloop
endfacet
facet normal 0 -0 1
  outer loop
    vertex -2.060130032536938 -1.616898663433724 7
    vertex -1.828247496265377 -0.5886738166275446 7
    vertex -2.593236451958059 -0.7873688827862746 7
  endloop
endfacet
facet normal 0 -0 1
  outer loop
    vertex -2.944387364909134 -1.892242861094591 7
    vertex -2.593236451958059 -0.7873688827862746 7
    vertex -3.358225407650741 -0.9860639489450045 7
  endloop
endfacet
facet normal 0 -0 1
  outer loop
    vertex -0.4981019339564983 -3.464375046583264 7
    vertex -0.4332477312711663 -2.674812982601212 7
    vertex -1.453952545506602 -3.183711983740815 7
  endloop
endfacet
facet normal 0 0 1
  outer loop
    vertex -0.4332477312711663 -2.674812982601212 7
    vertex -1.330203048697166 -2.265187214429531 7
    vertex -1.453952545506602 -3.183711983740815 7
  endloop
endfacet
facet normal 0 -0 1
  outer loop
    vertex -0.4332477312711663 -2.674812982601212 7
    vertex -0.3683935285858344 -1.885250918619159 7
    vertex -1.330203048697166 -2.265187214429531 7
  endloop
endfacet
facet normal 0 -0 1
  outer loop
    vertex -1.453952545506602 -3.183711983740815 7
    vertex -1.330203048697166 -2.265187214429531 7
    vertex -2.292012568808498 -2.645123510239904 7
  endloop
endfacet
facet normal 0 0 1
  outer loop
    vertex -0.3683935285858344 -1.885250918619159 7
    vertex -1.098320512425606 -1.236962367623352 7
    vertex -1.330203048697166 -2.265187214429531 7
  endloop
endfacet
facet normal 0 0 1
  outer loop
    vertex -1.098320512425606 -1.236962367623352 7
    vertex -2.060130032536938 -1.616898663433724 7
    vertex -1.330203048697166 -2.265187214429531 7
  endloop
endfacet
facet normal 0 0 1
  outer loop
    vertex -1.098320512425606 -1.236962367623352 7
    vertex -1.828247496265377 -0.5886738166275446 7
    vertex -2.060130032536938 -1.616898663433724 7
  endloop
endfacet
facet normal 0 0 1
  outer loop
    vertex -1.330203048697166 -2.265187214429531 7
    vertex -2.060130032536938 -1.616898663433724 7
    vertex -2.292012568808498 -2.645123510239904 7
  endloop
endfacet
facet normal 0 0 1
  outer loop
    vertex 1.453952545506604 -3.183711983740814 7
    vertex 0.5427795084603847 -2.534481451179986 7
    vertex 0.498101933956497 -3.464375046583265 7
  endloop
endfacet
facet normal 0 0 1
  outer loop
    vertex 0.5427795084603847 -2.534481451179986 7
    vertex -0.4332477312711663 -2.674812982601212 7
    vertex 0.498101933956497 -3.464375046583265 7
  endloop
endfacet
facet normal 0 0 1
  outer loop
    vertex 0.5427795084603847 -2.534481451179986 7
    vertex -0.3683935285858344 -1.885250918619159 7
    vertex -0.4332477312711663 -2.674812982601212 7
  endloop
endfacet
facet normal 0 0 1
  outer loop
    vertex 0.498101933956497 -3.464375046583265 7
    vertex -0.4332477312711663 -2.674812982601212 7
    vertex -0.4981019339564983 -3.464375046583264 7
  endloop
endfacet
facet normal 0 0 1
  outer loop
    vertex 2.944387364909134 -1.892242861094591 7
    vertex 2.021323178044335 -1.610944603874694 7
    vertex 2.292012568808499 -2.645123510239904 7
  endloop
endfacet
facet normal 0 0 1
  outer loop
    vertex 2.021323178044335 -1.610944603874694 7
    vertex 1.27610576834307 -2.256679165197806 7
    vertex 2.292012568808499 -2.645123510239904 7
  endloop
endfacet
facet normal 0 0 1
  outer loop
    vertex 2.021323178044335 -1.610944603874694 7
    vertex 1.098258991179537 -1.329646346654797 7
    vertex 1.27610576834307 -2.256679165197806 7
  endloop
endfacet
facet normal 0 0 1
  outer loop
    vertex 2.292012568808499 -2.645123510239904 7
    vertex 1.27610576834307 -2.256679165197806 7
    vertex 1.453952545506604 -3.183711983740814 7
  endloop
endfacet
facet normal 0 0 1
  outer loop
    vertex 1.098258991179537 -1.329646346654797 7
    vertex 0.3649327312968512 -1.607448632636978 7
    vertex 1.27610576834307 -2.256679165197806 7
  endloop
endfacet
facet normal 0 0 1
  outer loop
    vertex 0.3649327312968512 -1.607448632636978 7
    vertex 0.5427795084603847 -2.534481451179986 7
    vertex 1.27610576834307 -2.256679165197806 7
  endloop
endfacet
facet normal 0 0 1
  outer loop
    vertex 0.3649327312968512 -1.607448632636978 7
    vertex -0.3683935285858344 -1.885250918619159 7
    vertex 0.5427795084603847 -2.534481451179986 7
  endloop
endfacet
facet normal 0 0 1
  outer loop
    vertex 1.27610576834307 -2.256679165197806 7
    vertex 0.5427795084603847 -2.534481451179986 7
    vertex 1.453952545506604 -3.183711983740814 7
  endloop
endfacet
facet normal 0 0 1
  outer loop
    vertex 2.944387364909134 -1.892242861094591 7
    vertex 2.444884400579308 -0.9401069192273457 7
    vertex 2.021323178044335 -1.610944603874694 7
  endloop
endfacet
facet normal 0 0 1
  outer loop
    vertex 2.444884400579308 -0.9401069192273457 7
    vertex 1.521820213714509 -0.6588086620074488 7
    vertex 2.021323178044335 -1.610944603874694 7
  endloop
endfacet
facet normal 0 0 1
  outer loop
    vertex 2.444884400579308 -0.9401069192273457 7
    vertex 1.945381436249482 0.01202902263989995 7
    vertex 1.521820213714509 -0.6588086620074488 7
  endloop
endfacet
facet normal 0 0 1
  outer loop
    vertex 2.021323178044335 -1.610944603874694 7
    vertex 1.521820213714509 -0.6588086620074488 7
    vertex 1.098258991179537 -1.329646346654797 7
  endloop
endfacet
facet normal 0 0 1
  outer loop
    vertex -1.580579073078917 0.9782733924903625 7
    vertex -1.704413284672147 0.194799787931409 7
    vertex -0.796314032448224 0.4991657645468981 7
  endloop
endfacet
facet normal -0 0 1
  outer loop
    vertex -1.704413284672147 0.194799787931409 7
    vertex -0.9201482440414541 -0.2843078400120555 7
    vertex -0.796314032448224 0.4991657645468981 7
  endloop
endfacet
facet normal 0 0 1
  outer loop
    vertex -1.704413284672147 0.194799787931409 7
    vertex -1.828247496265377 -0.5886738166275446 7
    vertex -0.9201482440414541 -0.2843078400120555 7
  endloop
endfacet
facet normal 0 0 1
  outer loop
    vertex -0.796314032448224 0.4991657645468981 7
    vertex -0.9201482440414541 -0.2843078400120555 7
    vertex -0.01204899181753127 0.02005813660343363 7
  endloop
endfacet
facet normal 0 0 1
  outer loop
    vertex -0.01204899181753127 0.02005813660343363 7
    vertex -0.1461240876583628 0.9844431321832575 7
    vertex -0.796314032448224 0.4991657645468981 7
  endloop
endfacet
facet normal 0 0 1
  outer loop
    vertex -0.1461240876583628 0.9844431321832575 7
    vertex -0.9303891282890555 1.463550760126722 7
    vertex -0.796314032448224 0.4991657645468981 7
  endloop
endfacet
facet normal 0 0 1
  outer loop
    vertex -0.1461240876583628 0.9844431321832575 7
    vertex -0.2801991834991943 1.948828127763081 7
    vertex -0.9303891282890555 1.463550760126722 7
  endloop
endfacet
facet normal 0 0 1
  outer loop
    vertex -0.796314032448224 0.4991657645468981 7
    vertex -0.9303891282890555 1.463550760126722 7
    vertex -1.580579073078917 0.9782733924903625 7
  endloop
endfacet
facet normal 0 0 1
  outer loop
    vertex 1.098258991179537 -1.329646346654797 7
    vertex 0.5431049996810028 -0.6547941050256819 7
    vertex 0.3649327312968512 -1.607448632636978 7
  endloop
endfacet
facet normal 0 0 1
  outer loop
    vertex 0.5431049996810028 -0.6547941050256819 7
    vertex -0.1902212602016828 -0.9325963910078626 7
    vertex 0.3649327312968512 -1.607448632636978 7
  endloop
endfacet
facet normal 0 0 1
  outer loop
    vertex 0.5431049996810028 -0.6547941050256819 7
    vertex -0.01204899181753127 0.02005813660343363 7
    vertex -0.1902212602016828 -0.9325963910078626 7
  endloop
endfacet
facet normal 0 0 1
  outer loop
    vertex 0.3649327312968512 -1.607448632636978 7
    vertex -0.1902212602016828 -0.9325963910078626 7
    vertex -0.3683935285858344 -1.885250918619159 7
  endloop
endfacet
facet normal 0 -0 1
  outer loop
    vertex 1.098258991179537 -1.329646346654797 7
    vertex 1.521820213714509 -0.6588086620074488 7
    vertex 0.5431049996810028 -0.6547941050256819 7
  endloop
endfacet
facet normal 0 0 1
  outer loop
    vertex 1.521820213714509 -0.6588086620074488 7
    vertex 0.9666662222159752 0.01604357962166679 7
    vertex 0.5431049996810028 -0.6547941050256819 7
  endloop
endfacet
facet normal 0 -0 1
  outer loop
    vertex 1.521820213714509 -0.6588086620074488 7
    vertex 1.945381436249482 0.01202902263989995 7
    vertex 0.9666662222159752 0.01604357962166679 7
  endloop
endfacet
facet normal 0 -0 1
  outer loop
    vertex 0.5431049996810028 -0.6547941050256819 7
    vertex 0.9666662222159752 0.01604357962166679 7
    vertex -0.01204899181753127 0.02005813660343363 7
  endloop
endfacet
facet normal -0 0 1
  outer loop
    vertex -0.01204899181753127 0.02005813660343363 7
    vertex 0.9666662222159752 0.01604357962166679 7
    vertex 0.5926274482495433 0.7009102412470977 7
  endloop
endfacet
facet normal 0 -0 1
  outer loop
    vertex 0.9666662222159752 0.01604357962166679 7
    vertex 1.57134266228305 0.6968956842653309 7
    vertex 0.5926274482495433 0.7009102412470977 7
  endloop
endfacet
facet normal -0 0 1
  outer loop
    vertex 0.9666662222159752 0.01604357962166679 7
    vertex 1.945381436249482 0.01202902263989995 7
    vertex 1.57134266228305 0.6968956842653309 7
  endloop
endfacet
facet normal -0 0 1
  outer loop
    vertex 0.5926274482495433 0.7009102412470977 7
    vertex 1.57134266228305 0.6968956842653309 7
    vertex 1.197303888316618 1.381762345890762 7
  endloop
endfacet
facet normal 0 0 1
  outer loop
    vertex 1.197303888316618 1.381762345890762 7
    vertex 0.4585523524087118 1.665295236826922 7
    vertex 0.5926274482495433 0.7009102412470977 7
  endloop
endfacet
facet normal 0 0 1
  outer loop
    vertex 0.4585523524087118 1.665295236826922 7
    vertex -0.1461240876583628 0.9844431321832575 7
    vertex 0.5926274482495433 0.7009102412470977 7
  endloop
endfacet
facet normal 0 0 1
  outer loop
    vertex 0.4585523524087118 1.665295236826922 7
    vertex -0.2801991834991943 1.948828127763081 7
    vertex -0.1461240876583628 0.9844431321832575 7
  endloop
endfacet
facet normal 0 0 1
  outer loop
    vertex 0.5926274482495433 0.7009102412470977 7
    vertex -0.1461240876583628 0.9844431321832575 7
    vertex -0.01204899181753127 0.02005813660343363 7
  endloop
endfacet
facet normal 0 0 1
  outer loop
    vertex -0.01204899181753127 0.02005813660343363 7
    vertex -0.9201482440414541 -0.2843078400120555 7
    vertex -0.1902212602016828 -0.9325963910078626 7
  endloop
endfacet
facet normal 0 0 1
  outer loop
    vertex -0.9201482440414541 -0.2843078400120555 7
    vertex -1.098320512425606 -1.236962367623352 7
    vertex -0.1902212602016828 -0.9325963910078626 7
  endloop
endfacet
facet normal 0 0 1
  outer loop
    vertex -0.9201482440414541 -0.2843078400120555 7
    vertex -1.828247496265377 -0.5886738166275446 7
    vertex -1.098320512425606 -1.236962367623352 7
  endloop
endfacet
facet normal 0 0 1
  outer loop
    vertex -0.1902212602016828 -0.9325963910078626 7
    vertex -1.098320512425606 -1.236962367623352 7
    vertex -0.3683935285858344 -1.885250918619159 7
  endloop
endfacet
endsolid Created by Gmsh
