$MeshFormat
4.1 0 8
$EndMeshFormat
$Entities
6 9 7 1
1 7 -1.714505518806294e-15 0.5 0 
2 7 -1.714505518806294e-15 0 0 
3 4 -9.797174393178826e-16 0.5 0 
4 4 -9.797174393178826e-16 2 0 
5 3.5 -8.572527594031472e-16 2 0 
6 3.5 -8.572527594031472e-16 7 0 
1 -7.0000001 -7.0000001 0.4999999 7.0000001 7.0000001 0.5000000999999999 0 2 1 -1 
2 6.9999999 -1.000000017145055e-07 -9.999999997511999e-08 7.0000001 9.999999828549448e-08 0.5000000999999999 0 2 2 -1 
3 -7.0000001 -7.0000001 -1e-07 7.0000001 7.0000001 1e-07 0 2 2 -2 
4 -4.0000001 -4.0000001 0.4999999 4.0000001 4.0000001 0.5000000999999999 0 2 3 -3 
5 -4.0000001 -4.0000001 1.9999999 4.0000001 4.0000001 2.0000001 0 2 4 -4 
6 3.9999999 -1.000000009797174e-07 0.4999998999999999 4.0000001 9.999999902028255e-08 2.0000001 0 2 3 -4 
7 -3.5000001 -3.5000001 1.9999999 3.5000001 3.5000001 2.0000001 0 2 5 -5 
8 3.4999999 -1.000000008572528e-07 1.9999999 3.5000001 9.999999914274724e-08 7.0000001 0 2 5 -6 
9 -3.5000001 -3.5000001 6.9999999 3.5000001 3.5000001 7.0000001 0 2 6 -6 
1 -7.0000001 -7.0000001 -9.999999997511999e-08 7.0000001 7.0000001 0.5000000999999999 0 4 -1 -2 3 2 
2 -7.0000001 -7.0000001 0.4999999 7.0000001 7.0000001 0.5000000999999999 0 2 1 -4 
3 -7.0000001 -7.0000001 -1e-07 7.0000001 7.0000001 1e-07 0 1 3 
4 -4.0000001 -4.0000001 0.4999998999999999 4.0000001 4.0000001 2.0000001 0 4 -5 -6 4 6 
5 -4.0000001 -4.0000001 1.9999999 4.0000001 4.0000001 2.0000001 0 2 5 -7 
6 -3.5000001 -3.5000001 1.9999999 3.5000001 3.5000001 7.0000001 0 4 8 -9 -8 7 
7 -3.5000001 -3.5000001 6.9999999 3.5000001 3.5000001 7.0000001 0 1 9 
1 -7.0000001 -7.0000001 -9.999999983634211e-08 7.0000001 7.0000001 7.0000001 0 7 1 2 -3 4 5 6 7 
$EndEntities
$Nodes
23 1107 1 1107
0 1 0 1
1
7 -1.714505518806294e-15 0.5
0 2 0 1
2
7 -1.714505518806294e-15 0
0 3 0 1
3
4 -9.797174393178826e-16 0.5
0 4 0 1
4
4 -9.797174393178826e-16 2
0 5 0 1
5
3.5 -8.572527594031472e-16 2
0 6 0 1
6
3.5 -8.572527594031472e-16 7
1 1 0 41
7
8
9
10
11
12
13
14
15
16
17
18
19
20
21
22
23
24
25
26
27
28
29
30
31
32
33
34
35
36
37
38
39
40
41
42
43
44
45
46
47
6.9218157835759 1.043295863233222 0.5
6.689009640502984 2.063286220876331 0.5
6.306782075316932 3.03718617382291 0.5
5.783671420211962 3.943240406445358 0.5
5.131363102808781 4.761209164396439 0.5
4.364428613011131 5.472820377276212 0.5
3.499999999999996 6.062177826491072 0.5
2.557387170564762 6.516116240509431 0.5
1.557646537694197 6.824495385272766 0.5
0.5231106551049661 6.980426580268261 0.5
-0.523110655104973 6.980426580268261 0.5
-1.557646537694203 6.824495385272765 0.5
-2.557387170564768 6.516116240509428 0.5
-3.500000000000004 6.062177826491068 0.5
-4.364428613011137 5.472820377276207 0.5
-5.131363102808787 4.761209164396433 0.5
-5.783671420211967 3.943240406445351 0.5
-6.306782075316937 3.037186173822902 0.5
-6.689009640502986 2.063286220876326 0.5
-6.921815783575901 1.043295863233217 0.5
-7 -2.251371709547291e-15 0.5
-6.9218157835759 -1.043295863233224 0.5
-6.689009640502984 -2.063286220876331 0.5
-6.306782075316933 -3.037186173822909 0.5
-5.783671420211962 -3.943240406445357 0.5
-5.131363102808784 -4.761209164396436 0.5
-4.364428613011136 -5.472820377276208 0.5
-3.499999999999997 -6.062177826491071 0.5
-2.557387170564759 -6.516116240509432 0.5
-1.557646537694196 -6.824495385272766 0.5
-0.5231106551049669 -6.980426580268261 0.5
0.5231106551049706 -6.980426580268261 0.5
1.557646537694199 -6.824495385272765 0.5
2.557387170564767 -6.516116240509429 0.5
3.500000000000006 -6.062177826491067 0.5
4.364428613011138 -5.472820377276205 0.5
5.131363102808786 -4.761209164396434 0.5
5.783671420211965 -3.943240406445354 0.5
6.306782075316933 -3.037186173822908 0.5
6.689009640502985 -2.063286220876327 0.5
6.9218157835759 -1.043295863233221 0.5
1 2 0 1
48
7 -1.714505518806294e-15 0.25
1 3 0 41
49
50
51
52
53
54
55
56
57
58
59
60
61
62
63
64
65
66
67
68
69
70
71
72
73
74
75
76
77
78
79
80
81
82
83
84
85
86
87
88
89
6.9218157835759 1.043295863233222 0
6.689009640502984 2.063286220876331 0
6.306782075316932 3.03718617382291 0
5.783671420211962 3.943240406445358 0
5.131363102808781 4.761209164396439 0
4.364428613011131 5.472820377276212 0
3.499999999999996 6.062177826491072 0
2.557387170564762 6.516116240509431 0
1.557646537694197 6.824495385272766 0
0.5231106551049661 6.980426580268261 0
-0.523110655104973 6.980426580268261 0
-1.557646537694203 6.824495385272765 0
-2.557387170564768 6.516116240509428 0
-3.500000000000004 6.062177826491068 0
-4.364428613011137 5.472820377276207 0
-5.131363102808787 4.761209164396433 0
-5.783671420211967 3.943240406445351 0
-6.306782075316937 3.037186173822902 0
-6.689009640502986 2.063286220876326 0
-6.921815783575901 1.043295863233217 0
-7 -2.251371709547291e-15 0
-6.9218157835759 -1.043295863233224 0
-6.689009640502984 -2.063286220876331 0
-6.306782075316933 -3.037186173822909 0
-5.783671420211962 -3.943240406445357 0
-5.131363102808784 -4.761209164396436 0
-4.364428613011136 -5.472820377276208 0
-3.499999999999997 -6.062177826491071 0
-2.557387170564759 -6.516116240509432 0
-1.557646537694196 -6.824495385272766 0
-0.5231106551049669 -6.980426580268261 0
0.5231106551049706 -6.980426580268261 0
1.557646537694199 -6.824495385272765 0
2.557387170564767 -6.516116240509429 0
3.500000000000006 -6.062177826491067 0
4.364428613011138 -5.472820377276205 0
5.131363102808786 -4.761209164396434 0
5.783671420211965 -3.943240406445354 0
6.306782075316933 -3.037186173822908 0
6.689009640502985 -2.063286220876327 0
6.9218157835759 -1.043295863233221 0
1 4 0 23
90
91
92
93
94
95
96
97
98
99
100
101
102
103
104
105
106
107
108
109
110
111
112
3.863703305156273 1.035276180410083 0.5
3.464101615137754 2 0.5
2.82842712474619 2.82842712474619 0.5
2 3.464101615137755 0.5
1.035276180410083 3.863703305156273 0.5
2.449293598294706e-16 4 0.5
-1.035276180410083 3.863703305156273 0.5
-2.000000000000001 3.464101615137754 0.5
-2.82842712474619 2.82842712474619 0.5
-3.464101615137755 2 0.5
-3.863703305156273 1.035276180410084 0.5
-4 4.898587196589413e-16 0.5
-3.863703305156274 -1.035276180410081 0.5
-3.464101615137755 -1.999999999999999 0.5
-2.828427124746191 -2.82842712474619 0.5
-1.999999999999998 -3.464101615137755 0.5
-1.035276180410083 -3.863703305156273 0.5
-7.347880794884119e-16 -4 0.5
1.035276180410081 -3.863703305156274 0.5
2 -3.464101615137754 0.5
2.828427124746189 -2.828427124746191 0.5
3.464101615137753 -2.000000000000002 0.5
3.863703305156273 -1.035276180410083 0.5
1 5 0 23
113
114
115
116
117
118
119
120
121
122
123
124
125
126
127
128
129
130
131
132
133
134
135
3.863703305156273 1.035276180410083 2
3.464101615137754 2 2
2.82842712474619 2.82842712474619 2
2 3.464101615137755 2
1.035276180410083 3.863703305156273 2
2.449293598294706e-16 4 2
-1.035276180410083 3.863703305156273 2
-2.000000000000001 3.464101615137754 2
-2.82842712474619 2.82842712474619 2
-3.464101615137755 2 2
-3.863703305156273 1.035276180410084 2
-4 4.898587196589413e-16 2
-3.863703305156274 -1.035276180410081 2
-3.464101615137755 -1.999999999999999 2
-2.828427124746191 -2.82842712474619 2
-1.999999999999998 -3.464101615137755 2
-1.035276180410083 -3.863703305156273 2
-7.347880794884119e-16 -4 2
1.035276180410081 -3.863703305156274 2
2 -3.464101615137754 2
2.828427124746189 -2.828427124746191 2
3.464101615137753 -2.000000000000002 2
3.863703305156273 -1.035276180410083 2
1 6 0 1
136
4 -9.797174393178826e-16 1.25
1 7 0 21
137
138
139
140
141
142
143
144
145
146
147
148
149
150
151
152
153
154
155
156
157
3.358225407650741 0.9860639489450048 2
2.944387364909133 1.892242861094593 2
2.292012568808496 2.645123510239905 2
1.453952545506601 3.183711983740815 2
0.4981019339564964 3.464375046583265 2
-0.4981019339564998 3.464375046583264 2
-1.453952545506604 3.183711983740814 2
-2.292012568808499 2.645123510239903 2
-2.944387364909135 1.892242861094591 2
-3.358225407650741 0.9860639489450023 2
-3.5 -1.125685854773646e-15 2
-3.358225407650741 -0.9860639489450045 2
-2.944387364909134 -1.892242861094591 2
-2.292012568808498 -2.645123510239904 2
-1.453952545506602 -3.183711983740815 2
-0.4981019339564983 -3.464375046583264 2
0.498101933956497 -3.464375046583265 2
1.453952545506604 -3.183711983740814 2
2.292012568808499 -2.645123510239904 2
2.944387364909134 -1.892242861094591 2
3.358225407650741 -0.9860639489450043 2
1 8 0 5
158
159
160
161
162
3.5 -8.572527594031472e-16 2.833333333333334
3.5 -8.572527594031472e-16 3.666666666666668
3.5 -8.572527594031472e-16 4.500000000000001
3.5 -8.572527594031472e-16 5.333333333333334
3.5 -8.572527594031472e-16 6.166666666666667
1 9 0 21
163
164
165
166
167
168
169
170
171
172
173
174
175
176
177
178
179
180
181
182
183
3.358225407650741 0.9860639489450048 7
2.944387364909133 1.892242861094593 7
2.292012568808496 2.645123510239905 7
1.453952545506601 3.183711983740815 7
0.4981019339564964 3.464375046583265 7
-0.4981019339564998 3.464375046583264 7
-1.453952545506604 3.183711983740814 7
-2.292012568808499 2.645123510239903 7
-2.944387364909135 1.892242861094591 7
-3.358225407650741 0.9860639489450023 7
-3.5 -1.125685854773646e-15 7
-3.358225407650741 -0.9860639489450045 7
-2.944387364909134 -1.892242861094591 7
-2.292012568808498 -2.645123510239904 7
-1.453952545506602 -3.183711983740815 7
-0.4981019339564983 -3.464375046583264 7
0.498101933956497 -3.464375046583265 7
1.453952545506604 -3.183711983740814 7
2.292012568808499 -2.645123510239904 7
2.944387364909134 -1.892242861094591 7
3.358225407650741 -0.9860639489450043 7
2 1 0 41
184
185
186
187
188
189
190
191
192
193
194
195
196
197
198
199
200
201
202
203
204
205
206
207
208
209
210
211
212
213
214
215
216
217
218
219
220
221
222
223
224
6.9218157835759 1.043295863233221 0.25
6.9218157835759 -1.043295863233221 0.25
6.689009640502984 2.063286220876331 0.25
6.689009640502985 -2.063286220876327 0.25
6.306782075316932 3.03718617382291 0.25
5.783671420211962 3.943240406445358 0.25
5.131363102808781 4.76120916439644 0.25
4.364428613011131 5.472820377276212 0.25
3.499999999999996 6.062177826491072 0.25
1.557646537694198 6.824495385272766 0.25
0.5231106551049661 6.980426580268261 0.25
2.557387170564762 6.516116240509431 0.25
-0.523110655104973 6.980426580268261 0.25
-2.557387170564768 6.516116240509428 0.25
-3.500000000000004 6.062177826491068 0.25
-1.557646537694203 6.824495385272765 0.25
-4.364428613011139 5.472820377276205 0.25
-5.783671420211967 3.943240406445351 0.25
-6.306782075316937 3.037186173822902 0.25
-5.131363102808787 4.761209164396433 0.25
-6.689009640502986 2.063286220876326 0.25
-7 -2.251371709547291e-15 0.25
-6.9218157835759 -1.043295863233224 0.25
-6.921815783575901 1.043295863233217 0.25
-6.689009640502984 -2.063286220876331 0.25
-6.306782075316933 -3.037186173822909 0.25
-5.783671420211965 -3.943240406445355 0.25
-5.131363102808784 -4.761209164396436 0.25
-4.364428613011136 -5.472820377276208 0.25
-2.557387170564764 -6.51611624050943 0.25
-1.557646537694196 -6.824495385272766 0.25
-3.499999999999997 -6.062177826491071 0.25
-0.5231106551049669 -6.980426580268261 0.25
1.557646537694199 -6.824495385272765 0.25
2.557387170564767 -6.516116240509429 0.25
0.5231106551049706 -6.980426580268261 0.25
3.500000000000001 -6.06217782649107 0.25
4.364428613011138 -5.472820377276205 0.25
5.131363102808786 -4.761209164396434 0.25
5.783671420211965 -3.943240406445354 0.25
6.306782075316933 -3.037186173822908 0.25
2 2 0 93
225
226
227
228
229
230
231
232
233
234
235
236
237
238
239
240
241
242
243
244
245
246
247
248
249
250
251
252
253
254
255
256
257
258
259
260
261
262
263
264
265
266
267
268
269
270
271
272
273
274
275
276
277
278
279
280
281
282
283
284
285
286
287
288
289
290
291
292
293
294
295
296
297
298
299
300
301
302
303
304
305
306
307
308
309
310
311
312
313
314
315
316
317
-5.037490530668656 1.634395545832212 0.5
3.934173327857158 3.545396997966503 0.5
1.103317202811497 -5.179792543798715 0.5
3.934173327857158 -3.545396997966501 0.5
1.103317202811496 5.179792543798715 0.5
-5.037490530668656 -1.634395545832214 0.5
-1.363770844822848 -5.089662082760002 0.5
-3.725891237937152 -3.725891237937152 0.5
5.08966208276 -1.36377084482285 0.5
-3.725891237937155 3.725891237937154 0.5
-1.363770844822848 5.089662082760002 0.5
5.089662082760002 1.363770844822849 0.5
2.79186126284891 4.835645554937724 0.5
-5.583722525697823 -1.731947918415244e-15 0.5
2.791861262848912 -4.83564555493772 0.5
5.889335861631493 1.71352853284959 0.5
6.044831041380001 0.6818854224114244 0.5
6.04483104138 -0.6818854224114251 0.5
5.889335861631492 -1.713528532849589 0.5
5.089662082760001 -8.881784197001252e-16 0.5
4.544831041380001 0.6818854224114244 0.5
4.276881848948879 1.681885422411424 0.5
4.276881848948877 -1.681885422411426 0.5
4.54483104138 -0.6818854224114251 0.5
5.436666751485982 2.653505625634103 0.5
4.149300970434144 4.509108687621357 0.5
4.85892237403456 3.74431870220593 0.5
4.51191770530858 2.454583921394676 0.5
2.674624216706836 5.675880897723578 0.5
3.57814493793002 5.154232966106967 0.5
3.363017295353034 4.190521276452113 0.5
0.813213928958231 6.080109562033488 0.5
1.830352186688129 5.847954392154073 0.5
1.947589232830203 5.00771904936822 0.5
-1.460708691258526 5.957078734016383 0.5
-0.4203300948589412 6.035044331514132 0.5
-0.1302268210056765 5.134727313279359 0.5
-2.431885422411426 5.575919954625535 0.5
-4.428627170372971 4.243550201166793 0.5
-3.612945618968579 4.894034532214111 0.5
-2.544831041380002 4.407776660348578 0.5
-5.016336656627046 3.381538705880028 0.5
-5.979653157122279 1.338845704532714 0.5
-5.672136302992796 2.335790859827557 0.5
-4.381690884302905 2.680143391884683 0.5
-6.252769154636861 -0.521647931616613 0.5
-6.252769154636862 0.5216479316166075 0.5
-5.310606528183239 0.8171977729161052 0.5
-5.672136302992794 -2.335790859827561 0.5
-5.979653157122278 -1.338845704532719 0.5
-5.310606528183239 -0.8171977729161078 0.5
-4.428627170372968 -4.243550201166794 0.5
-5.016336656627042 -3.381538705880031 0.5
-4.381690884302904 -2.680143391884683 0.5
-3.612945618968574 -4.894034532214112 0.5
-1.460708691258522 -5.957078734016385 0.5
-2.431885422411423 -5.575919954625537 0.5
-2.54483104138 -4.407776660348578 0.5
-0.4203300948589387 -6.035044331514131 0.5
1.830352186688132 -5.847954392154072 0.5
0.8132139289582341 -6.080109562033488 0.5
-0.1302268210056752 -5.134727313279359 0.5
3.578144937930025 -5.154232966106963 0.5
2.67462421670684 -5.675880897723575 0.5
1.947589232830205 -5.007719049368218 0.5
4.858922374034561 -3.744318702205927 0.5
4.149300970434148 -4.509108687621353 0.5
3.363017295353036 -4.19052127645211 0.5
5.436666751485983 -2.653505625634102 0.5
4.511917705308579 -2.454583921394676 0.5
3.699137471497456 2.772698498983251 0.5
2.967086663928579 3.504749306552129 0.5
1.551658601405748 4.321947079468235 0.5
0.551658601405748 4.589896271899358 0.5
2.395930631424455 4.14987358503774 0.5
-0.6818854224114241 4.544831041380001 0.5
-1.681885422411425 4.276881848948878 0.5
-2.862945618968578 3.594996426537454 0.5
-3.594996426537455 2.862945618968577 0.5
-4.250796072903205 1.817197772916106 0.5
-4.518745265334328 0.8171977729161063 0.5
-4.518745265334328 -0.8171977729161067 0.5
-4.250796072903205 -1.817197772916106 0.5
-4.791861262848911 -6.210445993781515e-16 0.5
-3.594996426537453 -2.862945618968576 0.5
-2.862945618968575 -3.594996426537454 0.5
-1.681885422411423 -4.276881848948879 0.5
-0.6818854224114242 -4.544831041380001 0.5
0.5516586014057483 -4.589896271899358 0.5
1.551658601405749 -4.321947079468234 0.5
2.967086663928579 -3.504749306552128 0.5
3.699137471497456 -2.772698498983251 0.5
2.395930631424457 -4.149873585037737 0.5
2 3 0 174
318
319
320
321
322
323
324
325
326
327
328
329
330
331
332
333
334
335
336
337
338
339
340
341
342
343
344
345
346
347
348
349
350
351
352
353
354
355
356
357
358
359
360
361
362
363
364
365
366
367
368
369
370
371
372
373
374
375
376
377
378
379
380
381
382
383
384
385
386
387
388
389
390
391
392
393
394
395
396
397
398
399
400
401
402
403
404
405
406
407
408
409
410
411
412
413
414
415
416
417
418
419
420
421
422
423
424
425
426
427
428
429
430
431
432
433
434
435
436
437
438
439
440
441
442
443
444
445
446
447
448
449
450
451
452
453
454
455
456
457
458
459
460
461
462
463
464
465
466
467
468
469
470
471
472
473
474
475
476
477
478
479
480
481
482
483
484
485
486
487
488
489
490
491
2.524528814171608 -4.197200515548698 0
-3.357587633905384 4.249320488790771 0
-4.171111581075364 -2.840145595869347 0
3.792708650990723 3.617525661017495 0
5.057646537694204 -0.7623175587816942 0
-0.3822275651860492 -5.10047239469924 0
-0.2202637099849713 4.941803722402982 0
-5.019818411644172 1.781274490268808 0
5.057646537694202 -2.435634203453302 0
3.291042898911373 -1.96031670944741 0
3.352214719359324 0.3577615678379923 0
1.520099892189962 -0.5189349081320004 0
1.595825264964093 1.502541630850852 0
-0.2180993082386689 0.6942499550214127 0
-0.3770918775380068 -1.335116667085509 0
-1.995518505127805 -0.1874727651854112 0
-1.729388989054088 1.750018209917262 0
1.367414250711207 -2.524502526122451 0
-0.050419790287013 2.785054689593972 0
-2.222498684669919 -2.224186649897633 0
1.764681694381879 3.62386499770876 0
-0.6118620592008883 -3.22454396529109 0
-2.390321947291207 -4.330727496062083 0
-3.772563625369533 -0.9738566179677611 0
5.051814680031292 1.047275770291663 0
1.453397547425135 5.356310409963529 0
-1.703164030930164 3.633114440613323 0
-5.315425814545121 -1.583133597342344 0
4.178769385788319 -3.663656972307088 0
-4.632651555982801 3.210290081408922 0
1.212681067669339 -5.388118770732547 0
-3.445787582837049 0.8820591072450579 0
-5.423157536059467 0.02579903202461393 0
-2.067732382502946 5.142182372714181 0
2.832766990997577 4.878774171862558 0
0.7818605833244971 -4.005606918329722 0
3.255590631334832 2.042888817993774 0
4.990700081676533 2.593664067616832 0
-3.319620952021699 2.48728864946112 0
6.025907340015646 0.5236378851458314 0
5.870412160267138 1.555280995583997 0
5.873328089098594 -1.412801889829011 0
6.028823268847102 -0.3811587793908471 0
5.054730608862748 0.1424791057549843 0
5.839854861089758 2.328475144246582 0
5.387185750944248 3.268452237031095 0
5.021257380853912 1.820469918954247 0
4.788190035601342 3.780383033731426 0
4.078568632000927 4.545173019146853 0
4.391704366333627 3.105594864317164 0
3.598597802004354 5.175797274569385 0
2.69507708078117 5.697445206185995 0
3.31273782099415 4.248149916440026 0
2.005392358994948 5.93621332523648 0
0.9882541012650503 6.168368495115895 0
2.143082269211356 5.117542290913043 0
0.1514234725599974 5.961115151335622 0
-0.8889551238395874 5.883149553837873 0
0.6165669187200816 5.149057066183255 0
-1.812689460098575 5.983338878993473 0
-2.783866191251475 5.602180099602625 0
-1.143998046243959 5.041993047558582 0
-3.428793816952694 5.155749157640919 0
-4.244475368357086 4.505264826593602 0
-2.712660008204165 4.695751430752476 0
-4.882007329395794 3.985749622902678 0
-5.469716815649869 3.123738127615912 0
-3.995119594944093 3.729805285099846 0
-5.663300243480554 2.409230332045855 0
-5.970817097610036 1.412285176751013 0
-4.826234983813487 2.495782285838865 0
-6.172486659817684 0.5345474476289154 0
-6.172486659817683 -0.5087484156043052 0
-5.221487973851819 0.9035367611467112 0
-6.11862079906051 -1.313214730287784 0
-5.811103944931027 -2.310159885582626 0
-5.369291675302294 -0.7786672826588651 0
-5.238946828196148 -2.938665884846128 0
-4.651237341942074 -3.800677380132892 0
-4.743268697810242 -2.211639596605846 0
-3.760842525049996 -4.545968330229259 0
-2.945160973645602 -5.196452661276577 0
-3.280716764183286 -3.585436545965715 0
-1.973984242492702 -5.577611440667425 0
-0.9699370514401225 -5.962483889986004 0
0.0704415449594607 -6.04044948748375 0
-1.386274756238628 -4.715599945380662 0
0.867895861387155 -6.184272675500404 0
1.885034119117053 -5.952117505620988 0
0.4152267512416451 -5.244295582715893 0
2.540957992368188 -5.356658378029064 0
3.444478713591373 -4.835010446412452 0
1.868604940920474 -4.792659643140622 0
4.271598999399728 -4.568238674791647 0
4.981220403000142 -3.80344868937622 0
3.351649099979964 -3.930428743927893 0
5.420658978953083 -3.189437304949328 0
5.873328089098594 -2.249460212164815 0
4.618207961741261 -3.049645587880195 0
5.057646537694203 -1.598975881117498 0
2.907785856541491 -3.078758612498055 0
1.945971532441408 -3.360851520835574 0
2.32922857481129 -2.24240961778493 0
3.734906142349846 -2.811986840877249 0
1.653194698748053 -4.10140371693921 0
1.074637417017852 -3.265054722226086 0
0.9972708254969183 -4.696862844531134 0
-2.530375832417774 3.941217464702047 0
-1.885448206716555 4.387648406663752 0
-2.511392491475932 3.060201545037221 0
-3.338604292963542 3.368304569125945 0
-3.97613625400225 2.848789365435021 0
-3.196805132872641 -2.53216612288349 0
-2.306410315980563 -3.277457072979859 0
-3.971837603222448 -1.907001106918554 0
-2.997531155019726 -1.599021633932697 0
-4.543994719957327 -1.278495107655053 0
2.778695172686301 3.620695329363127 0
2.298724342689728 4.251319584785659 0
3.524149641162778 2.830207239505635 0
2.510136162858355 2.833376907851267 0
4.123145356505683 2.318276442805303 0
4.174344718302788 -2.197975456450356 0
4.174344718302788 -1.361317134114552 0
3.321628809135349 -0.8012775708047091 0
4.204930628526764 -0.2022779954718509 0
4.202014699695308 0.7025186690648275 0
-0.4970448121934687 -4.162508179995165 0
-1.501092003246048 -3.777635730676587 0
0.08499926206180441 -3.615075441810406 0
0.199816509069224 -4.553039656514481 0
-0.1353417501359921 3.863429205998477 0
0.7722089921984538 4.282834360055871 0
0.8571309520474329 3.204459843651366 0
-0.8767919106085887 3.209084565103647 0
-0.9617138704575678 4.287459081508152 0
1.609039620903507 4.490087703836144 0
-4.169719681832936 2.134281569864964 0
-4.23280299724061 1.331666798756933 0
-4.434472559448258 0.4539290696348359 0
-3.382704267429374 1.684673878353089 0
2.405571395550667 -1.239625808789705 0
2.436157305774643 -0.08058667014700405 0
1.443757071450585 -1.521718717127226 0
1.557962578577028 0.4918033613594258 0
2.474019992161709 0.9301515993444222 0
2.425707948149463 1.772715224422313 0
3.303902675347078 1.200325192915883 0
4.153702655683063 1.545082294142718 0
0.6510002919756466 0.08765752344470623 0
0.6888629783627123 1.098395792936132 0
0.5715040073259776 -0.9270257876087549 0
-0.2975955928883379 -0.3204333560320483 0
0.4951611865866001 -1.92980959660398 0
-0.1342595492628409 1.739652322307693 0
0.7727027373385401 2.143798160222412 0
1.680253479672986 2.563203314279806 0
-1.186305191332906 -0.7612947161354602 0
-1.106808906683237 0.2533885949180008 0
-1.862453747090946 0.7812727223659254 0
-0.9737441486463785 1.222134082469337 0
-0.8899043896705505 2.267536449755617 0
-1.299795281103963 -1.779651658491571 0
-2.109008594898862 -1.205829707541522 0
0.3777760957551594 -2.87452324570677 0
-0.4944769683694475 -2.2798303161883 0
-1.417180371935404 -2.724365307594362 0
-2.720653043982427 0.3472931710298234 0
-2.587588285945568 1.31603865858116 0
-2.884041065248669 -0.5806646915765862 0
-3.609175604103291 -0.04589875536135157 0
-1.716276509992126 2.691566325265292 0
-2.524504970537894 2.118653429689191 0
-4.597860580714499 -0.4740287929715736 0
2 4 0 71
492
493
494
495
496
497
498
499
500
501
502
503
504
505
506
507
508
509
510
511
512
513
514
515
516
517
518
519
520
521
522
523
524
525
526
527
528
529
530
531
532
533
534
535
536
537
538
539
540
541
542
543
544
545
546
547
548
549
550
551
552
553
554
555
556
557
558
559
560
561
562
-2.828427124746192 -2.828427124746189 1.243101402023884
1.035276180410081 -3.863703305156274 1.256898597976115
3.863703305156273 1.035276180410084 1.256898597976114
-1.035276180410083 3.863703305156273 1.256898597976114
3.863703305156272 -1.035276180410086 1.256898597976114
2.82842712474619 2.82842712474619 1.256898597976114
-3.863703305156273 1.035276180410084 1.243101402023886
-2.828427124746191 2.828427124746189 1.256898597976115
-3.863788179024592 -1.034959374869288 1.25
1.035276180410083 3.863703305156273 1.243101402023886
2.828427124746189 -2.828427124746191 1.243101402023886
-1.035592978990632 -3.863618405311957 1.25
3.965779445495242 0.5221047688802062 0.8784492989880569
3.965779445495242 0.5221047688802062 1.628449298988057
3.965779445495241 -0.5221047688802103 1.628449298988057
3.965779445495241 -0.5221047688802103 0.8784492989880568
3.695518130045147 1.53073372946036 0.8784492989880569
3.695518130045146 -1.530733729460362 0.8784492989880568
3.695518130045147 1.53073372946036 1.628449298988057
3.695518130045146 -1.530733729460362 1.628449298988057
2.435045716034882 3.173413361164941 0.8784492989880569
3.173413361164941 2.435045716034882 0.8784492989880569
3.464101615137754 2 1.25
3.173413361164941 2.435045716034882 1.628449298988057
0.522104768880206 3.965779445495242 0.8715507010119431
1.530733729460359 3.695518130045147 0.8715507010119431
2.435045716034882 3.173413361164941 1.628449298988057
2 3.464101615137755 1.25
1.530733729460359 3.695518130045147 1.621550701011943
-1.53073372946036 3.695518130045147 0.8784492989880569
-0.5221047688802064 3.965779445495242 0.8784492989880569
-0.5221047688802064 3.965779445495242 1.628449298988057
2.449293598294706e-16 4 1.25
0.522104768880206 3.965779445495242 1.621550701011943
-3.173413361164941 2.435045716034882 0.8784492989880575
-2.435045716034884 3.173413361164939 0.8784492989880575
-1.53073372946036 3.695518130045147 1.628449298988057
-2.000000000000001 3.464101615137754 1.25
-2.435045716034884 3.173413361164939 1.628449298988057
-3.965779445495242 0.522104768880208 0.8715507010119431
-3.695518130045147 1.53073372946036 0.8715507010119431
-3.695518130045147 1.53073372946036 1.621550701011943
-3.464101615137755 2 1.25
-3.173413361164941 2.435045716034882 1.628449298988057
-3.695580882741622 -1.530582222265324 0.875
-3.96580084699789 -0.5219421825746752 0.875
-3.965779445495242 0.522104768880208 1.621550701011943
-4 4.898587196589413e-16 1.25
-3.96580084699789 -0.5219421825746752 1.625
-2.435045716034884 -3.17341336116494 0.8715507010119421
-3.173413361164942 -2.435045716034881 0.8715507010119421
-3.173413361164942 -2.435045716034881 1.621550701011942
-3.464101615137755 -1.999999999999999 1.25
-3.695580882741622 -1.530582222265324 1.625
-0.5222673543082017 -3.965758037327027 0.875
-1.530885234082582 -3.695455371137354 0.875
-2.435045716034884 -3.17341336116494 1.621550701011942
-1.999999999999998 -3.464101615137755 1.25
-1.530885234082582 -3.695455371137354 1.625
1.530733729460357 -3.695518130045148 0.8784492989880573
0.5221047688802051 -3.965779445495242 0.8784492989880573
0.5221047688802051 -3.965779445495242 1.628449298988057
-7.347880794884119e-16 -4 1.25
-0.5222673543082017 -3.965758037327027 1.625
3.17341336116494 -2.435045716034884 0.8715507010119428
2.435045716034882 -3.173413361164941 0.8715507010119428
1.530733729460357 -3.695518130045148 1.628449298988057
2 -3.464101615137754 1.25
2.435045716034882 -3.173413361164941 1.621550701011943
3.464101615137753 -2.000000000000002 1.25
3.17341336116494 -2.435045716034884 1.621550701011943
2 5 0 23
563
564
565
566
567
568
569
570
571
572
573
574
575
576
577
578
579
580
581
582
583
584
585
3.482050807568877 1 2
3.75 0 2
3.482050807568877 -1.000000000000001 2
3.204244490023444 1.946121430547296 2
3.204244490023444 -1.946121430547296 2
2.472193682454566 2.678172238116174 2
0.7269762727533007 3.591855991870407 2
1.7269762727533 3.323906799439285 2
-1.24905096697825 3.464238330860509 2
-0.2490509669782498 3.732187523291632 2
-2.14600628440425 3.054612562688829 2
-2.878057091973127 2.322561755119951 2
-3.67911270382537 0.4930319744725014 2
-3.411163511394248 1.493031974472501 2
-3.67911270382537 -0.493031974472502 2
-3.411163511394248 -1.493031974472502 2
-2.878057091973127 -2.322561755119951 2
-2.146006284404248 -3.054612562688829 2
-0.2490509669782495 -3.732187523291632 2
-1.249050966978248 -3.46423833086051 2
1.726976272753302 -3.323906799439284 2
0.7269762727533016 -3.591855991870407 2
2.472193682454567 -2.678172238116173 2
2 6 0 121
586
587
588
589
590
591
592
593
594
595
596
597
598
599
600
601
602
603
604
605
606
607
608
609
610
611
612
613
614
615
616
617
618
619
620
621
622
623
624
625
626
627
628
629
630
631
632
633
634
635
636
637
638
639
640
641
642
643
644
645
646
647
648
649
650
651
652
653
654
655
656
657
658
659
660
661
662
663
664
665
666
667
668
669
670
671
672
673
674
675
676
677
678
679
680
681
682
683
684
685
686
687
688
689
690
691
692
693
694
695
696
697
698
699
700
701
702
703
704
705
706
3.193024263965822 1.43338621792088 4.503940425167491
3.19302426396768 -1.43338621791674 4.504513764159459
-2.944387364909135 1.892242861094591 3.702018301661664
-2.944387364909134 -1.892242861094591 3.702018301661664
0.4981019339564964 3.464375046583265 3.702018301661664
0.4981019339565002 -3.464375046583264 3.702018301661664
-3.5 -1.125685854773646e-15 5.297981698338339
-1.453952545506604 3.183711983740813 5.297981698338338
-1.453952545506602 -3.183711983740815 5.297981698338338
2.327159472519948 2.614254920519549 3.515736353099921
2.32618076396871 -2.615125819791841 3.516195192521079
2.281754880880976 2.653977140741014 5.46656637902122
2.281754880896893 -2.653977140727328 5.466566379014207
-3.5 4.286263797015736e-16 3.45828569533874
-1.453952545506602 -3.183711983740815 3.45828569533874
-1.453952545506604 3.183711983740814 3.45828569533874
-2.944387364909134 -1.892242861094591 5.541714304661261
-2.944387364909135 1.892242861094589 5.541714304661262
0.5304811530762022 -3.459564964880836 5.595098586806532
0.5304811530695936 3.45956496488185 5.595098586808908
3.275067371722853 1.234477100102048 3.148984001475678
3.273032774138903 1.239861467831223 5.849080893409647
3.273032774138637 -1.239861467831927 3.150919106587647
3.275067371722855 -1.234477100102044 5.851015998524325
3.127070234954283 1.572078797536231 2.574492000737839
3.443307697623753 0.6274010674879399 2.574492000737839
3.442790634752949 -0.6302322153439843 2.575459553293824
3.125776490238551 -1.574649590566728 2.575459553293824
3.443307697623753 0.6274010674879399 3.407825334071173
3.442790634752949 -0.6302322153439843 3.408792886627158
3.442790634753017 0.6302322153436136 5.591207113371491
3.442790634753017 0.6302322153436136 6.424540446704824
3.443307697623753 -0.6274010674879399 6.425507999262162
3.443307697623753 -0.6274010674879399 5.592174665928829
3.12577649023872 1.574649590566394 6.424540446704824
3.127070234954284 -1.572078797536229 6.425507999262162
1.911876659183157 2.93167659199828 2.757868176549961
2.660380962999643 2.274285191375324 2.757868176549961
2.88481942450783 1.981872066502355 3.332360177287799
-1.339999044624432e-15 3.5 2.851009150830832
0.9860639489450029 3.358225407650741 2.851009150830832
1.475195431431362 3.173924768970437 3.608877327380792
-1.892242861094593 2.944387364909133 2.72914284766937
-0.9860639489450054 3.35822540765074 2.72914284766937
-0.4981019339564998 3.464375046583264 3.580151998500202
-3.183711983740815 1.453952545506602 2.851009150830832
-2.645123510239905 2.292012568808497 2.851009150830832
-2.292012568808499 2.645123510239903 3.580151998500201
-3.464375046583265 -0.4981019339564972 2.72914284766937
-3.464375046583264 0.4981019339564981 2.72914284766937
-3.358225407650741 0.9860639489450038 3.580151998500201
-2.645123510239904 -2.292012568808497 2.851009150830832
-3.183711983740814 -1.453952545506603 2.851009150830832
-3.358225407650741 -0.9860639489450029 3.580151998500201
-0.986063948945004 -3.358225407650741 2.72914284766937
-1.892242861094591 -2.944387364909134 2.72914284766937
-2.292012568808498 -2.645123510239904 3.580151998500201
0.9860639489450058 -3.35822540765074 2.851009150830832
-6.429395695523604e-16 -3.5 2.851009150830832
-0.4981019339564983 -3.464375046583264 3.580151998500202
2.659955270917059 -2.274783057067324 2.758097596260539
1.911327945646624 -2.932034359312704 2.758097596260539
1.47460138740996 -3.174200804651246 3.609106747091372
2.88281738422226 -1.984783093747507 3.333557149554363
3.422395719658992 0.7329444304037054 4.085303545917079
3.422395719658992 0.7329444304037054 4.918636879250412
3.422395719659466 -0.7329444304014889 4.918923548746396
3.422395719659466 -0.7329444304014889 4.085590215413063
3.23557468793479 1.334562264862785 3.826462213321584
3.234476211418922 -1.337222359132952 3.827716435373553
3.234476211418199 1.3372223591347 5.176510659288569
3.235574687935656 -1.334562264860685 5.177764881341892
2.640681819437006 2.297128539828555 6.23328318951061
1.886539754382035 2.948044734249494 6.23328318951061
2.865981028754828 2.009017855275909 5.657823636215434
1.001757452087229 3.353577493839631 6.297549293404455
0.01636727463834524 3.499961730122333 6.297549293404455
1.462672490089117 3.17971526818621 5.530832482915065
-0.9860639489450062 3.35822540765074 6.148990849169169
-1.892242861094593 2.944387364909133 6.148990849169169
-0.4818958082028594 3.466666472280902 5.446540142573623
-2.645123510239905 2.292012568808497 6.270857152330631
-3.183711983740815 1.4539525455066 6.270857152330631
-2.292012568808499 2.645123510239903 5.4198480014998
-3.464375046583265 0.4981019339564965 6.14899084916917
-3.464375046583264 -0.4981019339564988 6.14899084916917
-3.358225407650741 0.9860639489450023 5.419848001499801
-3.183711983740814 -1.453952545506603 6.270857152330631
-2.645123510239904 -2.292012568808497 6.270857152330631
-3.358225407650741 -0.9860639489450045 5.4198480014998
-1.892242861094591 -2.944387364909134 6.148990849169169
-0.986063948945004 -3.358225407650741 6.148990849169169
-2.292012568808498 -2.645123510239904 5.419848001499799
0.0163672746416869 -3.499961730122317 6.297549293403266
1.001757452090434 -3.353577493838674 6.297549293403266
-0.4818958081995487 -3.466666472281362 5.446540142572435
1.886539754390876 -2.948044734243837 6.233283189507103
2.640681819443894 -2.297128539820636 6.233283189507103
1.462672490101688 -3.179715268180427 5.53083248291037
2.867632033252575 -2.006660539768424 5.658791188769266
2.304542762228789 2.634213859400733 4.491151366060571
2.804596623657328 2.093857153334467 4.985253402094355
2.82253783753819 2.0696086962673 4.009838389133706
2.804596623664965 -2.093857153324238 4.985540071586833
2.304049713675978 -2.634645121626373 4.491380785767642
2.822150448994448 -2.070136914129217 4.010354478340268
-3.5 4.286263797015736e-16 4.378133696838539
-3.358225407650741 0.9860639489450038 4.500000000000002
-2.944387364909135 1.892242861094591 4.621866303161463
-1.453952545506604 3.183711983740814 4.378133696838539
-2.292012568808499 2.645123510239903 4.500000000000001
-3.358225407650741 -0.9860639489450045 4.500000000000002
-2.944387364909135 -1.89224286109459 4.621866303161463
-1.453952545506602 -3.183711983740815 4.378133696838539
-2.292012568808498 -2.645123510239904 4.500000000000001
-0.4981019339564998 3.464375046583264 4.500000000000002
0.5142971669672349 3.462007860194641 4.648558444235286
1.447786990271 3.186520489625328 4.584292340341442
-0.4981019339564983 -3.464375046583264 4.500000000000002
0.5142971669705433 -3.46200786019415 4.648558444234098
1.447786990280556 -3.186520489620986 4.584292340337935
2 7 0 40
707
708
709
710
711
712
713
714
715
716
717
718
719
720
721
722
723
724
725
726
727
728
729
730
731
732
733
734
735
736
737
738
739
740
741
742
743
744
745
746
-1.580579073078917 0.9782733924903625 7
1.098258991179537 -1.329646346654797 7
1.197303888316618 1.381762345890762 7
-0.3683935285858344 -1.885250918619159 7
-0.01204899181753127 0.02005813660343363 7
-1.828247496265377 -0.5886738166275446 7
1.945381436249482 0.01202902263989995 7
-0.2801991834991943 1.948828127763081 7
2.444884400579308 0.9521359418672465 7
2.722690718124741 0.006014511319949977 7
2.444884400579308 -0.9401069192273457 7
1.32562821691161 2.282737164815788 7
2.070845626612876 1.637002603492677 7
1.57134266228305 0.6968956842653309 7
-0.389150558727847 2.706601587173173 7
0.5868766810037034 2.566270055751948 7
0.4585523524087118 1.665295236826922 7
-1.286105876153846 2.296975819001492 7
-2.469402240364829 0.9821686707176824 7
-1.936295820943708 1.811698451365133 7
-0.9303891282890555 1.463550760126722 7
-2.593236451958059 -0.7873688827862746 7
-2.593236451958059 0.1986950661587289 7
-1.704413284672147 0.194799787931409 7
-2.060130032536938 -1.616898663433724 7
-0.4332477312711663 -2.674812982601212 7
-1.330203048697166 -2.265187214429531 7
-1.098320512425606 -1.236962367623352 7
0.5427795084603847 -2.534481451179986 7
2.021323178044335 -1.610944603874694 7
1.27610576834307 -2.256679165197806 7
0.3649327312968512 -1.607448632636978 7
1.521820213714509 -0.6588086620074488 7
-0.9201482440414541 -0.2843078400120555 7
-0.796314032448224 0.4991657645468981 7
-0.1461240876583628 0.9844431321832575 7
0.5431049996810028 -0.6547941050256819 7
-0.1902212602016828 -0.9325963910078626 7
0.9666662222159752 0.01604357962166679 7
0.5926274482495433 0.7009102412470977 7
3 1 0 361
747
748
749
750
751
752
753
754
755
756
757
758
759
760
761
762
763
764
765
766
767
768
769
770
771
772
773
774
775
776
777
778
779
780
781
782
783
784
785
786
787
788
789
790
791
792
793
794
795
796
797
798
799
800
801
802
803
804
805
806
807
808
809
810
811
812
813
814
815
816
817
818
819
820
821
822
823
824
825
826
827
828
829
830
831
832
833
834
835
836
837
838
839
840
841
842
843
844
845
846
847
848
849
850
851
852
853
854
855
856
857
858
859
860
861
862
863
864
865
866
867
868
869
870
871
872
873
874
875
876
877
878
879
880
881
882
883
884
885
886
887
888
889
890
891
892
893
894
895
896
897
898
899
900
901
902
903
904
905
906
907
908
909
910
911
912
913
914
915
916
917
918
919
920
921
922
923
924
925
926
927
928
929
930
931
932
933
934
935
936
937
938
939
940
941
942
943
944
945
946
947
948
949
950
951
952
953
954
955
956
957
958
959
960
961
962
963
964
965
966
967
968
969
970
971
972
973
974
975
976
977
978
979
980
981
982
983
984
985
986
987
988
989
990
991
992
993
994
995
996
997
998
999
1000
1001
1002
1003
1004
1005
1006
1007
1008
1009
1010
1011
1012
1013
1014
1015
1016
1017
1018
1019
1020
1021
1022
1023
1024
1025
1026
1027
1028
1029
1030
1031
1032
1033
1034
1035
1036
1037
1038
1039
1040
1041
1042
1043
1044
1045
1046
1047
1048
1049
1050
1051
1052
1053
1054
1055
1056
1057
1058
1059
1060
1061
1062
1063
1064
1065
1066
1067
1068
1069
1070
1071
1072
1073
1074
1075
1076
1077
1078
1079
1080
1081
1082
1083
1084
1085
1086
1087
1088
1089
1090
1091
1092
1093
1094
1095
1096
1097
1098
1099
1100
1101
1102
1103
1104
1105
1106
1107
0.04039636556721771 0.0001550202339379858 3.390642815997579
1.431646108368445 -0.3331678719907328 4.964865536033097
-1.242093337074779 -0.7982449177387501 1.893149705603249
-0.5326895331867596 0.9307002811481148 5.18229883411237
0.2133261932244052 1.48371626409661 1.904938544077042
1.643315539802492 -0.4825209787433248 2.379719993153504
-0.4864509618820443 -1.15173999920695 5.049526137241926
1.879402790444197 1.140543524264408 4.240300944566509
2.312335186167133 0.5501091729650737 4.734402980600294
2.353356740045649 0.4506546140556579 4.056924768754387
1.183777919043583 1.307204970376744 3.45318958454875
0.7360212369678314 -0.1665064258783974 4.177754176015338
0.8972349696665944 1.772477600833832 4.349017593606145
0.4494782875908427 0.298766204578691 5.073582185072733
-0.2461465838097709 0.4654276506910264 4.286470825054974
1.657731868645036 0.6173160601679932 3.269813408736629
-3.611006793337666 -1.010511661907146 1.625
-3.610964356403507 1.010670064677543 1.621550701011943
-2.010700778931294 2.197570860078582 1
-2.543807198352415 1.368041079431132 1
-1.485741163064434 0.475886646089256 0.9465748528016243
-2.30015937236276 0.0939095156031261 1.946574852801624
-1.767052952941639 0.9234392962505765 1.946574852801624
2.459191455762673 0.3759780606793618 2.764351997314591
1.98523750616122 1.065866970888112 2.947728173126713
0.8418559526848548 -0.2411829792546934 2.885181404575541
-0.7580313979148414 1.616867237006936 0.9524692720385208
-0.514383571925187 0.3427356731789298 1.899044124840145
-1.039343187792047 2.064419887168256 1.952469272038521
-1.729801817216391 7.751011696920722e-05 3.424464255668159
-2.01634476659338 0.4653501405740576 4.320292264725555
-1.993225480941022 -0.5758699996034748 4.253905916290333
-0.5095702475344019 -0.1105198590294177 5.115912485677148
-0.2230272981574133 -0.5757924894865061 4.220084476619753
1.537480824085468 -0.4078444253670288 3.6722927645933
1.070708736879496 -1.973448012663295 3.040869147407584
0.5726068029229968 -1.973448012663295 2.189859996576752
1.548634042654548 -1.833116481242069 2.189859996576752
1.878913436168578 -1.474146845891287 4.240530364277088
1.183288564767964 -1.307485399778951 3.453419004259329
0.9198649010433331 -1.883432909499395 4.282860664881502
0.4725975732432004 -0.7424539355988414 5.007195836637512
-2.560219846777345 2.736775317493046 1.628449298988057
-2.560219846777345 -2.736775317493046 1.621550701011942
4.462436704766845 3.069530532791667 0.25
5.040181082218267 1.97871745621984 0.25
5.387185750944248 3.268452237031095 0.25
0.1268612793958114 0.7419356421652739 2.647790680037311
1.270242832872177 2.04898559230808 2.710337448588481
0.9283208665134486 0.5005976426766424 2.142329268615273
-1.451995499670959 0.9461989406642646 3.546330558829621
-2.37104666853739 -0.3991224588693748 2.675717700470994
-0.6008484857537808 -0.399044948752406 2.641896260800414
-2.093240350991957 0.5469989716779206 2.797584003632456
1.984748151885601 -1.548823399267583 2.947957592837291
1.410683398108906 -2.854107254931632 1
0.5384303339842985 -2.259414325413162 1
0.6331118311322426 -0.9088188229144171 1.189859996576752
1.505364895256849 -1.503511752432888 1.189859996576752
-1.738538449047947 1.411471571121353 4.442158567887017
-4.835071043325728 2.422342813620567 0.25
-4.179271396959978 3.468090659673038 0.25
-5.469716815649869 3.123738127615912 0.25
-0.6203131761410992 2.333714123918712 2.681612119707891
-1.365530585842365 1.6879795625956 2.803478422869353
1.85670049462471 1.16040463437514 5.215715957527158
0.874532673847108 1.792338710944564 5.324432606566795
-0.7067780899696923 -1.591778481753438 3.424464255668159
0.2692491497618589 -1.732110013174663 3.546330558829622
-1.348022941290691 -1.990978450739783 2.675717700470994
-0.3719957015591396 -2.131309982161007 2.797584003632457
2.465823054184223 -0.1665839359953668 4.315766101349882
2.571657769901246 -0.2412604893716628 3.023193329910086
2.270106314936613 1.697392245972722 1
2.547912632482046 0.7512708154254255 1
2.729764285060183 1.268908905630468 0.6284492989880569
3.681851652578136 0.5176380902050414 1.628449298988057
3.404045335032703 1.463759520752338 1.628449298988057
5.420658978953083 -3.189437304949328 0.25
5.073654310227101 -1.899702524138076 0.25
4.49590993277568 -2.990515600709902 0.25
-0.8700976355156388 -2.131309982161007 1.946574852801624
-2.676871956389273 0.3992955918797955 1
-1.618805921101292 -0.4928588414620806 0.9465748528016243
-0.9702017536943233 -2.167725991473882 4.253905916290333
-0.8642721494784118 -0.9749924584728501 3.471337921422588
-2.01634476659338 0.4653501405740568 5.240140266225355
-1.993225480941022 -0.5758699996034756 5.173753917790133
0.4346561583773544 -2.994438786352857 1
1.201345215560644 -3.194102915639362 0.6284492989880573
0.2685871232267915 -3.664039175869769 1.628449298988057
1.244614362958342 -3.523707644448544 1.628449298988057
-0.7300963226567241 -0.05199748135866866 0.9465748528016243
-0.809592607306393 -1.06668079241213 0.9465748528016243
0.2006111013638563 -0.6403829482410375 2.136434849378376
0.7126081157819115 0.1058644881390439 1.189859996576752
-0.002386557507131876 1.088983109559011 0.9524692720385208
-0.01729379961513161 2.19753766386569 4.442158567887017
-0.9933210393466816 2.057206132444464 4.320292264725555
-0.1596816699811772 1.207208272622362 3.543618689094706
0.3557140635904508 2.474045655339937 2.803478422869353
0.005825486037227934 -2.308057522895107 4.375772219451795
3.426107359679662 0.1788807839189958 1
3.607959012257798 0.696518874124038 0.6284492989880569
-0.8237275190957604 -3.544081185301523 0.625
-0.7668474564735653 -3.66399672594761 1.625
-0.5549819965786933 -3.344459505937177 1
-1.451937314004693 -2.934833737765497 1
-1.663802773899565 -3.25437095777593 1.625
-1.382332584732086 2.806860757536768 0.6284492989880569
-1.663644374609291 3.254413407698088 1.628449298988057
-1.113745461505294 2.607196628250263 1
-0.7666890571832916 3.664039175869769 1.628449298988057
-0.4375969057472525 -2.399745856834387 1
-4.882007329395794 3.985749622902678 0.25
1.739529384598797 2.017869743315888 6.23328318951061
1.314474998342531 0.5242972369500145 5.982432768016548
0.3323071775649291 1.156231313519438 6.091149417056185
1.581707715996227 -0.5007279434376626 1.189859996576752
1.619570402383293 0.5100103260537635 1.189859996576752
2.293851452355812 0.704860941175634 2.189859996576752
2.571657769901246 -0.2412604893716628 2.189859996576752
2.352339441253541 -0.7865146699113297 4.057892321310372
2.312335186168062 -0.8832770449537364 4.734689650096278
1.578856779066769 1.687979562595601 1.952469272038521
0.9045757290942493 1.493128947473731 0.9524692720385208
-2.093240350991957 -1.345243889416671 2.797584003632456
-1.715419163395589 -1.521991430150771 4.375772219451795
-0.5428479853485482 3.324378997375123 0.6284492989880569
-0.2742608621217564 3.124714868088618 1
5.873328089098594 -2.249460212164815 0.25
-2.195160973645603 -3.897414555599919 0.25
-3.058106592614179 -4.028309366999618 0.25
-1.877046396057028 -4.710194789411043 0.25
5.839854861089758 2.328475144246582 0.25
2.458174156970564 -0.8611912232876258 2.765319549870576
2.155900807810171 -2.208372693608521 1
2.293851452355813 -1.187381919918958 2.189859996576752
-1.305931029600443 -3.344322790214423 0.25
-2.146006284404248 -3.054612562688829 1.25
-4.428627170372968 -4.243550201166794 0.25
-3.948501409506258 -3.28301841690325 0.25
2.141189835126397 -3.006069554243502 1.621550701011943
2.886407244827662 -2.360334992920391 1.621550701011943
2.097920687728698 -2.676464825434321 0.6215507010119428
-1.334552223173253 -1.990120088662706 1
-1.767052952941639 -1.721684213989327 1.946574852801624
-2.997759252563903 -0.09373638259270536 0.25
-2.72981006013278 -1.093736382592705 0.25
-3.618332620253644 -1.48692830898388 0.25
-3.886281812684766 -0.4869283089838803 0.25
2.691901598673117 -0.7771055442710433 0.6284492989880568
2.232243628549548 -1.205588884613296 1
3.404045335032703 -1.463759520752339 1.628449298988057
2.753509422479382 -0.7588985795767056 1.818309295564809
0.8638925206931057 2.420663655386306 6.297549293404455
-0.001104190058582977 2.195132623014982 5.388698710460639
2.235168331227761 1.310811906860993 6.424540446704824
2.352339441253674 0.4533467979202453 5.406973214721372
-1.864694494527044 2.607059912527508 0.25
-2.14600628440425 3.054612562688829 1.25
2.497765129580908 -0.06237970545266625 1.189859996576752
-0.1423878703660473 2.474045655339937 1.952469272038521
0.1251409847851997 2.704196546322466 6.297549293404455
-0.406444358342977 1.439764204455598 6.091149417056185
3.204244490023444 -1.946121430547296 1.25
2.41575793292448 -2.262251263061226 0.25
-2.945160973645602 -5.196452661276577 0.25
0.8667130427071836 0.4823906779823047 0.9524692720385208
2.609207105194193 0.6259452452355617 6.424540446704824
1.688513772308963 -0.1605694246754164 5.982432768016548
2.886407244827661 2.360334992920391 1.628449298988057
2.141189835126396 3.006069554243502 1.628449298988057
2.212126194855142 2.165484377798521 0.6284492989880569
1.524888905235347 2.343126807295834 1
2.65819503851026 -4.516423035243209 0.25
2.67462421670684 -5.675880897723575 0.25
3.578144937930025 -5.154232966106963 0.25
-2.257255626739209 -2.434655080068769 1
-1.732296010872349 -1.511215783818192 0.9465748528016243
-2.540289536539458 0.4891366962451807 6.14899084916917
-2.262483218994026 1.435258126792476 6.270857152330631
-1.056634303132838 0.9544868368192386 6.091149417056185
-1.738538449047947 1.411471571121352 5.362006569386816
-1.180468514726068 0.1710132322602851 6.091149417056185
-2.664123748132688 -0.2943369083137728 6.14899084916917
-1.157349229073711 -0.8702069079172474 6.024763068620963
2.492100753663858 -1.259467454066001 0.25
-2.30015937236276 -0.8921544333418773 1.946574852801624
0.8336393693655031 2.333714123918712 1.952469272038521
0.08145320146869608 2.134385476845291 0.9524692720385208
0.7097985582754569 -0.1565548676936496 5.982432768016548
-0.2723692625021454 0.4753792088757742 6.091149417056185
3.681851652578136 -0.5176380902050436 1.628449298988057
-2.676871956389273 -0.5867683570652078 1
-3.411163511394248 -1.493031974472502 1.25
-2.929653342076199 -0.6112160700273495 0.625
-1.715419163395589 -1.521991430150771 5.295620220951594
2.529963440050924 1.751270815425426 0.25
3.204244490023444 1.946121430547296 1.25
-0.1101318549924855 4.470901861201491 0.25
-0.02520989514350638 3.392527344796986 0.25
0.8823408471909395 3.81193249885438 0.25
2.465823054184223 -0.1665839359953668 5.149099434683215
0.2685871232267916 3.664039175869769 1.621550701011943
1.244614362958342 3.523707644448544 1.621550701011943
0.6243011868172441 2.673709784626442 1.574019973050464
-1.460708691258522 -5.957078734016385 0.25
-0.8729992050044485 -5.095067238729621 0.25
4.227400848407143 2.296832033808416 0.25
-0.1911137825930249 -4.55023619734962 0.25
0.3605448188127242 -5.140132469248978 0.25
-4.711578768029733 0.01289951601230721 0.25
-3.722893791418525 0.4410295536225292 0.25
1.264952549773991 -0.8314071093227651 5.982432768016548
1.856700494632669 -1.493572506359031 5.215715957523652
1.690006936038215 -1.991811743691063 6.233283189507103
0.3059040146487463 -1.240693172930874 6.024763068620963
0.8976519595074246 -1.902858569967139 5.258046258128067
0.8143700721278695 -2.394605655767817 6.297549293403266
0.02201509559707898 -2.305652482043893 5.322312362024229
-2.386317430587256 -1.240458338861068 6.270857152330631
-2.843300149903837 -2.112093324948816 0.25
-3.817606598106559 -2.420072797934673 0.25
-1.025209895143507 3.124578152365863 0.25
0.492428195061535 3.324378997375123 0.6215507010119431
0.0704415449594607 -6.04044948748375 0.25
-0.3059310296004445 -3.612271982645545 0.25
-2.111249342334959 -2.844144132517695 0.25
-3.67911270382537 -0.493031974472502 1.25
4.260874076415978 -2.217817101726652 0.25
-4.048376585560278 2.605145040704461 0.25
-4.60430105587201 -2.237270570850781 0.25
-3.402006495243895 0.9340615280950301 1
5.073654310227102 -1.063044201802272 0.25
5.073654310227103 0.3007266430205773 0.25
4.528823268847102 -0.3811587793908476 0.25
0.4415267464132622 5.060798133100849 0.25
-0.7920172774039099 5.015732902581492 0.25
-2.79036204616033 -1.605125299421319 1
0.08104381224518392 -2.672407941749998 6.297549293403266
-0.4274222452339393 -1.518495458913054 6.024763068620963
-1.656390446747484 -1.888746889856875 6.270857152330631
6.028823268847102 -0.3811587793908479 0.25
-3.093326266198466 -1.907245536845597 1.621550701011942
-3.093326266198466 1.907245536845596 1.628449298988057
1.7269762727533 3.323906799439285 1.25
1.797912632482046 2.483321622994303 0.25
2.722690718124741 0.006014511319949549 6.166666666666667
-0.9933210393466819 2.057206132444464 5.240140266225354
-3.67911270382537 0.4930319744725014 1.25
3.408158167248539 1.178880783918996 0.25
-1.51726580929276 2.080992688115588 6.148990849169169
-3.411163511394248 1.493031974472501 1.25
-5.238946828196148 -2.938665884846128 0.25
2.610224403986168 -0.6112240387310719 6.425507999262162
2.186663181451196 -1.282061723378421 6.425507999262162
2.35335674004565 -0.7838224860463883 5.407940767278711
-0.2492499768497878 -0.5658409313017583 6.024763068620963
-0.9111730370462183 -2.534481451179987 6.148990849169169
-0.9702017536943233 -2.167725991473882 5.173753917790132
-0.8670758645028993 2.566270055751947 6.148990849169169
3.676107359679662 0.1788807839189957 0.25
-2.596745302095921 1.875009104958631 0.25
-3.454944598987402 1.441029553622529 0.25
0.1514234725599974 5.961115151335622 0.25
0.3909302916622482 -4.002803459164861 0.25
0.9425888930679973 -4.592699731064219 0.25
1.390930291662249 -3.734854266733738 0.25
3.75 -9.184850993605148e-16 1.25
3.607959012257798 -0.3387573062860469 0.6284492989880568
2.002271165259126 -5.111882162835133 0.25
-2.525462904708055 -2.526306887321911 0.6215507010119421
2.645521449455686 -2.712209162292583 0.25
1.683707125355604 -2.994302070630102 0.25
2.262264407085804 -3.830651065343226 0.25
-0.8515820154650821 3.816557220306661 0.25
-2.27890805690014 2.289222667331726 0.6284492989880575
-4.405027078019094 -1.304126081899988 0.25
3.377572257024563 -1.980158354723706 0.25
-0.2490509669782498 3.732187523291632 1.25
0.6837071253556032 -3.262251263061225 0.25
1.726976272753302 -3.323906799439284 1.25
4.525907340015646 0.523637885145831 0.25
-1.812689460098575 5.983338878993473 0.25
-2.783866191251475 5.602180099602625 0.25
-1.715751613662897 5.115922227737092 0.25
-0.9699370514401225 -5.962483889986004 0.25
0.9747901048564933 3.124578152365864 0.25
5.070738381395647 1.205523307557256 0.25
6.025907340015646 0.5236378851458305 0.25
3.485315324318615 -4.249651263622404 0.25
-0.8889551238395874 5.883149553837873 0.25
-4.651237341942074 -3.800677380132892 0.25
-3.428793816952694 5.155749157640919 0.25
-4.244475368357086 4.505264826593602 0.25
-3.541739435921269 3.987605863363962 0.25
-0.2490509669782495 -3.732187523291632 1.25
-3.391861283579727 2.24364432473056 0.25
-2.65981047601085 2.975695132299437 0.25
-1.851582015465083 3.548608027875538 0.25
-1.460708691258526 5.957078734016383 0.25
1.882340847190939 3.543983306423257 0.25
2.69507708078117 5.697445206185995 0.25
3.598597802004354 5.175797274569385 0.25
2.812314126923243 4.857209863400141 0.25
5.873328089098594 -1.412801889829011 0.25
-2.431885422411423 -5.575919954625537 0.25
-5.970817097610036 1.412285176751013 0.25
-3.522756094979427 3.106589943699137 0.25
4.078568632000927 4.545173019146853 0.25
3.292284956919816 4.22658560797761 0.25
1.433999448596687 4.401828770753737 0.25
1.278357375118315 5.268051476881122 0.25
-4.241639056752852 1.258227326538635 0.25
-6.252769154636861 -0.521647931616613 0.25
-5.503440030878645 0.0128995160123061 0.25
-6.252769154636862 0.5216479316166075 0.25
2.627795315667416 2.753495216565764 0.25
2.896354325495361 3.540813638077625 0.25
2.005392358994948 5.93621332523648 0.25
2.122629405137022 5.095977982450626 0.25
3.359846123236293 2.021444408996887 0.25
-2.974194961303535 -2.975038943917393 0.25
-4.509909205822086 0.8906372451344045 0.25
2.416383495498788 4.171437893500157 0.25
-4.241960013390964 1.890637245134404 0.25
-6.11862079906051 -1.313214730287784 0.25
-5.176458172606888 -1.608764571587279 0.25
-5.449574170121472 -0.791566798671173 0.25
-1.533467437876507 4.361388261686662 0.25
4.271598999399728 -4.568238674791647 0.25
-5.811103944931027 -2.310159885582626 0.25
-5.663300243480554 2.409230332045855 0.25
3.229351071014383 -3.8712987567576 0.25
4.257958147584523 1.523637885145831 0.25
1.157999135240418 -5.283955657265631 0.25
1.885034119117053 -5.952117505620988 0.25
0.867895861387155 -6.184272675500404 0.25
-0.9878164520118681 -4.157103024025546 0.25
4.056471356822739 -3.604526985136794 0.25
4.981220403000142 -3.80344868937622 0.25
0.813213928958231 6.080109562033488 0.25
-5.028654471156414 1.70783501805051 0.25
3.86344098942394 3.581461329491999 0.25
3.821435500463036 -2.831828486153545 0.25
4.85892237403456 3.74431870220593 0.25
1.813923008491553 -4.688496529673706 0.25
-5.230324033364061 -0.8042982569038 0.25
3.628405133064239 2.808762830508747 0.25
-4.428627170372971 4.243550201166793 0.25
4.220938401059663 0.8607662063304206 0.25
5.889335861631493 1.71352853284959 0.25
1.315550722687088 2.683122468003563 0.6215507010119431
3.408158167248539 -0.8211192160810047 0.25
-5.301770468670997 0.8906372451344033 0.25
2.994315214654681 -3.09860025777435 0.25
1.726698773712567 4.410206012550642 0.25
-2.71452763443366 3.679502839275238 0.25
4.260874076415979 -1.381158779390848 0.25
-2.360679239364116 4.669491285775386 0.25
$EndNodes
$Elements
23 5936 1 5936
0 1 15 1
1 1 
0 2 15 1
2 2 
0 3 15 1
3 3 
0 4 15 1
4 4 
0 5 15 1
5 5 
0 6 15 1
6 6 
1 1 1 42
7 1 7 
8 7 8 
9 8 9 
10 9 10 
11 10 11 
12 11 12 
13 12 13 
14 13 14 
15 14 15 
16 15 16 
17 16 17 
18 17 18 
19 18 19 
20 19 20 
21 20 21 
22 21 22 
23 22 23 
24 23 24 
25 24 25 
26 25 26 
27 26 27 
28 27 28 
29 28 29 
30 29 30 
31 30 31 
32 31 32 
33 32 33 
34 33 34 
35 34 35 
36 35 36 
37 36 37 
38 37 38 
39 38 39 
40 39 40 
41 40 41 
42 41 42 
43 42 43 
44 43 44 
45 44 45 
46 45 46 
47 46 47 
48 47 1 
1 2 1 2
49 2 48 
50 48 1 
1 3 1 42
51 2 49 
52 49 50 
53 50 51 
54 51 52 
55 52 53 
56 53 54 
57 54 55 
58 55 56 
59 56 57 
60 57 58 
61 58 59 
62 59 60 
63 60 61 
64 61 62 
65 62 63 
66 63 64 
67 64 65 
68 65 66 
69 66 67 
70 67 68 
71 68 69 
72 69 70 
73 70 71 
74 71 72 
75 72 73 
76 73 74 
77 74 75 
78 75 76 
79 76 77 
80 77 78 
81 78 79 
82 79 80 
83 80 81 
84 81 82 
85 82 83 
86 83 84 
87 84 85 
88 85 86 
89 86 87 
90 87 88 
91 88 89 
92 89 2 
1 4 1 24
93 3 90 
94 90 91 
95 91 92 
96 92 93 
97 93 94 
98 94 95 
99 95 96 
100 96 97 
101 97 98 
102 98 99 
103 99 100 
104 100 101 
105 101 102 
106 102 103 
107 103 104 
108 104 105 
109 105 106 
110 106 107 
111 107 108 
112 108 109 
113 109 110 
114 110 111 
115 111 112 
116 112 3 
1 5 1 24
117 4 113 
118 113 114 
119 114 115 
120 115 116 
121 116 117 
122 117 118 
123 118 119 
124 119 120 
125 120 121 
126 121 122 
127 122 123 
128 123 124 
129 124 125 
130 125 126 
131 126 127 
132 127 128 
133 128 129 
134 129 130 
135 130 131 
136 131 132 
137 132 133 
138 133 134 
139 134 135 
140 135 4 
1 6 1 2
141 3 136 
142 136 4 
1 7 1 22
143 5 137 
144 137 138 
145 138 139 
146 139 140 
147 140 141 
148 141 142 
149 142 143 
150 143 144 
151 144 145 
152 145 146 
153 146 147 
154 147 148 
155 148 149 
156 149 150 
157 150 151 
158 151 152 
159 152 153 
160 153 154 
161 154 155 
162 155 156 
163 156 157 
164 157 5 
1 8 1 6
165 5 158 
166 158 159 
167 159 160 
168 160 161 
169 161 162 
170 162 6 
1 9 1 22
171 6 163 
172 163 164 
173 164 165 
174 165 166 
175 166 167 
176 167 168 
177 168 169 
178 169 170 
179 170 171 
180 171 172 
181 172 173 
182 173 174 
183 174 175 
184 175 176 
185 176 177 
186 177 178 
187 178 179 
188 179 180 
189 180 181 
190 181 182 
191 182 183 
192 183 6 
2 1 2 168
193 2 49 48 
194 49 184 48 
195 49 50 184 
196 48 184 1 
197 88 89 185 
198 89 48 185 
199 89 2 48 
200 185 48 1 
201 1 184 7 
202 184 186 7 
203 184 50 186 
204 7 186 8 
205 46 187 47 
206 187 185 47 
207 187 88 185 
208 47 185 1 
209 8 188 9 
210 188 189 9 
211 188 52 189 
212 9 189 10 
213 8 186 188 
214 186 51 188 
215 186 50 51 
216 188 51 52 
217 52 190 189 
218 190 11 189 
219 190 12 11 
220 189 11 10 
221 12 191 13 
222 191 192 13 
223 191 54 192 
224 13 192 14 
225 52 53 190 
226 53 191 190 
227 53 54 191 
228 190 191 12 
229 14 193 15 
230 193 194 15 
231 193 58 194 
232 15 194 16 
233 54 55 192 
234 55 195 192 
235 55 56 195 
236 192 195 14 
237 14 195 193 
238 195 57 193 
239 195 56 57 
240 193 57 58 
241 58 196 194 
242 196 17 194 
243 196 18 17 
244 194 17 16 
245 18 197 19 
246 197 198 19 
247 197 62 198 
248 19 198 20 
249 58 59 196 
250 59 199 196 
251 59 60 199 
252 196 199 18 
253 18 199 197 
254 199 61 197 
255 199 60 61 
256 197 61 62 
257 62 200 198 
258 200 21 198 
259 200 22 21 
260 198 21 20 
261 22 201 23 
262 201 202 23 
263 201 66 202 
264 23 202 24 
265 62 63 200 
266 63 203 200 
267 63 64 203 
268 200 203 22 
269 64 65 203 
270 65 201 203 
271 65 66 201 
272 203 201 22 
273 24 202 25 
274 202 204 25 
275 202 66 204 
276 25 204 26 
277 26 205 27 
278 205 206 27 
279 205 70 206 
280 27 206 28 
281 66 67 204 
282 67 207 204 
283 67 68 207 
284 204 207 26 
285 26 207 205 
286 207 69 205 
287 207 68 69 
288 205 69 70 
289 28 206 29 
290 206 208 29 
291 206 70 208 
292 29 208 30 
293 30 209 31 
294 209 210 31 
295 209 72 210 
296 31 210 32 
297 70 71 208 
298 71 209 208 
299 71 72 209 
300 208 209 30 
301 32 211 33 
302 211 212 33 
303 211 74 212 
304 33 212 34 
305 72 73 210 
306 73 211 210 
307 73 74 211 
308 210 211 32 
309 34 213 35 
310 213 214 35 
311 213 78 214 
312 35 214 36 
313 74 75 212 
314 75 215 212 
315 75 76 215 
316 212 215 34 
317 76 77 215 
318 77 213 215 
319 77 78 213 
320 215 213 34 
321 78 216 214 
322 216 37 214 
323 216 38 37 
324 214 37 36 
325 38 217 39 
326 217 218 39 
327 217 82 218 
328 39 218 40 
329 78 79 216 
330 79 219 216 
331 79 80 219 
332 216 219 38 
333 38 219 217 
334 219 81 217 
335 219 80 81 
336 217 81 82 
337 40 220 41 
338 220 221 41 
339 220 84 221 
340 41 221 42 
341 82 83 218 
342 83 220 218 
343 83 84 220 
344 218 220 40 
345 42 222 43 
346 222 223 43 
347 222 86 223 
348 43 223 44 
349 42 221 222 
350 221 85 222 
351 221 84 85 
352 222 85 86 
353 86 224 223 
354 224 45 223 
355 224 46 45 
356 223 45 44 
357 86 87 224 
358 87 187 224 
359 87 88 187 
360 224 187 46 
2 2 2 252
361 8 240 7 
362 240 241 7 
363 240 236 241 
364 7 241 1 
365 1 242 47 
366 242 243 47 
367 242 233 243 
368 47 243 46 
369 1 241 242 
370 241 244 242 
371 241 236 244 
372 242 244 233 
373 3 245 90 
374 245 246 90 
375 245 236 246 
376 90 246 91 
377 111 247 112 
378 247 248 112 
379 247 233 248 
380 112 248 3 
381 233 244 248 
382 244 245 248 
383 244 236 245 
384 248 245 3 
385 10 249 9 
386 249 240 9 
387 249 236 240 
388 9 240 8 
389 12 250 11 
390 250 251 11 
391 250 226 251 
392 11 251 10 
393 226 252 251 
394 252 249 251 
395 252 236 249 
396 251 249 10 
397 14 253 13 
398 253 254 13 
399 253 237 254 
400 13 254 12 
401 12 254 250 
402 254 255 250 
403 254 237 255 
404 250 255 226 
405 16 256 15 
406 256 257 15 
407 256 229 257 
408 15 257 14 
409 229 258 257 
410 258 253 257 
411 258 237 253 
412 257 253 14 
413 18 259 17 
414 259 260 17 
415 259 235 260 
416 17 260 16 
417 16 260 256 
418 260 261 256 
419 260 235 261 
420 256 261 229 
421 20 262 19 
422 262 259 19 
423 262 235 259 
424 19 259 18 
425 22 263 21 
426 263 264 21 
427 263 234 264 
428 21 264 20 
429 234 265 264 
430 265 262 264 
431 265 235 262 
432 264 262 20 
433 24 266 23 
434 266 263 23 
435 266 234 263 
436 23 263 22 
437 26 267 25 
438 267 268 25 
439 267 225 268 
440 25 268 24 
441 225 269 268 
442 269 266 268 
443 269 234 266 
444 268 266 24 
445 28 270 27 
446 270 271 27 
447 270 238 271 
448 27 271 26 
449 26 271 267 
450 271 272 267 
451 271 238 272 
452 267 272 225 
453 30 273 29 
454 273 274 29 
455 273 230 274 
456 29 274 28 
457 230 275 274 
458 275 270 274 
459 275 238 270 
460 274 270 28 
461 32 276 31 
462 276 277 31 
463 276 232 277 
464 31 277 30 
465 30 277 273 
466 277 278 273 
467 277 232 278 
468 273 278 230 
469 34 279 33 
470 279 276 33 
471 279 232 276 
472 33 276 32 
473 36 280 35 
474 280 281 35 
475 280 231 281 
476 35 281 34 
477 231 282 281 
478 282 279 281 
479 282 232 279 
480 281 279 34 
481 38 283 37 
482 283 280 37 
483 283 231 280 
484 37 280 36 
485 40 284 39 
486 284 285 39 
487 284 227 285 
488 39 285 38 
489 227 286 285 
490 286 283 285 
491 286 231 283 
492 285 283 38 
493 42 287 41 
494 287 288 41 
495 287 239 288 
496 41 288 40 
497 40 288 284 
498 288 289 284 
499 288 239 289 
500 284 289 227 
501 44 290 43 
502 290 291 43 
503 290 228 291 
504 43 291 42 
505 228 292 291 
506 292 287 291 
507 292 239 287 
508 291 287 42 
509 46 243 45 
510 243 293 45 
511 243 233 293 
512 45 293 44 
513 44 293 290 
514 293 294 290 
515 293 233 294 
516 290 294 228 
517 91 295 92 
518 295 296 92 
519 295 226 296 
520 92 296 93 
521 91 246 295 
522 246 252 295 
523 246 236 252 
524 295 252 226 
525 93 297 94 
526 297 298 94 
527 297 229 298 
528 94 298 95 
529 226 255 296 
530 255 299 296 
531 255 237 299 
532 296 299 93 
533 93 299 297 
534 299 258 297 
535 299 237 258 
536 297 258 229 
537 95 300 96 
538 300 301 96 
539 300 235 301 
540 96 301 97 
541 229 261 298 
542 261 300 298 
543 261 235 300 
544 298 300 95 
545 97 302 98 
546 302 303 98 
547 302 234 303 
548 98 303 99 
549 97 301 302 
550 301 265 302 
551 301 235 265 
552 302 265 234 
553 99 304 100 
554 304 305 100 
555 304 225 305 
556 100 305 101 
557 99 303 304 
558 303 269 304 
559 303 234 269 
560 304 269 225 
561 101 306 102 
562 306 307 102 
563 306 230 307 
564 102 307 103 
565 225 272 305 
566 272 308 305 
567 272 238 308 
568 305 308 101 
569 101 308 306 
570 308 275 306 
571 308 238 275 
572 306 275 230 
573 103 309 104 
574 309 310 104 
575 309 232 310 
576 104 310 105 
577 230 278 307 
578 278 309 307 
579 278 232 309 
580 307 309 103 
581 105 311 106 
582 311 312 106 
583 311 231 312 
584 106 312 107 
585 105 310 311 
586 310 282 311 
587 310 232 282 
588 311 282 231 
589 107 313 108 
590 313 314 108 
591 313 227 314 
592 108 314 109 
593 107 312 313 
594 312 286 313 
595 312 231 286 
596 313 286 227 
597 109 315 110 
598 315 316 110 
599 315 228 316 
600 110 316 111 
601 227 289 314 
602 289 317 314 
603 289 239 317 
604 314 317 109 
605 109 317 315 
606 317 292 315 
607 317 239 292 
608 315 292 228 
609 228 294 316 
610 294 247 316 
611 294 233 247 
612 316 247 111 
2 3 2 388
613 50 49 358 
614 49 357 358 
615 49 2 357 
616 358 357 342 
617 2 89 360 
618 89 359 360 
619 89 88 359 
620 360 359 322 
621 2 360 357 
622 360 361 357 
623 360 322 361 
624 357 361 342 
625 52 51 363 
626 51 362 363 
627 51 50 362 
628 363 362 355 
629 50 358 362 
630 358 364 362 
631 358 342 364 
632 362 364 355 
633 54 53 366 
634 53 365 366 
635 53 52 365 
636 366 365 321 
637 321 365 367 
638 365 363 367 
639 365 52 363 
640 367 363 355 
641 56 55 369 
642 55 368 369 
643 55 54 368 
644 369 368 352 
645 54 366 368 
646 366 370 368 
647 366 321 370 
648 368 370 352 
649 58 57 372 
650 57 371 372 
651 57 56 371 
652 372 371 343 
653 343 371 373 
654 371 369 373 
655 371 56 369 
656 373 369 352 
657 60 59 375 
658 59 374 375 
659 59 58 374 
660 375 374 324 
661 324 374 376 
662 374 372 376 
663 374 58 372 
664 376 372 343 
665 62 61 378 
666 61 377 378 
667 61 60 377 
668 378 377 351 
669 60 375 377 
670 375 379 377 
671 375 324 379 
672 377 379 351 
673 64 63 381 
674 63 380 381 
675 63 62 380 
676 381 380 319 
677 319 380 382 
678 380 378 382 
679 380 62 378 
680 382 378 351 
681 66 65 384 
682 65 383 384 
683 65 64 383 
684 384 383 347 
685 64 381 383 
686 381 385 383 
687 381 319 385 
688 383 385 347 
689 68 67 387 
690 67 386 387 
691 67 66 386 
692 387 386 325 
693 325 386 388 
694 386 384 388 
695 386 66 384 
696 388 384 347 
697 70 69 390 
698 69 389 390 
699 69 68 389 
700 390 389 350 
701 68 387 389 
702 387 391 389 
703 387 325 391 
704 389 391 350 
705 72 71 393 
706 71 392 393 
707 71 70 392 
708 393 392 345 
709 345 392 394 
710 392 390 394 
711 392 70 390 
712 394 390 350 
713 74 73 396 
714 73 395 396 
715 73 72 395 
716 396 395 320 
717 320 395 397 
718 395 393 397 
719 395 72 393 
720 397 393 345 
721 76 75 399 
722 75 398 399 
723 75 74 398 
724 399 398 340 
725 74 396 398 
726 396 400 398 
727 396 320 400 
728 398 400 340 
729 78 77 401 
730 77 399 401 
731 77 76 399 
732 401 399 340 
733 80 79 403 
734 79 402 403 
735 79 78 402 
736 403 402 323 
737 323 402 404 
738 402 401 404 
739 402 78 401 
740 404 401 340 
741 82 81 406 
742 81 405 406 
743 81 80 405 
744 406 405 348 
745 80 403 405 
746 403 407 405 
747 403 323 407 
748 405 407 348 
749 84 83 409 
750 83 408 409 
751 83 82 408 
752 409 408 318 
753 318 408 410 
754 408 406 410 
755 408 82 406 
756 410 406 348 
757 86 85 412 
758 85 411 412 
759 85 84 411 
760 412 411 346 
761 84 409 411 
762 409 413 411 
763 409 318 413 
764 411 413 346 
765 88 87 415 
766 87 414 415 
767 87 86 414 
768 415 414 326 
769 326 414 416 
770 414 412 416 
771 414 86 412 
772 416 412 346 
773 322 359 417 
774 359 415 417 
775 359 88 415 
776 417 415 326 
777 327 418 420 
778 418 419 420 
779 418 318 419 
780 420 419 335 
781 318 418 413 
782 418 421 413 
783 418 327 421 
784 413 421 346 
785 335 419 423 
786 419 422 423 
787 419 318 422 
788 423 422 353 
789 318 410 422 
790 410 424 422 
791 410 348 424 
792 422 424 353 
793 344 425 426 
794 425 382 426 
795 425 319 382 
796 426 382 351 
797 319 425 428 
798 425 427 428 
799 425 344 427 
800 428 427 356 
801 347 385 429 
802 385 428 429 
803 385 319 428 
804 429 428 356 
805 320 430 400 
806 430 431 400 
807 430 337 431 
808 400 431 340 
809 337 430 433 
810 430 432 433 
811 430 320 432 
812 433 432 341 
813 341 432 434 
814 432 397 434 
815 432 320 397 
816 434 397 345 
817 321 435 370 
818 435 436 370 
819 435 338 436 
820 370 436 352 
821 338 435 438 
822 435 437 438 
823 435 321 437 
824 438 437 354 
825 354 437 439 
826 437 367 439 
827 437 321 367 
828 439 367 355 
829 322 417 441 
830 417 440 441 
831 417 326 440 
832 441 440 327 
833 322 441 443 
834 441 442 443 
835 441 327 442 
836 443 442 328 
837 322 443 361 
838 443 444 361 
839 443 328 444 
840 361 444 342 
841 339 445 446 
842 445 404 446 
843 445 323 404 
844 446 404 340 
845 323 445 448 
846 445 447 448 
847 445 339 447 
848 448 447 353 
849 348 407 424 
850 407 448 424 
851 407 323 448 
852 424 448 353 
853 336 449 451 
854 449 450 451 
855 449 324 450 
856 451 450 338 
857 324 449 453 
858 449 452 453 
859 449 336 452 
860 453 452 344 
861 338 450 454 
862 450 376 454 
863 450 324 376 
864 454 376 343 
865 324 453 379 
866 453 426 379 
867 453 344 426 
868 379 426 351 
869 325 388 455 
870 388 429 455 
871 388 347 429 
872 455 429 356 
873 325 456 391 
874 456 457 391 
875 456 349 457 
876 391 457 350 
877 349 456 458 
878 456 455 458 
879 456 325 455 
880 458 455 356 
881 327 440 421 
882 440 416 421 
883 440 326 416 
884 421 416 346 
885 328 442 460 
886 442 459 460 
887 442 327 459 
888 460 459 329 
889 329 459 461 
890 459 420 461 
891 459 327 420 
892 461 420 335 
893 328 460 463 
894 460 462 463 
895 460 329 462 
896 463 462 330 
897 328 463 465 
898 463 464 465 
899 463 330 464 
900 465 464 354 
901 342 444 466 
902 444 465 466 
903 444 328 465 
904 466 465 354 
905 330 462 468 
906 462 467 468 
907 462 329 467 
908 468 467 331 
909 331 467 470 
910 467 469 470 
911 467 329 469 
912 470 469 332 
913 332 469 471 
914 469 461 471 
915 469 329 461 
916 471 461 335 
917 330 468 473 
918 468 472 473 
919 468 331 472 
920 473 472 336 
921 330 473 474 
922 473 451 474 
923 473 336 451 
924 474 451 338 
925 330 474 464 
926 474 438 464 
927 474 338 438 
928 464 438 354 
929 331 470 476 
930 470 475 476 
931 470 332 475 
932 476 475 333 
933 331 476 478 
934 476 477 478 
935 476 333 477 
936 478 477 334 
937 331 478 472 
938 478 479 472 
939 478 334 479 
940 472 479 336 
941 333 475 481 
942 475 480 481 
943 475 332 480 
944 481 480 337 
945 332 471 483 
946 471 482 483 
947 471 335 482 
948 483 482 339 
949 337 480 484 
950 480 483 484 
951 480 332 483 
952 484 483 339 
953 334 477 486 
954 477 485 486 
955 477 333 485 
956 486 485 349 
957 333 481 487 
958 481 433 487 
959 481 337 433 
960 487 433 341 
961 333 487 485 
962 487 488 485 
963 487 341 488 
964 485 488 349 
965 336 479 452 
966 479 489 452 
967 479 334 489 
968 452 489 344 
969 344 489 427 
970 489 490 427 
971 489 334 490 
972 427 490 356 
973 334 486 490 
974 486 458 490 
975 486 349 458 
976 490 458 356 
977 339 482 447 
978 482 423 447 
979 482 335 423 
980 447 423 353 
981 337 484 431 
982 484 446 431 
983 484 339 446 
984 431 446 340 
985 338 454 436 
986 454 373 436 
987 454 343 373 
988 436 373 352 
989 341 434 491 
990 434 394 491 
991 434 345 394 
992 491 394 350 
993 349 488 457 
994 488 491 457 
995 488 341 491 
996 457 491 350 
997 342 466 364 
998 466 439 364 
999 466 354 439 
1000 364 439 355 
2 4 2 192
1001 3 504 136 
1002 504 505 136 
1003 504 494 505 
1004 136 505 4 
1005 4 506 136 
1006 506 507 136 
1007 506 496 507 
1008 136 507 3 
1009 91 508 90 
1010 508 504 90 
1011 508 494 504 
1012 90 504 3 
1013 3 507 112 
1014 507 509 112 
1015 507 496 509 
1016 112 509 111 
1017 4 505 113 
1018 505 510 113 
1019 505 494 510 
1020 113 510 114 
1021 134 511 135 
1022 511 506 135 
1023 511 496 506 
1024 135 506 4 
1025 93 512 92 
1026 512 513 92 
1027 512 497 513 
1028 92 513 91 
1029 114 510 514 
1030 510 508 514 
1031 510 494 508 
1032 514 508 91 
1033 91 513 514 
1034 513 515 514 
1035 513 497 515 
1036 514 515 114 
1037 95 516 94 
1038 516 517 94 
1039 516 501 517 
1040 94 517 93 
1041 116 518 519 
1042 518 512 519 
1043 518 497 512 
1044 519 512 93 
1045 93 517 519 
1046 517 520 519 
1047 517 501 520 
1048 519 520 116 
1049 97 521 96 
1050 521 522 96 
1051 521 495 522 
1052 96 522 95 
1053 95 522 524 
1054 522 523 524 
1055 522 495 523 
1056 524 523 118 
1057 118 525 524 
1058 525 516 524 
1059 525 501 516 
1060 524 516 95 
1061 99 526 98 
1062 526 527 98 
1063 526 499 527 
1064 98 527 97 
1065 120 528 529 
1066 528 521 529 
1067 528 495 521 
1068 529 521 97 
1069 97 527 529 
1070 527 530 529 
1071 527 499 530 
1072 529 530 120 
1073 101 531 100 
1074 531 532 100 
1075 531 498 532 
1076 100 532 99 
1077 99 532 534 
1078 532 533 534 
1079 532 498 533 
1080 534 533 122 
1081 122 535 534 
1082 535 526 534 
1083 535 499 526 
1084 534 526 99 
1085 103 536 102 
1086 536 537 102 
1087 536 500 537 
1088 102 537 101 
1089 124 538 539 
1090 538 531 539 
1091 538 498 531 
1092 539 531 101 
1093 101 537 539 
1094 537 540 539 
1095 537 500 540 
1096 539 540 124 
1097 105 541 104 
1098 541 542 104 
1099 541 492 542 
1100 104 542 103 
1101 103 542 544 
1102 542 543 544 
1103 542 492 543 
1104 544 543 126 
1105 126 545 544 
1106 545 536 544 
1107 545 500 536 
1108 544 536 103 
1109 107 546 106 
1110 546 547 106 
1111 546 503 547 
1112 106 547 105 
1113 128 548 549 
1114 548 541 549 
1115 548 492 541 
1116 549 541 105 
1117 105 547 549 
1118 547 550 549 
1119 547 503 550 
1120 549 550 128 
1121 109 551 108 
1122 551 552 108 
1123 551 493 552 
1124 108 552 107 
1125 107 552 554 
1126 552 553 554 
1127 552 493 553 
1128 554 553 130 
1129 130 555 554 
1130 555 546 554 
1131 555 503 546 
1132 554 546 107 
1133 111 556 110 
1134 556 557 110 
1135 556 502 557 
1136 110 557 109 
1137 132 558 559 
1138 558 551 559 
1139 558 493 551 
1140 559 551 109 
1141 109 557 559 
1142 557 560 559 
1143 557 502 560 
1144 559 560 132 
1145 111 509 561 
1146 509 511 561 
1147 509 496 511 
1148 561 511 134 
1149 134 562 561 
1150 562 556 561 
1151 562 502 556 
1152 561 556 111 
1153 114 515 115 
1154 515 518 115 
1155 515 497 518 
1156 115 518 116 
1157 116 520 117 
1158 520 525 117 
1159 520 501 525 
1160 117 525 118 
1161 118 523 119 
1162 523 528 119 
1163 523 495 528 
1164 119 528 120 
1165 120 530 121 
1166 530 535 121 
1167 530 499 535 
1168 121 535 122 
1169 122 533 123 
1170 533 538 123 
1171 533 498 538 
1172 123 538 124 
1173 124 540 125 
1174 540 545 125 
1175 540 500 545 
1176 125 545 126 
1177 126 543 127 
1178 543 548 127 
1179 543 492 548 
1180 127 548 128 
1181 128 550 129 
1182 550 555 129 
1183 550 503 555 
1184 129 555 130 
1185 130 553 131 
1186 553 558 131 
1187 553 493 558 
1188 131 558 132 
1189 132 560 133 
1190 560 562 133 
1191 560 502 562 
1192 133 562 134 
2 5 2 92
1193 114 563 113 
1194 563 564 113 
1195 563 5 564 
1196 113 564 4 
1197 4 564 135 
1198 564 565 135 
1199 564 5 565 
1200 135 565 134 
1201 138 137 566 
1202 137 563 566 
1203 137 5 563 
1204 566 563 114 
1205 134 565 567 
1206 565 157 567 
1207 565 5 157 
1208 567 157 156 
1209 114 115 566 
1210 115 568 566 
1211 115 116 568 
1212 566 568 138 
1213 116 117 570 
1214 117 569 570 
1215 117 118 569 
1216 570 569 140 
1217 138 568 139 
1218 568 570 139 
1219 568 116 570 
1220 139 570 140 
1221 118 119 572 
1222 119 571 572 
1223 119 120 571 
1224 572 571 142 
1225 140 569 141 
1226 569 572 141 
1227 569 118 572 
1228 141 572 142 
1229 144 573 574 
1230 573 121 574 
1231 573 120 121 
1232 574 121 122 
1233 142 571 143 
1234 571 573 143 
1235 571 120 573 
1236 143 573 144 
1237 122 123 576 
1238 123 575 576 
1239 123 124 575 
1240 576 575 146 
1241 144 574 145 
1242 574 576 145 
1243 574 122 576 
1244 145 576 146 
1245 148 577 578 
1246 577 125 578 
1247 577 124 125 
1248 578 125 126 
1249 146 575 147 
1250 575 577 147 
1251 575 124 577 
1252 147 577 148 
1253 150 579 580 
1254 579 127 580 
1255 579 126 127 
1256 580 127 128 
1257 148 578 149 
1258 578 579 149 
1259 578 126 579 
1260 149 579 150 
1261 128 129 582 
1262 129 581 582 
1263 129 130 581 
1264 582 581 152 
1265 150 580 151 
1266 580 582 151 
1267 580 128 582 
1268 151 582 152 
1269 130 131 584 
1270 131 583 584 
1271 131 132 583 
1272 584 583 154 
1273 152 581 153 
1274 581 584 153 
1275 581 130 584 
1276 153 584 154 
1277 132 133 585 
1278 133 567 585 
1279 133 134 567 
1280 585 567 156 
1281 154 583 155 
1282 583 585 155 
1283 583 132 585 
1284 155 585 156 
2 6 2 296
1285 138 610 137 
1286 610 611 137 
1287 610 606 611 
1288 137 611 5 
1289 5 612 157 
1290 612 613 157 
1291 612 608 613 
1292 157 613 156 
1293 5 611 158 
1294 611 614 158 
1295 611 606 614 
1296 158 614 159 
1297 159 615 158 
1298 615 612 158 
1299 615 608 612 
1300 158 612 5 
1301 161 616 162 
1302 616 617 162 
1303 616 607 617 
1304 162 617 6 
1305 6 618 162 
1306 618 619 162 
1307 618 609 619 
1308 162 619 161 
1309 6 617 163 
1310 617 620 163 
1311 617 607 620 
1312 163 620 164 
1313 182 621 183 
1314 621 618 183 
1315 621 609 618 
1316 183 618 6 
1317 140 622 139 
1318 622 623 139 
1319 622 595 623 
1320 139 623 138 
1321 595 624 623 
1322 624 610 623 
1323 624 606 610 
1324 623 610 138 
1325 142 625 141 
1326 625 626 141 
1327 625 590 626 
1328 141 626 140 
1329 590 627 626 
1330 627 622 626 
1331 627 595 622 
1332 626 622 140 
1333 144 628 143 
1334 628 629 143 
1335 628 601 629 
1336 143 629 142 
1337 142 629 625 
1338 629 630 625 
1339 629 601 630 
1340 625 630 590 
1341 146 631 145 
1342 631 632 145 
1343 631 588 632 
1344 145 632 144 
1345 588 633 632 
1346 633 628 632 
1347 633 601 628 
1348 632 628 144 
1349 148 634 147 
1350 634 635 147 
1351 634 599 635 
1352 147 635 146 
1353 146 635 631 
1354 635 636 631 
1355 635 599 636 
1356 631 636 588 
1357 150 637 149 
1358 637 638 149 
1359 637 589 638 
1360 149 638 148 
1361 589 639 638 
1362 639 634 638 
1363 639 599 634 
1364 638 634 148 
1365 152 640 151 
1366 640 641 151 
1367 640 600 641 
1368 151 641 150 
1369 150 641 637 
1370 641 642 637 
1371 641 600 642 
1372 637 642 589 
1373 154 643 153 
1374 643 644 153 
1375 643 591 644 
1376 153 644 152 
1377 591 645 644 
1378 645 640 644 
1379 645 600 640 
1380 644 640 152 
1381 156 646 155 
1382 646 647 155 
1383 646 596 647 
1384 155 647 154 
1385 154 647 643 
1386 647 648 643 
1387 647 596 648 
1388 643 648 591 
1389 156 613 646 
1390 613 649 646 
1391 613 608 649 
1392 646 649 596 
1393 159 650 160 
1394 650 651 160 
1395 650 586 651 
1396 160 651 161 
1397 161 652 160 
1398 652 653 160 
1399 652 587 653 
1400 160 653 159 
1401 159 614 650 
1402 614 654 650 
1403 614 606 654 
1404 650 654 586 
1405 587 655 653 
1406 655 615 653 
1407 655 608 615 
1408 653 615 159 
1409 586 656 651 
1410 656 616 651 
1411 656 607 616 
1412 651 616 161 
1413 161 619 652 
1414 619 657 652 
1415 619 609 657 
1416 652 657 587 
1417 164 658 165 
1418 658 659 165 
1419 658 597 659 
1420 165 659 166 
1421 164 620 658 
1422 620 660 658 
1423 620 607 660 
1424 658 660 597 
1425 166 661 167 
1426 661 662 167 
1427 661 605 662 
1428 167 662 168 
1429 597 663 659 
1430 663 661 659 
1431 663 605 661 
1432 659 661 166 
1433 168 664 169 
1434 664 665 169 
1435 664 593 665 
1436 169 665 170 
1437 168 662 664 
1438 662 666 664 
1439 662 605 666 
1440 664 666 593 
1441 170 667 171 
1442 667 668 171 
1443 667 603 668 
1444 171 668 172 
1445 593 669 665 
1446 669 667 665 
1447 669 603 667 
1448 665 667 170 
1449 172 670 173 
1450 670 671 173 
1451 670 592 671 
1452 173 671 174 
1453 172 668 670 
1454 668 672 670 
1455 668 603 672 
1456 670 672 592 
1457 174 673 175 
1458 673 674 175 
1459 673 602 674 
1460 175 674 176 
1461 592 675 671 
1462 675 673 671 
1463 675 602 673 
1464 671 673 174 
1465 176 676 177 
1466 676 677 177 
1467 676 594 677 
1468 177 677 178 
1469 176 674 676 
1470 674 678 676 
1471 674 602 678 
1472 676 678 594 
1473 178 679 179 
1474 679 680 179 
1475 679 604 680 
1476 179 680 180 
1477 594 681 677 
1478 681 679 677 
1479 681 604 679 
1480 677 679 178 
1481 180 682 181 
1482 682 683 181 
1483 682 598 683 
1484 181 683 182 
1485 180 680 682 
1486 680 684 682 
1487 680 604 684 
1488 682 684 598 
1489 598 685 683 
1490 685 621 683 
1491 685 609 621 
1492 683 621 182 
1493 595 686 688 
1494 686 687 688 
1495 686 597 687 
1496 688 687 586 
1497 586 654 688 
1498 654 624 688 
1499 654 606 624 
1500 688 624 595 
1501 597 660 687 
1502 660 656 687 
1503 660 607 656 
1504 687 656 586 
1505 587 689 691 
1506 689 690 691 
1507 689 598 690 
1508 691 690 596 
1509 596 649 691 
1510 649 655 691 
1511 649 608 655 
1512 691 655 587 
1513 587 657 689 
1514 657 685 689 
1515 657 609 685 
1516 689 685 598 
1517 588 636 693 
1518 636 692 693 
1519 636 599 692 
1520 693 692 592 
1521 592 672 693 
1522 672 694 693 
1523 672 603 694 
1524 693 694 588 
1525 593 695 696 
1526 695 633 696 
1527 695 601 633 
1528 696 633 588 
1529 588 694 696 
1530 694 669 696 
1531 694 603 669 
1532 696 669 593 
1533 592 692 697 
1534 692 639 697 
1535 692 599 639 
1536 697 639 589 
1537 589 698 697 
1538 698 675 697 
1539 698 602 675 
1540 697 675 592 
1541 589 642 700 
1542 642 699 700 
1543 642 600 699 
1544 700 699 594 
1545 594 678 700 
1546 678 698 700 
1547 678 602 698 
1548 700 698 589 
1549 590 630 701 
1550 630 695 701 
1551 630 601 695 
1552 701 695 593 
1553 593 666 701 
1554 666 702 701 
1555 666 605 702 
1556 701 702 590 
1557 590 703 627 
1558 703 686 627 
1559 703 597 686 
1560 627 686 595 
1561 590 702 703 
1562 702 663 703 
1563 702 605 663 
1564 703 663 597 
1565 594 699 704 
1566 699 645 704 
1567 699 600 645 
1568 704 645 591 
1569 591 705 704 
1570 705 681 704 
1571 705 604 681 
1572 704 681 594 
1573 596 690 648 
1574 690 706 648 
1575 690 598 706 
1576 648 706 591 
1577 598 684 706 
1578 684 705 706 
1579 684 604 705 
1580 706 705 591 
2 7 2 100
1581 164 715 163 
1582 715 716 163 
1583 715 713 716 
1584 163 716 6 
1585 6 716 183 
1586 716 717 183 
1587 716 713 717 
1588 183 717 182 
1589 166 718 165 
1590 718 719 165 
1591 718 709 719 
1592 165 719 164 
1593 709 720 719 
1594 720 715 719 
1595 720 713 715 
1596 719 715 164 
1597 168 721 167 
1598 721 722 167 
1599 721 714 722 
1600 167 722 166 
1601 166 722 718 
1602 722 723 718 
1603 722 714 723 
1604 718 723 709 
1605 170 724 169 
1606 724 721 169 
1607 724 714 721 
1608 169 721 168 
1609 172 725 171 
1610 725 726 171 
1611 725 707 726 
1612 171 726 170 
1613 707 727 726 
1614 727 724 726 
1615 727 714 724 
1616 726 724 170 
1617 174 728 173 
1618 728 729 173 
1619 728 712 729 
1620 173 729 172 
1621 172 729 725 
1622 729 730 725 
1623 729 712 730 
1624 725 730 707 
1625 176 731 175 
1626 731 728 175 
1627 731 712 728 
1628 175 728 174 
1629 178 732 177 
1630 732 733 177 
1631 732 710 733 
1632 177 733 176 
1633 710 734 733 
1634 734 731 733 
1635 734 712 731 
1636 733 731 176 
1637 180 735 179 
1638 735 732 179 
1639 735 710 732 
1640 179 732 178 
1641 182 736 181 
1642 736 737 181 
1643 736 708 737 
1644 181 737 180 
1645 708 738 737 
1646 738 735 737 
1647 738 710 735 
1648 737 735 180 
1649 182 717 736 
1650 717 739 736 
1651 717 713 739 
1652 736 739 708 
1653 707 730 741 
1654 730 740 741 
1655 730 712 740 
1656 741 740 711 
1657 711 742 741 
1658 742 727 741 
1659 742 714 727 
1660 741 727 707 
1661 708 743 738 
1662 743 744 738 
1663 743 711 744 
1664 738 744 710 
1665 708 739 743 
1666 739 745 743 
1667 739 713 745 
1668 743 745 711 
1669 711 745 746 
1670 745 720 746 
1671 745 713 720 
1672 746 720 709 
1673 709 723 746 
1674 723 742 746 
1675 723 714 742 
1676 746 742 711 
1677 711 740 744 
1678 740 734 744 
1679 740 712 734 
1680 744 734 710 
3 1 4 4256
1681 595 624 688 754 
1682 624 606 654 756 
1683 688 654 586 755 
1684 754 756 755 748 
1685 624 688 754 756 
1686 624 756 654 688 
1687 688 754 756 755 
1688 688 755 756 654 
1689 595 757 754 759 
1690 757 747 758 761 
1691 754 758 748 760 
1692 759 761 760 750 
1693 757 754 759 761 
1694 757 761 758 754 
1695 754 759 761 760 
1696 754 760 761 758 
1697 595 757 624 754 
1698 757 747 762 758 
1699 624 762 606 756 
1700 754 758 756 748 
1701 757 624 754 758 
1702 757 758 762 624 
1703 624 754 758 756 
1704 624 756 758 762 
1705 124 577 125 540 
1706 577 148 578 763 
1707 125 578 126 545 
1708 540 763 545 500 
1709 577 125 540 763 
1710 577 763 578 125 
1711 125 540 763 545 
1712 125 545 763 578 
1713 124 538 123 575 
1714 538 498 533 764 
1715 123 533 122 576 
1716 575 764 576 146 
1717 538 123 575 764 
1718 538 764 533 123 
1719 123 575 764 576 
1720 123 576 764 533 
1721 334 765 766 767 
1722 765 144 145 769 
1723 766 145 146 768 
1724 767 769 768 749 
1725 765 766 767 769 
1726 765 769 145 766 
1727 766 767 769 768 
1728 766 768 769 145 
1729 606 762 624 770 
1730 762 747 757 772 
1731 624 757 595 771 
1732 770 772 771 752 
1733 762 624 770 772 
1734 762 772 757 624 
1735 624 770 772 771 
1736 624 771 772 757 
1737 334 765 767 773 
1738 765 144 769 775 
1739 767 769 749 774 
1740 773 775 774 751 
1741 765 767 773 775 
1742 765 775 769 767 
1743 767 773 775 774 
1744 767 774 775 769 
1745 599 776 777 778 
1746 776 747 761 780 
1747 777 761 750 779 
1748 778 780 779 753 
1749 776 777 778 780 
1750 776 780 761 777 
1751 777 778 780 779 
1752 777 779 780 761 
1753 606 756 762 770 
1754 756 748 758 781 
1755 762 758 747 772 
1756 770 781 772 752 
1757 756 762 770 781 
1758 756 781 758 762 
1759 762 770 781 772 
1760 762 772 781 758 
1761 591 643 644 782 
1762 643 154 153 784 
1763 644 153 152 783 
1764 782 784 783 752 
1765 643 644 782 784 
1766 643 784 153 644 
1767 644 782 784 783 
1768 644 783 784 153 
1769 596 785 786 787 
1770 785 748 758 788 
1771 786 758 747 780 
1772 787 788 780 753 
1773 785 786 787 788 
1774 785 788 758 786 
1775 786 787 788 780 
1776 786 780 788 758 
1777 144 789 574 573 
1778 789 499 535 530 
1779 574 535 122 121 
1780 573 530 121 120 
1781 789 574 573 530 
1782 789 530 535 574 
1783 574 573 530 121 
1784 574 121 530 535 
1785 128 580 548 127 
1786 580 150 790 579 
1787 548 790 492 543 
1788 127 579 543 126 
1789 580 548 127 579 
1790 580 579 790 548 
1791 548 127 579 543 
1792 548 543 579 790 
1793 226 251 252 791 
1794 251 10 249 793 
1795 252 249 236 792 
1796 791 793 792 355 
1797 251 252 791 793 
1798 251 793 249 252 
1799 252 791 793 792 
1800 252 792 793 249 
1801 747 794 757 772 
1802 794 751 795 796 
1803 757 795 595 771 
1804 772 796 771 752 
1805 794 757 772 796 
1806 794 796 795 757 
1807 757 772 796 771 
1808 757 771 796 795 
1809 599 636 776 798 
1810 636 588 797 800 
1811 776 797 747 799 
1812 798 800 799 749 
1813 636 776 798 800 
1814 636 800 797 776 
1815 776 798 800 799 
1816 776 799 800 797 
1817 596 786 785 801 
1818 786 747 758 772 
1819 785 758 748 781 
1820 801 772 781 752 
1821 786 785 801 772 
1822 786 772 758 785 
1823 785 801 772 781 
1824 785 781 772 758 
1825 154 802 803 784 
1826 802 335 471 805 
1827 803 471 332 804 
1828 784 805 804 752 
1829 802 803 784 805 
1830 802 805 471 803 
1831 803 784 805 804 
1832 803 804 805 471 
1833 599 635 636 798 
1834 635 146 631 768 
1835 636 631 588 800 
1836 798 768 800 749 
1837 635 636 798 768 
1838 635 768 631 636 
1839 636 798 768 800 
1840 636 800 768 631 
1841 588 636 797 806 
1842 636 599 776 777 
1843 797 776 747 761 
1844 806 777 761 750 
1845 636 797 806 777 
1846 636 777 776 797 
1847 797 806 777 761 
1848 797 761 777 776 
1849 225 268 269 807 
1850 268 24 266 809 
1851 269 266 234 808 
1852 807 809 808 347 
1853 268 269 807 809 
1854 268 809 266 269 
1855 269 807 809 808 
1856 269 808 809 266 
1857 601 633 628 810 
1858 633 588 632 811 
1859 628 632 144 775 
1860 810 811 775 751 
1861 633 628 810 811 
1862 633 811 632 628 
1863 628 810 811 775 
1864 628 775 811 632 
1865 595 754 686 759 
1866 754 748 812 760 
1867 686 812 597 813 
1868 759 760 813 750 
1869 754 686 759 760 
1870 754 760 812 686 
1871 686 759 760 813 
1872 686 813 760 812 
1873 600 814 645 816 
1874 814 747 815 799 
1875 645 815 591 817 
1876 816 799 817 749 
1877 814 645 816 799 
1878 814 799 815 645 
1879 645 816 799 817 
1880 645 817 799 815 
1881 159 818 614 819 
1882 818 748 756 781 
1883 614 756 606 770 
1884 819 781 770 752 
1885 818 614 819 781 
1886 818 781 756 614 
1887 614 819 781 770 
1888 614 770 781 756 
1889 330 820 821 822 
1890 820 138 137 824 
1891 821 137 5 823 
1892 822 824 823 494 
1893 820 821 822 824 
1894 820 824 137 821 
1895 821 822 824 823 
1896 821 823 824 137 
1897 44 290 293 825 
1898 290 228 294 827 
1899 293 294 233 826 
1900 825 827 826 326 
1901 290 293 825 827 
1902 290 827 294 293 
1903 293 825 827 826 
1904 293 826 827 294 
1905 600 645 640 816 
1906 645 591 644 817 
1907 640 644 152 828 
1908 816 817 828 749 
1909 645 640 816 817 
1910 645 817 644 640 
1911 640 816 817 828 
1912 640 828 817 644 
1913 159 650 614 818 
1914 650 586 654 755 
1915 614 654 606 756 
1916 818 755 756 748 
1917 650 614 818 755 
1918 650 755 654 614 
1919 614 818 755 756 
1920 614 756 755 654 
1921 334 766 477 767 
1922 766 146 829 768 
1923 477 829 333 830 
1924 767 768 830 749 
1925 766 477 767 768 
1926 766 768 829 477 
1927 477 767 768 830 
1928 477 830 768 829 
1929 747 799 814 780 
1930 799 749 816 832 
1931 814 816 600 831 
1932 780 832 831 753 
1933 799 814 780 832 
1934 799 832 816 814 
1935 814 780 832 831 
1936 814 831 832 816 
1937 595 688 686 754 
1938 688 586 687 755 
1939 686 687 597 812 
1940 754 755 812 748 
1941 688 686 754 755 
1942 688 755 687 686 
1943 686 754 755 812 
1944 686 812 755 687 
1945 599 777 692 778 
1946 777 750 833 779 
1947 692 833 592 834 
1948 778 779 834 753 
1949 777 692 778 779 
1950 777 779 833 692 
1951 692 778 779 834 
1952 692 834 779 833 
1953 335 802 835 836 
1954 802 154 153 838 
1955 835 153 152 837 
1956 836 838 837 493 
1957 802 835 836 838 
1958 802 838 153 835 
1959 835 836 838 837 
1960 835 837 838 153 
1961 596 648 786 801 
1962 648 591 815 782 
1963 786 815 747 772 
1964 801 782 772 752 
1965 648 786 801 782 
1966 648 782 815 786 
1967 786 801 782 772 
1968 786 772 782 815 
1969 332 470 840 804 
1970 470 331 839 842 
1971 840 839 749 841 
1972 804 842 841 752 
1973 470 840 804 842 
1974 470 842 839 840 
1975 840 804 842 841 
1976 840 841 842 839 
1977 334 767 478 773 
1978 767 749 839 774 
1979 478 839 331 843 
1980 773 774 843 751 
1981 767 478 773 774 
1982 767 774 839 478 
1983 478 773 774 843 
1984 478 843 774 839 
1985 331 843 839 842 
1986 843 751 774 796 
1987 839 774 749 841 
1988 842 796 841 752 
1989 843 839 842 796 
1990 843 796 774 839 
1991 839 842 796 841 
1992 839 841 796 774 
1993 601 630 845 810 
1994 630 590 844 847 
1995 845 844 750 846 
1996 810 847 846 751 
1997 630 845 810 847 
1998 630 847 844 845 
1999 845 810 847 846 
2000 845 846 847 844 
2001 596 786 648 787 
2002 786 747 815 780 
2003 648 815 591 848 
2004 787 780 848 753 
2005 786 648 787 780 
2006 786 780 815 648 
2007 648 787 780 848 
2008 648 848 780 815 
2009 591 815 645 848 
2010 815 747 814 780 
2011 645 814 600 831 
2012 848 780 831 753 
2013 815 645 848 780 
2014 815 780 814 645 
2015 645 848 780 831 
2016 645 831 780 814 
2017 328 463 849 850 
2018 463 330 821 822 
2019 849 821 5 823 
2020 850 822 823 494 
2021 463 849 850 822 
2022 463 822 821 849 
2023 849 850 822 823 
2024 849 823 822 821 
2025 339 851 853 854 
2026 851 503 852 855 
2027 853 852 152 151 
2028 854 855 151 150 
2029 851 853 854 855 
2030 851 855 852 853 
2031 853 854 855 151 
2032 853 151 855 852 
2033 334 856 765 858 
2034 856 495 857 859 
2035 765 857 144 143 
2036 858 859 143 142 
2037 856 765 858 859 
2038 856 859 857 765 
2039 765 858 859 143 
2040 765 143 859 857 
2041 154 153 803 802 
2042 153 152 860 835 
2043 803 860 332 471 
2044 802 835 471 335 
2045 153 803 802 835 
2046 153 835 860 803 
2047 803 802 835 471 
2048 803 471 835 860 
2049 347 861 809 808 
2050 861 22 23 263 
2051 809 23 24 266 
2052 808 263 266 234 
2053 861 809 808 263 
2054 861 263 23 809 
2055 809 808 263 266 
2056 809 266 263 23 
2057 709 862 863 864 
2058 862 597 812 813 
2059 863 812 748 760 
2060 864 813 760 750 
2061 862 863 864 813 
2062 862 813 812 863 
2063 863 864 813 760 
2064 863 760 813 812 
2065 120 528 119 571 
2066 528 495 523 859 
2067 119 523 118 572 
2068 571 859 572 142 
2069 528 119 571 859 
2070 528 859 523 119 
2071 119 571 859 572 
2072 119 572 859 523 
2073 332 469 470 804 
2074 469 329 467 865 
2075 470 467 331 842 
2076 804 865 842 752 
2077 469 470 804 865 
2078 469 865 467 470 
2079 470 804 865 842 
2080 470 842 865 467 
2081 152 852 581 582 
2082 852 503 555 550 
2083 581 555 130 129 
2084 582 550 129 128 
2085 852 581 582 550 
2086 852 550 555 581 
2087 581 582 550 129 
2088 581 129 550 555 
2089 330 821 820 866 
2090 821 5 137 868 
2091 820 137 138 867 
2092 866 868 867 752 
2093 821 820 866 868 
2094 821 868 137 820 
2095 820 866 868 867 
2096 820 867 868 137 
2097 331 478 476 839 
2098 478 334 477 767 
2099 476 477 333 830 
2100 839 767 830 749 
2101 478 476 839 767 
2102 478 767 477 476 
2103 476 839 767 830 
2104 476 830 767 477 
2105 596 691 649 785 
2106 691 587 655 870 
2107 649 655 608 869 
2108 785 870 869 748 
2109 691 649 785 870 
2110 691 870 655 649 
2111 649 785 870 869 
2112 649 869 870 655 
2113 596 647 648 801 
2114 647 154 643 784 
2115 648 643 591 782 
2116 801 784 782 752 
2117 647 648 801 784 
2118 647 784 643 648 
2119 648 801 784 782 
2120 648 782 784 643 
2121 329 469 461 865 
2122 469 332 471 804 
2123 461 471 335 805 
2124 865 804 805 752 
2125 469 461 865 804 
2126 469 804 471 461 
2127 461 865 804 805 
2128 461 805 804 471 
2129 330 820 872 866 
2130 820 138 871 867 
2131 872 871 751 796 
2132 866 867 796 752 
2133 820 872 866 867 
2134 820 867 871 872 
2135 872 866 867 796 
2136 872 796 867 871 
2137 589 642 873 874 
2138 642 600 816 831 
2139 873 816 749 832 
2140 874 831 832 753 
2141 642 873 874 831 
2142 642 831 816 873 
2143 873 874 831 832 
2144 873 832 831 816 
2145 495 856 875 859 
2146 856 334 479 858 
2147 875 479 336 876 
2148 859 858 876 142 
2149 856 875 859 858 
2150 856 858 479 875 
2151 875 859 858 876 
2152 875 876 858 479 
2153 233 826 243 293 
2154 826 326 877 825 
2155 243 877 46 45 
2156 293 825 45 44 
2157 826 243 293 825 
2158 826 825 877 243 
2159 243 293 825 45 
2160 243 45 825 877 
2161 595 686 627 759 
2162 686 597 703 813 
2163 627 703 590 844 
2164 759 813 844 750 
2165 686 627 759 813 
2166 686 813 703 627 
2167 627 759 813 844 
2168 627 844 813 703 
2169 105 311 310 878 
2170 311 231 282 880 
2171 310 282 232 879 
2172 878 880 879 340 
2173 311 310 878 880 
2174 311 880 282 310 
2175 310 878 880 879 
2176 310 879 880 282 
2177 236 249 240 792 
2178 249 10 9 793 
2179 240 9 8 881 
2180 792 793 881 355 
2181 249 240 792 793 
2182 249 793 9 240 
2183 240 792 793 881 
2184 240 881 793 9 
2185 749 774 799 841 
2186 774 751 794 796 
2187 799 794 747 772 
2188 841 796 772 752 
2189 774 799 841 796 
2190 774 796 794 799 
2191 799 841 796 772 
2192 799 772 796 794 
2193 596 785 649 801 
2194 785 748 869 781 
2195 649 869 608 882 
2196 801 781 882 752 
2197 785 649 801 781 
2198 785 781 869 649 
2199 649 801 781 882 
2200 649 882 781 869 
2201 156 883 155 884 
2202 883 335 802 805 
2203 155 802 154 784 
2204 884 805 784 752 
2205 883 155 884 805 
2206 883 805 802 155 
2207 155 884 805 784 
2208 155 784 805 802 
2209 503 851 547 855 
2210 851 339 885 854 
2211 547 885 105 886 
2212 855 854 886 150 
2213 851 547 855 854 
2214 851 854 885 547 
2215 547 855 854 886 
2216 547 886 854 885 
2217 74 887 398 396 
2218 887 232 879 888 
2219 398 879 340 400 
2220 396 888 400 320 
2221 887 398 396 888 
2222 887 888 879 398 
2223 398 396 888 400 
2224 398 400 888 879 
2225 502 889 890 891 
2226 889 154 155 802 
2227 890 155 156 883 
2228 891 802 883 335 
2229 889 890 891 802 
2230 889 802 155 890 
2231 890 891 802 883 
2232 890 883 802 155 
2233 332 892 860 840 
2234 892 150 151 893 
2235 860 151 152 828 
2236 840 893 828 749 
2237 892 860 840 893 
2238 892 893 151 860 
2239 860 840 893 828 
2240 860 828 893 151 
2241 103 102 895 896 
2242 102 101 894 897 
2243 895 894 333 487 
2244 896 897 487 341 
2245 102 895 896 897 
2246 102 897 894 895 
2247 895 896 897 487 
2248 895 487 897 894 
2249 588 693 636 806 
2250 693 592 692 833 
2251 636 692 599 777 
2252 806 833 777 750 
2253 693 636 806 833 
2254 693 833 692 636 
2255 636 806 833 777 
2256 636 777 833 692 
2257 496 898 900 901 
2258 898 329 899 865 
2259 900 899 156 884 
2260 901 865 884 752 
2261 898 900 901 865 
2262 898 865 899 900 
2263 900 901 865 884 
2264 900 884 865 899 
2265 599 692 639 778 
2266 692 592 697 834 
2267 639 697 589 874 
2268 778 834 874 753 
2269 692 639 778 834 
2270 692 834 697 639 
2271 639 778 834 874 
2272 639 874 834 697 
2273 152 860 853 151 
2274 860 332 483 892 
2275 853 483 339 854 
2276 151 892 854 150 
2277 860 853 151 892 
2278 860 892 483 853 
2279 853 151 892 854 
2280 853 854 892 483 
2281 709 902 862 864 
2282 902 605 663 903 
2283 862 663 597 813 
2284 864 903 813 750 
2285 902 862 864 903 
2286 902 903 663 862 
2287 862 864 903 813 
2288 862 813 903 663 
2289 607 904 660 905 
2290 904 709 862 863 
2291 660 862 597 812 
2292 905 863 812 748 
2293 904 660 905 863 
2294 904 863 862 660 
2295 660 905 863 812 
2296 660 812 863 862 
2297 495 521 856 857 
2298 521 97 906 907 
2299 856 906 334 765 
2300 857 907 765 144 
2301 521 856 857 907 
2302 521 907 906 856 
2303 856 857 907 765 
2304 856 765 907 906 
2305 159 615 818 819 
2306 615 608 869 882 
2307 818 869 748 781 
2308 819 882 781 752 
2309 615 818 819 882 
2310 615 882 869 818 
2311 818 819 882 781 
2312 818 781 882 869 
2313 328 849 463 908 
2314 849 5 821 868 
2315 463 821 330 866 
2316 908 868 866 752 
2317 849 463 908 868 
2318 849 868 821 463 
2319 463 908 868 866 
2320 463 866 868 821 
2321 334 858 765 773 
2322 858 142 143 909 
2323 765 143 144 775 
2324 773 909 775 751 
2325 858 765 773 909 
2326 858 909 143 765 
2327 765 773 909 775 
2328 765 775 909 143 
2329 159 615 653 818 
2330 615 608 655 869 
2331 653 655 587 870 
2332 818 869 870 748 
2333 615 653 818 869 
2334 615 869 655 653 
2335 653 818 869 870 
2336 653 870 869 655 
2337 605 902 910 903 
2338 902 709 723 864 
2339 910 723 714 911 
2340 903 864 911 750 
2341 902 910 903 864 
2342 902 864 723 910 
2343 910 903 864 911 
2344 910 911 864 723 
2345 111 556 912 913 
2346 556 502 890 891 
2347 912 890 156 883 
2348 913 891 883 335 
2349 556 912 913 891 
2350 556 891 890 912 
2351 912 913 891 883 
2352 912 883 891 890 
2353 231 282 880 281 
2354 282 232 879 279 
2355 880 879 340 914 
2356 281 279 914 34 
2357 282 880 281 279 
2358 282 279 879 880 
2359 880 281 279 914 
2360 880 914 279 879 
2361 605 702 663 903 
2362 702 590 703 844 
2363 663 703 597 813 
2364 903 844 813 750 
2365 702 663 903 844 
2366 702 844 703 663 
2367 663 903 844 813 
2368 663 813 844 703 
2369 339 483 853 482 
2370 483 332 860 471 
2371 853 860 152 835 
2372 482 471 835 335 
2373 483 853 482 471 
2374 483 471 860 853 
2375 853 482 471 835 
2376 853 835 471 860 
2377 329 915 467 865 
2378 915 751 843 796 
2379 467 843 331 842 
2380 865 796 842 752 
2381 915 467 865 796 
2382 915 796 843 467 
2383 467 865 796 842 
2384 467 842 796 843 
2385 709 904 720 863 
2386 904 607 916 905 
2387 720 916 713 917 
2388 863 905 917 748 
2389 904 720 863 905 
2390 904 905 916 720 
2391 720 863 905 917 
2392 720 917 905 916 
2393 497 918 919 920 
2394 918 138 139 820 
2395 919 139 140 921 
2396 920 820 921 330 
2397 918 919 920 820 
2398 918 820 139 919 
2399 919 920 820 921 
2400 919 921 820 139 
2401 607 660 656 905 
2402 660 597 687 812 
2403 656 687 586 755 
2404 905 812 755 748 
2405 660 656 905 812 
2406 660 812 687 656 
2407 656 905 812 755 
2408 656 755 812 687 
2409 82 408 923 83 
2410 408 318 922 409 
2411 923 922 239 924 
2412 83 409 924 84 
2413 408 923 83 409 
2414 408 409 922 923 
2415 923 83 409 924 
2416 923 924 409 922 
2417 332 480 892 840 
2418 480 337 925 926 
2419 892 925 150 893 
2420 840 926 893 749 
2421 480 892 840 926 
2422 480 926 925 892 
2423 892 840 926 893 
2424 892 893 926 925 
2425 707 927 928 929 
2426 927 592 672 833 
2427 928 672 603 930 
2428 929 833 930 750 
2429 927 928 929 833 
2430 927 833 672 928 
2431 928 929 833 930 
2432 928 930 833 672 
2433 332 480 483 892 
2434 480 337 484 925 
2435 483 484 339 854 
2436 892 925 854 150 
2437 480 483 892 925 
2438 480 925 484 483 
2439 483 892 925 854 
2440 483 854 925 484 
2441 592 833 932 834 
2442 833 750 931 779 
2443 932 931 712 933 
2444 834 779 933 753 
2445 833 932 834 779 
2446 833 779 931 932 
2447 932 834 779 933 
2448 932 933 779 931 
2449 496 900 898 509 
2450 900 156 899 912 
2451 898 899 329 934 
2452 509 912 934 111 
2453 900 898 509 912 
2454 900 912 899 898 
2455 898 509 912 934 
2456 898 934 912 899 
2457 330 872 462 866 
2458 872 751 915 796 
2459 462 915 329 865 
2460 866 796 865 752 
2461 872 462 866 796 
2462 872 796 915 462 
2463 462 866 796 865 
2464 462 865 796 915 
2465 152 151 640 828 
2466 151 150 641 893 
2467 640 641 600 816 
2468 828 893 816 749 
2469 151 640 828 893 
2470 151 893 641 640 
2471 640 828 893 816 
2472 640 816 893 641 
2473 148 147 634 935 
2474 147 146 635 768 
2475 634 635 599 798 
2476 935 768 798 749 
2477 147 634 935 768 
2478 147 768 635 634 
2479 634 935 768 798 
2480 634 798 768 635 
2481 140 139 622 936 
2482 139 138 623 871 
2483 622 623 595 795 
2484 936 871 795 751 
2485 139 622 936 871 
2486 139 871 623 622 
2487 622 936 871 795 
2488 622 795 871 623 
2489 329 461 899 865 
2490 461 335 883 805 
2491 899 883 156 884 
2492 865 805 884 752 
2493 461 899 865 805 
2494 461 805 883 899 
2495 899 865 805 884 
2496 899 884 805 883 
2497 328 463 460 908 
2498 463 330 462 866 
2499 460 462 329 865 
2500 908 866 865 752 
2501 463 460 908 866 
2502 463 866 462 460 
2503 460 908 866 865 
2504 460 865 866 462 
2505 592 927 932 833 
2506 927 707 730 929 
2507 932 730 712 931 
2508 833 929 931 750 
2509 927 932 833 929 
2510 927 929 730 932 
2511 932 833 929 931 
2512 932 931 929 730 
2513 334 479 858 773 
2514 479 336 876 937 
2515 858 876 142 909 
2516 773 937 909 751 
2517 479 858 773 937 
2518 479 937 876 858 
2519 858 773 937 909 
2520 858 909 937 876 
2521 709 863 746 864 
2522 863 748 938 760 
2523 746 938 711 939 
2524 864 760 939 750 
2525 863 746 864 760 
2526 863 760 938 746 
2527 746 864 760 939 
2528 746 939 760 938 
2529 142 629 143 909 
2530 629 601 628 810 
2531 143 628 144 775 
2532 909 810 775 751 
2533 629 143 909 810 
2534 629 810 628 143 
2535 143 909 810 775 
2536 143 775 810 628 
2537 5 940 157 868 
2538 940 496 900 901 
2539 157 900 156 884 
2540 868 901 884 752 
2541 940 157 868 901 
2542 940 901 900 157 
2543 157 868 901 884 
2544 157 884 901 900 
2545 603 672 694 930 
2546 672 592 693 833 
2547 694 693 588 806 
2548 930 833 806 750 
2549 672 694 930 833 
2550 672 833 693 694 
2551 694 930 833 806 
2552 694 806 833 693 
2553 148 941 942 763 
2554 941 333 895 943 
2555 942 895 103 536 
2556 763 943 536 500 
2557 941 942 763 943 
2558 941 943 895 942 
2559 942 763 943 536 
2560 942 536 943 895 
2561 333 829 941 830 
2562 829 146 147 768 
2563 941 147 148 935 
2564 830 768 935 749 
2565 829 941 830 768 
2566 829 768 147 941 
2567 941 830 768 935 
2568 941 935 768 147 
2569 602 698 675 944 
2570 698 589 697 874 
2571 675 697 592 834 
2572 944 874 834 753 
2573 698 675 944 874 
2574 698 874 697 675 
2575 675 944 874 834 
2576 675 834 874 697 
2577 330 945 820 822 
2578 945 91 946 508 
2579 820 946 138 824 
2580 822 508 824 494 
2581 945 820 822 508 
2582 945 508 946 820 
2583 820 822 508 824 
2584 820 824 508 946 
2585 324 947 449 450 
2586 947 95 948 949 
2587 449 948 336 451 
2588 450 949 451 338 
2589 947 449 450 949 
2590 947 949 948 449 
2591 449 450 949 451 
2592 449 451 949 948 
2593 159 160 650 818 
2594 160 161 651 950 
2595 650 651 586 755 
2596 818 950 755 748 
2597 160 650 818 950 
2598 160 950 651 650 
2599 650 818 950 755 
2600 650 755 950 651 
2601 142 951 141 909 
2602 951 501 952 953 
2603 141 952 140 936 
2604 909 953 936 751 
2605 951 141 909 953 
2606 951 953 952 141 
2607 141 909 953 936 
2608 141 936 953 952 
2609 78 401 954 402 
2610 401 340 880 404 
2611 954 880 231 955 
2612 402 404 955 323 
2613 401 954 402 404 
2614 401 404 880 954 
2615 954 402 404 955 
2616 954 955 404 880 
2617 226 252 295 791 
2618 252 236 246 792 
2619 295 246 91 956 
2620 791 792 956 355 
2621 252 295 791 792 
2622 252 792 246 295 
2623 295 791 792 956 
2624 295 956 792 246 
2625 107 313 312 957 
2626 313 227 286 958 
2627 312 286 231 955 
2628 957 958 955 323 
2629 313 312 957 958 
2630 313 958 286 312 
2631 312 957 958 955 
2632 312 955 958 286 
2633 350 959 491 457 
2634 959 101 897 960 
2635 491 897 341 488 
2636 457 960 488 349 
2637 959 491 457 960 
2638 959 960 897 491 
2639 491 457 960 488 
2640 491 488 960 897 
2641 708 961 963 964 
2642 961 748 962 788 
2643 963 962 598 965 
2644 964 788 965 753 
2645 961 963 964 788 
2646 961 788 962 963 
2647 963 964 788 965 
2648 963 965 788 962 
2649 161 616 651 950 
2650 616 607 656 905 
2651 651 656 586 755 
2652 950 905 755 748 
2653 616 651 950 905 
2654 616 905 656 651 
2655 651 950 905 755 
2656 651 755 905 656 
2657 708 963 966 964 
2658 963 598 684 965 
2659 966 684 604 967 
2660 964 965 967 753 
2661 963 966 964 965 
2662 963 965 684 966 
2663 966 964 965 967 
2664 966 967 965 684 
2665 602 675 968 944 
2666 675 592 932 834 
2667 968 932 712 933 
2668 944 834 933 753 
2669 675 968 944 834 
2670 675 834 932 968 
2671 968 944 834 933 
2672 968 933 834 932 
2673 103 969 970 896 
2674 969 337 430 433 
2675 970 430 320 432 
2676 896 433 432 341 
2677 969 970 896 433 
2678 969 433 430 970 
2679 970 896 433 432 
2680 970 432 433 430 
2681 138 139 820 871 
2682 139 140 921 936 
2683 820 921 330 872 
2684 871 936 872 751 
2685 139 820 871 936 
2686 139 936 921 820 
2687 820 871 936 872 
2688 820 872 936 921 
2689 97 906 971 521 
2690 906 334 479 856 
2691 971 479 336 875 
2692 521 856 875 495 
2693 906 971 521 856 
2694 906 856 479 971 
2695 971 521 856 875 
2696 971 875 856 479 
2697 336 972 876 937 
2698 972 501 951 953 
2699 876 951 142 909 
2700 937 953 909 751 
2701 972 876 937 953 
2702 972 953 951 876 
2703 876 937 953 909 
2704 876 909 953 951 
2705 227 286 958 285 
2706 286 231 955 283 
2707 958 955 323 973 
2708 285 283 973 38 
2709 286 958 285 283 
2710 286 283 955 958 
2711 958 285 283 973 
2712 958 973 283 955 
2713 598 706 684 965 
2714 706 591 705 848 
2715 684 705 604 967 
2716 965 848 967 753 
2717 706 684 965 848 
2718 706 848 705 684 
2719 684 965 848 967 
2720 684 967 848 705 
2721 107 106 546 974 
2722 106 105 547 885 
2723 546 547 503 851 
2724 974 885 851 339 
2725 106 546 974 885 
2726 106 885 547 546 
2727 546 974 885 851 
2728 546 851 885 547 
2729 337 975 484 925 
2730 975 105 885 886 
2731 484 885 339 854 
2732 925 886 854 150 
2733 975 484 925 886 
2734 975 886 885 484 
2735 484 925 886 854 
2736 484 854 886 885 
2737 148 941 763 976 
2738 941 333 943 894 
2739 763 943 500 537 
2740 976 894 537 101 
2741 941 763 976 894 
2742 941 894 943 763 
2743 763 976 894 537 
2744 763 537 894 943 
2745 233 294 247 826 
2746 294 228 316 827 
2747 247 316 111 977 
2748 826 827 977 326 
2749 294 247 826 827 
2750 294 827 316 247 
2751 247 826 827 977 
2752 247 977 827 316 
2753 225 269 304 807 
2754 269 234 303 808 
2755 304 303 99 978 
2756 807 808 978 347 
2757 269 304 807 808 
2758 269 808 303 304 
2759 304 807 808 978 
2760 304 978 808 303 
2761 330 468 462 872 
2762 468 331 467 843 
2763 462 467 329 915 
2764 872 843 915 751 
2765 468 462 872 843 
2766 468 843 467 462 
2767 462 872 843 915 
2768 462 915 843 467 
2769 154 583 584 838 
2770 583 132 131 558 
2771 584 131 130 553 
2772 838 558 553 493 
2773 583 584 838 558 
2774 583 558 131 584 
2775 584 838 558 553 
2776 584 553 558 131 
2777 230 307 278 979 
2778 307 103 309 970 
2779 278 309 232 888 
2780 979 970 888 320 
2781 307 278 979 970 
2782 307 970 309 278 
2783 278 979 970 888 
2784 278 888 970 309 
2785 334 486 477 766 
2786 486 349 485 980 
2787 477 485 333 829 
2788 766 980 829 146 
2789 486 477 766 980 
2790 486 980 485 477 
2791 477 766 980 829 
2792 477 829 980 485 
2793 233 248 244 981 
2794 248 3 245 983 
2795 244 245 236 982 
2796 981 983 982 322 
2797 248 244 981 983 
2798 248 983 245 244 
2799 244 981 983 982 
2800 244 982 983 245 
2801 229 298 261 984 
2802 298 95 300 947 
2803 261 300 235 985 
2804 984 947 985 324 
2805 298 261 984 947 
2806 298 947 300 261 
2807 261 984 947 985 
2808 261 985 947 300 
2809 333 941 481 830 
2810 941 148 986 935 
2811 481 986 337 926 
2812 830 935 926 749 
2813 941 481 830 935 
2814 941 935 986 481 
2815 481 830 935 926 
2816 481 926 935 986 
2817 116 570 117 520 
2818 570 140 569 952 
2819 117 569 118 525 
2820 520 952 525 501 
2821 570 117 520 952 
2822 570 952 569 117 
2823 117 520 952 525 
2824 117 525 952 569 
2825 710 738 987 988 
2826 738 708 966 964 
2827 987 966 604 967 
2828 988 964 967 753 
2829 738 987 988 964 
2830 738 964 966 987 
2831 987 988 964 967 
2832 987 967 964 966 
2833 5 611 137 868 
2834 611 606 610 770 
2835 137 610 138 867 
2836 868 770 867 752 
2837 611 137 868 770 
2838 611 770 610 137 
2839 137 868 770 867 
2840 137 867 770 610 
2841 150 637 641 893 
2842 637 589 642 873 
2843 641 642 600 816 
2844 893 873 816 749 
2845 637 641 893 873 
2846 637 873 642 641 
2847 641 893 873 816 
2848 641 816 873 642 
2849 599 639 634 798 
2850 639 589 638 873 
2851 634 638 148 935 
2852 798 873 935 749 
2853 639 634 798 873 
2854 639 873 638 634 
2855 634 798 873 935 
2856 634 935 873 638 
2857 710 989 733 734 
2858 989 602 674 968 
2859 733 674 176 731 
2860 734 968 731 712 
2861 989 733 734 968 
2862 989 968 674 733 
2863 733 734 968 731 
2864 733 731 968 674 
2865 596 646 647 801 
2866 646 156 155 884 
2867 647 155 154 784 
2868 801 884 784 752 
2869 646 647 801 884 
2870 646 884 155 647 
2871 647 801 884 784 
2872 647 784 884 155 
2873 236 244 982 241 
2874 244 233 981 242 
2875 982 981 322 990 
2876 241 242 990 1 
2877 244 982 241 242 
2878 244 242 981 982 
2879 982 241 242 990 
2880 982 990 242 981 
2881 126 579 543 578 
2882 579 150 790 149 
2883 543 790 492 991 
2884 578 149 991 148 
2885 579 543 578 149 
2886 579 149 790 543 
2887 543 578 149 991 
2888 543 991 149 790 
2889 710 989 734 988 
2890 989 602 968 944 
2891 734 968 712 933 
2892 988 944 933 753 
2893 989 734 988 944 
2894 989 944 968 734 
2895 734 988 944 933 
2896 734 933 944 968 
2897 144 574 789 145 
2898 574 122 535 576 
2899 789 535 499 992 
2900 145 576 992 146 
2901 574 789 145 576 
2902 574 576 535 789 
2903 789 145 576 992 
2904 789 992 576 535 
2905 140 993 919 921 
2906 993 93 512 994 
2907 919 512 497 920 
2908 921 994 920 330 
2909 993 919 921 994 
2910 993 994 512 919 
2911 919 921 994 920 
2912 919 920 994 512 
2913 150 925 149 893 
2914 925 337 986 926 
2915 149 986 148 935 
2916 893 926 935 749 
2917 925 149 893 926 
2918 925 926 986 149 
2919 149 893 926 935 
2920 149 935 926 986 
2921 161 995 616 950 
2922 995 713 916 917 
2923 616 916 607 905 
2924 950 917 905 748 
2925 995 616 950 917 
2926 995 917 916 616 
2927 616 950 917 905 
2928 616 905 917 916 
2929 105 885 878 975 
2930 885 339 446 484 
2931 878 446 340 431 
2932 975 484 431 337 
2933 885 878 975 484 
2934 885 484 446 878 
2935 878 975 484 431 
2936 878 431 484 446 
2937 159 653 160 818 
2938 653 587 652 870 
2939 160 652 161 950 
2940 818 870 950 748 
2941 653 160 818 870 
2942 653 870 652 160 
2943 160 818 870 950 
2944 160 950 870 652 
2945 601 630 695 845 
2946 630 590 701 844 
2947 695 701 593 996 
2948 845 844 996 750 
2949 630 695 845 844 
2950 630 844 701 695 
2951 695 845 844 996 
2952 695 996 844 701 
2953 148 941 976 147 
2954 941 333 894 829 
2955 976 894 101 997 
2956 147 829 997 146 
2957 941 976 147 829 
2958 941 829 894 976 
2959 976 147 829 997 
2960 976 997 829 894 
2961 709 720 746 863 
2962 720 713 745 917 
2963 746 745 711 938 
2964 863 917 938 748 
2965 720 746 863 917 
2966 720 917 745 746 
2967 746 863 917 938 
2968 746 938 917 745 
2969 91 945 998 508 
2970 945 330 463 822 
2971 998 463 328 850 
2972 508 822 850 494 
2973 945 998 508 822 
2974 945 822 463 998 
2975 998 508 822 850 
2976 998 850 822 463 
2977 590 626 627 847 
2978 626 140 622 936 
2979 627 622 595 795 
2980 847 936 795 751 
2981 626 627 847 936 
2982 626 936 622 627 
2983 627 847 936 795 
2984 627 795 936 622 
2985 103 969 895 942 
2986 969 337 481 986 
2987 895 481 333 941 
2988 942 986 941 148 
2989 969 895 942 986 
2990 969 986 481 895 
2991 895 942 986 941 
2992 895 941 986 481 
2993 593 696 695 996 
2994 696 588 633 806 
2995 695 633 601 845 
2996 996 806 845 750 
2997 696 695 996 806 
2998 696 806 633 695 
2999 695 996 806 845 
3000 695 845 806 633 
3001 142 625 629 909 
3002 625 590 630 847 
3003 629 630 601 810 
3004 909 847 810 751 
3005 625 629 909 847 
3006 625 847 630 629 
3007 629 909 847 810 
3008 629 810 847 630 
3009 111 912 934 913 
3010 912 156 899 883 
3011 934 899 329 461 
3012 913 883 461 335 
3013 912 934 913 883 
3014 912 883 899 934 
3015 934 913 883 461 
3016 934 461 883 899 
3017 593 999 669 996 
3018 999 707 928 929 
3019 669 928 603 930 
3020 996 929 930 750 
3021 999 669 996 929 
3022 999 929 928 669 
3023 669 996 929 930 
3024 669 930 929 928 
3025 598 689 690 962 
3026 689 587 691 870 
3027 690 691 596 785 
3028 962 870 785 748 
3029 689 690 962 870 
3030 689 870 691 690 
3031 690 962 870 785 
3032 690 785 870 691 
3033 122 534 535 576 
3034 534 99 526 1000 
3035 535 526 499 992 
3036 576 1000 992 146 
3037 534 535 576 1000 
3038 534 1000 526 535 
3039 535 576 1000 992 
3040 535 992 1000 526 
3041 492 542 543 991 
3042 542 103 544 942 
3043 543 544 126 578 
3044 991 942 578 148 
3045 542 543 991 942 
3046 542 942 544 543 
3047 543 991 942 578 
3048 543 578 942 544 
3049 320 1001 888 979 
3050 1001 30 277 273 
3051 888 277 232 278 
3052 979 273 278 230 
3053 1001 888 979 273 
3054 1001 273 277 888 
3055 888 979 273 278 
3056 888 278 273 277 
3057 593 701 666 996 
3058 701 590 702 844 
3059 666 702 605 903 
3060 996 844 903 750 
3061 701 666 996 844 
3062 701 844 702 666 
3063 666 996 844 903 
3064 666 903 844 702 
3065 708 739 1003 961 
3066 739 713 1002 917 
3067 1003 1002 609 1004 
3068 961 917 1004 748 
3069 739 1003 961 917 
3070 739 917 1002 1003 
3071 1003 961 917 1004 
3072 1003 1004 917 1002 
3073 708 743 961 964 
3074 743 711 938 1005 
3075 961 938 748 788 
3076 964 1005 788 753 
3077 743 961 964 1005 
3078 743 1005 938 961 
3079 961 964 1005 788 
3080 961 788 1005 938 
3081 593 669 696 996 
3082 669 603 694 930 
3083 696 694 588 806 
3084 996 930 806 750 
3085 669 696 996 930 
3086 669 930 694 696 
3087 696 996 930 806 
3088 696 806 930 694 
3089 602 678 989 674 
3090 678 594 1006 676 
3091 989 1006 710 733 
3092 674 676 733 176 
3093 678 989 674 676 
3094 678 676 1006 989 
3095 989 674 676 733 
3096 989 733 676 1006 
3097 5 158 611 868 
3098 158 159 614 819 
3099 611 614 606 770 
3100 868 819 770 752 
3101 158 611 868 819 
3102 158 819 614 611 
3103 611 868 819 770 
3104 611 770 819 614 
3105 710 1006 989 988 
3106 1006 594 678 1007 
3107 989 678 602 944 
3108 988 1007 944 753 
3109 1006 989 988 1007 
3110 1006 1007 678 989 
3111 989 988 1007 944 
3112 989 944 1007 678 
3113 103 102 536 895 
3114 102 101 537 894 
3115 536 537 500 943 
3116 895 894 943 333 
3117 102 536 895 894 
3118 102 894 537 536 
3119 536 895 894 943 
3120 536 943 894 537 
3121 711 740 741 939 
3122 740 712 730 931 
3123 741 730 707 929 
3124 939 931 929 750 
3125 740 741 939 931 
3126 740 931 730 741 
3127 741 939 931 929 
3128 741 929 931 730 
3129 711 939 938 1005 
3130 939 750 760 779 
3131 938 760 748 788 
3132 1005 779 788 753 
3133 939 938 1005 779 
3134 939 779 760 938 
3135 938 1005 779 788 
3136 938 788 779 760 
3137 712 931 740 933 
3138 931 750 939 779 
3139 740 939 711 1005 
3140 933 779 1005 753 
3141 931 740 933 779 
3142 931 779 939 740 
3143 740 933 779 1005 
3144 740 1005 779 939 
3145 714 727 1008 911 
3146 727 707 999 929 
3147 1008 999 593 996 
3148 911 929 996 750 
3149 727 1008 911 929 
3150 727 929 999 1008 
3151 1008 911 929 996 
3152 1008 996 929 999 
3153 598 963 685 962 
3154 963 708 1003 961 
3155 685 1003 609 1004 
3156 962 961 1004 748 
3157 963 685 962 961 
3158 963 961 1003 685 
3159 685 962 961 1004 
3160 685 1004 961 1003 
3161 334 478 479 773 
3162 478 331 472 843 
3163 479 472 336 937 
3164 773 843 937 751 
3165 478 479 773 843 
3166 478 843 472 479 
3167 479 773 843 937 
3168 479 937 843 472 
3169 609 1002 619 1004 
3170 1002 713 995 917 
3171 619 995 161 950 
3172 1004 917 950 748 
3173 1002 619 1004 917 
3174 1002 917 995 619 
3175 619 1004 917 950 
3176 619 950 917 995 
3177 91 90 508 998 
3178 90 3 504 1009 
3179 508 504 494 850 
3180 998 1009 850 328 
3181 90 508 998 1009 
3182 90 1009 504 508 
3183 508 998 1009 850 
3184 508 850 1009 504 
3185 349 486 1011 980 
3186 486 334 1010 766 
3187 1011 1010 99 1000 
3188 980 766 1000 146 
3189 486 1011 980 766 
3190 486 766 1010 1011 
3191 1011 980 766 1000 
3192 1011 1000 766 1010 
3193 170 667 665 726 
3194 667 603 669 928 
3195 665 669 593 999 
3196 726 928 999 707 
3197 667 665 726 928 
3198 667 928 669 665 
3199 665 726 928 999 
3200 665 999 928 669 
3201 16 260 1012 256 
3202 260 235 985 261 
3203 1012 985 324 984 
3204 256 261 984 229 
3205 260 1012 256 261 
3206 260 261 985 1012 
3207 1012 256 261 984 
3208 1012 984 261 985 
3209 107 108 313 1013 
3210 108 109 314 1015 
3211 313 314 227 1014 
3212 1013 1015 1014 353 
3213 108 313 1013 1015 
3214 108 1015 314 313 
3215 313 1013 1015 1014 
3216 313 1014 1015 314 
3217 714 1008 910 911 
3218 1008 593 666 996 
3219 910 666 605 903 
3220 911 996 903 750 
3221 1008 910 911 996 
3222 1008 996 666 910 
3223 910 911 996 903 
3224 910 903 996 666 
3225 328 1009 849 1017 
3226 1009 3 1016 507 
3227 849 1016 5 940 
3228 1017 507 940 496 
3229 1009 849 1017 507 
3230 1009 507 1016 849 
3231 849 1017 507 940 
3232 849 940 507 1016 
3233 239 922 923 1018 
3234 922 318 408 410 
3235 923 408 82 406 
3236 1018 410 406 348 
3237 922 923 1018 410 
3238 922 410 408 923 
3239 923 1018 410 406 
3240 923 406 410 408 
3241 589 700 642 874 
3242 700 594 699 1007 
3243 642 699 600 831 
3244 874 1007 831 753 
3245 700 642 874 1007 
3246 700 1007 699 642 
3247 642 874 1007 831 
3248 642 831 1007 699 
3249 497 513 918 920 
3250 513 91 946 945 
3251 918 946 138 820 
3252 920 945 820 330 
3253 513 918 920 945 
3254 513 945 946 918 
3255 918 920 945 820 
3256 918 820 945 946 
3257 332 470 475 840 
3258 470 331 476 839 
3259 475 476 333 830 
3260 840 839 830 749 
3261 470 475 840 839 
3262 470 839 476 475 
3263 475 840 839 830 
3264 475 830 839 476 
3265 105 104 541 975 
3266 104 103 542 969 
3267 541 542 492 1019 
3268 975 969 1019 337 
3269 104 541 975 969 
3270 104 969 542 541 
3271 541 975 969 1019 
3272 541 1019 969 542 
3273 608 613 649 882 
3274 613 156 646 884 
3275 649 646 596 801 
3276 882 884 801 752 
3277 613 649 882 884 
3278 613 884 646 649 
3279 649 882 884 801 
3280 649 801 884 646 
3281 327 1020 420 418 
3282 1020 109 1021 1022 
3283 420 1021 335 419 
3284 418 1022 419 318 
3285 1020 420 418 1022 
3286 1020 1022 1021 420 
3287 420 418 1022 419 
3288 420 419 1022 1021 
3289 602 678 698 944 
3290 678 594 700 1007 
3291 698 700 589 874 
3292 944 1007 874 753 
3293 678 698 944 1007 
3294 678 1007 700 698 
3295 698 944 1007 874 
3296 698 874 1007 700 
3297 603 928 668 672 
3298 928 707 725 927 
3299 668 725 172 670 
3300 672 927 670 592 
3301 928 668 672 927 
3302 928 927 725 668 
3303 668 672 927 670 
3304 668 670 927 725 
3305 711 745 743 938 
3306 745 713 739 917 
3307 743 739 708 961 
3308 938 917 961 748 
3309 745 743 938 917 
3310 745 917 739 743 
3311 743 938 917 961 
3312 743 961 917 739 
3313 709 746 723 864 
3314 746 711 742 939 
3315 723 742 714 911 
3316 864 939 911 750 
3317 746 723 864 939 
3318 746 939 742 723 
3319 723 864 939 911 
3320 723 911 939 742 
3321 332 475 480 840 
3322 475 333 481 830 
3323 480 481 337 926 
3324 840 830 926 749 
3325 475 480 840 830 
3326 475 830 481 480 
3327 480 840 830 926 
3328 480 926 830 481 
3329 714 724 1008 727 
3330 724 170 665 726 
3331 1008 665 593 999 
3332 727 726 999 707 
3333 724 1008 727 726 
3334 724 726 665 1008 
3335 1008 727 726 999 
3336 1008 999 726 665 
3337 101 539 976 997 
3338 539 124 577 575 
3339 976 577 148 147 
3340 997 575 147 146 
3341 539 976 997 575 
3342 539 575 577 976 
3343 976 997 575 147 
3344 976 147 575 577 
3345 148 638 149 935 
3346 638 589 637 873 
3347 149 637 150 893 
3348 935 873 893 749 
3349 638 149 935 873 
3350 638 873 637 149 
3351 149 935 873 893 
3352 149 893 873 637 
3353 609 619 657 1004 
3354 619 161 652 950 
3355 657 652 587 870 
3356 1004 950 870 748 
3357 619 657 1004 950 
3358 619 950 652 657 
3359 657 1004 950 870 
3360 657 870 950 652 
3361 594 704 699 1007 
3362 704 591 645 848 
3363 699 645 600 831 
3364 1007 848 831 753 
3365 704 699 1007 848 
3366 704 848 645 699 
3367 699 1007 848 831 
3368 699 831 848 645 
3369 344 1023 452 453 
3370 1023 95 948 947 
3371 452 948 336 449 
3372 453 947 449 324 
3373 1023 452 453 947 
3374 1023 947 948 452 
3375 452 453 947 449 
3376 452 449 947 948 
3377 97 527 906 907 
3378 527 499 1024 789 
3379 906 1024 334 765 
3380 907 789 765 144 
3381 527 906 907 789 
3382 527 789 1024 906 
3383 906 907 789 765 
3384 906 765 789 1024 
3385 166 718 722 661 
3386 718 709 723 902 
3387 722 723 714 910 
3388 661 902 910 605 
3389 718 722 661 902 
3390 718 902 723 722 
3391 722 661 902 910 
3392 722 910 902 723 
3393 101 102 306 897 
3394 102 103 307 896 
3395 306 307 230 1025 
3396 897 896 1025 341 
3397 102 306 897 896 
3398 102 896 307 306 
3399 306 897 896 1025 
3400 306 1025 896 307 
3401 150 855 151 580 
3402 855 503 852 550 
3403 151 852 152 582 
3404 580 550 582 128 
3405 855 151 580 550 
3406 855 550 852 151 
3407 151 580 550 582 
3408 151 582 550 852 
3409 120 573 528 571 
3410 573 144 857 143 
3411 528 857 495 859 
3412 571 143 859 142 
3413 573 528 571 143 
3414 573 143 857 528 
3415 528 571 143 859 
3416 528 859 143 857 
3417 327 1026 459 420 
3418 1026 111 934 913 
3419 459 934 329 461 
3420 420 913 461 335 
3421 1026 459 420 913 
3422 1026 913 934 459 
3423 459 420 913 461 
3424 459 461 913 934 
3425 604 705 681 967 
3426 705 591 704 848 
3427 681 704 594 1007 
3428 967 848 1007 753 
3429 705 681 967 848 
3430 705 848 704 681 
3431 681 967 848 1007 
3432 681 1007 848 704 
3433 748 760 758 788 
3434 760 750 761 779 
3435 758 761 747 780 
3436 788 779 780 753 
3437 760 758 788 779 
3438 760 779 761 758 
3439 758 788 779 780 
3440 758 780 779 761 
3441 142 876 1027 951 
3442 876 336 948 972 
3443 1027 948 95 516 
3444 951 972 516 501 
3445 876 1027 951 972 
3446 876 972 948 1027 
3447 1027 951 972 516 
3448 1027 516 972 948 
3449 109 108 1021 1015 
3450 108 107 1028 1013 
3451 1021 1028 335 423 
3452 1015 1013 423 353 
3453 108 1021 1015 1013 
3454 108 1013 1028 1021 
3455 1021 1015 1013 423 
3456 1021 423 1013 1028 
3457 5 612 158 868 
3458 612 608 615 882 
3459 158 615 159 819 
3460 868 882 819 752 
3461 612 158 868 882 
3462 612 882 615 158 
3463 158 868 882 819 
3464 158 819 882 615 
3465 142 141 625 909 
3466 141 140 626 936 
3467 625 626 590 847 
3468 909 936 847 751 
3469 141 625 909 936 
3470 141 936 626 625 
3471 625 909 936 847 
3472 625 847 936 626 
3473 331 468 472 843 
3474 468 330 473 872 
3475 472 473 336 937 
3476 843 872 937 751 
3477 468 472 843 872 
3478 468 872 473 472 
3479 472 843 872 937 
3480 472 937 872 473 
3481 707 725 927 730 
3482 725 172 670 729 
3483 927 670 592 932 
3484 730 729 932 712 
3485 725 927 730 729 
3486 725 729 670 927 
3487 927 730 729 932 
3488 927 932 729 670 
3489 353 423 1015 422 
3490 423 335 1021 419 
3491 1015 1021 109 1022 
3492 422 419 1022 318 
3493 423 1015 422 419 
3494 423 419 1021 1015 
3495 1015 422 419 1022 
3496 1015 1022 419 1021 
3497 114 566 115 515 
3498 566 138 568 918 
3499 115 568 116 518 
3500 515 918 518 497 
3501 566 115 515 918 
3502 566 918 568 115 
3503 115 515 918 518 
3504 115 518 918 568 
3505 598 685 689 962 
3506 685 609 657 1004 
3507 689 657 587 870 
3508 962 1004 870 748 
3509 685 689 962 1004 
3510 685 1004 657 689 
3511 689 962 1004 870 
3512 689 870 1004 657 
3513 708 738 743 964 
3514 738 710 744 988 
3515 743 744 711 1005 
3516 964 988 1005 753 
3517 738 743 964 988 
3518 738 988 744 743 
3519 743 964 988 1005 
3520 743 1005 988 744 
3521 132 585 133 560 
3522 585 156 567 890 
3523 133 567 134 562 
3524 560 890 562 502 
3525 585 133 560 890 
3526 585 890 567 133 
3527 133 560 890 562 
3528 133 562 890 567 
3529 605 661 902 663 
3530 661 166 718 659 
3531 902 718 709 862 
3532 663 659 862 597 
3533 661 902 663 659 
3534 661 659 718 902 
3535 902 663 659 862 
3536 902 862 659 718 
3537 604 966 987 680 
3538 966 708 738 737 
3539 987 738 710 735 
3540 680 737 735 180 
3541 966 987 680 737 
3542 966 737 738 987 
3543 987 680 737 735 
3544 987 735 737 738 
3545 182 621 736 717 
3546 621 609 1003 1002 
3547 736 1003 708 739 
3548 717 1002 739 713 
3549 621 736 717 1002 
3550 621 1002 1003 736 
3551 736 717 1002 739 
3552 736 739 1002 1003 
3553 604 681 987 967 
3554 681 594 1006 1007 
3555 987 1006 710 988 
3556 967 1007 988 753 
3557 681 987 967 1007 
3558 681 1007 1006 987 
3559 987 967 1007 988 
3560 987 988 1007 1006 
3561 500 540 763 537 
3562 540 124 577 539 
3563 763 577 148 976 
3564 537 539 976 101 
3565 540 763 537 539 
3566 540 539 577 763 
3567 763 537 539 976 
3568 763 976 539 577 
3569 124 539 538 575 
3570 539 101 531 997 
3571 538 531 498 764 
3572 575 997 764 146 
3573 539 538 575 997 
3574 539 997 531 538 
3575 538 575 997 764 
3576 538 764 997 531 
3577 109 1029 557 1021 
3578 1029 154 889 802 
3579 557 889 502 891 
3580 1021 802 891 335 
3581 1029 557 1021 802 
3582 1029 802 889 557 
3583 557 1021 802 891 
3584 557 891 802 889 
3585 604 684 966 680 
3586 684 598 963 682 
3587 966 963 708 737 
3588 680 682 737 180 
3589 684 966 680 682 
3590 684 682 963 966 
3591 966 680 682 737 
3592 966 737 682 963 
3593 713 916 720 715 
3594 916 607 904 620 
3595 720 904 709 719 
3596 715 620 719 164 
3597 916 720 715 620 
3598 916 620 904 720 
3599 720 715 620 719 
3600 720 719 620 904 
3601 161 619 162 995 
3602 619 609 618 1002 
3603 162 618 6 716 
3604 995 1002 716 713 
3605 619 162 995 1002 
3606 619 1002 618 162 
3607 162 995 1002 716 
3608 162 716 1002 618 
3609 713 716 995 916 
3610 716 6 162 617 
3611 995 162 161 616 
3612 916 617 616 607 
3613 716 995 916 617 
3614 716 617 162 995 
3615 995 916 617 616 
3616 995 616 617 162 
3617 708 1003 736 963 
3618 1003 609 621 685 
3619 736 621 182 683 
3620 963 685 683 598 
3621 1003 736 963 685 
3622 1003 685 621 736 
3623 736 963 685 683 
3624 736 683 685 621 
3625 150 886 855 580 
3626 886 105 547 549 
3627 855 547 503 550 
3628 580 549 550 128 
3629 886 855 580 549 
3630 886 549 547 855 
3631 855 580 549 550 
3632 855 550 549 547 
3633 144 857 907 573 
3634 857 495 521 528 
3635 907 521 97 529 
3636 573 528 529 120 
3637 857 907 573 528 
3638 857 528 521 907 
3639 907 573 528 529 
3640 907 529 528 521 
3641 710 734 744 988 
3642 734 712 740 933 
3643 744 740 711 1005 
3644 988 933 1005 753 
3645 734 744 988 933 
3646 734 933 740 744 
3647 744 988 933 1005 
3648 744 1005 933 740 
3649 3 1009 1030 983 
3650 1009 328 444 443 
3651 1030 444 342 361 
3652 983 443 361 322 
3653 1009 1030 983 443 
3654 1009 443 444 1030 
3655 1030 983 443 361 
3656 1030 361 443 444 
3657 711 741 742 939 
3658 741 707 727 929 
3659 742 727 714 911 
3660 939 929 911 750 
3661 741 742 939 929 
3662 741 929 727 742 
3663 742 939 929 911 
3664 742 911 929 727 
3665 351 1031 1032 1033 
3666 1031 18 19 259 
3667 1032 19 20 262 
3668 1033 259 262 235 
3669 1031 1032 1033 259 
3670 1031 259 19 1032 
3671 1032 1033 259 262 
3672 1032 262 259 19 
3673 231 283 280 955 
3674 283 38 37 973 
3675 280 37 36 1034 
3676 955 973 1034 323 
3677 283 280 955 973 
3678 283 973 37 280 
3679 280 955 973 1034 
3680 280 1034 973 37 
3681 105 975 541 886 
3682 975 337 1019 925 
3683 541 1019 492 790 
3684 886 925 790 150 
3685 975 541 886 925 
3686 975 925 1019 541 
3687 541 886 925 790 
3688 541 790 925 1019 
3689 709 904 862 719 
3690 904 607 660 620 
3691 862 660 597 658 
3692 719 620 658 164 
3693 904 862 719 620 
3694 904 620 660 862 
3695 862 719 620 658 
3696 862 658 620 660 
3697 592 675 932 671 
3698 675 602 968 673 
3699 932 968 712 728 
3700 671 673 728 174 
3701 675 932 671 673 
3702 675 673 968 932 
3703 932 671 673 728 
3704 932 728 673 968 
3705 99 98 526 1010 
3706 98 97 527 906 
3707 526 527 499 1024 
3708 1010 906 1024 334 
3709 98 526 1010 906 
3710 98 906 527 526 
3711 526 1010 906 1024 
3712 526 1024 906 527 
3713 95 94 516 948 
3714 94 93 517 1035 
3715 516 517 501 972 
3716 948 1035 972 336 
3717 94 516 948 1035 
3718 94 1035 517 516 
3719 516 948 1035 972 
3720 516 972 1035 517 
3721 168 721 664 662 
3722 721 714 1008 910 
3723 664 1008 593 666 
3724 662 910 666 605 
3725 721 664 662 910 
3726 721 910 1008 664 
3727 664 662 910 666 
3728 664 666 910 1008 
3729 710 732 1006 987 
3730 732 178 677 679 
3731 1006 677 594 681 
3732 987 679 681 604 
3733 732 1006 987 679 
3734 732 679 677 1006 
3735 1006 987 679 681 
3736 1006 681 679 677 
3737 339 974 445 447 
3738 974 107 957 1013 
3739 445 957 323 448 
3740 447 1013 448 353 
3741 974 445 447 1013 
3742 974 1013 957 445 
3743 445 447 1013 448 
3744 445 448 1013 957 
3745 1 241 1037 990 
3746 241 236 1036 982 
3747 1037 1036 342 361 
3748 990 982 361 322 
3749 241 1037 990 982 
3750 241 982 1036 1037 
3751 1037 990 982 361 
3752 1037 361 982 1036 
3753 5 157 612 868 
3754 157 156 613 884 
3755 612 613 608 882 
3756 868 884 882 752 
3757 157 612 868 884 
3758 157 884 613 612 
3759 612 868 884 882 
3760 612 882 884 613 
3761 346 1038 413 411 
3762 1038 239 922 924 
3763 413 922 318 409 
3764 411 924 409 84 
3765 1038 413 411 924 
3766 1038 924 922 413 
3767 413 411 924 409 
3768 413 409 924 922 
3769 4 135 564 506 
3770 135 134 565 511 
3771 564 565 5 940 
3772 506 511 940 496 
3773 135 564 506 511 
3774 135 511 565 564 
3775 564 506 511 940 
3776 564 940 511 565 
3777 114 113 563 510 
3778 113 4 564 505 
3779 563 564 5 823 
3780 510 505 823 494 
3781 113 563 510 505 
3782 113 505 564 563 
3783 563 510 505 823 
3784 563 823 505 564 
3785 97 96 521 971 
3786 96 95 522 948 
3787 521 522 495 875 
3788 971 948 875 336 
3789 96 521 971 948 
3790 96 948 522 521 
3791 521 971 948 875 
3792 521 875 948 522 
3793 337 969 481 433 
3794 969 103 895 896 
3795 481 895 333 487 
3796 433 896 487 341 
3797 969 481 433 896 
3798 969 896 895 481 
3799 481 433 896 487 
3800 481 487 896 895 
3801 140 141 569 952 
3802 141 142 572 951 
3803 569 572 118 525 
3804 952 951 525 501 
3805 141 569 952 951 
3806 141 951 572 569 
3807 569 952 951 525 
3808 569 525 951 572 
3809 154 584 153 838 
3810 584 130 581 553 
3811 153 581 152 837 
3812 838 553 837 493 
3813 584 153 838 553 
3814 584 553 581 153 
3815 153 838 553 837 
3816 153 837 553 581 
3817 109 108 551 1021 
3818 108 107 552 1028 
3819 551 552 493 836 
3820 1021 1028 836 335 
3821 108 551 1021 1028 
3822 108 1028 552 551 
3823 551 1021 1028 836 
3824 551 836 1028 552 
3825 712 729 932 728 
3826 729 172 670 173 
3827 932 670 592 671 
3828 728 173 671 174 
3829 729 932 728 173 
3830 729 173 670 932 
3831 932 728 173 671 
3832 932 671 173 670 
3833 602 674 968 673 
3834 674 176 731 175 
3835 968 731 712 728 
3836 673 175 728 174 
3837 674 968 673 175 
3838 674 175 731 968 
3839 968 673 175 728 
3840 968 728 175 731 
3841 714 1008 724 721 
3842 1008 593 665 664 
3843 724 665 170 169 
3844 721 664 169 168 
3845 1008 724 721 664 
3846 1008 664 665 724 
3847 724 721 664 169 
3848 724 169 664 665 
3849 710 732 987 735 
3850 732 178 679 179 
3851 987 679 604 680 
3852 735 179 680 180 
3853 732 987 735 179 
3854 732 179 679 987 
3855 987 735 179 680 
3856 987 680 179 679 
3857 95 522 948 1027 
3858 522 495 875 859 
3859 948 875 336 876 
3860 1027 859 876 142 
3861 522 948 1027 859 
3862 522 859 875 948 
3863 948 1027 859 876 
3864 948 876 859 875 
3865 714 721 722 910 
3866 721 168 167 662 
3867 722 167 166 661 
3868 910 662 661 605 
3869 721 722 910 662 
3870 721 662 167 722 
3871 722 910 662 661 
3872 722 661 662 167 
3873 18 196 1039 199 
3874 196 58 374 59 
3875 1039 374 324 375 
3876 199 59 375 60 
3877 196 1039 199 59 
3878 196 59 374 1039 
3879 1039 199 59 375 
3880 1039 375 59 374 
3881 232 276 277 888 
3882 276 32 31 1040 
3883 277 31 30 1001 
3884 888 1040 1001 320 
3885 276 277 888 1040 
3886 276 1040 31 277 
3887 277 888 1040 1001 
3888 277 1001 1040 31 
3889 319 1041 1042 1043 
3890 1041 20 21 264 
3891 1042 21 22 263 
3892 1043 264 263 234 
3893 1041 1042 1043 264 
3894 1041 264 21 1042 
3895 1042 1043 264 263 
3896 1042 263 264 21 
3897 339 851 974 853 
3898 851 503 546 852 
3899 974 546 107 1044 
3900 853 852 1044 152 
3901 851 974 853 852 
3902 851 852 546 974 
3903 974 853 852 1044 
3904 974 1044 852 546 
3905 170 667 726 171 
3906 667 603 928 668 
3907 726 928 707 725 
3908 171 668 725 172 
3909 667 726 171 668 
3910 667 668 928 726 
3911 726 171 668 725 
3912 726 725 668 928 
3913 335 1021 802 836 
3914 1021 109 1029 551 
3915 802 1029 154 838 
3916 836 551 838 493 
3917 1021 802 836 551 
3918 1021 551 1029 802 
3919 802 836 551 838 
3920 802 838 551 1029 
3921 99 98 1010 1045 
3922 98 97 906 1046 
3923 1010 906 334 490 
3924 1045 1046 490 356 
3925 98 1010 1045 1046 
3926 98 1046 906 1010 
3927 1010 1045 1046 490 
3928 1010 490 1046 906 
3929 97 96 971 1047 
3930 96 95 948 1023 
3931 971 948 336 452 
3932 1047 1023 452 344 
3933 96 971 1047 1023 
3934 96 1023 948 971 
3935 971 1047 1023 452 
3936 971 452 1023 948 
3937 182 183 621 717 
3938 183 6 618 716 
3939 621 618 609 1002 
3940 717 716 1002 713 
3941 183 621 717 716 
3942 183 716 618 621 
3943 621 717 716 1002 
3944 621 1002 716 618 
3945 607 916 617 620 
3946 916 713 716 715 
3947 617 716 6 163 
3948 620 715 163 164 
3949 916 617 620 715 
3950 916 715 716 617 
3951 617 620 715 163 
3952 617 163 715 716 
3953 594 677 1006 676 
3954 677 178 732 177 
3955 1006 732 710 733 
3956 676 177 733 176 
3957 677 1006 676 177 
3958 677 177 732 1006 
3959 1006 676 177 733 
3960 1006 733 177 732 
3961 97 971 906 1047 
3962 971 336 479 452 
3963 906 479 334 489 
3964 1047 452 489 344 
3965 971 906 1047 452 
3966 971 452 479 906 
3967 906 1047 452 489 
3968 906 489 452 479 
3969 351 1033 379 377 
3970 1033 235 985 1048 
3971 379 985 324 375 
3972 377 1048 375 60 
3973 1033 379 377 1048 
3974 1033 1048 985 379 
3975 379 377 1048 375 
3976 379 375 1048 985 
3977 342 1036 1030 361 
3978 1036 236 245 982 
3979 1030 245 3 983 
3980 361 982 983 322 
3981 1036 1030 361 982 
3982 1036 982 245 1030 
3983 1030 361 982 983 
3984 1030 983 982 245 
3985 93 1035 1049 994 
3986 1035 336 451 473 
3987 1049 451 338 474 
3988 994 473 474 330 
3989 1035 1049 994 473 
3990 1035 473 451 1049 
3991 1049 994 473 474 
3992 1049 474 473 451 
3993 12 13 1051 254 
3994 13 14 1050 253 
3995 1051 1050 352 1052 
3996 254 253 1052 237 
3997 13 1051 254 253 
3998 13 253 1050 1051 
3999 1051 254 253 1052 
4000 1051 1052 253 1050 
4001 1 990 185 47 
4002 990 322 359 1053 
4003 185 359 88 187 
4004 47 1053 187 46 
4005 990 185 47 1053 
4006 990 1053 359 185 
4007 185 47 1053 187 
4008 185 187 1053 359 
4009 356 1046 490 427 
4010 1046 97 906 1047 
4011 490 906 334 489 
4012 427 1047 489 344 
4013 1046 490 427 1047 
4014 1046 1047 906 490 
4015 490 427 1047 489 
4016 490 489 1047 906 
4017 76 77 399 1054 
4018 77 78 401 954 
4019 399 401 340 880 
4020 1054 954 880 231 
4021 77 399 1054 954 
4022 77 954 401 399 
4023 399 1054 954 880 
4024 399 880 954 401 
4025 26 204 1055 207 
4026 204 66 386 67 
4027 1055 386 325 387 
4028 207 67 387 68 
4029 204 1055 207 67 
4030 204 67 386 1055 
4031 1055 207 67 387 
4032 1055 387 67 386 
4033 2 48 360 89 
4034 48 1 990 185 
4035 360 990 322 359 
4036 89 185 359 88 
4037 48 360 89 185 
4038 48 185 990 360 
4039 360 89 185 359 
4040 360 359 185 990 
4041 328 849 1009 850 
4042 849 5 1016 823 
4043 1009 1016 3 504 
4044 850 823 504 494 
4045 849 1009 850 823 
4046 849 823 1016 1009 
4047 1009 850 823 504 
4048 1009 504 823 1016 
4049 22 200 1042 203 
4050 200 62 380 63 
4051 1042 380 319 381 
4052 203 63 381 64 
4053 200 1042 203 63 
4054 200 63 380 1042 
4055 1042 203 63 381 
4056 1042 381 63 380 
4057 5 940 565 157 
4058 940 496 511 900 
4059 565 511 134 567 
4060 157 900 567 156 
4061 940 565 157 900 
4062 940 900 511 565 
4063 565 157 900 567 
4064 565 567 900 511 
4065 5 137 563 823 
4066 137 138 566 824 
4067 563 566 114 510 
4068 823 824 510 494 
4069 137 563 823 824 
4070 137 824 566 563 
4071 563 823 824 510 
4072 563 510 824 566 
4073 97 98 302 1046 
4074 98 99 303 1045 
4075 302 303 234 1056 
4076 1046 1045 1056 356 
4077 98 302 1046 1045 
4078 98 1045 303 302 
4079 302 1046 1045 1056 
4080 302 1056 1045 303 
4081 352 370 1051 1052 
4082 370 321 1057 1058 
4083 1051 1057 12 254 
4084 1052 1058 254 237 
4085 370 1051 1052 1058 
4086 370 1058 1057 1051 
4087 1051 1052 1058 254 
4088 1051 254 1058 1057 
4089 338 454 450 1059 
4090 454 343 376 1060 
4091 450 376 324 984 
4092 1059 1060 984 229 
4093 454 450 1059 1060 
4094 454 1060 376 450 
4095 450 1059 1060 984 
4096 450 984 1060 376 
4097 1 184 48 1037 
4098 184 50 49 358 
4099 48 49 2 357 
4100 1037 358 357 342 
4101 184 48 1037 358 
4102 184 358 49 48 
4103 48 1037 358 357 
4104 48 357 358 49 
4105 58 196 374 194 
4106 196 18 1039 17 
4107 374 1039 324 1012 
4108 194 17 1012 16 
4109 196 374 194 17 
4110 196 17 1039 374 
4111 374 194 17 1012 
4112 374 1012 17 1039 
4113 101 100 960 305 
4114 100 99 1011 304 
4115 960 1011 349 1061 
4116 305 304 1061 225 
4117 100 960 305 304 
4118 100 304 1011 960 
4119 960 305 304 1061 
4120 960 1061 304 1011 
4121 350 390 1063 389 
4122 390 70 1062 69 
4123 1063 1062 238 1064 
4124 389 69 1064 68 
4125 390 1063 389 69 
4126 390 69 1062 1063 
4127 1063 389 69 1064 
4128 1063 1064 69 1062 
4129 354 437 438 1065 
4130 437 321 435 1066 
4131 438 435 338 1049 
4132 1065 1066 1049 93 
4133 437 438 1065 1066 
4134 437 1066 435 438 
4135 438 1065 1066 1049 
4136 438 1049 1066 435 
4137 229 1060 257 258 
4138 1060 343 1067 1068 
4139 257 1067 14 253 
4140 258 1068 253 237 
4141 1060 257 258 1068 
4142 1060 1068 1067 257 
4143 257 258 1068 253 
4144 257 253 1068 1067 
4145 107 974 1028 1013 
4146 974 339 482 447 
4147 1028 482 335 423 
4148 1013 447 423 353 
4149 974 1028 1013 447 
4150 974 447 482 1028 
4151 1028 1013 447 423 
4152 1028 423 447 482 
4153 597 659 862 658 
4154 659 166 718 165 
4155 862 718 709 719 
4156 658 165 719 164 
4157 659 862 658 165 
4158 659 165 718 862 
4159 862 658 165 719 
4160 862 719 165 718 
4161 338 438 1049 474 
4162 438 354 1065 464 
4163 1049 1065 93 994 
4164 474 464 994 330 
4165 438 1049 474 464 
4166 438 464 1065 1049 
4167 1049 474 464 994 
4168 1049 994 464 1065 
4169 598 683 963 682 
4170 683 182 736 181 
4171 963 736 708 737 
4172 682 181 737 180 
4173 683 963 682 181 
4174 683 181 736 963 
4175 963 682 181 737 
4176 963 737 181 736 
4177 354 1069 464 465 
4178 1069 91 945 998 
4179 464 945 330 463 
4180 465 998 463 328 
4181 1069 464 465 998 
4182 1069 998 945 464 
4183 464 465 998 463 
4184 464 463 998 945 
4185 95 524 1027 516 
4186 524 118 572 525 
4187 1027 572 142 951 
4188 516 525 951 501 
4189 524 1027 516 525 
4190 524 525 572 1027 
4191 1027 516 525 951 
4192 1027 951 525 572 
4193 130 554 581 553 
4194 554 107 1044 552 
4195 581 1044 152 837 
4196 553 552 837 493 
4197 554 581 553 552 
4198 554 552 1044 581 
4199 581 553 552 837 
4200 581 837 552 1044 
4201 26 271 205 207 
4202 271 238 1062 1064 
4203 205 1062 70 69 
4204 207 1064 69 68 
4205 271 205 207 1064 
4206 271 1064 1062 205 
4207 205 207 1064 69 
4208 205 69 1064 1062 
4209 28 27 270 206 
4210 27 26 271 205 
4211 270 271 238 1062 
4212 206 205 1062 70 
4213 27 270 206 205 
4214 27 205 271 270 
4215 270 206 205 1062 
4216 270 1062 205 271 
4217 235 259 260 985 
4218 259 18 17 1039 
4219 260 17 16 1012 
4220 985 1039 1012 324 
4221 259 260 985 1039 
4222 259 1039 17 260 
4223 260 985 1039 1012 
4224 260 1012 1039 17 
4225 2 48 357 360 
4226 48 1 1037 990 
4227 357 1037 342 361 
4228 360 990 361 322 
4229 48 357 360 990 
4230 48 990 1037 357 
4231 357 360 990 361 
4232 357 361 990 1037 
4233 337 431 1070 430 
4234 431 340 879 400 
4235 1070 879 232 888 
4236 430 400 888 320 
4237 431 1070 430 400 
4238 431 400 879 1070 
4239 1070 430 400 888 
4240 1070 888 400 879 
4241 14 192 1050 195 
4242 192 54 368 55 
4243 1050 368 352 369 
4244 195 55 369 56 
4245 192 1050 195 55 
4246 192 55 368 1050 
4247 1050 195 55 369 
4248 1050 369 55 368 
4249 156 585 155 890 
4250 585 132 583 560 
4251 155 583 154 889 
4252 890 560 889 502 
4253 585 155 890 560 
4254 585 560 583 155 
4255 155 890 560 889 
4256 155 889 560 583 
4257 140 570 139 919 
4258 570 116 568 518 
4259 139 568 138 918 
4260 919 518 918 497 
4261 570 139 919 518 
4262 570 518 568 139 
4263 139 919 518 918 
4264 139 918 518 568 
4265 347 384 861 383 
4266 384 66 201 65 
4267 861 201 22 203 
4268 383 65 203 64 
4269 384 861 383 65 
4270 384 65 201 861 
4271 861 383 65 203 
4272 861 203 65 201 
4273 95 94 948 949 
4274 94 93 1035 1049 
4275 948 1035 336 451 
4276 949 1049 451 338 
4277 94 948 949 1049 
4278 94 1049 1035 948 
4279 948 949 1049 451 
4280 948 451 1049 1035 
4281 54 192 368 191 
4282 192 14 1050 13 
4283 368 1050 352 1051 
4284 191 13 1051 12 
4285 192 368 191 13 
4286 192 13 1050 368 
4287 368 191 13 1051 
4288 368 1051 13 1050 
4289 324 947 450 984 
4290 947 95 949 298 
4291 450 949 338 1059 
4292 984 298 1059 229 
4293 947 450 984 298 
4294 947 298 949 450 
4295 450 984 298 1059 
4296 450 1059 298 949 
4297 58 193 372 57 
4298 193 14 1067 195 
4299 372 1067 343 371 
4300 57 195 371 56 
4301 193 372 57 195 
4302 193 195 1067 372 
4303 372 57 195 371 
4304 372 371 195 1067 
4305 72 210 395 209 
4306 210 32 1040 31 
4307 395 1040 320 1001 
4308 209 31 1001 30 
4309 210 395 209 31 
4310 210 31 1040 395 
4311 395 209 31 1001 
4312 395 1001 31 1040 
4313 62 200 380 198 
4314 200 22 1042 21 
4315 380 1042 319 1041 
4316 198 21 1041 20 
4317 200 380 198 21 
4318 200 21 1042 380 
4319 380 198 21 1041 
4320 380 1041 21 1042 
4321 101 959 1071 960 
4322 959 350 391 457 
4323 1071 391 325 456 
4324 960 457 456 349 
4325 959 1071 960 457 
4326 959 457 391 1071 
4327 1071 960 457 456 
4328 1071 456 457 391 
4329 103 544 942 536 
4330 544 126 578 545 
4331 942 578 148 763 
4332 536 545 763 500 
4333 544 942 536 545 
4334 544 545 578 942 
4335 942 536 545 763 
4336 942 763 545 578 
4337 498 532 533 764 
4338 532 99 534 1000 
4339 533 534 122 576 
4340 764 1000 576 146 
4341 532 533 764 1000 
4342 532 1000 534 533 
4343 533 764 1000 576 
4344 533 576 1000 534 
4345 237 1052 1058 299 
4346 1052 352 370 1072 
4347 1058 370 321 1066 
4348 299 1072 1066 93 
4349 1052 1058 299 1072 
4350 1052 1072 370 1058 
4351 1058 299 1072 1066 
4352 1058 1066 1072 370 
4353 84 924 220 221 
4354 924 239 288 287 
4355 220 288 40 41 
4356 221 287 41 42 
4357 924 220 221 287 
4358 924 287 288 220 
4359 220 221 287 41 
4360 220 41 287 288 
4361 99 1011 1073 1045 
4362 1011 349 456 458 
4363 1073 456 325 455 
4364 1045 458 455 356 
4365 1011 1073 1045 458 
4366 1011 458 456 1073 
4367 1073 1045 458 455 
4368 1073 455 458 456 
4369 72 210 73 395 
4370 210 32 211 1040 
4371 73 211 74 396 
4372 395 1040 396 320 
4373 210 73 395 1040 
4374 210 1040 211 73 
4375 73 395 1040 396 
4376 73 396 1040 211 
4377 52 188 363 51 
4378 188 8 881 186 
4379 363 881 355 362 
4380 51 186 362 50 
4381 188 363 51 186 
4382 188 186 881 363 
4383 363 51 186 362 
4384 363 362 186 881 
4385 326 415 877 414 
4386 415 88 187 87 
4387 877 187 46 224 
4388 414 87 224 86 
4389 415 877 414 87 
4390 415 87 187 877 
4391 877 414 87 224 
4392 877 224 87 187 
4393 345 1074 1075 1076 
4394 1074 28 274 270 
4395 1075 274 230 275 
4396 1076 270 275 238 
4397 1074 1075 1076 270 
4398 1074 270 274 1075 
4399 1075 1076 270 275 
4400 1075 275 270 274 
4401 235 1077 1033 985 
4402 1077 344 426 453 
4403 1033 426 351 379 
4404 985 453 379 324 
4405 1077 1033 985 453 
4406 1077 453 426 1033 
4407 1033 985 453 379 
4408 1033 379 453 426 
4409 84 411 924 221 
4410 411 346 1038 1078 
4411 924 1038 239 287 
4412 221 1078 287 42 
4413 411 924 221 1078 
4414 411 1078 1038 924 
4415 924 221 1078 287 
4416 924 287 1078 1038 
4417 42 222 221 1078 
4418 222 86 85 412 
4419 221 85 84 411 
4420 1078 412 411 346 
4421 222 221 1078 412 
4422 222 412 85 221 
4423 221 1078 412 411 
4424 221 411 412 85 
4425 62 197 378 61 
4426 197 18 1031 199 
4427 378 1031 351 377 
4428 61 199 377 60 
4429 197 378 61 199 
4430 197 199 1031 378 
4431 378 61 199 377 
4432 378 377 199 1031 
4433 333 487 894 485 
4434 487 341 897 488 
4435 894 897 101 960 
4436 485 488 960 349 
4437 487 894 485 488 
4438 487 488 897 894 
4439 894 485 488 960 
4440 894 960 488 897 
4441 347 429 385 808 
4442 429 356 428 1056 
4443 385 428 319 1043 
4444 808 1056 1043 234 
4445 429 385 808 1056 
4446 429 1056 428 385 
4447 385 808 1056 1043 
4448 385 1043 1056 428 
4449 322 990 981 1053 
4450 990 1 242 47 
4451 981 242 233 243 
4452 1053 47 243 46 
4453 990 981 1053 47 
4454 990 47 242 981 
4455 981 1053 47 243 
4456 981 243 47 242 
4457 230 273 274 1075 
4458 273 30 29 1079 
4459 274 29 28 1074 
4460 1075 1079 1074 345 
4461 273 274 1075 1079 
4462 273 1079 29 274 
4463 274 1075 1079 1074 
4464 274 1074 1079 29 
4465 105 878 310 975 
4466 878 340 879 431 
4467 310 879 232 1070 
4468 975 431 1070 337 
4469 878 310 975 431 
4470 878 431 879 310 
4471 310 975 431 1070 
4472 310 1070 431 879 
4473 82 923 218 83 
4474 923 239 288 924 
4475 218 288 40 220 
4476 83 924 220 84 
4477 923 218 83 924 
4478 923 924 288 218 
4479 218 83 924 220 
4480 218 220 924 288 
4481 18 197 1031 19 
4482 197 62 378 198 
4483 1031 378 351 1032 
4484 19 198 1032 20 
4485 197 1031 19 198 
4486 197 198 378 1031 
4487 1031 19 198 1032 
4488 1031 1032 198 378 
4489 54 366 191 368 
4490 366 321 1057 370 
4491 191 1057 12 1051 
4492 368 370 1051 352 
4493 366 191 368 370 
4494 366 370 1057 191 
4495 191 368 370 1051 
4496 191 1051 370 1057 
4497 66 204 386 202 
4498 204 26 1055 25 
4499 386 1055 325 1080 
4500 202 25 1080 24 
4501 204 386 202 25 
4502 204 25 1055 386 
4503 386 202 25 1080 
4504 386 1080 25 1055 
4505 109 315 317 1022 
4506 315 228 292 1081 
4507 317 292 239 922 
4508 1022 1081 922 318 
4509 315 317 1022 1081 
4510 315 1081 292 317 
4511 317 1022 1081 922 
4512 317 922 1081 292 
4513 354 1069 466 439 
4514 1069 91 1082 956 
4515 466 1082 342 364 
4516 439 956 364 355 
4517 1069 466 439 956 
4518 1069 956 1082 466 
4519 466 439 956 364 
4520 466 364 956 1082 
4521 95 96 300 1023 
4522 96 97 301 1047 
4523 300 301 235 1077 
4524 1023 1047 1077 344 
4525 96 300 1023 1047 
4526 96 1047 301 300 
4527 300 1023 1047 1077 
4528 300 1077 1047 301 
4529 239 288 289 1018 
4530 288 40 284 1084 
4531 289 284 227 1083 
4532 1018 1084 1083 348 
4533 288 289 1018 1084 
4534 288 1084 284 289 
4535 289 1018 1084 1083 
4536 289 1083 1084 284 
4537 227 284 285 1083 
4538 284 40 39 1084 
4539 285 39 38 1085 
4540 1083 1084 1085 348 
4541 284 285 1083 1084 
4542 284 1084 39 285 
4543 285 1083 1084 1085 
4544 285 1085 1084 39 
4545 340 880 404 446 
4546 880 231 955 1086 
4547 404 955 323 445 
4548 446 1086 445 339 
4549 880 404 446 1086 
4550 880 1086 955 404 
4551 404 446 1086 445 
4552 404 445 1086 955 
4553 38 216 973 219 
4554 216 78 402 79 
4555 973 402 323 403 
4556 219 79 403 80 
4557 216 973 219 79 
4558 216 79 402 973 
4559 973 219 79 403 
4560 973 403 79 402 
4561 78 214 216 402 
4562 214 36 37 1034 
4563 216 37 38 973 
4564 402 1034 973 323 
4565 214 216 402 1034 
4566 214 1034 37 216 
4567 216 402 1034 973 
4568 216 973 1034 37 
4569 238 1076 270 1062 
4570 1076 345 1074 392 
4571 270 1074 28 206 
4572 1062 392 206 70 
4573 1076 270 1062 392 
4574 1076 392 1074 270 
4575 270 1062 392 206 
4576 270 206 392 1074 
4577 70 208 392 206 
4578 208 30 1079 29 
4579 392 1079 345 1074 
4580 206 29 1074 28 
4581 208 392 206 29 
4582 208 29 1079 392 
4583 392 206 29 1074 
4584 392 1074 29 1079 
4585 70 1062 392 390 
4586 1062 238 1076 1063 
4587 392 1076 345 394 
4588 390 1063 394 350 
4589 1062 392 390 1063 
4590 1062 1063 1076 392 
4591 392 390 1063 394 
4592 392 394 1063 1076 
4593 352 1050 373 1052 
4594 1050 14 1067 253 
4595 373 1067 343 1068 
4596 1052 253 1068 237 
4597 1050 373 1052 253 
4598 1050 253 1067 373 
4599 373 1052 253 1068 
4600 373 1068 253 1067 
4601 346 1087 1038 1078 
4602 1087 228 292 291 
4603 1038 292 239 287 
4604 1078 291 287 42 
4605 1087 1038 1078 291 
4606 1087 291 292 1038 
4607 1038 1078 291 287 
4608 1038 287 291 292 
4609 40 288 218 1084 
4610 288 239 923 1018 
4611 218 923 82 406 
4612 1084 1018 406 348 
4613 288 218 1084 1018 
4614 288 1018 923 218 
4615 218 1084 1018 406 
4616 218 406 1018 923 
4617 44 290 1088 43 
4618 290 228 1087 291 
4619 1088 1087 346 1078 
4620 43 291 1078 42 
4621 290 1088 43 291 
4622 290 291 1087 1088 
4623 1088 43 291 1078 
4624 1088 1078 291 1087 
4625 352 436 370 1072 
4626 436 338 435 1049 
4627 370 435 321 1066 
4628 1072 1049 1066 93 
4629 436 370 1072 1049 
4630 436 1049 435 370 
4631 370 1072 1049 1066 
4632 370 1066 1049 435 
4633 343 372 376 1060 
4634 372 58 374 1089 
4635 376 374 324 984 
4636 1060 1089 984 229 
4637 372 376 1060 1089 
4638 372 1089 374 376 
4639 376 1060 1089 984 
4640 376 984 1089 374 
4641 30 208 1079 209 
4642 208 70 392 71 
4643 1079 392 345 393 
4644 209 71 393 72 
4645 208 1079 209 71 
4646 208 71 392 1079 
4647 1079 209 71 393 
4648 1079 393 71 392 
4649 324 985 1039 375 
4650 985 235 259 1048 
4651 1039 259 18 199 
4652 375 1048 199 60 
4653 985 1039 375 1048 
4654 985 1048 259 1039 
4655 1039 375 1048 199 
4656 1039 199 1048 259 
4657 99 1010 1011 1045 
4658 1010 334 486 490 
4659 1011 486 349 458 
4660 1045 490 458 356 
4661 1010 1011 1045 490 
4662 1010 490 486 1011 
4663 1011 1045 490 458 
4664 1011 458 490 486 
4665 348 1085 407 405 
4666 1085 38 973 219 
4667 407 973 323 403 
4668 405 219 403 80 
4669 1085 407 405 219 
4670 1085 219 973 407 
4671 407 405 219 403 
4672 407 403 219 973 
4673 34 213 215 281 
4674 213 78 77 954 
4675 215 77 76 1054 
4676 281 954 1054 231 
4677 213 215 281 954 
4678 213 954 77 215 
4679 215 281 954 1054 
4680 215 1054 954 77 
4681 34 213 281 35 
4682 213 78 954 214 
4683 281 954 231 280 
4684 35 214 280 36 
4685 213 281 35 214 
4686 213 214 954 281 
4687 281 35 214 280 
4688 281 280 214 954 
4689 66 201 202 384 
4690 201 22 23 861 
4691 202 23 24 809 
4692 384 861 809 347 
4693 201 202 384 861 
4694 201 861 23 202 
4695 202 384 861 809 
4696 202 809 861 23 
4697 93 94 297 1049 
4698 94 95 298 949 
4699 297 298 229 1059 
4700 1049 949 1059 338 
4701 94 297 1049 949 
4702 94 949 298 297 
4703 297 1049 949 1059 
4704 297 1059 949 298 
4705 348 406 1085 405 
4706 406 82 217 81 
4707 1085 217 38 219 
4708 405 81 219 80 
4709 406 1085 405 81 
4710 406 81 217 1085 
4711 1085 405 81 219 
4712 1085 219 81 217 
4713 24 25 1080 268 
4714 25 26 1055 267 
4715 1080 1055 325 1090 
4716 268 267 1090 225 
4717 25 1080 268 267 
4718 25 267 1055 1080 
4719 1080 268 267 1090 
4720 1080 1090 267 1055 
4721 226 250 1091 255 
4722 250 12 1057 254 
4723 1091 1057 321 1058 
4724 255 254 1058 237 
4725 250 1091 255 254 
4726 250 254 1057 1091 
4727 1091 255 254 1058 
4728 1091 1058 254 1057 
4729 82 217 218 406 
4730 217 38 39 1085 
4731 218 39 40 1084 
4732 406 1085 1084 348 
4733 217 218 406 1085 
4734 217 1085 39 218 
4735 218 406 1085 1084 
4736 218 1084 1085 39 
4737 327 440 1026 421 
4738 440 326 977 416 
4739 1026 977 111 1092 
4740 421 416 1092 346 
4741 440 1026 421 416 
4742 440 416 977 1026 
4743 1026 421 416 1092 
4744 1026 1092 416 977 
4745 8 188 881 9 
4746 188 52 363 189 
4747 881 363 355 793 
4748 9 189 793 10 
4749 188 881 9 189 
4750 188 189 363 881 
4751 881 9 189 793 
4752 881 793 189 363 
4753 42 222 1078 43 
4754 222 86 412 223 
4755 1078 412 346 1088 
4756 43 223 1088 44 
4757 222 1078 43 223 
4758 222 223 412 1078 
4759 1078 43 223 1088 
4760 1078 1088 223 412 
4761 46 877 224 45 
4762 877 326 414 825 
4763 224 414 86 223 
4764 45 825 223 44 
4765 877 224 45 825 
4766 877 825 414 224 
4767 224 45 825 223 
4768 224 223 825 414 
4769 52 190 1093 189 
4770 190 12 250 11 
4771 1093 250 226 251 
4772 189 11 251 10 
4773 190 1093 189 11 
4774 190 11 250 1093 
4775 1093 189 11 251 
4776 1093 251 11 250 
4777 225 305 1090 1061 
4778 305 101 1071 960 
4779 1090 1071 325 456 
4780 1061 960 456 349 
4781 305 1090 1061 960 
4782 305 960 1071 1090 
4783 1090 1061 960 456 
4784 1090 456 960 1071 
4785 32 33 211 276 
4786 33 34 212 279 
4787 211 212 74 887 
4788 276 279 887 232 
4789 33 211 276 279 
4790 33 279 212 211 
4791 211 276 279 887 
4792 211 887 279 212 
4793 20 1032 1041 198 
4794 1032 351 382 378 
4795 1041 382 319 380 
4796 198 378 380 62 
4797 1032 1041 198 378 
4798 1032 378 382 1041 
4799 1041 198 378 380 
4800 1041 380 378 382 
4801 354 1069 465 466 
4802 1069 91 998 1082 
4803 465 998 328 444 
4804 466 1082 444 342 
4805 1069 465 466 1082 
4806 1069 1082 998 465 
4807 465 466 1082 444 
4808 465 444 1082 998 
4809 116 570 519 518 
4810 570 140 993 919 
4811 519 993 93 512 
4812 518 919 512 497 
4813 570 519 518 919 
4814 570 919 993 519 
4815 519 518 919 512 
4816 519 512 919 993 
4817 132 583 560 559 
4818 583 154 889 1029 
4819 560 889 502 557 
4820 559 1029 557 109 
4821 583 560 559 1029 
4822 583 1029 889 560 
4823 560 559 1029 557 
4824 560 557 1029 889 
4825 321 1091 1058 1066 
4826 1091 226 255 296 
4827 1058 255 237 299 
4828 1066 296 299 93 
4829 1091 1058 1066 296 
4830 1091 296 255 1058 
4831 1058 1066 296 299 
4832 1058 299 296 255 
4833 320 979 432 397 
4834 979 230 1025 1075 
4835 432 1025 341 434 
4836 397 1075 434 345 
4837 979 432 397 1075 
4838 979 1075 1025 432 
4839 432 397 1075 434 
4840 432 434 1075 1025 
4841 325 388 1073 455 
4842 388 347 978 429 
4843 1073 978 99 1045 
4844 455 429 1045 356 
4845 388 1073 455 429 
4846 388 429 978 1073 
4847 1073 455 429 1045 
4848 1073 1045 429 978 
4849 38 973 285 1085 
4850 973 323 958 407 
4851 285 958 227 1083 
4852 1085 407 1083 348 
4853 973 285 1085 407 
4854 973 407 958 285 
4855 285 1085 407 1083 
4856 285 1083 407 958 
4857 105 104 975 310 
4858 104 103 969 309 
4859 975 969 337 1070 
4860 310 309 1070 232 
4861 104 975 310 309 
4862 104 309 969 975 
4863 975 310 309 1070 
4864 975 1070 309 969 
4865 228 316 827 1087 
4866 316 111 977 1092 
4867 827 977 326 416 
4868 1087 1092 416 346 
4869 316 827 1087 1092 
4870 316 1092 977 827 
4871 827 1087 1092 416 
4872 827 416 1092 977 
4873 343 371 1067 373 
4874 371 56 195 369 
4875 1067 195 14 1050 
4876 373 369 1050 352 
4877 371 1067 373 369 
4878 371 369 195 1067 
4879 1067 373 369 1050 
4880 1067 1050 369 195 
4881 239 289 317 922 
4882 289 227 314 1094 
4883 317 314 109 1022 
4884 922 1094 1022 318 
4885 289 317 922 1094 
4886 289 1094 314 317 
4887 317 922 1094 1022 
4888 317 1022 1094 314 
4889 345 1075 434 394 
4890 1075 230 1025 1095 
4891 434 1025 341 491 
4892 394 1095 491 350 
4893 1075 434 394 1095 
4894 1075 1095 1025 434 
4895 434 394 1095 491 
4896 434 491 1095 1025 
4897 238 308 275 1063 
4898 308 101 306 959 
4899 275 306 230 1095 
4900 1063 959 1095 350 
4901 308 275 1063 959 
4902 308 959 306 275 
4903 275 1063 959 1095 
4904 275 1095 959 306 
4905 91 1069 1096 956 
4906 1069 354 437 439 
4907 1096 437 321 367 
4908 956 439 367 355 
4909 1069 1096 956 439 
4910 1069 439 437 1096 
4911 1096 956 439 367 
4912 1096 367 439 437 
4913 52 1093 365 363 
4914 1093 226 1091 791 
4915 365 1091 321 367 
4916 363 791 367 355 
4917 1093 365 363 791 
4918 1093 791 1091 365 
4919 365 363 791 367 
4920 365 367 791 1091 
4921 34 215 914 281 
4922 215 76 399 1054 
4923 914 399 340 880 
4924 281 1054 880 231 
4925 215 914 281 1054 
4926 215 1054 399 914 
4927 914 281 1054 880 
4928 914 880 1054 399 
4929 107 106 974 312 
4930 106 105 885 311 
4931 974 885 339 1086 
4932 312 311 1086 231 
4933 106 974 312 311 
4934 106 311 885 974 
4935 974 312 311 1086 
4936 974 1086 311 885 
4937 97 527 907 529 
4938 527 499 789 530 
4939 907 789 144 573 
4940 529 530 573 120 
4941 527 907 529 530 
4942 527 530 789 907 
4943 907 529 530 573 
4944 907 573 530 789 
4945 150 790 886 580 
4946 790 492 541 548 
4947 886 541 105 549 
4948 580 548 549 128 
4949 790 886 580 548 
4950 790 548 541 886 
4951 886 580 548 549 
4952 886 549 548 541 
4953 234 1043 808 1097 
4954 1043 319 385 381 
4955 808 385 347 383 
4956 1097 381 383 64 
4957 1043 808 1097 381 
4958 1043 381 385 808 
4959 808 1097 381 383 
4960 808 383 381 385 
4961 103 969 309 970 
4962 969 337 1070 430 
4963 309 1070 232 888 
4964 970 430 888 320 
4965 969 309 970 430 
4966 969 430 1070 309 
4967 309 970 430 888 
4968 309 888 430 1070 
4969 325 388 1090 1073 
4970 388 347 807 978 
4971 1090 807 225 304 
4972 1073 978 304 99 
4973 388 1090 1073 978 
4974 388 978 807 1090 
4975 1090 1073 978 304 
4976 1090 304 978 807 
4977 228 827 290 1087 
4978 827 326 825 416 
4979 290 825 44 1088 
4980 1087 416 1088 346 
4981 827 290 1087 416 
4982 827 416 825 290 
4983 290 1087 416 1088 
4984 290 1088 416 825 
4985 342 1082 1036 364 
4986 1082 91 246 956 
4987 1036 246 236 792 
4988 364 956 792 355 
4989 1082 1036 364 956 
4990 1082 956 246 1036 
4991 1036 364 956 792 
4992 1036 792 956 246 
4993 101 897 306 959 
4994 897 341 1025 491 
4995 306 1025 230 1095 
4996 959 491 1095 350 
4997 897 306 959 491 
4998 897 491 1025 306 
4999 306 959 491 1095 
5000 306 1095 491 1025 
5001 236 1098 245 246 
5002 1098 328 1009 998 
5003 245 1009 3 90 
5004 246 998 90 91 
5005 1098 245 246 998 
5006 1098 998 1009 245 
5007 245 246 998 90 
5008 245 90 998 1009 
5009 347 809 388 807 
5010 809 24 1080 268 
5011 388 1080 325 1090 
5012 807 268 1090 225 
5013 809 388 807 268 
5014 809 268 1080 388 
5015 388 807 268 1090 
5016 388 1090 268 1080 
5017 236 1036 792 1099 
5018 1036 342 364 358 
5019 792 364 355 362 
5020 1099 358 362 50 
5021 1036 792 1099 358 
5022 1036 358 364 792 
5023 792 1099 358 362 
5024 792 362 358 364 
5025 325 386 1080 388 
5026 386 66 202 384 
5027 1080 202 24 809 
5028 388 384 809 347 
5029 386 1080 388 384 
5030 386 384 202 1080 
5031 1080 388 384 809 
5032 1080 809 384 202 
5033 340 880 446 878 
5034 880 231 1086 311 
5035 446 1086 339 885 
5036 878 311 885 105 
5037 880 446 878 311 
5038 880 311 1086 446 
5039 446 878 311 885 
5040 446 885 311 1086 
5041 236 1098 246 1036 
5042 1098 328 998 444 
5043 246 998 91 1082 
5044 1036 444 1082 342 
5045 1098 246 1036 444 
5046 1098 444 998 246 
5047 246 1036 444 1082 
5048 246 1082 444 998 
5049 107 957 312 974 
5050 957 323 955 445 
5051 312 955 231 1086 
5052 974 445 1086 339 
5053 957 312 974 445 
5054 957 445 955 312 
5055 312 974 445 1086 
5056 312 1086 445 955 
5057 91 1096 295 956 
5058 1096 321 1091 367 
5059 295 1091 226 791 
5060 956 367 791 355 
5061 1096 295 956 367 
5062 1096 367 1091 295 
5063 295 956 367 791 
5064 295 791 367 1091 
5065 236 1098 1036 245 
5066 1098 328 444 1009 
5067 1036 444 342 1030 
5068 245 1009 1030 3 
5069 1098 1036 245 1009 
5070 1098 1009 444 1036 
5071 1036 245 1009 1030 
5072 1036 1030 1009 444 
5073 16 1012 194 256 
5074 1012 324 374 984 
5075 194 374 58 1089 
5076 256 984 1089 229 
5077 1012 194 256 984 
5078 1012 984 374 194 
5079 194 256 984 1089 
5080 194 1089 984 374 
5081 318 1094 422 410 
5082 1094 227 1014 1083 
5083 422 1014 353 424 
5084 410 1083 424 348 
5085 1094 422 410 1083 
5086 1094 1083 1014 422 
5087 422 410 1083 424 
5088 422 424 1083 1014 
5089 91 514 946 508 
5090 514 114 566 510 
5091 946 566 138 824 
5092 508 510 824 494 
5093 514 946 508 510 
5094 514 510 566 946 
5095 946 508 510 824 
5096 946 824 510 566 
5097 496 511 900 509 
5098 511 134 567 561 
5099 900 567 156 912 
5100 509 561 912 111 
5101 511 900 509 561 
5102 511 561 567 900 
5103 900 509 561 912 
5104 900 912 561 567 
5105 347 978 429 808 
5106 978 99 1045 303 
5107 429 1045 356 1056 
5108 808 303 1056 234 
5109 978 429 808 303 
5110 978 303 1045 429 
5111 429 808 303 1056 
5112 429 1056 303 1045 
5113 227 1014 314 1094 
5114 1014 353 1015 422 
5115 314 1015 109 1022 
5116 1094 422 1022 318 
5117 1014 314 1094 422 
5118 1014 422 1015 314 
5119 314 1094 422 1022 
5120 314 1022 422 1015 
5121 230 307 979 1025 
5122 307 103 970 896 
5123 979 970 320 432 
5124 1025 896 432 341 
5125 307 979 1025 896 
5126 307 896 970 979 
5127 979 1025 896 432 
5128 979 432 896 970 
5129 130 554 555 581 
5130 554 107 546 1044 
5131 555 546 503 852 
5132 581 1044 852 152 
5133 554 555 581 1044 
5134 554 1044 546 555 
5135 555 581 1044 852 
5136 555 852 1044 546 
5137 495 522 523 859 
5138 522 95 524 1027 
5139 523 524 118 572 
5140 859 1027 572 142 
5141 522 523 859 1027 
5142 522 1027 524 523 
5143 523 859 1027 572 
5144 523 572 1027 524 
5145 36 214 280 1034 
5146 214 78 954 402 
5147 280 954 231 955 
5148 1034 402 955 323 
5149 214 280 1034 402 
5150 214 402 954 280 
5151 280 1034 402 955 
5152 280 955 402 954 
5153 326 414 825 416 
5154 414 86 223 412 
5155 825 223 44 1088 
5156 416 412 1088 346 
5157 414 825 416 412 
5158 414 412 223 825 
5159 825 416 412 1088 
5160 825 1088 412 223 
5161 228 292 1081 1087 
5162 292 239 922 1038 
5163 1081 922 318 413 
5164 1087 1038 413 346 
5165 292 1081 1087 1038 
5166 292 1038 922 1081 
5167 1081 1087 1038 413 
5168 1081 413 1038 922 
5169 232 887 276 888 
5170 887 74 211 396 
5171 276 211 32 1040 
5172 888 396 1040 320 
5173 887 276 888 396 
5174 887 396 211 276 
5175 276 888 396 1040 
5176 276 1040 396 211 
5177 323 448 958 407 
5178 448 353 1014 424 
5179 958 1014 227 1083 
5180 407 424 1083 348 
5181 448 958 407 424 
5182 448 424 1014 958 
5183 958 407 424 1083 
5184 958 1083 424 1014 
5185 3 136 1016 507 
5186 136 4 564 506 
5187 1016 564 5 940 
5188 507 506 940 496 
5189 136 1016 507 506 
5190 136 506 564 1016 
5191 1016 507 506 940 
5192 1016 940 506 564 
5193 5 564 1016 823 
5194 564 4 136 505 
5195 1016 136 3 504 
5196 823 505 504 494 
5197 564 1016 823 505 
5198 564 505 136 1016 
5199 1016 823 505 504 
5200 1016 504 505 136 
5201 230 1075 275 1095 
5202 1075 345 1076 394 
5203 275 1076 238 1063 
5204 1095 394 1063 350 
5205 1075 275 1095 394 
5206 1075 394 1076 275 
5207 275 1095 394 1063 
5208 275 1063 394 1076 
5209 318 922 1094 410 
5210 922 239 289 1018 
5211 1094 289 227 1083 
5212 410 1018 1083 348 
5213 922 1094 410 1018 
5214 922 1018 289 1094 
5215 1094 410 1018 1083 
5216 1094 1083 1018 289 
5217 355 881 792 362 
5218 881 8 240 186 
5219 792 240 236 1099 
5220 362 186 1099 50 
5221 881 792 362 186 
5222 881 186 240 792 
5223 792 362 186 1099 
5224 792 1099 186 240 
5225 116 570 520 519 
5226 570 140 952 993 
5227 520 952 501 517 
5228 519 993 517 93 
5229 570 520 519 993 
5230 570 993 952 520 
5231 520 519 993 517 
5232 520 517 993 952 
5233 132 583 559 558 
5234 583 154 1029 838 
5235 559 1029 109 551 
5236 558 838 551 493 
5237 583 559 558 838 
5238 583 838 1029 559 
5239 559 558 838 551 
5240 559 551 838 1029 
5241 95 1023 300 947 
5242 1023 344 1077 453 
5243 300 1077 235 985 
5244 947 453 985 324 
5245 1023 300 947 453 
5246 1023 453 1077 300 
5247 300 947 453 985 
5248 300 985 453 1077 
5249 10 251 189 793 
5250 251 226 1093 791 
5251 189 1093 52 363 
5252 793 791 363 355 
5253 251 189 793 791 
5254 251 791 1093 189 
5255 189 793 791 363 
5256 189 363 791 1093 
5257 138 566 946 918 
5258 566 114 514 515 
5259 946 514 91 513 
5260 918 515 513 497 
5261 566 946 918 515 
5262 566 515 514 946 
5263 946 918 515 513 
5264 946 513 515 514 
5265 502 890 562 556 
5266 890 156 567 912 
5267 562 567 134 561 
5268 556 912 561 111 
5269 890 562 556 912 
5270 890 912 567 562 
5271 562 556 912 561 
5272 562 561 912 567 
5273 22 1042 263 203 
5274 1042 319 1043 381 
5275 263 1043 234 1097 
5276 203 381 1097 64 
5277 1042 263 203 381 
5278 1042 381 1043 263 
5279 263 203 381 1097 
5280 263 1097 381 1043 
5281 349 456 1061 1011 
5282 456 325 1090 1073 
5283 1061 1090 225 304 
5284 1011 1073 304 99 
5285 456 1061 1011 1073 
5286 456 1073 1090 1061 
5287 1061 1011 1073 304 
5288 1061 304 1073 1090 
5289 234 808 263 1097 
5290 808 347 861 383 
5291 263 861 22 203 
5292 1097 383 203 64 
5293 808 263 1097 383 
5294 808 383 861 263 
5295 263 1097 383 203 
5296 263 203 383 861 
5297 353 1013 448 1014 
5298 1013 107 957 313 
5299 448 957 323 958 
5300 1014 313 958 227 
5301 1013 448 1014 313 
5302 1013 313 957 448 
5303 448 1014 313 958 
5304 448 958 313 957 
5305 235 1033 259 1048 
5306 1033 351 1031 377 
5307 259 1031 18 199 
5308 1048 377 199 60 
5309 1033 259 1048 377 
5310 1033 377 1031 259 
5311 259 1048 377 199 
5312 259 199 377 1031 
5313 752 783 804 784 
5314 783 152 860 153 
5315 804 860 332 803 
5316 784 153 803 154 
5317 783 804 784 153 
5318 783 153 860 804 
5319 804 784 153 803 
5320 804 803 153 860 
5321 752 804 783 841 
5322 804 332 860 840 
5323 783 860 152 828 
5324 841 840 828 749 
5325 804 783 841 840 
5326 804 840 860 783 
5327 783 841 840 828 
5328 783 828 840 860 
5329 749 800 769 768 
5330 800 588 632 631 
5331 769 632 144 145 
5332 768 631 145 146 
5333 800 769 768 631 
5334 800 631 632 769 
5335 769 768 631 145 
5336 769 145 631 632 
5337 751 811 774 794 
5338 811 588 800 797 
5339 774 800 749 799 
5340 794 797 799 747 
5341 811 774 794 797 
5342 811 797 800 774 
5343 774 794 797 799 
5344 774 799 797 800 
5345 751 774 811 775 
5346 774 749 800 769 
5347 811 800 588 632 
5348 775 769 632 144 
5349 774 811 775 769 
5350 774 769 800 811 
5351 811 775 769 632 
5352 811 632 769 800 
5353 595 771 623 624 
5354 771 752 867 770 
5355 623 867 138 610 
5356 624 770 610 606 
5357 771 623 624 770 
5358 771 770 867 623 
5359 623 624 770 610 
5360 623 610 770 867 
5361 138 867 623 871 
5362 867 752 771 796 
5363 623 771 595 795 
5364 871 796 795 751 
5365 867 623 871 796 
5366 867 796 771 623 
5367 623 871 796 795 
5368 623 795 796 771 
5369 750 846 806 845 
5370 846 751 811 810 
5371 806 811 588 633 
5372 845 810 633 601 
5373 846 806 845 810 
5374 846 810 811 806 
5375 806 845 810 633 
5376 806 633 810 811 
5377 588 811 806 797 
5378 811 751 846 794 
5379 806 846 750 761 
5380 797 794 761 747 
5381 811 806 797 794 
5382 811 794 846 806 
5383 806 797 794 761 
5384 806 761 794 846 
5385 749 817 841 799 
5386 817 591 782 815 
5387 841 782 752 772 
5388 799 815 772 747 
5389 817 841 799 815 
5390 817 815 782 841 
5391 841 799 815 772 
5392 841 772 815 782 
5393 749 841 817 828 
5394 841 752 782 783 
5395 817 782 591 644 
5396 828 783 644 152 
5397 841 817 828 783 
5398 841 783 782 817 
5399 817 828 783 644 
5400 817 644 783 782 
5401 750 846 759 761 
5402 846 751 795 794 
5403 759 795 595 757 
5404 761 794 757 747 
5405 846 759 761 794 
5406 846 794 795 759 
5407 759 761 794 757 
5408 759 757 794 795 
5409 595 795 759 627 
5410 795 751 846 847 
5411 759 846 750 844 
5412 627 847 844 590 
5413 795 759 627 847 
5414 795 847 846 759 
5415 759 627 847 844 
5416 759 844 847 846 
5417 749 832 798 873 
5418 832 753 778 874 
5419 798 778 599 639 
5420 873 874 639 589 
5421 832 798 873 874 
5422 832 874 778 798 
5423 798 873 874 639 
5424 798 639 874 778 
5425 599 778 798 776 
5426 778 753 832 780 
5427 798 832 749 799 
5428 776 780 799 747 
5429 778 798 776 780 
5430 778 780 832 798 
5431 798 776 780 799 
5432 798 799 780 832 
5433 753 787 965 848 
5434 787 596 690 648 
5435 965 690 598 706 
5436 848 648 706 591 
5437 787 965 848 648 
5438 787 648 690 965 
5439 965 848 648 706 
5440 965 706 648 690 
5441 753 965 787 788 
5442 965 598 690 962 
5443 787 690 596 785 
5444 788 962 785 748 
5445 965 787 788 962 
5446 965 962 690 787 
5447 787 788 962 785 
5448 787 785 962 690 
5449 752 908 901 865 
5450 908 328 1017 460 
5451 901 1017 496 898 
5452 865 460 898 329 
5453 908 901 865 460 
5454 908 460 1017 901 
5455 901 865 460 898 
5456 901 898 460 1017 
5457 752 901 908 868 
5458 901 496 1017 940 
5459 908 1017 328 849 
5460 868 940 849 5 
5461 901 908 868 940 
5462 901 940 1017 908 
5463 908 868 940 849 
5464 908 849 940 1017 
5465 492 991 1019 542 
5466 991 148 986 942 
5467 1019 986 337 969 
5468 542 942 969 103 
5469 991 1019 542 942 
5470 991 942 986 1019 
5471 1019 542 942 969 
5472 1019 969 942 986 
5473 337 986 1019 925 
5474 986 148 991 149 
5475 1019 991 492 790 
5476 925 149 790 150 
5477 986 1019 925 149 
5478 986 149 991 1019 
5479 1019 925 149 790 
5480 1019 790 149 991 
5481 335 1028 835 482 
5482 1028 107 1044 974 
5483 835 1044 152 853 
5484 482 974 853 339 
5485 1028 835 482 974 
5486 1028 974 1044 835 
5487 835 482 974 853 
5488 835 853 974 1044 
5489 152 1044 835 837 
5490 1044 107 1028 552 
5491 835 1028 335 836 
5492 837 552 836 493 
5493 1044 835 837 552 
5494 1044 552 1028 835 
5495 835 837 552 836 
5496 835 836 552 1028 
5497 499 992 1024 789 
5498 992 146 766 145 
5499 1024 766 334 765 
5500 789 145 765 144 
5501 992 1024 789 145 
5502 992 145 766 1024 
5503 1024 789 145 765 
5504 1024 765 145 766 
5505 334 766 1024 1010 
5506 766 146 992 1000 
5507 1024 992 499 526 
5508 1010 1000 526 99 
5509 766 1024 1010 1000 
5510 766 1000 992 1024 
5511 1024 1010 1000 526 
5512 1024 526 1000 992 
5513 751 953 872 937 
5514 953 501 1100 972 
5515 872 1100 330 473 
5516 937 972 473 336 
5517 953 872 937 972 
5518 953 972 1100 872 
5519 872 937 972 473 
5520 872 473 972 1100 
5521 751 872 953 936 
5522 872 330 1100 921 
5523 953 1100 501 952 
5524 936 921 952 140 
5525 872 953 936 921 
5526 872 921 1100 953 
5527 953 936 921 952 
5528 953 952 921 1100 
5529 93 994 517 1035 
5530 994 330 1100 473 
5531 517 1100 501 972 
5532 1035 473 972 336 
5533 994 517 1035 473 
5534 994 473 1100 517 
5535 517 1035 473 972 
5536 517 972 473 1100 
5537 93 517 994 993 
5538 517 501 1100 952 
5539 994 1100 330 921 
5540 993 952 921 140 
5541 517 994 993 952 
5542 517 952 1100 994 
5543 994 993 952 921 
5544 994 921 952 1100 
5545 146 997 980 829 
5546 997 101 960 894 
5547 980 960 349 485 
5548 829 894 485 333 
5549 997 980 829 894 
5550 997 894 960 980 
5551 980 829 894 485 
5552 980 485 894 960 
5553 329 934 460 898 
5554 934 111 1101 509 
5555 460 1101 328 1017 
5556 898 509 1017 496 
5557 934 460 898 509 
5558 934 509 1101 460 
5559 460 898 509 1017 
5560 460 1017 509 1101 
5561 329 460 934 459 
5562 460 328 1101 442 
5563 934 1101 111 1026 
5564 459 442 1026 327 
5565 460 934 459 442 
5566 460 442 1101 934 
5567 934 459 442 1026 
5568 934 1026 442 1101 
5569 3 1009 112 507 
5570 1009 328 1101 1017 
5571 112 1101 111 509 
5572 507 1017 509 496 
5573 1009 112 507 1017 
5574 1009 1017 1101 112 
5575 112 507 1017 509 
5576 112 509 1017 1101 
5577 111 913 110 556 
5578 913 335 1021 891 
5579 110 1021 109 557 
5580 556 891 557 502 
5581 913 110 556 891 
5582 913 891 1021 110 
5583 110 556 891 557 
5584 110 557 891 1021 
5585 109 1021 110 1020 
5586 1021 335 913 420 
5587 110 913 111 1026 
5588 1020 420 1026 327 
5589 1021 110 1020 420 
5590 1021 420 913 110 
5591 110 1020 420 1026 
5592 110 1026 420 913 
5593 74 398 212 75 
5594 398 340 914 399 
5595 212 914 34 215 
5596 75 399 215 76 
5597 398 212 75 399 
5598 398 399 914 212 
5599 212 75 399 215 
5600 212 215 399 914 
5601 34 914 212 279 
5602 914 340 398 879 
5603 212 398 74 887 
5604 279 879 887 232 
5605 914 212 279 879 
5606 914 879 398 212 
5607 212 279 879 887 
5608 212 887 879 398 
5609 26 1055 271 207 
5610 1055 325 1102 387 
5611 271 1102 238 1064 
5612 207 387 1064 68 
5613 1055 271 207 387 
5614 1055 387 1102 271 
5615 271 207 387 1064 
5616 271 1064 387 1102 
5617 26 271 1055 267 
5618 271 238 1102 272 
5619 1055 1102 325 1090 
5620 267 272 1090 225 
5621 271 1055 267 272 
5622 271 272 1102 1055 
5623 1055 267 272 1090 
5624 1055 1090 272 1102 
5625 350 1063 391 389 
5626 1063 238 1102 1064 
5627 391 1102 325 387 
5628 389 1064 387 68 
5629 1063 391 389 1064 
5630 1063 1064 1102 391 
5631 391 389 1064 387 
5632 391 387 1064 1102 
5633 322 1053 417 359 
5634 1053 46 877 187 
5635 417 877 326 415 
5636 359 187 415 88 
5637 1053 417 359 187 
5638 1053 187 877 417 
5639 417 359 187 415 
5640 417 415 187 877 
5641 326 877 417 826 
5642 877 46 1053 243 
5643 417 1053 322 981 
5644 826 243 981 233 
5645 877 417 826 243 
5646 877 243 1053 417 
5647 417 826 243 981 
5648 417 981 243 1053 
5649 236 1099 241 1036 
5650 1099 50 184 358 
5651 241 184 1 1037 
5652 1036 358 1037 342 
5653 1099 241 1036 358 
5654 1099 358 184 241 
5655 241 1036 358 1037 
5656 241 1037 358 184 
5657 1 184 241 7 
5658 184 50 1099 186 
5659 241 1099 236 240 
5660 7 186 240 8 
5661 184 241 7 186 
5662 184 186 1099 241 
5663 241 7 186 240 
5664 241 240 186 1099 
5665 345 1079 397 1075 
5666 1079 30 1001 273 
5667 397 1001 320 979 
5668 1075 273 979 230 
5669 1079 397 1075 273 
5670 1079 273 1001 397 
5671 397 1075 273 979 
5672 397 979 273 1001 
5673 345 397 1079 393 
5674 397 320 1001 395 
5675 1079 1001 30 209 
5676 393 395 209 72 
5677 397 1079 393 395 
5678 397 395 1001 1079 
5679 1079 393 395 209 
5680 1079 209 395 1001 
5681 12 1057 190 250 
5682 1057 321 365 1091 
5683 190 365 52 1093 
5684 250 1091 1093 226 
5685 1057 190 250 1091 
5686 1057 1091 365 190 
5687 190 250 1091 1093 
5688 190 1093 1091 365 
5689 12 190 1057 191 
5690 190 52 365 53 
5691 1057 365 321 366 
5692 191 53 366 54 
5693 190 1057 191 53 
5694 190 53 365 1057 
5695 1057 191 53 366 
5696 1057 366 53 365 
5697 346 1092 413 1087 
5698 1092 111 1103 316 
5699 413 1103 318 1081 
5700 1087 316 1081 228 
5701 1092 413 1087 316 
5702 1092 316 1103 413 
5703 413 1087 316 1081 
5704 413 1081 316 1103 
5705 346 413 1092 421 
5706 413 318 1103 418 
5707 1092 1103 111 1026 
5708 421 418 1026 327 
5709 413 1092 421 418 
5710 413 418 1103 1092 
5711 1092 421 418 1026 
5712 1092 1026 418 1103 
5713 109 1022 110 315 
5714 1022 318 1103 1081 
5715 110 1103 111 316 
5716 315 1081 316 228 
5717 1022 110 315 1081 
5718 1022 1081 1103 110 
5719 110 315 1081 316 
5720 110 316 1081 1103 
5721 109 110 1022 1020 
5722 110 111 1103 1026 
5723 1022 1103 318 418 
5724 1020 1026 418 327 
5725 110 1022 1020 1026 
5726 110 1026 1103 1022 
5727 1022 1020 1026 418 
5728 1022 418 1026 1103 
5729 93 297 1104 1049 
5730 297 229 1060 1059 
5731 1104 1060 343 454 
5732 1049 1059 454 338 
5733 297 1104 1049 1059 
5734 297 1059 1060 1104 
5735 1104 1049 1059 454 
5736 1104 454 1059 1060 
5737 343 1060 1104 1068 
5738 1060 229 297 258 
5739 1104 297 93 299 
5740 1068 258 299 237 
5741 1060 1104 1068 258 
5742 1060 258 297 1104 
5743 1104 1068 258 299 
5744 1104 299 258 297 
5745 343 373 1104 454 
5746 373 352 1072 436 
5747 1104 1072 93 1049 
5748 454 436 1049 338 
5749 373 1104 454 436 
5750 373 436 1072 1104 
5751 1104 454 436 1049 
5752 1104 1049 436 1072 
5753 93 1072 1104 299 
5754 1072 352 373 1052 
5755 1104 373 343 1068 
5756 299 1052 1068 237 
5757 1072 1104 299 1052 
5758 1072 1052 373 1104 
5759 1104 299 1052 1068 
5760 1104 1068 1052 373 
5761 229 1089 257 1060 
5762 1089 58 193 372 
5763 257 193 14 1067 
5764 1060 372 1067 343 
5765 1089 257 1060 372 
5766 1089 372 193 257 
5767 257 1060 372 1067 
5768 257 1067 372 193 
5769 229 257 1089 256 
5770 257 14 193 15 
5771 1089 193 58 194 
5772 256 15 194 16 
5773 257 1089 256 15 
5774 257 15 193 1089 
5775 1089 256 15 194 
5776 1089 194 15 193 
5777 321 1096 1066 437 
5778 1096 91 92 1069 
5779 1066 92 93 1065 
5780 437 1069 1065 354 
5781 1096 1066 437 1069 
5782 1096 1069 92 1066 
5783 1066 437 1069 1065 
5784 1066 1065 1069 92 
5785 321 1066 1096 1091 
5786 1066 93 92 296 
5787 1096 92 91 295 
5788 1091 296 295 226 
5789 1066 1096 1091 296 
5790 1066 296 92 1096 
5791 1096 1091 296 295 
5792 1096 295 296 92 
5793 99 100 1000 532 
5794 100 101 997 531 
5795 1000 997 146 764 
5796 532 531 764 498 
5797 100 1000 532 531 
5798 100 531 997 1000 
5799 1000 532 531 764 
5800 1000 764 531 997 
5801 99 1000 100 1011 
5802 1000 146 997 980 
5803 100 997 101 960 
5804 1011 980 960 349 
5805 1000 100 1011 980 
5806 1000 980 997 100 
5807 100 1011 980 960 
5808 100 960 980 997 
5809 91 92 945 513 
5810 92 93 994 512 
5811 945 994 330 920 
5812 513 512 920 497 
5813 92 945 513 512 
5814 92 512 994 945 
5815 945 513 512 920 
5816 945 920 512 994 
5817 91 945 92 1069 
5818 945 330 994 464 
5819 92 994 93 1065 
5820 1069 464 1065 354 
5821 945 92 1069 464 
5822 945 464 994 92 
5823 92 1069 464 1065 
5824 92 1065 464 994 
5825 356 427 1056 1046 
5826 427 344 1105 1047 
5827 1056 1105 234 302 
5828 1046 1047 302 97 
5829 427 1056 1046 1047 
5830 427 1047 1105 1056 
5831 1056 1046 1047 302 
5832 1056 302 1047 1105 
5833 356 1056 427 428 
5834 1056 234 1105 1043 
5835 427 1105 344 425 
5836 428 1043 425 319 
5837 1056 427 428 1043 
5838 1056 1043 1105 427 
5839 427 428 1043 425 
5840 427 425 1043 1105 
5841 344 1077 1105 1047 
5842 1077 235 265 301 
5843 1105 265 234 302 
5844 1047 301 302 97 
5845 1077 1105 1047 301 
5846 1077 301 265 1105 
5847 1105 1047 301 302 
5848 1105 302 301 265 
5849 328 1101 443 1009 
5850 1101 111 1106 112 
5851 443 1106 322 983 
5852 1009 112 983 3 
5853 1101 443 1009 112 
5854 1101 112 1106 443 
5855 443 1009 112 983 
5856 443 983 112 1106 
5857 328 443 1101 442 
5858 443 322 1106 441 
5859 1101 1106 111 1026 
5860 442 441 1026 327 
5861 443 1101 442 441 
5862 443 441 1106 1101 
5863 1101 442 441 1026 
5864 1101 1026 441 1106 
5865 233 981 247 248 
5866 981 322 1106 983 
5867 247 1106 111 112 
5868 248 983 112 3 
5869 981 247 248 983 
5870 981 983 1106 247 
5871 247 248 983 112 
5872 247 112 983 1106 
5873 238 1102 308 1063 
5874 1102 325 1071 391 
5875 308 1071 101 959 
5876 1063 391 959 350 
5877 1102 308 1063 391 
5878 1102 391 1071 308 
5879 308 1063 391 959 
5880 308 959 391 1071 
5881 238 308 1102 272 
5882 308 101 1071 305 
5883 1102 1071 325 1090 
5884 272 305 1090 225 
5885 308 1102 272 305 
5886 308 305 1071 1102 
5887 1102 272 305 1090 
5888 1102 1090 305 1071 
5889 344 425 1077 426 
5890 425 319 1107 382 
5891 1077 1107 235 1033 
5892 426 382 1033 351 
5893 425 1077 426 382 
5894 425 382 1107 1077 
5895 1077 426 382 1033 
5896 1077 1033 382 1107 
5897 344 1077 425 1105 
5898 1077 235 1107 265 
5899 425 1107 319 1043 
5900 1105 265 1043 234 
5901 1077 425 1105 265 
5902 1077 265 1107 425 
5903 425 1105 265 1043 
5904 425 1043 265 1107 
5905 20 262 1041 1032 
5906 262 235 1107 1033 
5907 1041 1107 319 382 
5908 1032 1033 382 351 
5909 262 1041 1032 1033 
5910 262 1033 1107 1041 
5911 1041 1032 1033 382 
5912 1041 382 1033 1107 
5913 20 1041 262 264 
5914 1041 319 1107 1043 
5915 262 1107 235 265 
5916 264 1043 265 234 
5917 1041 262 264 1043 
5918 1041 1043 1107 262 
5919 262 264 1043 265 
5920 262 265 1043 1107 
5921 322 1106 417 981 
5922 1106 111 977 247 
5923 417 977 326 826 
5924 981 247 826 233 
5925 1106 417 981 247 
5926 1106 247 977 417 
5927 417 981 247 826 
5928 417 826 247 977 
5929 322 417 1106 441 
5930 417 326 977 440 
5931 1106 977 111 1026 
5932 441 440 1026 327 
5933 417 1106 441 440 
5934 417 440 977 1106 
5935 1106 441 440 1026 
5936 1106 1026 440 977 
$EndElements
